id_institution,ratio_active,max_rel_dev,t10p7_d,t10p7_n,t10p14_d,t10p14_n,t10p21_d,t10p21_n,t10p28_d,t10p28_n,t15p7_d,t15p7_n,t15p14_d,t15p14_n,t15p21_d,t15p21_n,t15p28_d,t15p28_n,t20p7_d,t20p7_n,t20p14_d,t20p14_n,t20p21_d,t20p21_n,t20p28_d,t20p28_n,t25p7_d,t25p7_n,t25p14_d,t25p14_n,t25p21_d,t25p21_n,t25p28_d,t25p28_n,t30p7_d,t30p7_n,t30p14_d,t30p14_n,t30p21_d,t30p21_n,t30p28_d,t30p28_n,t35p7_d,t35p7_n,t35p14_d,t35p14_n,t35p21_d,t35p21_n,t35p28_d,t35p28_n,t40p7_d,t40p7_n,t40p14_d,t40p14_n,t40p21_d,t40p21_n,t40p28_d,t40p28_n,t45p7_d,t45p7_n,t45p14_d,t45p14_n,t45p21_d,t45p21_n,t45p28_d,t45p28_n,t50p7_d,t50p7_n,t50p14_d,t50p14_n,t50p21_d,t50p21_n,t50p28_d,t50p28_n,t55p7_d,t55p7_n,t55p14_d,t55p14_n,t55p21_d,t55p21_n,t55p28_d,t55p28_n,t60p7_d,t60p7_n,t60p14_d,t60p14_n,t60p21_d,t60p21_n,t60p28_d,t60p28_n,S_p7,S_p7_test,S_p14,S_p14_test,S_p21,S_p21_test,S_p28,S_p28_test
2.0,0.9998511461744567,0.51552001209914,True,6,False,0,False,0,False,0,True,1,False,0,False,0,False,0,True,1,False,0,False,0,False,0,True,1,False,0,False,0,False,0,True,1,False,0,False,0,False,0,True,1,False,0,False,0,False,0,False,0,False,0,False,0,False,0,False,0,False,0,False,0,False,0,False,0,False,0,False,0,False,0,False,0,False,0,False,0,False,0,False,0,False,0,False,0,False,0,0.37146931972387337,0.37146931972387337,0.08208938638696998,0.07597777913778526,0.05593764510628184,0.0035234585624933134,0.0035234585624933134,0.0035234585624933134
218.0,0.9998511461744567,0.5761871443111666,True,8,True,3,False,0,False,0,True,4,True,1,False,0,False,0,True,2,False,0,False,0,False,0,True,2,False,0,False,0,False,0,True,1,False,0,False,0,False,0,True,1,False,0,False,0,False,0,True,1,False,0,False,0,False,0,False,0,False,0,False,0,False,0,False,0,False,0,False,0,False,0,False,0,False,0,False,0,False,0,False,0,False,0,False,0,False,0,0.43177106987815955,0.43177106987815955,0.16827152509481202,0.16827152509481202,0.04222687700971764,0.03034254962770322,0.003872042303810166,0.003662119036480515
215.0,0.9998511461744567,0.9527361385400439,True,8,True,4,True,2,False,1,True,6,True,3,True,2,False,0,True,5,True,2,True,1,False,0,True,3,True,2,True,1,False,0,True,3,True,2,True,1,False,0,True,3,True,1,False,0,False,0,True,2,True,1,False,0,False,0,True,2,True,1,False,0,False,0,True,2,True,1,False,0,False,0,True,2,True,1,False,0,False,0,True,2,False,0,False,0,False,0,0.6822216375103339,0.6822216375103339,0.5944837895849933,0.5944837895849933,0.31454932225944515,0.31454932225944515,0.13645043541872448,0.02731693212969052
170.0,0.9998511461744567,0.8446073682851117,True,8,False,1,False,0,False,0,True,4,False,1,False,0,False,0,True,4,False,1,False,0,False,0,True,2,False,1,False,0,False,0,True,2,False,0,False,0,False,0,True,2,False,0,False,0,False,0,False,1,False,0,False,0,False,0,False,0,False,0,False,0,False,0,False,0,False,0,False,0,False,0,False,0,False,0,False,0,False,0,False,0,False,0,False,0,False,0,0.4101480244060282,0.38249350488759853,0.2762279535145768,0.0431134370045842,0.0790080182415264,0.0010996986950872424,0.027041453376479084,0.0010996986950872424
239.0,0.9980649002679369,0.8026743887657516,True,7,True,4,False,0,False,0,True,6,True,2,False,0,False,0,True,6,False,0,False,0,False,0,True,5,False,0,False,0,False,0,True,3,False,0,False,0,False,0,True,3,False,0,False,0,False,0,True,2,False,0,False,0,False,0,True,2,False,0,False,0,False,0,True,2,False,0,False,0,False,0,True,2,False,0,False,0,False,0,True,1,False,0,False,0,False,0,0.6179466940791278,0.6179466940791278,0.1828259108147951,0.167483679102008,0.09932523763329915,0.0025421661685682893,0.010170919061443367,0.0025421661685682893
232.0,0.9998511461744567,0.6638928217228318,True,10,True,4,False,0,False,0,True,6,True,3,False,0,False,0,True,3,True,2,False,0,False,0,True,3,False,0,False,0,False,0,True,2,False,0,False,0,False,0,True,1,False,0,False,0,False,0,True,1,False,0,False,0,False,0,False,0,False,0,False,0,False,0,False,0,False,0,False,0,False,0,False,0,False,0,False,0,False,0,False,0,False,0,False,0,False,0,0.43809815154603976,0.43809815154603976,0.24703821711689222,0.24703821711689222,0.007229112844329596,0.007229112844329596,0.0036964022506444077,0.0029711527831595627
155.0,0.9998511461744567,0.5778781382115333,True,4,True,3,False,0,False,0,True,3,True,1,False,0,False,0,True,2,False,0,False,0,False,0,True,2,False,0,False,0,False,0,True,1,False,0,False,0,False,0,True,1,False,0,False,0,False,0,False,0,False,0,False,0,False,0,False,0,False,0,False,0,False,0,False,0,False,0,False,0,False,0,False,0,False,0,False,0,False,0,False,0,False,0,False,0,False,0,0.392198409936917,0.392198409936917,0.16702910079992261,0.16702910079992261,0.09993779094129883,0.09993779094129883,0.006665956161066708,0.006665956161066708
245.0,0.9998511461744567,0.9845562032735405,True,13,True,4,False,0,False,0,True,12,True,1,False,0,False,0,True,9,False,0,False,0,False,0,True,7,False,0,False,0,False,0,True,7,False,0,False,0,False,0,True,4,False,0,False,0,False,0,True,4,False,0,False,0,False,0,True,4,False,0,False,0,False,0,True,4,False,0,False,0,False,0,False,3,False,0,False,0,False,0,False,1,False,0,False,0,False,0,0.6874089686965997,0.5060627500807475,0.17367827176210643,0.17367827176210643,0.06742388723119723,0.049899904032845784,0.03877646725871178,0.026754839752876562
195.0,0.9998511461744567,0.9166587622730746,True,11,True,4,True,1,False,0,True,6,True,3,False,0,False,0,True,5,True,2,False,0,False,0,True,4,True,1,False,0,False,0,True,4,True,1,False,0,False,0,True,4,True,1,False,0,False,0,True,4,True,1,False,0,False,0,True,4,True,1,False,0,False,0,True,4,False,0,False,0,False,0,True,2,False,0,False,0,False,0,False,0,False,0,False,0,False,0,0.585045061257456,0.5691914354691756,0.45524055842227396,0.45524055842227396,0.1430195227568138,0.1430195227568138,0.029528902951018197,0.0006377525631252834
27.0,0.9998511461744567,0.6023568643995828,True,6,True,5,True,1,False,0,True,5,True,4,False,0,False,0,True,4,True,3,False,0,False,0,True,3,True,1,False,0,False,0,True,2,False,0,False,0,False,0,True,1,False,0,False,0,False,0,True,1,False,0,False,0,False,0,True,1,False,0,False,0,False,0,True,1,False,0,False,0,False,0,False,0,False,0,False,0,False,0,False,0,False,0,False,0,False,0,0.5139518639642792,0.5139518639642792,0.2526702089166015,0.2526702089166015,0.11169155345735364,0.11169155345735364,0.0019165232275105625,0.0019165232275105625
186.0,0.9998511461744567,1.4137093127603613,True,8,True,3,True,1,True,1,True,5,True,2,True,1,True,1,True,4,True,2,True,1,True,1,True,3,True,2,True,1,True,1,True,3,True,1,True,1,True,1,True,3,True,1,False,0,False,0,True,2,False,0,False,0,False,0,True,2,False,0,False,0,False,0,False,1,False,0,False,0,False,0,False,1,False,0,False,0,False,0,False,1,False,0,False,0,False,0,0.9399139953796907,0.4560428130452974,0.3600891933925995,0.3600891933925995,0.3147388021785763,0.3147388021785763,0.3147388021785763,0.3147388021785763
256.0,0.9970229234891337,1.9307912361535475,True,9,True,7,False,2,False,2,True,8,True,6,False,2,False,2,True,8,True,4,False,2,False,1,True,8,True,4,False,2,False,1,True,7,True,4,False,2,False,0,True,6,False,3,False,2,False,0,True,5,False,3,False,2,False,0,True,5,False,2,False,2,False,0,True,5,False,2,False,1,False,0,True,4,False,1,False,0,False,0,True,4,False,1,False,0,False,0,1.7165727076652895,0.701142633641555,0.6695118617549002,0.3288795443251748,0.5461801024181376,0.010028598700072437,0.2562553712281576,0.0030120212382474818
198.0,0.9998511461744567,0.9111222113920293,True,8,True,4,True,3,False,0,True,5,True,4,True,2,False,0,True,4,True,3,True,2,False,0,True,4,True,2,True,2,False,0,True,4,True,2,False,0,False,0,True,3,True,2,False,0,False,0,True,3,True,2,False,0,False,0,True,3,False,0,False,0,False,0,True,2,False,0,False,0,False,0,True,1,False,0,False,0,False,0,False,0,False,0,False,0,False,0,0.5969838112195817,0.5969838112195817,0.4425976994957932,0.4024697301132444,0.27798955220510047,0.2777932841827084,0.02454217888741414,0.017515642658249182
189.0,0.9998511461744567,1.1698109951702997,True,10,True,4,False,1,False,0,True,7,True,4,False,0,False,0,True,6,False,3,False,0,False,0,True,6,False,2,False,0,False,0,True,5,False,1,False,0,False,0,True,3,False,1,False,0,False,0,True,3,False,1,False,0,False,0,True,3,False,0,False,0,False,0,True,3,False,0,False,0,False,0,True,3,False,0,False,0,False,0,True,3,False,0,False,0,False,0,0.8578356342134729,0.8578356342134729,0.40708542624859606,0.18417932708065007,0.1381551578765906,0.04210096915589392,0.01624073563641712,0.0008471870657076215
80.0,0.9998511461744567,0.4242741469868509,True,8,True,3,True,1,False,0,True,4,False,1,False,0,False,0,True,2,False,1,False,0,False,0,True,2,False,0,False,0,False,0,True,1,False,0,False,0,False,0,True,1,False,0,False,0,False,0,False,0,False,0,False,0,False,0,False,0,False,0,False,0,False,0,False,0,False,0,False,0,False,0,False,0,False,0,False,0,False,0,False,0,False,0,False,0,False,0,0.3604884916675394,0.3604884916675394,0.21473012286294837,0.14256193460296632,0.10456108737039682,0.10456108737039682,0.01819634221766757,0.01819634221766757
249.0,0.9998511461744567,0.9337826800230773,True,12,True,5,True,2,True,1,True,9,True,3,True,2,False,0,True,7,True,3,True,1,False,0,True,7,True,3,False,0,False,0,True,6,False,1,False,0,False,0,True,4,False,1,False,0,False,0,True,4,False,0,False,0,False,0,True,3,False,0,False,0,False,0,True,2,False,0,False,0,False,0,True,2,False,0,False,0,False,0,True,2,False,0,False,0,False,0,0.8202452670464079,0.8202452670464079,0.39155818299642936,0.2795926030899196,0.23431206072108463,0.23431206072108463,0.10324774853565961,0.10324774853565961
115.0,0.9998511461744567,1.0101795073578579,True,10,True,5,False,0,False,0,True,9,True,4,False,0,False,0,True,8,True,3,False,0,False,0,True,7,True,2,False,0,False,0,True,5,True,2,False,0,False,0,True,4,True,2,False,0,False,0,True,4,True,2,False,0,False,0,True,4,True,1,False,0,False,0,True,3,False,0,False,0,False,0,True,3,False,0,False,0,False,0,True,2,False,0,False,0,False,0,0.8648854623018704,0.8648854623018704,0.4792917644548346,0.4792917644548346,0.03922686681030694,0.024229956741991927,0.024229956741991927,0.024229956741991927
112.0,0.9997022923489134,0.8986822444142821,True,12,True,3,False,0,False,0,True,11,True,1,False,0,False,0,True,7,True,1,False,0,False,0,True,6,True,1,False,0,False,0,True,5,True,1,False,0,False,0,True,3,True,1,False,0,False,0,True,3,True,1,False,0,False,0,True,2,True,1,False,0,False,0,True,2,False,0,False,0,False,0,True,2,False,0,False,0,False,0,True,1,False,0,False,0,False,0,0.8663068224863585,0.8663068224863585,0.47541200578209386,0.47541200578209386,0.046573899140623064,0.0027100623614878124,0.007725950745234747,0.0027100623614878124
72.0,0.997171777314677,0.979327911382083,True,9,True,3,False,1,False,0,True,6,False,2,False,0,False,0,True,6,False,2,False,0,False,0,True,5,False,1,False,0,False,0,True,5,False,0,False,0,False,0,True,4,False,0,False,0,False,0,True,3,False,0,False,0,False,0,True,2,False,0,False,0,False,0,True,2,False,0,False,0,False,0,True,2,False,0,False,0,False,0,True,2,False,0,False,0,False,0,0.8339749902889274,0.7024940600824636,0.2756384741952851,0.11016809351998724,0.11766822877934924,0.01226484803871058,0.03253806995035519,0.01226484803871058
124.0,0.9998511461744567,0.9073950643548662,True,9,True,5,False,2,False,0,True,9,True,5,False,1,False,0,True,9,False,1,False,0,False,0,True,6,False,0,False,0,False,0,True,4,False,0,False,0,False,0,True,2,False,0,False,0,False,0,False,1,False,0,False,0,False,0,False,1,False,0,False,0,False,0,False,1,False,0,False,0,False,0,False,1,False,0,False,0,False,0,False,1,False,0,False,0,False,0,0.7076071582619284,0.38844192276841405,0.22091284889875268,0.17804523545034842,0.1565153213283359,0.062327492882790686,0.02260974383337215,0.008241280205100066
259.0,0.9992557308722834,2.8077891521946428,True,9,True,7,True,5,True,2,True,8,True,7,True,5,True,2,True,9,True,6,True,3,True,2,True,9,True,6,True,3,True,2,True,10,True,6,True,3,True,1,True,10,True,5,True,3,True,1,True,10,True,4,True,3,True,1,True,11,True,5,False,2,False,0,True,11,False,3,False,2,False,0,True,11,False,2,False,2,False,0,True,9,False,2,False,1,False,0,1.8797179373770092,0.8296817554373886,0.6495474231241555,0.4683229278218493,0.6077587062246066,0.4350890429567008,0.42267993368259893,0.42267993368259893
138.0,0.9995534385233701,0.7975521811905683,True,6,True,3,False,2,False,0,True,4,False,2,False,1,False,0,True,4,False,2,False,0,False,0,True,3,False,2,False,0,False,0,False,2,False,1,False,0,False,0,False,1,False,0,False,0,False,0,False,1,False,0,False,0,False,0,False,1,False,0,False,0,False,0,False,1,False,0,False,0,False,0,False,1,False,0,False,0,False,0,False,1,False,0,False,0,False,0,0.626514059569519,0.256297205972721,0.3120169564187828,0.13886706206923088,0.17873910079176172,0.023887108860156877,0.006587455124943211,0.003823334869027588
67.0,0.9998511461744567,0.5810303974001646,True,6,True,2,False,1,False,0,True,5,True,2,False,0,False,0,True,3,True,1,False,0,False,0,True,3,True,1,False,0,False,0,True,2,False,0,False,0,False,0,True,2,False,0,False,0,False,0,True,2,False,0,False,0,False,0,True,2,False,0,False,0,False,0,False,0,False,0,False,0,False,0,False,0,False,0,False,0,False,0,False,0,False,0,False,0,False,0,0.4869751694921892,0.4869751694921892,0.2735965216563481,0.2735965216563481,0.12311093899834062,0.031074375081285615,0.04643226611856889,0.005732314926030607
147.0,0.9998511461744567,0.9063482457976365,True,11,True,3,False,0,False,0,True,8,True,2,False,0,False,0,True,7,True,2,False,0,False,0,True,3,True,1,False,0,False,0,True,3,False,0,False,0,False,0,True,3,False,0,False,0,False,0,True,3,False,0,False,0,False,0,True,3,False,0,False,0,False,0,True,2,False,0,False,0,False,0,True,2,False,0,False,0,False,0,True,1,False,0,False,0,False,0,0.6036168382398132,0.6036168382398132,0.28581734282473337,0.28581734282473337,0.027098156629577427,0.023436141400680215,0.023436141400680215,0.023436141400680215
252.0,0.9998511461744567,0.6931049771237817,True,9,True,3,False,0,False,0,True,7,True,1,False,0,False,0,True,5,False,0,False,0,False,0,True,4,False,0,False,0,False,0,True,4,False,0,False,0,False,0,True,2,False,0,False,0,False,0,True,2,False,0,False,0,False,0,False,0,False,0,False,0,False,0,False,0,False,0,False,0,False,0,False,0,False,0,False,0,False,0,False,0,False,0,False,0,False,0,0.445161560820818,0.445161560820818,0.15690563225964177,0.15690563225964177,0.09884122572846658,0.01614076966355637,0.09331444956827126,0.004079374403713937
53.0,0.9998511461744567,0.6219592042504248,True,10,True,3,False,1,False,0,True,5,True,3,False,1,False,0,True,4,True,3,False,1,False,0,True,3,True,3,False,0,False,0,True,3,True,2,False,0,False,0,True,3,False,0,False,0,False,0,True,2,False,0,False,0,False,0,True,2,False,0,False,0,False,0,True,1,False,0,False,0,False,0,True,1,False,0,False,0,False,0,False,0,False,0,False,0,False,0,0.566222541461313,0.566222541461313,0.34902340501094875,0.30088719616047815,0.20156740235847076,0.02651269068228088,0.0026475165758344126,0.0008918746964620605
131.0,0.9998511461744567,0.5327324600966454,True,7,True,2,False,0,False,0,True,5,True,2,False,0,False,0,True,3,True,1,False,0,False,0,True,2,False,0,False,0,False,0,True,2,False,0,False,0,False,0,True,2,False,0,False,0,False,0,True,1,False,0,False,0,False,0,True,1,False,0,False,0,False,0,False,0,False,0,False,0,False,0,False,0,False,0,False,0,False,0,False,0,False,0,False,0,False,0,0.49010728771036693,0.49010728771036693,0.21921235102084113,0.21921235102084113,0.07995804763425944,0.07995804763425944,0.034773984291017884,0.034773984291017884
42.0,0.9998511461744567,0.8835118208437616,True,9,True,3,False,1,False,0,True,7,True,3,False,0,False,0,True,6,True,2,False,0,False,0,True,5,True,1,False,0,False,0,True,4,False,0,False,0,False,0,True,3,False,0,False,0,False,0,True,2,False,0,False,0,False,0,True,1,False,0,False,0,False,0,True,1,False,0,False,0,False,0,True,1,False,0,False,0,False,0,False,0,False,0,False,0,False,0,0.5800106213336828,0.5800106213336828,0.2994160935980278,0.2994160935980278,0.13054446773266848,0.05642619970856137,0.04177282536321334,0.007558215396943056
46.0,0.9998511461744567,0.7347232786123694,True,10,True,3,True,1,False,0,True,7,True,1,False,0,False,0,True,3,False,0,False,0,False,0,True,3,False,0,False,0,False,0,True,3,False,0,False,0,False,0,True,2,False,0,False,0,False,0,True,2,False,0,False,0,False,0,True,2,False,0,False,0,False,0,True,1,False,0,False,0,False,0,True,1,False,0,False,0,False,0,False,0,False,0,False,0,False,0,0.5871665798053638,0.5871665798053638,0.19639083559372292,0.19639083559372292,0.14605275054316874,0.14605275054316874,0.010689719007163525,0.002368710260500125
248.0,0.9998511461744567,0.8577396682844303,True,10,True,3,False,0,False,0,True,7,True,3,False,0,False,0,True,5,True,1,False,0,False,0,True,3,True,1,False,0,False,0,True,2,True,1,False,0,False,0,True,2,True,1,False,0,False,0,True,2,False,0,False,0,False,0,True,2,False,0,False,0,False,0,True,2,False,0,False,0,False,0,True,2,False,0,False,0,False,0,True,2,False,0,False,0,False,0,0.792670288297441,0.792670288297441,0.37521755487705993,0.37521755487705993,0.017916182688005388,0.017916182688005388,0.01409993869223669,0.01409993869223669
36.0,0.9998511461744567,0.5556098022583155,True,5,True,3,True,1,False,0,True,4,True,2,True,1,False,0,True,4,False,0,False,0,False,0,True,4,False,0,False,0,False,0,True,2,False,0,False,0,False,0,True,1,False,0,False,0,False,0,True,1,False,0,False,0,False,0,True,1,False,0,False,0,False,0,False,0,False,0,False,0,False,0,False,0,False,0,False,0,False,0,False,0,False,0,False,0,False,0,0.4536857431124251,0.4536857431124251,0.19165985825966408,0.19165985825966408,0.15665812033487225,0.15665812033487225,0.003605543279520477,0.003605543279520477
11.0,0.9998511461744567,1.3025180688616194,True,9,True,4,True,1,False,0,True,7,True,3,True,1,False,0,True,5,True,2,False,0,False,0,True,5,True,2,False,0,False,0,True,4,True,2,False,0,False,0,True,3,True,2,False,0,False,0,True,2,True,2,False,0,False,0,True,2,True,2,False,0,False,0,True,2,True,1,False,0,False,0,True,2,False,0,False,0,False,0,True,2,False,0,False,0,False,0,0.9274701178508661,0.9274701178508661,0.5333881639300444,0.5333881639300444,0.19232853971766994,0.19232853971766994,0.0059205081953880604,0.0059205081953880604
49.0,0.9998511461744567,0.6885633391834927,True,7,True,3,False,1,False,0,True,6,True,2,False,1,False,0,True,5,True,1,False,0,False,0,True,5,True,1,False,0,False,0,True,2,False,0,False,0,False,0,True,1,False,0,False,0,False,0,True,1,False,0,False,0,False,0,True,1,False,0,False,0,False,0,True,1,False,0,False,0,False,0,False,0,False,0,False,0,False,0,False,0,False,0,False,0,False,0,0.5175229814116274,0.5175229814116274,0.2741834998658822,0.2741834998658822,0.15196852966166552,0.01825080004309875,0.03726877115873313,0.0008210791435710636
234.0,0.9998511461744567,0.5799206818735734,True,9,True,2,True,1,False,0,True,6,True,2,True,1,False,0,True,3,True,2,True,1,False,0,True,2,True,2,True,1,False,0,True,3,False,0,False,0,False,0,True,3,False,0,False,0,False,0,True,1,False,0,False,0,False,0,True,1,False,0,False,0,False,0,True,1,False,0,False,0,False,0,False,0,False,0,False,0,False,0,False,0,False,0,False,0,False,0,0.5067584369538756,0.5067584369538756,0.27885553160231596,0.27885553160231596,0.25229211913961197,0.25229211913961197,0.008159917786344714,0.002609619590041088
265.0,0.9904733551652277,0.9640806772424099,True,6,True,3,False,0,False,0,True,4,True,2,False,0,False,0,True,3,True,2,False,0,False,0,True,3,False,0,False,0,False,0,True,2,False,0,False,0,False,0,True,2,False,0,False,0,False,0,True,2,False,0,False,0,False,0,False,1,False,0,False,0,False,0,False,1,False,0,False,0,False,0,False,1,False,0,False,0,False,0,False,1,False,0,False,0,False,0,0.6720349526005586,0.42102143847980816,0.2468602901939964,0.2468602901939964,0.08625981772619523,0.08625981772619523,0.013933103344375551,0.013933103344375551
21.0,0.9997022923489134,2.577311612028813,True,11,True,3,True,2,True,1,True,13,True,3,True,1,False,0,True,12,True,2,True,1,False,0,True,10,True,2,True,1,False,0,True,10,True,2,True,1,False,0,True,8,True,1,True,1,False,0,True,8,True,1,True,1,False,0,True,8,True,1,True,1,False,0,True,7,True,1,True,1,False,0,True,6,True,1,True,1,False,0,True,6,True,1,True,1,False,0,1.8215365303289162,1.8215365303289162,0.8684807519211841,0.8073606490570606,0.777179657818972,0.777179657818972,0.10478861960984183,0.10478861960984183
229.0,0.9998511461744567,0.5576901278692973,True,5,True,2,True,1,False,0,True,4,True,2,False,0,False,0,True,3,True,2,False,0,False,0,True,2,True,1,False,0,False,0,True,2,False,0,False,0,False,0,True,1,False,0,False,0,False,0,True,1,False,0,False,0,False,0,False,0,False,0,False,0,False,0,False,0,False,0,False,0,False,0,False,0,False,0,False,0,False,0,False,0,False,0,False,0,False,0,0.4174753343690587,0.4174753343690587,0.27395488242551835,0.27395488242551835,0.12738431880068124,0.12738431880068124,0.009545649984211629,0.0020932683326747793
240.0,0.9998511461744567,0.988703073483217,True,12,True,5,True,2,False,0,True,8,True,4,False,1,False,0,True,6,True,4,False,0,False,0,True,6,False,2,False,0,False,0,True,5,False,1,False,0,False,0,True,4,False,1,False,0,False,0,True,3,False,1,False,0,False,0,True,3,False,1,False,0,False,0,True,3,False,0,False,0,False,0,True,3,False,0,False,0,False,0,True,3,False,0,False,0,False,0,0.830848134164021,0.830848134164021,0.46231469950111626,0.24103218827733427,0.1623280669747355,0.14554649656170612,0.01259819395066542,0.005482096979286669
272.0,0.9624888359630842,1.0687172741143836,True,8,False,2,False,1,False,1,True,5,False,1,False,1,False,0,True,4,False,0,False,0,False,0,False,1,False,0,False,0,False,0,False,1,False,0,False,0,False,0,False,1,False,0,False,0,False,0,False,1,False,0,False,0,False,0,False,1,False,0,False,0,False,0,False,1,False,0,False,0,False,0,False,1,False,0,False,0,False,0,False,1,False,0,False,0,False,0,0.715790634880153,0.2059522885762482,0.16036805840106846,0.030791186657396122,0.15442543373068945,0.006912045340233116,0.11072390004890256,0.0030338962784384428
165.0,0.9991068770467401,0.6610272009262258,True,10,True,3,False,0,False,0,True,5,True,2,False,0,False,0,True,4,True,2,False,0,False,0,True,4,True,2,False,0,False,0,True,3,False,1,False,0,False,0,True,3,False,0,False,0,False,0,True,3,False,0,False,0,False,0,True,2,False,0,False,0,False,0,False,1,False,0,False,0,False,0,False,1,False,0,False,0,False,0,False,0,False,0,False,0,False,0,0.558908863111532,0.48655009153516016,0.3260444981733288,0.27181034605742443,0.04990327413101741,0.04990327413101741,0.003220660547146997,0.003220660547146997
82.0,0.9997022923489134,0.9940917733939957,True,10,True,4,True,1,False,0,True,6,True,3,True,1,False,0,True,5,True,2,True,1,False,0,True,4,True,2,True,1,False,0,True,4,False,1,False,0,False,0,True,3,False,1,False,0,False,0,False,2,False,1,False,0,False,0,False,2,False,0,False,0,False,0,False,1,False,0,False,0,False,0,False,1,False,0,False,0,False,0,False,1,False,0,False,0,False,0,0.6153860296220427,0.38775630187675014,0.42816979769069224,0.2828665364844997,0.2793796242707172,0.2793796242707172,0.006874544457584559,0.00467384981228755
183.0,0.9998511461744567,0.9660726747808421,True,10,True,4,False,0,False,0,True,8,True,3,False,0,False,0,True,6,True,1,False,0,False,0,True,4,False,0,False,0,False,0,True,4,False,0,False,0,False,0,True,2,False,0,False,0,False,0,True,2,False,0,False,0,False,0,True,2,False,0,False,0,False,0,True,2,False,0,False,0,False,0,True,2,False,0,False,0,False,0,True,2,False,0,False,0,False,0,0.7396353153855121,0.6183048751429525,0.23022591048247334,0.23022591048247334,0.04851624562825054,0.009326621424219158,0.008882618913806598,0.008882618913806598
86.0,0.9992557308722834,0.6356382623284528,True,5,True,2,False,0,False,0,True,3,True,2,False,0,False,0,True,2,True,2,False,0,False,0,True,2,True,2,False,0,False,0,True,2,False,0,False,0,False,0,True,1,False,0,False,0,False,0,True,1,False,0,False,0,False,0,True,1,False,0,False,0,False,0,True,1,False,0,False,0,False,0,True,1,False,0,False,0,False,0,False,0,False,0,False,0,False,0,0.5541986285365811,0.5541986285365811,0.2941634329700537,0.2941634329700537,0.09459827222348427,0.09459827222348427,0.002623755637309636,0.002623755637309636
25.0,0.9998511461744567,0.40327168979950523,True,7,True,4,True,2,False,0,True,5,True,2,False,0,False,0,True,5,False,0,False,0,False,0,True,1,False,0,False,0,False,0,True,1,False,0,False,0,False,0,False,0,False,0,False,0,False,0,False,0,False,0,False,0,False,0,False,0,False,0,False,0,False,0,False,0,False,0,False,0,False,0,False,0,False,0,False,0,False,0,False,0,False,0,False,0,False,0,0.30869285157014986,0.30869285157014986,0.17299900048647618,0.15863656356384762,0.11809475451038629,0.11809475451038629,0.018203845952932562,0.007835605689725923
244.0,0.9998511461744567,0.9796886507185134,True,10,True,6,False,1,False,0,True,9,True,5,False,1,False,0,True,8,True,4,False,0,False,0,True,7,True,2,False,0,False,0,True,5,True,1,False,0,False,0,True,3,True,1,False,0,False,0,True,3,True,1,False,0,False,0,True,3,True,1,False,0,False,0,True,3,True,1,False,0,False,0,True,2,False,0,False,0,False,0,True,2,False,0,False,0,False,0,0.8003578467726963,0.7531784645765809,0.5188316019373794,0.5188316019373794,0.15657602200897652,0.008982327709603735,0.028085354776394025,0.008982327709603735
210.0,0.9998511461744567,0.7265671681754889,True,7,True,2,True,1,False,0,True,4,True,2,True,1,False,0,True,4,True,2,True,1,False,0,True,2,True,1,True,1,False,0,True,3,True,1,False,0,False,0,True,3,True,1,False,0,False,0,True,2,False,0,False,0,False,0,True,1,False,0,False,0,False,0,True,1,False,0,False,0,False,0,False,0,False,0,False,0,False,0,False,0,False,0,False,0,False,0,0.5351180808108927,0.5351180808108927,0.36954839235385567,0.36954839235385567,0.28007014302454253,0.28007014302454253,0.023969869932315008,0.023969869932315008
31.0,0.9989580232211968,0.999999151527922,True,8,True,2,False,0,False,0,True,6,True,1,False,0,False,0,True,3,False,0,False,0,False,0,True,2,False,0,False,0,False,0,True,2,False,0,False,0,False,0,True,2,False,0,False,0,False,0,True,1,False,0,False,0,False,0,True,1,False,0,False,0,False,0,False,0,False,0,False,0,False,0,False,0,False,0,False,0,False,0,False,0,False,0,False,0,False,0,0.4859085699223268,0.4859085699223268,0.17891680090728934,0.17891680090728934,0.019003200064761947,0.010539404140480131,0.010539404140480131,0.010539404140480131
71.0,0.9998511461744567,0.8762993636893264,True,11,True,3,False,0,False,0,True,10,True,2,False,0,False,0,True,9,True,1,False,0,False,0,True,5,True,1,False,0,False,0,True,4,False,0,False,0,False,0,True,4,False,0,False,0,False,0,True,3,False,0,False,0,False,0,True,2,False,0,False,0,False,0,True,2,False,0,False,0,False,0,True,2,False,0,False,0,False,0,True,2,False,0,False,0,False,0,0.7131625310417863,0.7131625310417863,0.259612732054342,0.259612732054342,0.05847769895472973,0.05847769895472973,0.04063584371608822,0.03112906532023375
95.0,0.9998511461744567,0.7046637178353826,True,10,False,2,False,0,False,0,True,8,False,1,False,0,False,0,True,6,False,1,False,0,False,0,True,4,False,0,False,0,False,0,True,4,False,0,False,0,False,0,False,1,False,0,False,0,False,0,False,1,False,0,False,0,False,0,False,1,False,0,False,0,False,0,False,0,False,0,False,0,False,0,False,0,False,0,False,0,False,0,False,0,False,0,False,0,False,0,0.46877606450518855,0.33130042348759947,0.226508985152225,0.08879072260781672,0.02221507717126759,0.02221507717126759,0.01707591428638091,0.00312647008372218
13.0,0.9997022923489134,0.7353262355902597,True,8,True,3,False,0,False,0,True,7,True,2,False,0,False,0,True,4,True,2,False,0,False,0,True,3,True,2,False,0,False,0,True,3,True,1,False,0,False,0,True,1,True,1,False,0,False,0,True,1,True,1,False,0,False,0,True,1,False,0,False,0,False,0,True,1,False,0,False,0,False,0,True,1,False,0,False,0,False,0,True,1,False,0,False,0,False,0,0.6484663545443635,0.6484663545443635,0.4393662556120067,0.4393662556120067,0.08185673815748602,0.05581894610086542,0.01899281364092631,0.009202509795716771
32.0,0.9998511461744567,0.4488982974290314,True,5,True,3,False,0,False,0,True,3,True,2,False,0,False,0,True,2,False,0,False,0,False,0,True,1,False,0,False,0,False,0,True,1,False,0,False,0,False,0,True,1,False,0,False,0,False,0,False,0,False,0,False,0,False,0,False,0,False,0,False,0,False,0,False,0,False,0,False,0,False,0,False,0,False,0,False,0,False,0,False,0,False,0,False,0,False,0,0.37471375955208996,0.37471375955208996,0.1796113348240766,0.1796113348240766,0.09099615786002642,0.09099615786002642,0.005552690823997102,0.005552690823997102
169.0,0.9998511461744567,0.8492559298733787,True,9,True,3,True,1,False,0,True,6,True,2,True,1,False,0,True,4,True,2,False,0,False,0,True,3,True,2,False,0,False,0,True,3,True,2,False,0,False,0,True,2,True,2,False,0,False,0,True,2,True,1,False,0,False,0,True,2,False,0,False,0,False,0,True,2,False,0,False,0,False,0,True,2,False,0,False,0,False,0,True,1,False,0,False,0,False,0,0.7244273405594179,0.7244273405594179,0.40238232603128954,0.40238232603128954,0.1903926452901521,0.1903926452901521,0.008259443987217495,0.0032495765207561306
37.0,0.9998511461744567,0.4480051434375717,True,10,True,2,False,1,False,0,False,3,False,1,False,1,False,0,False,2,False,0,False,0,False,0,False,0,False,0,False,0,False,0,False,0,False,0,False,0,False,0,False,0,False,0,False,0,False,0,False,0,False,0,False,0,False,0,False,0,False,0,False,0,False,0,False,0,False,0,False,0,False,0,False,0,False,0,False,0,False,0,False,0,False,0,False,0,False,0,0.23719051677704592,0.14731446666371276,0.15536065431294804,0.11590179526450496,0.15536065431294804,0.09418047171477824,0.02116358352961444,0.00280792309906861
275.0,0.9998511461744567,0.3245810714753956,True,5,True,1,False,0,False,0,True,3,False,0,False,0,False,0,False,1,False,0,False,0,False,0,False,0,False,0,False,0,False,0,False,0,False,0,False,0,False,0,False,0,False,0,False,0,False,0,False,0,False,0,False,0,False,0,False,0,False,0,False,0,False,0,False,0,False,0,False,0,False,0,False,0,False,0,False,0,False,0,False,0,False,0,False,0,False,0,0.20667354599793913,0.1751572388273903,0.12223252995910765,0.12223252995910765,0.058202673257961524,0.03758437292143713,0.03758437292143713,0.03758437292143713
129.0,0.9998511461744567,0.7944686226334343,True,6,True,3,True,1,False,0,True,5,True,2,True,1,False,0,True,3,True,2,False,0,False,0,True,3,False,0,False,0,False,0,True,3,False,0,False,0,False,0,True,2,False,0,False,0,False,0,True,1,False,0,False,0,False,0,True,1,False,0,False,0,False,0,True,1,False,0,False,0,False,0,False,0,False,0,False,0,False,0,False,0,False,0,False,0,False,0,0.5216512389226318,0.5216512389226318,0.23765387129917728,0.23765387129917728,0.19950562418073245,0.19950562418073245,0.003703756716340177,0.003703756716340177
126.0,0.9998511461744567,0.5205542659844341,True,6,True,3,False,0,False,0,True,4,True,1,False,0,False,0,True,3,False,0,False,0,False,0,True,1,False,0,False,0,False,0,True,1,False,0,False,0,False,0,True,1,False,0,False,0,False,0,False,0,False,0,False,0,False,0,False,0,False,0,False,0,False,0,False,0,False,0,False,0,False,0,False,0,False,0,False,0,False,0,False,0,False,0,False,0,False,0,0.371774743726281,0.371774743726281,0.17037715566253944,0.17037715566253944,0.06172978487959889,0.01633429932897048,0.010324702788101669,0.001245721307093983
278.0,0.8200357249181304,3.4285714285714293,True,11,True,5,False,1,False,1,True,8,True,5,False,1,False,1,True,6,True,4,False,1,False,1,True,5,True,4,False,1,False,1,True,5,True,3,False,1,False,1,True,5,True,3,False,1,False,1,True,3,True,3,False,1,False,1,True,3,True,2,False,1,False,1,True,3,True,2,False,1,False,1,True,3,True,2,False,1,False,1,True,3,True,2,False,1,False,1,3.428571428571428,1.4466711373786596,1.24601352546635,0.8154389936563455,1.0873581808424653,0.06897494836152311,0.6345383810063819,0.011988663925366051
105.0,0.9998511461744567,0.6820466340036908,True,6,True,3,False,1,False,0,True,4,True,2,False,1,False,0,True,3,True,2,False,0,False,0,True,2,True,2,False,0,False,0,True,2,True,2,False,0,False,0,True,2,True,2,False,0,False,0,True,2,False,0,False,0,False,0,True,2,False,0,False,0,False,0,True,2,False,0,False,0,False,0,True,1,False,0,False,0,False,0,True,1,False,0,False,0,False,0,0.6139442082805031,0.6139442082805031,0.3561188430563377,0.3536237450045428,0.18517372787503422,0.033608827263414125,0.022644813164074268,0.022644813164074268
236.0,0.9995534385233701,1.101150224758764,True,12,True,3,False,2,False,0,True,11,True,3,False,2,False,0,True,8,True,3,False,2,False,0,True,8,False,1,False,1,False,0,True,7,False,1,False,0,False,0,True,5,False,1,False,0,False,0,False,3,False,0,False,0,False,0,False,3,False,0,False,0,False,0,False,3,False,0,False,0,False,0,False,3,False,0,False,0,False,0,False,1,False,0,False,0,False,0,0.7498016231300376,0.36054835568599036,0.38484264568792514,0.23660381053089782,0.25843222154758155,0.040825192086366806,0.03371310686333841,0.03371310686333841
117.0,0.9998511461744567,0.9633469508252488,True,8,True,2,False,0,False,0,True,7,False,1,False,0,False,0,True,6,False,1,False,0,False,0,True,5,False,0,False,0,False,0,True,4,False,0,False,0,False,0,True,3,False,0,False,0,False,0,True,3,False,0,False,0,False,0,True,2,False,0,False,0,False,0,True,2,False,0,False,0,False,0,True,2,False,0,False,0,False,0,True,2,False,0,False,0,False,0,0.7537896579246068,0.7537896579246068,0.22982613420163964,0.14769404208735107,0.09771952410947625,0.000752440943086752,0.004973678012527623,0.000752440943086752
73.0,0.9998511461744567,1.1435734847179948,True,10,True,3,False,1,False,0,True,8,True,3,False,0,False,0,True,7,True,3,False,0,False,0,True,6,True,3,False,0,False,0,True,6,True,2,False,0,False,0,True,5,True,2,False,0,False,0,True,3,True,2,False,0,False,0,True,3,True,1,False,0,False,0,True,3,True,1,False,0,False,0,True,3,False,0,False,0,False,0,True,3,False,0,False,0,False,0,0.888992519656534,0.8314082956729497,0.5340380235080542,0.5340380235080542,0.12432057025624833,0.01337702706438878,0.01337702706438878,0.01337702706438878
184.0,0.9998511461744567,0.5683806180118538,True,7,True,2,False,0,False,0,True,5,True,2,False,0,False,0,True,4,True,2,False,0,False,0,True,2,True,1,False,0,False,0,True,2,False,0,False,0,False,0,True,1,False,0,False,0,False,0,True,1,False,0,False,0,False,0,True,1,False,0,False,0,False,0,False,0,False,0,False,0,False,0,False,0,False,0,False,0,False,0,False,0,False,0,False,0,False,0,0.4711809359032888,0.4711809359032888,0.25828395101607476,0.25828395101607476,0.05913709439274831,0.05913709439274831,0.007249048510183738,0.004395187235393732
238.0,0.9998511461744567,0.8182802708222917,True,8,True,2,True,1,False,0,True,3,True,2,True,1,False,0,True,2,True,2,True,1,False,0,True,2,True,2,True,1,False,0,True,2,True,2,False,0,False,0,True,2,True,1,False,0,False,0,True,2,True,1,False,0,False,0,True,2,False,0,False,0,False,0,True,2,False,0,False,0,False,0,True,2,False,0,False,0,False,0,True,2,False,0,False,0,False,0,0.6285830800552267,0.6285830800552267,0.4440588765734234,0.4440588765734234,0.2772473558848191,0.2772473558848191,0.03606702514531642,0.03606702514531642
171.0,0.9998511461744567,0.5942190245651565,True,7,False,2,False,0,False,0,True,6,False,1,False,0,False,0,True,4,False,0,False,0,False,0,False,1,False,0,False,0,False,0,False,1,False,0,False,0,False,0,False,1,False,0,False,0,False,0,False,1,False,0,False,0,False,0,False,0,False,0,False,0,False,0,False,0,False,0,False,0,False,0,False,0,False,0,False,0,False,0,False,0,False,0,False,0,False,0,0.416974331075245,0.23565110536342163,0.1621850749529874,0.008022338076189985,0.05149347717218596,0.001472524239965586,0.029825396056127395,0.001472524239965586
167.0,0.9998511461744567,0.7013425569230398,True,12,False,2,False,0,False,0,True,8,False,2,False,0,False,0,True,6,False,2,False,0,False,0,True,5,False,1,False,0,False,0,True,3,False,0,False,0,False,0,True,2,False,0,False,0,False,0,False,1,False,0,False,0,False,0,False,1,False,0,False,0,False,0,False,1,False,0,False,0,False,0,False,1,False,0,False,0,False,0,False,0,False,0,False,0,False,0,0.5699177333878092,0.37664570968643535,0.280280505338853,0.041212325362542004,0.09079919998940036,0.005699370527667388,0.052074198948187836,0.004541872933947989
91.0,0.9998511461744567,0.9676749255638584,True,12,True,3,False,0,False,0,True,8,True,2,False,0,False,0,True,8,True,1,False,0,False,0,True,5,True,1,False,0,False,0,True,4,False,0,False,0,False,0,True,4,False,0,False,0,False,0,True,3,False,0,False,0,False,0,True,3,False,0,False,0,False,0,True,2,False,0,False,0,False,0,True,2,False,0,False,0,False,0,True,2,False,0,False,0,False,0,0.882737441069834,0.882737441069834,0.255012627497245,0.255012627497245,0.08052413834501389,0.004413914101741053,0.011842864500570751,0.004413914101741053
26.0,0.9998511461744567,1.8573673310113865,True,4,True,3,True,3,True,1,True,3,True,3,True,3,True,1,True,4,True,2,True,2,False,0,True,4,True,2,True,2,False,0,True,2,True,2,True,1,False,0,True,2,True,2,True,1,False,0,True,2,True,2,True,1,False,0,True,2,True,2,False,0,False,0,True,2,True,2,False,0,False,0,True,2,True,2,False,0,False,0,True,2,True,2,False,0,False,0,1.2854386406832656,1.2854386406832656,0.7194286194047187,0.7194286194047187,0.4192252112428753,0.4192252112428753,0.16834406856166978,0.16834406856166978
35.0,0.9998511461744567,0.583172386853376,True,8,True,3,True,1,False,0,True,6,False,2,False,0,False,0,True,3,False,0,False,0,False,0,False,2,False,0,False,0,False,0,False,2,False,0,False,0,False,0,False,1,False,0,False,0,False,0,False,1,False,0,False,0,False,0,False,0,False,0,False,0,False,0,False,0,False,0,False,0,False,0,False,0,False,0,False,0,False,0,False,0,False,0,False,0,False,0,0.4367885622100462,0.23606556103911305,0.1676182362930461,0.10648450549264812,0.10648450549264812,0.10648450549264812,0.004096140439759704,0.004096140439759704
152.0,0.993450431676094,1.232832651451936,True,10,True,7,False,2,False,1,True,10,True,6,False,2,False,1,True,9,True,5,False,1,False,1,True,9,True,4,False,1,False,1,True,8,True,4,False,1,False,1,True,6,True,2,False,1,False,1,True,4,False,1,False,1,False,0,True,4,False,1,False,1,False,0,True,4,False,1,False,1,False,0,True,4,False,1,False,1,False,0,True,3,False,1,False,1,False,0,0.8507347485802345,0.8507347485802345,0.7203735733543818,0.3752456323077878,0.7193832758823434,0.04339816205600265,0.3613101660233904,0.0022315160049232855
251.0,0.9998511461744567,0.9437659231590895,True,9,True,3,False,0,False,0,True,8,True,2,False,0,False,0,True,7,True,2,False,0,False,0,True,4,True,2,False,0,False,0,True,4,True,2,False,0,False,0,True,4,False,0,False,0,False,0,True,4,False,0,False,0,False,0,True,4,False,0,False,0,False,0,True,3,False,0,False,0,False,0,True,3,False,0,False,0,False,0,True,2,False,0,False,0,False,0,0.6837736244580821,0.6837736244580821,0.3377114107440784,0.30525996441478753,0.0200585506005506,0.0200585506005506,0.0200585506005506,0.0200585506005506
150.0,0.9995534385233701,0.9050969239719591,True,9,True,2,True,1,False,0,True,7,True,2,True,1,False,0,True,7,True,2,False,0,False,0,True,4,True,2,False,0,False,0,True,3,True,1,False,0,False,0,True,3,True,1,False,0,False,0,True,3,True,1,False,0,False,0,True,3,True,1,False,0,False,0,True,3,False,0,False,0,False,0,False,0,False,0,False,0,False,0,False,0,False,0,False,0,False,0,0.5384602370935793,0.5384602370935793,0.4702604654154056,0.4702604654154056,0.1693178470985874,0.1693178470985874,0.006330675179663767,0.006330675179663767
17.0,0.9998511461744567,0.7025750930690011,True,10,True,5,True,3,False,0,True,7,True,4,False,1,False,0,True,5,True,4,False,1,False,0,True,4,True,3,False,1,False,0,True,4,False,1,False,0,False,0,True,4,False,0,False,0,False,0,True,3,False,0,False,0,False,0,True,1,False,0,False,0,False,0,True,1,False,0,False,0,False,0,True,1,False,0,False,0,False,0,True,1,False,0,False,0,False,0,0.6108417824228823,0.6108417824228823,0.33266249272264536,0.2892430858178406,0.2708898216669466,0.10480714192437936,0.04988838432426038,0.011701502577730635
50.0,0.9998511461744567,0.6121674733593597,True,5,True,3,False,0,False,0,True,4,True,2,False,0,False,0,True,3,True,2,False,0,False,0,True,2,False,0,False,0,False,0,True,2,False,0,False,0,False,0,False,1,False,0,False,0,False,0,False,1,False,0,False,0,False,0,False,1,False,0,False,0,False,0,False,0,False,0,False,0,False,0,False,0,False,0,False,0,False,0,False,0,False,0,False,0,False,0,0.4746842091428643,0.3119653192317511,0.24967142028723238,0.21910145655803526,0.06505822342084853,0.001526378026737508,0.018119349839253163,0.001526378026737508
145.0,0.9998511461744567,0.9540178487879794,True,7,True,4,True,2,False,1,True,7,True,3,False,1,False,0,True,6,True,3,False,1,False,0,True,5,True,3,False,1,False,0,True,4,True,3,False,1,False,0,True,3,False,2,False,0,False,0,True,3,False,2,False,0,False,0,True,3,False,2,False,0,False,0,True,3,False,2,False,0,False,0,True,3,False,2,False,0,False,0,False,2,False,0,False,0,False,0,0.9073231696615744,0.5952594685560305,0.5994092358052169,0.3400586498453422,0.31769308883248804,0.12537269144082264,0.1070960578293313,0.009263683034213755
148.0,0.9979160464423936,1.2037536645069378,True,14,True,4,False,2,False,0,True,12,True,4,False,2,False,0,True,9,True,4,False,0,False,0,True,10,True,2,False,0,False,0,True,8,True,2,False,0,False,0,True,8,True,2,False,0,False,0,True,6,True,1,False,0,False,0,True,5,True,1,False,0,False,0,True,5,True,1,False,0,False,0,True,3,False,0,False,0,False,0,True,3,False,0,False,0,False,0,0.9780536166781342,0.9780536166781342,0.5017410490251231,0.5017410490251231,0.18782325220257076,0.048118139821454166,0.048118139821454166,0.048118139821454166
221.0,0.9998511461744567,1.1208823021898033,True,12,True,4,False,0,False,0,True,11,True,3,False,0,False,0,True,7,True,3,False,0,False,0,True,6,False,1,False,0,False,0,True,6,False,1,False,0,False,0,True,3,False,0,False,0,False,0,True,3,False,0,False,0,False,0,True,2,False,0,False,0,False,0,True,2,False,0,False,0,False,0,True,2,False,0,False,0,False,0,True,2,False,0,False,0,False,0,0.7934462244790303,0.7333648032221995,0.3431713790064466,0.20204882021366494,0.04716359328671788,0.02971329107138358,0.016652158370904415,0.00021352745234777128
158.0,0.9997022923489134,0.9124072038103985,True,13,True,4,False,2,False,0,True,9,True,4,False,1,False,0,True,8,True,2,False,0,False,0,True,8,True,1,False,0,False,0,True,8,True,1,False,0,False,0,True,5,True,1,False,0,False,0,True,3,True,1,False,0,False,0,True,2,True,1,False,0,False,0,True,2,True,1,False,0,False,0,True,2,False,0,False,0,False,0,True,2,False,0,False,0,False,0,0.7518451565636299,0.7518451565636299,0.5193783736894,0.5193783736894,0.16564622145516797,0.013647859581076031,0.017752281313011074,0.013647859581076031
160.0,0.9998511461744567,1.5779152856040835,True,10,True,6,False,1,False,1,True,9,True,3,False,1,False,0,True,6,True,2,False,1,False,0,True,4,True,2,False,1,False,0,True,3,True,2,False,0,False,0,True,3,True,1,False,0,False,0,True,3,True,1,False,0,False,0,True,3,True,1,False,0,False,0,True,2,True,1,False,0,False,0,True,2,False,0,False,0,False,0,True,1,False,0,False,0,False,0,1.2555960651118983,1.2555960651118983,0.5065233931494418,0.5065233931494418,0.28639493227239765,0.015088807827865109,0.11761810963375649,0.0035449065400214095
255.0,0.9991068770467401,1.8937540014504044,True,10,True,6,True,4,True,3,True,15,True,6,True,2,True,1,True,15,True,6,False,1,False,0,True,15,True,6,False,1,False,0,True,14,True,6,False,1,False,0,True,13,True,6,False,1,False,0,True,12,True,2,False,1,False,0,True,11,True,2,False,0,False,0,True,9,True,2,False,0,False,0,True,8,False,1,False,0,False,0,True,7,False,0,False,0,False,0,1.082361451506982,0.9448145467949286,0.5754359392536156,0.5286039974112624,0.4226078346661592,0.15961018909216196,0.15961018909216196,0.15961018909216196
103.0,0.9998511461744567,0.7616361892274048,True,9,True,4,True,1,False,0,True,7,True,3,True,1,False,0,True,5,True,2,False,0,False,0,True,5,True,2,False,0,False,0,True,4,True,1,False,0,False,0,True,4,True,1,False,0,False,0,True,3,True,1,False,0,False,0,True,3,False,0,False,0,False,0,True,2,False,0,False,0,False,0,False,0,False,0,False,0,False,0,False,0,False,0,False,0,False,0,0.5361532150054837,0.5361532150054837,0.44632742699076,0.44632742699076,0.1811395538249054,0.1811395538249054,0.09698168894084098,0.003974286579052363
197.0,0.9998511461744567,0.9678028396537065,True,11,False,0,False,0,False,0,True,10,False,0,False,0,False,0,True,8,False,0,False,0,False,0,True,6,False,0,False,0,False,0,True,5,False,0,False,0,False,0,True,2,False,0,False,0,False,0,True,2,False,0,False,0,False,0,True,2,False,0,False,0,False,0,True,2,False,0,False,0,False,0,True,2,False,0,False,0,False,0,True,2,False,0,False,0,False,0,0.6692708561086573,0.6617423696453313,0.07599129928451925,0.031109414866346073,0.03304439271149863,0.0007258122085989641,0.027760239210909997,0.0007258122085989641
266.0,0.9997022923489134,0.7080734244829919,True,4,True,3,False,1,False,0,True,3,False,2,False,1,False,0,True,3,False,1,False,1,False,0,True,3,False,0,False,0,False,0,True,3,False,0,False,0,False,0,True,3,False,0,False,0,False,0,True,1,False,0,False,0,False,0,False,0,False,0,False,0,False,0,False,0,False,0,False,0,False,0,False,0,False,0,False,0,False,0,False,0,False,0,False,0,False,0,0.42609834829272125,0.42609834829272125,0.24154852109859354,0.12314936035426843,0.21077280941412976,0.0013514331315054352,0.06595923073823624,0.0013514331315054352
92.0,0.9998511461744567,1.105132421343715,True,12,True,4,False,1,False,1,True,7,True,2,False,1,False,1,True,6,True,2,False,1,False,1,True,4,True,2,False,1,False,1,True,4,True,2,False,1,False,1,True,4,False,2,False,0,False,0,True,4,False,0,False,0,False,0,False,3,False,0,False,0,False,0,False,2,False,0,False,0,False,0,False,1,False,0,False,0,False,0,False,1,False,0,False,0,False,0,0.8192301594262469,0.4090970423550748,0.3877753077319389,0.3493703293062427,0.3499721217335256,0.006325889434988107,0.3499721217335256,0.004561502819141069
110.0,0.9998511461744567,0.9868472990795755,True,12,True,4,False,0,False,0,True,11,True,3,False,0,False,0,True,9,True,1,False,0,False,0,True,8,True,1,False,0,False,0,True,6,False,0,False,0,False,0,True,6,False,0,False,0,False,0,True,4,False,0,False,0,False,0,True,4,False,0,False,0,False,0,True,4,False,0,False,0,False,0,True,2,False,0,False,0,False,0,True,2,False,0,False,0,False,0,0.9363723957273348,0.9363723957273348,0.26029977146242755,0.26029977146242755,0.040616310242354396,0.040616310242354396,0.031520689247166965,0.01239234696457688
5.0,0.9998511461744567,0.9798025775192678,True,9,True,4,True,2,False,0,True,8,True,3,True,2,False,0,True,8,True,3,False,0,False,0,True,6,True,3,False,0,False,0,True,5,True,3,False,0,False,0,True,5,True,3,False,0,False,0,True,4,True,1,False,0,False,0,True,3,False,0,False,0,False,0,True,3,False,0,False,0,False,0,True,3,False,0,False,0,False,0,True,3,False,0,False,0,False,0,0.8823031425265172,0.6582504710629505,0.4159467726011306,0.4159467726011306,0.16529507478422137,0.16529507478422137,0.05769295122242088,0.05769295122242088
181.0,0.9995534385233701,1.6870058209243999,True,11,True,8,True,2,False,0,True,11,True,7,True,2,False,0,True,10,True,6,True,2,False,0,True,9,True,4,False,0,False,0,True,8,True,3,False,0,False,0,True,7,False,1,False,0,False,0,True,7,False,1,False,0,False,0,True,7,False,1,False,0,False,0,True,6,False,0,False,0,False,0,False,5,False,0,False,0,False,0,False,3,False,0,False,0,False,0,1.157890024005477,0.5435777005069946,0.4785842780270523,0.3433940442298333,0.2233007157269961,0.2233007157269961,0.06365389018365535,0.06365389018365535
56.0,0.9998511461744567,0.6633534812137425,True,6,True,2,False,0,False,0,True,4,True,2,False,0,False,0,True,3,True,1,False,0,False,0,True,2,True,1,False,0,False,0,True,2,True,1,False,0,False,0,True,2,False,0,False,0,False,0,True,2,False,0,False,0,False,0,True,2,False,0,False,0,False,0,True,1,False,0,False,0,False,0,True,1,False,0,False,0,False,0,False,0,False,0,False,0,False,0,0.5725251873380636,0.5725251873380636,0.3025873034823235,0.3025873034823235,0.036139490441978485,0.01843021731742402,0.0082878203384984,0.0082878203384984
283.0,0.349955343852337,1.467220154594904,True,4,True,1,True,1,True,1,True,5,True,2,True,2,False,1,True,3,True,2,True,2,False,1,True,3,True,2,True,2,False,1,True,4,True,2,True,2,False,1,True,4,True,2,True,2,False,1,True,4,True,2,True,2,False,1,True,4,True,2,True,2,False,1,True,4,True,2,True,2,False,1,True,4,True,2,True,2,False,1,True,4,True,2,True,2,False,0,1.0,1.0,1.0,1.0,1.0,1.0,0.5653439153439154,0.12676056338028158
75.0,0.9998511461744567,0.6517177655075133,True,7,True,2,False,0,False,0,True,5,True,2,False,0,False,0,True,3,True,1,False,0,False,0,True,1,True,1,False,0,False,0,True,1,True,1,False,0,False,0,True,1,True,1,False,0,False,0,True,1,False,0,False,0,False,0,True,1,False,0,False,0,False,0,True,1,False,0,False,0,False,0,True,1,False,0,False,0,False,0,False,0,False,0,False,0,False,0,0.5641510950870153,0.5641510950870153,0.38235237444572934,0.38235237444572934,0.09483449768022727,0.022850077454642168,0.0017707885183065515,0.0017707885183065515
83.0,0.9998511461744567,0.4769680358824306,True,7,True,4,True,1,False,0,True,5,True,3,False,0,False,0,True,4,True,1,False,0,False,0,True,2,False,0,False,0,False,0,True,2,False,0,False,0,False,0,True,1,False,0,False,0,False,0,True,1,False,0,False,0,False,0,False,0,False,0,False,0,False,0,False,0,False,0,False,0,False,0,False,0,False,0,False,0,False,0,False,0,False,0,False,0,False,0,0.4004156764946995,0.4004156764946995,0.21575957446357638,0.21575957446357638,0.11449090373792367,0.11449090373792367,0.0049867380287391145,0.0038801209573551265
163.0,0.9998511461744567,0.8743985084916912,True,11,True,3,False,1,False,1,True,10,True,3,False,1,False,0,True,9,True,2,False,0,False,0,True,5,False,0,False,0,False,0,True,4,False,0,False,0,False,0,True,3,False,0,False,0,False,0,True,2,False,0,False,0,False,0,True,1,False,0,False,0,False,0,True,1,False,0,False,0,False,0,False,0,False,0,False,0,False,0,False,0,False,0,False,0,False,0,0.5161680333666312,0.5161680333666312,0.24248505410281032,0.2335761902420907,0.16728216767711512,0.018680662234660434,0.11792583619117246,0.018680662234660434
98.0,0.9997022923489134,0.6765946540549774,True,5,True,3,False,1,False,0,True,4,True,2,False,0,False,0,True,3,True,2,False,0,False,0,True,3,False,1,False,0,False,0,True,2,False,0,False,0,False,0,True,2,False,0,False,0,False,0,True,2,False,0,False,0,False,0,True,2,False,0,False,0,False,0,False,1,False,0,False,0,False,0,False,1,False,0,False,0,False,0,False,0,False,0,False,0,False,0,0.5805699806653608,0.4632384692107561,0.2698642303393798,0.23252769200088694,0.12476603953193019,0.0024560417045941187,0.002809484650350843,0.0024560417045941187
120.0,0.9998511461744567,0.4071008710964941,True,4,False,0,False,0,False,0,True,4,False,0,False,0,False,0,True,1,False,0,False,0,False,0,False,0,False,0,False,0,False,0,False,0,False,0,False,0,False,0,False,0,False,0,False,0,False,0,False,0,False,0,False,0,False,0,False,0,False,0,False,0,False,0,False,0,False,0,False,0,False,0,False,0,False,0,False,0,False,0,False,0,False,0,False,0,False,0,0.22423728550004957,0.22423728550004957,0.07731423420318546,0.07731423420318546,0.040603988930882295,0.03036788134289652,0.009481212377013557,0.007084945550092605
6.0,0.9998511461744567,1.012083038847725,True,12,False,2,False,1,False,0,True,8,False,2,False,1,False,0,False,5,False,1,False,0,False,0,False,5,False,1,False,0,False,0,False,4,False,0,False,0,False,0,False,3,False,0,False,0,False,0,False,1,False,0,False,0,False,0,False,1,False,0,False,0,False,0,False,1,False,0,False,0,False,0,False,0,False,0,False,0,False,0,False,0,False,0,False,0,False,0,0.5031723270816459,0.17015009766971564,0.2726655826133588,0.029115623377042422,0.18176565239562528,0.004373226020116793,0.004373226020116793,0.004373226020116793
203.0,0.9998511461744567,0.8302252429396613,True,6,True,5,True,1,False,0,True,5,True,4,True,1,False,0,True,3,True,3,False,0,False,0,True,3,True,3,False,0,False,0,True,3,True,3,False,0,False,0,True,3,True,2,False,0,False,0,True,3,True,1,False,0,False,0,True,2,True,1,False,0,False,0,True,2,True,1,False,0,False,0,True,1,True,1,False,0,False,0,True,1,False,0,False,0,False,0,0.7528558335727856,0.7528558335727856,0.552208536452884,0.552208536452884,0.17070946629950537,0.17070946629950537,0.021121506687046807,0.021121506687046807
144.0,0.9998511461744567,0.7332689446286643,True,10,True,4,False,0,False,0,True,8,True,2,False,0,False,0,True,6,True,2,False,0,False,0,True,5,True,1,False,0,False,0,True,4,True,1,False,0,False,0,True,2,False,0,False,0,False,0,True,2,False,0,False,0,False,0,True,2,False,0,False,0,False,0,True,2,False,0,False,0,False,0,True,2,False,0,False,0,False,0,True,1,False,0,False,0,False,0,0.63528870929074,0.63528870929074,0.31801542022722,0.31801542022722,0.04037307331471362,0.00788493817501135,0.00788493817501135,0.00788493817501135
172.0,0.9998511461744567,0.8713044587756497,True,9,True,2,False,0,False,0,True,7,True,1,False,0,False,0,True,5,True,1,False,0,False,0,True,3,True,1,False,0,False,0,True,3,True,1,False,0,False,0,True,2,True,1,False,0,False,0,True,2,True,1,False,0,False,0,True,2,False,0,False,0,False,0,True,1,False,0,False,0,False,0,True,1,False,0,False,0,False,0,True,1,False,0,False,0,False,0,0.7167629497339576,0.7167629497339576,0.4453599036262969,0.4453599036262969,0.08125267499591975,0.08125267499591975,0.006274611662419526,0.006274611662419526
66.0,0.9998511461744567,0.5794972028790576,True,4,True,3,False,0,False,0,True,4,True,3,False,0,False,0,True,3,True,2,False,0,False,0,True,2,False,0,False,0,False,0,True,2,False,0,False,0,False,0,True,2,False,0,False,0,False,0,True,2,False,0,False,0,False,0,True,1,False,0,False,0,False,0,True,1,False,0,False,0,False,0,False,0,False,0,False,0,False,0,False,0,False,0,False,0,False,0,0.5160298947651992,0.5160298947651992,0.22225875048066188,0.22225875048066188,0.0514251954862027,0.0514251954862027,0.019617834220697388,0.007632164314258545
52.0,0.9998511461744567,0.8096257967727096,True,6,True,3,False,0,False,0,True,6,True,3,False,0,False,0,True,3,True,3,False,0,False,0,True,3,False,1,False,0,False,0,True,3,False,0,False,0,False,0,True,2,False,0,False,0,False,0,True,2,False,0,False,0,False,0,False,1,False,0,False,0,False,0,False,1,False,0,False,0,False,0,False,1,False,0,False,0,False,0,False,1,False,0,False,0,False,0,0.6056360447222411,0.4073040382035535,0.27996314529766597,0.2044367561940672,0.07825976385263465,0.0033263205764976268,0.006897026295912044,0.0033263205764976268
29.0,0.9995534385233701,1.9732100735268852,True,10,True,4,True,2,False,0,True,8,True,3,True,2,False,0,True,7,True,2,True,2,False,0,True,5,True,2,True,1,False,0,True,4,True,2,True,1,False,0,True,4,True,1,True,1,False,0,True,4,True,1,True,1,False,0,True,3,True,1,True,1,False,0,True,3,True,1,True,1,False,0,True,3,True,1,False,0,False,0,True,3,True,1,False,0,False,0,1.1233939632243477,1.1233939632243477,0.6857209734139283,0.6857209734139283,0.5002920635306235,0.5002920635306235,0.014297853678142621,0.014297853678142621
0.0,0.9998511461744567,0.5374236607513699,True,7,True,3,False,0,False,0,True,4,True,2,False,0,False,0,True,3,True,2,False,0,False,0,True,2,False,0,False,0,False,0,True,2,False,0,False,0,False,0,True,2,False,0,False,0,False,0,False,1,False,0,False,0,False,0,False,0,False,0,False,0,False,0,False,0,False,0,False,0,False,0,False,0,False,0,False,0,False,0,False,0,False,0,False,0,False,0,0.4099209376280503,0.39522607885443695,0.209778863159415,0.20710324051111492,0.05749517520540044,0.0014143656890412489,0.0410041532343267,0.0014143656890412489
84.0,0.9997022923489134,0.5937132915912207,True,7,True,2,False,0,False,0,True,3,True,2,False,0,False,0,True,3,False,0,False,0,False,0,True,2,False,0,False,0,False,0,True,2,False,0,False,0,False,0,True,2,False,0,False,0,False,0,True,1,False,0,False,0,False,0,False,0,False,0,False,0,False,0,False,0,False,0,False,0,False,0,False,0,False,0,False,0,False,0,False,0,False,0,False,0,False,0,0.4485291437056533,0.4485291437056533,0.1665444603046921,0.1665444603046921,0.014016652376387741,0.008220884848387273,0.008220884848387273,0.008220884848387273
258.0,0.9998511461744567,1.4618745540603306,True,14,True,4,False,0,False,0,True,10,True,2,False,0,False,0,True,10,True,2,False,0,False,0,True,9,True,2,False,0,False,0,True,7,True,1,False,0,False,0,True,7,True,1,False,0,False,0,True,5,True,1,False,0,False,0,True,3,True,1,False,0,False,0,True,3,True,1,False,0,False,0,True,2,True,1,False,0,False,0,True,1,True,1,False,0,False,0,0.9149018312275581,0.9149018312275581,0.7128477100863134,0.7128477100863134,0.04250793353275263,0.04119750691740328,0.04119750691740328,0.04119750691740328
118.0,0.9998511461744567,0.9194510669234085,True,4,True,3,True,1,True,1,True,3,True,3,True,1,False,0,True,3,True,2,True,1,False,0,True,2,True,2,False,0,False,0,True,2,True,2,False,0,False,0,True,2,True,2,False,0,False,0,True,2,True,2,False,0,False,0,True,2,True,2,False,0,False,0,True,2,True,1,False,0,False,0,True,2,True,1,False,0,False,0,True,2,False,0,False,0,False,0,0.7664975520725883,0.7664975520725883,0.5642589880030476,0.5642589880030476,0.24650474502445605,0.24650474502445605,0.13985735477138977,0.13985735477138977
10.0,0.9998511461744567,0.776462680824318,True,9,True,4,False,0,False,0,True,6,True,2,False,0,False,0,True,4,False,0,False,0,False,0,True,3,False,0,False,0,False,0,True,3,False,0,False,0,False,0,True,3,False,0,False,0,False,0,True,2,False,0,False,0,False,0,True,2,False,0,False,0,False,0,False,1,False,0,False,0,False,0,False,1,False,0,False,0,False,0,False,0,False,0,False,0,False,0,0.575701805445877,0.49394816334842534,0.18523736687893871,0.18523736687893871,0.04119386388092428,0.001892909919044925,0.001892909919044925,0.001892909919044925
177.0,0.9998511461744567,1.658994327671994,True,8,True,4,False,2,False,1,True,7,True,3,False,2,False,1,True,6,True,3,False,1,False,1,True,6,True,3,False,1,False,1,True,3,True,3,False,1,False,0,True,3,False,2,False,1,False,0,True,3,False,2,False,1,False,0,True,3,False,2,False,0,False,0,True,3,False,1,False,0,False,0,True,3,False,1,False,0,False,0,True,3,False,1,False,0,False,0,1.2009870966014602,0.672919693412964,0.6591273239989017,0.32324730213152597,0.4212487876545978,0.03568278086374108,0.28094509364473225,0.03568278086374108
154.0,0.9998511461744567,0.8858811771298983,True,11,True,5,True,1,False,0,True,9,True,4,True,1,False,0,True,7,True,1,True,1,False,0,True,5,True,1,True,1,False,0,True,4,True,1,False,0,False,0,True,4,True,1,False,0,False,0,True,2,True,1,False,0,False,0,True,2,True,1,False,0,False,0,True,2,True,1,False,0,False,0,True,2,True,1,False,0,False,0,True,1,True,1,False,0,False,0,0.7980528006377754,0.7980528006377754,0.6719220878888704,0.6719220878888704,0.2509899956370224,0.2509899956370224,0.004468819581811309,0.004468819581811309
12.0,0.9995534385233701,0.6119778695966301,True,7,True,3,False,1,False,0,True,6,True,2,False,0,False,0,True,5,True,2,False,0,False,0,True,4,False,1,False,0,False,0,True,3,False,0,False,0,False,0,True,3,False,0,False,0,False,0,True,2,False,0,False,0,False,0,False,1,False,0,False,0,False,0,False,0,False,0,False,0,False,0,False,0,False,0,False,0,False,0,False,0,False,0,False,0,False,0,0.4763554271809512,0.4040240844317641,0.25028573113795216,0.21705765755154105,0.10355320768837643,0.0037479388622802872,0.02888341462467462,0.0037479388622802872
3.0,0.9998511461744567,0.5745101541508045,True,5,True,3,False,2,False,0,True,4,True,2,False,1,False,0,True,4,True,2,False,0,False,0,True,3,True,2,False,0,False,0,True,3,False,1,False,0,False,0,True,2,False,0,False,0,False,0,True,2,False,0,False,0,False,0,False,1,False,0,False,0,False,0,False,0,False,0,False,0,False,0,False,0,False,0,False,0,False,0,False,0,False,0,False,0,False,0,0.48871080235314707,0.44909957649277454,0.3325756265996955,0.2781125150943332,0.16881968600123948,0.05069524086163156,0.03795174364553899,0.0019167540188369183
146.0,0.9998511461744567,0.8511787056824719,True,4,True,2,True,1,True,1,True,3,True,3,True,1,False,0,True,3,True,2,True,1,False,0,True,4,True,1,False,0,False,0,True,4,False,0,False,0,False,0,True,3,False,0,False,0,False,0,True,2,False,0,False,0,False,0,True,2,False,0,False,0,False,0,True,1,False,0,False,0,False,0,False,0,False,0,False,0,False,0,False,0,False,0,False,0,False,0,0.5199921672938176,0.5199921672938176,0.25539104303953447,0.25539104303953447,0.20840737676101717,0.20840737676101717,0.1411063658455723,0.1411063658455723
214.0,0.9995534385233701,0.8969806321976598,True,11,True,4,False,0,False,0,True,10,True,4,False,0,False,0,True,9,True,4,False,0,False,0,True,9,True,2,False,0,False,0,True,8,False,1,False,0,False,0,True,7,False,0,False,0,False,0,True,4,False,0,False,0,False,0,True,2,False,0,False,0,False,0,True,2,False,0,False,0,False,0,True,2,False,0,False,0,False,0,True,1,False,0,False,0,False,0,0.8160347051927404,0.8160347051927404,0.30706242413050994,0.29575258622559447,0.08101823353978962,0.08101823353978962,0.015706475761380047,0.015706475761380047
188.0,0.9998511461744567,1.1715466318034533,True,8,True,5,False,0,False,0,True,8,True,4,False,0,False,0,True,7,True,3,False,0,False,0,True,5,True,3,False,0,False,0,True,5,False,1,False,0,False,0,True,5,False,1,False,0,False,0,True,5,False,1,False,0,False,0,True,5,False,0,False,0,False,0,True,2,False,0,False,0,False,0,True,1,False,0,False,0,False,0,True,1,False,0,False,0,False,0,0.6112941333026638,0.6112941333026638,0.41162533149173636,0.29376418718188213,0.08248054398623103,0.07069439483485461,0.018008950234315,0.0062385129576419274
23.0,0.9998511461744567,0.6058822218660447,True,7,True,4,True,1,False,0,True,6,True,2,False,0,False,0,True,4,True,2,False,0,False,0,True,4,True,2,False,0,False,0,True,3,False,0,False,0,False,0,True,2,False,0,False,0,False,0,True,2,False,0,False,0,False,0,True,2,False,0,False,0,False,0,False,1,False,0,False,0,False,0,False,0,False,0,False,0,False,0,False,0,False,0,False,0,False,0,0.5118163008079847,0.46950143827565377,0.2983324342362795,0.2983324342362795,0.1277377263992136,0.1277377263992136,0.08706715377365469,0.003522833465343397
159.0,0.9998511461744567,1.3407079433662286,True,9,True,4,True,4,True,2,True,8,True,3,True,3,True,1,True,5,True,2,True,2,True,1,True,5,True,2,True,2,True,1,True,5,True,2,True,2,True,1,True,5,True,2,True,1,True,1,True,3,True,2,True,1,True,1,True,3,True,2,True,1,False,0,True,3,True,2,True,1,False,0,True,3,True,1,True,1,False,0,True,2,True,1,False,0,False,0,0.9780162213875833,0.9780162213875833,0.6869612514812822,0.6715982671451378,0.5698733322483498,0.5698733322483498,0.407411897576967,0.407411897576967
257.0,0.9995534385233701,0.8846740030792536,True,15,True,4,True,2,False,1,True,11,True,4,True,2,False,1,True,10,True,3,False,1,False,0,True,9,True,2,False,0,False,0,True,9,True,2,False,0,False,0,True,6,True,2,False,0,False,0,True,5,True,2,False,0,False,0,True,5,False,1,False,0,False,0,True,4,False,0,False,0,False,0,True,4,False,0,False,0,False,0,True,2,False,0,False,0,False,0,0.6471923436547541,0.6471923436547541,0.4733694345013695,0.4063059585920675,0.2333922796076436,0.15893830713752663,0.16080416130764638,0.006063151692872978
88.0,0.9998511461744567,0.978362429916395,True,10,True,6,False,1,False,0,True,10,True,5,False,0,False,0,True,8,False,2,False,0,False,0,True,8,False,0,False,0,False,0,True,4,False,0,False,0,False,0,True,4,False,0,False,0,False,0,True,4,False,0,False,0,False,0,True,2,False,0,False,0,False,0,True,2,False,0,False,0,False,0,True,2,False,0,False,0,False,0,True,2,False,0,False,0,False,0,0.9128974358661335,0.9128974358661335,0.23476596935620855,0.18454674814034946,0.13763935137050543,0.0011703783542035874,0.001840068967388596,0.0011703783542035874
43.0,0.9997022923489134,0.9704534544752487,True,9,True,3,False,1,False,0,True,6,True,3,False,1,False,0,True,5,True,3,False,1,False,0,True,6,True,2,False,0,False,0,True,6,True,2,False,0,False,0,True,4,True,1,False,0,False,0,True,4,False,0,False,0,False,0,True,3,False,0,False,0,False,0,True,3,False,0,False,0,False,0,True,2,False,0,False,0,False,0,True,2,False,0,False,0,False,0,0.8681168209962552,0.7548580436887127,0.3671925136448512,0.3671925136448512,0.21816325389050747,0.011237957078393077,0.05172836339174009,0.011237957078393077
157.0,0.9998511461744567,0.896524064070723,True,12,True,5,False,1,False,0,True,9,True,4,False,1,False,0,True,8,True,3,False,0,False,0,True,6,True,1,False,0,False,0,True,5,True,1,False,0,False,0,True,3,True,1,False,0,False,0,True,2,True,1,False,0,False,0,True,2,True,1,False,0,False,0,True,2,False,0,False,0,False,0,True,2,False,0,False,0,False,0,True,2,False,0,False,0,False,0,0.6832056834880834,0.6832056834880834,0.4541269822262901,0.4541269822262901,0.1736479136040185,0.0056084743374528075,0.00937035382225389,0.0056084743374528075
280.0,0.9810955641559989,1.6111045219406197,True,7,True,4,True,3,True,3,True,8,True,4,True,2,True,2,True,7,True,3,True,1,True,1,True,5,True,3,True,1,True,1,True,4,True,3,True,1,True,1,True,4,True,2,True,1,True,1,True,4,False,1,False,1,False,1,True,5,False,1,False,1,False,0,False,4,False,1,False,0,False,0,False,4,False,1,False,0,False,0,False,3,False,0,False,0,False,0,1.3826515923159155,0.4589566815341272,0.5626913754105303,0.36034565691607345,0.47119924437865734,0.36034565691607345,0.43214367825979516,0.36034565691607345
130.0,0.9998511461744567,0.5722994613872848,True,7,True,2,False,0,False,0,True,4,True,2,False,0,False,0,True,3,True,1,False,0,False,0,True,1,False,0,False,0,False,0,True,1,False,0,False,0,False,0,True,1,False,0,False,0,False,0,True,1,False,0,False,0,False,0,False,0,False,0,False,0,False,0,False,0,False,0,False,0,False,0,False,0,False,0,False,0,False,0,False,0,False,0,False,0,False,0,0.42845746060656187,0.42845746060656187,0.24696779779502914,0.24696779779502914,0.00824735813036284,0.00824735813036284,0.005372022387638232,0.0005694815224315379
143.0,0.9998511461744567,0.6272669757600117,True,8,True,2,False,0,False,0,True,6,True,1,False,0,False,0,True,4,False,0,False,0,False,0,True,3,False,0,False,0,False,0,True,3,False,0,False,0,False,0,False,0,False,0,False,0,False,0,False,0,False,0,False,0,False,0,False,0,False,0,False,0,False,0,False,0,False,0,False,0,False,0,False,0,False,0,False,0,False,0,False,0,False,0,False,0,False,0,0.348451747310193,0.348451747310193,0.1998349827292587,0.1998349827292587,0.054437580628063975,0.054437580628063975,0.032477300435323334,0.023701583689595736
179.0,0.9998511461744567,0.4492272659112771,True,7,False,0,False,0,False,0,True,3,False,0,False,0,False,0,True,1,False,0,False,0,False,0,True,1,False,0,False,0,False,0,True,1,False,0,False,0,False,0,True,1,False,0,False,0,False,0,False,0,False,0,False,0,False,0,False,0,False,0,False,0,False,0,False,0,False,0,False,0,False,0,False,0,False,0,False,0,False,0,False,0,False,0,False,0,False,0,0.36035523779957723,0.36035523779957723,0.09960025725779843,0.09960025725779843,0.061938575113598696,0.013216549184003135,0.028077936866525967,0.0027818408623333304
135.0,0.9998511461744567,1.0065983720076466,True,11,True,5,False,2,False,1,True,9,True,3,False,2,False,0,True,6,True,3,False,1,False,0,True,6,False,1,False,1,False,0,True,3,False,1,False,1,False,0,True,3,False,1,False,1,False,0,True,3,False,1,False,1,False,0,True,2,False,1,False,1,False,0,True,2,False,0,False,0,False,0,True,2,False,0,False,0,False,0,True,1,False,0,False,0,False,0,0.8102769534822604,0.8102769534822604,0.4657433895532846,0.24968993381907267,0.4506377502727686,0.008310974316520678,0.115044174192891,0.0012853199023943507
235.0,0.9998511461744567,0.7602630597903728,True,8,True,2,False,0,False,0,True,7,True,1,False,0,False,0,True,5,False,0,False,0,False,0,True,5,False,0,False,0,False,0,True,4,False,0,False,0,False,0,True,3,False,0,False,0,False,0,True,2,False,0,False,0,False,0,True,2,False,0,False,0,False,0,True,2,False,0,False,0,False,0,False,1,False,0,False,0,False,0,False,0,False,0,False,0,False,0,0.5745782930731592,0.5192367508278206,0.19428490734676185,0.19428490734676185,0.04813536200563947,0.042207030903953786,0.00988509668092936,0.00988509668092936
108.0,0.9994045846978268,0.43475329524529227,True,5,True,2,True,1,False,0,True,3,True,1,False,0,False,0,True,2,False,0,False,0,False,0,True,1,False,0,False,0,False,0,True,1,False,0,False,0,False,0,False,0,False,0,False,0,False,0,False,0,False,0,False,0,False,0,False,0,False,0,False,0,False,0,False,0,False,0,False,0,False,0,False,0,False,0,False,0,False,0,False,0,False,0,False,0,False,0,0.33770502712446654,0.33770502712446654,0.1806548393279901,0.1806548393279901,0.1397703937761817,0.1397703937761817,0.0337540710416528,0.0337540710416528
4.0,0.9998511461744567,0.9218158364779141,True,8,True,5,False,1,False,0,True,8,True,4,False,1,False,0,True,8,True,3,False,0,False,0,True,8,True,3,False,0,False,0,True,4,True,3,False,0,False,0,True,3,True,1,False,0,False,0,True,3,True,1,False,0,False,0,True,3,True,1,False,0,False,0,True,3,False,0,False,0,False,0,True,3,False,0,False,0,False,0,True,2,False,0,False,0,False,0,0.786479151251272,0.7790228832778796,0.46258147548954326,0.46258147548954326,0.15892767519812784,0.00563470684601602,0.008575894853573589,0.005536566459011016
119.0,0.9998511461744567,0.38942332624479864,True,4,True,2,False,0,False,0,True,4,False,0,False,0,False,0,True,1,False,0,False,0,False,0,True,1,False,0,False,0,False,0,False,0,False,0,False,0,False,0,False,0,False,0,False,0,False,0,False,0,False,0,False,0,False,0,False,0,False,0,False,0,False,0,False,0,False,0,False,0,False,0,False,0,False,0,False,0,False,0,False,0,False,0,False,0,False,0,0.2997403415912398,0.2997403415912398,0.14813261206248993,0.14554252262725578,0.06020965365159201,0.06020965365159201,0.05844922878849199,0.05844922878849199
59.0,0.9998511461744567,0.6817337772549241,True,5,True,3,False,0,False,0,True,4,True,3,False,0,False,0,True,4,True,3,False,0,False,0,True,4,False,1,False,0,False,0,True,2,False,0,False,0,False,0,True,2,False,0,False,0,False,0,True,2,False,0,False,0,False,0,True,2,False,0,False,0,False,0,False,0,False,0,False,0,False,0,False,0,False,0,False,0,False,0,False,0,False,0,False,0,False,0,0.49700424975681845,0.48151524211058516,0.2874641371386041,0.23983486007045698,0.09129951140283418,0.0014026149653948226,0.043346570243915424,0.0014026149653948226
268.0,0.9922596010717476,1.347792114677357,True,11,True,6,True,3,False,0,True,11,True,4,True,3,False,0,True,9,True,3,True,2,False,0,True,8,True,3,True,2,False,0,True,7,True,3,True,2,False,0,True,7,True,3,True,2,False,0,True,5,True,3,True,1,False,0,True,4,True,3,True,1,False,0,True,4,True,2,True,1,False,0,True,3,True,2,True,1,False,0,True,3,False,1,False,0,False,0,0.8857393502028293,0.7087609211334011,0.6388979781764681,0.5638058805448293,0.5638058805448293,0.5638058805448293,0.09970161926014418,0.03981170104989062
79.0,0.9998511461744567,0.5720076711629183,True,7,True,3,True,1,False,0,True,4,True,2,False,0,False,0,True,2,True,1,False,0,False,0,True,2,True,1,False,0,False,0,True,2,False,0,False,0,False,0,True,2,False,0,False,0,False,0,True,1,False,0,False,0,False,0,False,0,False,0,False,0,False,0,False,0,False,0,False,0,False,0,False,0,False,0,False,0,False,0,False,0,False,0,False,0,False,0,0.4279488256376264,0.4279488256376264,0.26539175054469316,0.26539175054469316,0.11185229944763793,0.11185229944763793,0.011311814930387196,0.005682605256237999
7.0,0.9998511461744567,0.9819118920107741,True,12,True,3,False,0,False,0,True,9,True,3,False,0,False,0,True,6,True,2,False,0,False,0,True,5,True,1,False,0,False,0,True,3,True,1,False,0,False,0,True,2,True,1,False,0,False,0,True,2,True,1,False,0,False,0,True,2,True,1,False,0,False,0,True,2,True,1,False,0,False,0,True,2,True,1,False,0,False,0,True,2,True,1,False,0,False,0,0.8419878434457145,0.8419878434457145,0.6075684082559719,0.6075684082559719,0.04723006421908403,0.04723006421908403,0.0218614948526357,0.009843612696129288
274.0,0.9998511461744567,1.2957104013664802,True,8,True,2,True,2,False,0,True,6,False,1,False,1,False,0,True,5,False,1,False,0,False,0,True,4,False,1,False,0,False,0,True,4,False,1,False,0,False,0,True,4,False,1,False,0,False,0,True,4,False,1,False,0,False,0,True,4,False,1,False,0,False,0,False,3,False,1,False,0,False,0,False,2,False,1,False,0,False,0,False,2,False,0,False,0,False,0,0.7034594851898148,0.4988963697980768,0.587886009055891,0.13684929712361282,0.15243394562324653,0.11870264467501884,0.09361944738352851,0.0318050343569443
22.0,0.9998511461744567,0.5152062217262986,True,6,True,2,False,1,False,0,True,2,True,2,False,0,False,0,True,2,True,2,False,0,False,0,True,2,False,1,False,0,False,0,True,2,False,0,False,0,False,0,True,1,False,0,False,0,False,0,True,1,False,0,False,0,False,0,True,1,False,0,False,0,False,0,False,0,False,0,False,0,False,0,False,0,False,0,False,0,False,0,False,0,False,0,False,0,False,0,0.46120377952702507,0.46120377952702507,0.26138286089541274,0.24641321140529585,0.12425296740008551,0.00042427657008191723,0.004372531782969614,0.00042427657008191723
38.0,0.9992557308722834,0.9514270760946912,True,8,True,2,True,1,True,1,True,6,True,2,True,1,True,1,True,3,True,1,True,1,True,1,True,2,True,1,True,1,True,1,True,2,True,1,True,1,True,1,True,2,True,1,True,1,True,1,True,2,True,1,True,1,True,1,True,3,True,2,True,2,False,0,True,3,True,2,True,1,False,0,True,3,True,2,True,1,False,0,True,3,True,1,False,0,False,0,0.7360918734903411,0.7360918734903411,0.6130234507992198,0.6130234507992198,0.5599595904497645,0.5599595904497645,0.4364138870784643,0.4364138870784643
8.0,0.9977671926168502,0.967545072569597,True,10,True,3,False,0,False,0,True,10,True,2,False,0,False,0,True,6,True,2,False,0,False,0,True,5,True,2,False,0,False,0,True,4,True,1,False,0,False,0,True,4,False,0,False,0,False,0,True,2,False,0,False,0,False,0,True,2,False,0,False,0,False,0,True,2,False,0,False,0,False,0,True,2,False,0,False,0,False,0,True,2,False,0,False,0,False,0,0.9085860610435331,0.9085860610435331,0.3014670196088171,0.3014670196088171,0.07253959735249661,0.009262856119223534,0.018380491074570123,0.0022097795427987866
54.0,0.9998511461744567,0.8559825870306433,True,9,True,7,False,0,False,0,True,8,False,4,False,0,False,0,True,7,False,2,False,0,False,0,True,7,False,0,False,0,False,0,True,5,False,0,False,0,False,0,True,3,False,0,False,0,False,0,True,3,False,0,False,0,False,0,True,2,False,0,False,0,False,0,True,1,False,0,False,0,False,0,True,1,False,0,False,0,False,0,True,1,False,0,False,0,False,0,0.7256448711768758,0.7256448711768758,0.21985127697510107,0.12441096597217832,0.06869844377640805,0.0018391077728763085,0.041436760738199345,0.0018391077728763085
213.0,0.9998511461744567,0.7560058495953798,True,9,True,6,False,2,False,0,True,8,True,5,False,1,False,0,True,7,True,4,False,0,False,0,True,6,True,2,False,0,False,0,True,5,True,2,False,0,False,0,True,5,False,1,False,0,False,0,True,5,False,0,False,0,False,0,True,4,False,0,False,0,False,0,True,3,False,0,False,0,False,0,False,1,False,0,False,0,False,0,False,0,False,0,False,0,False,0,0.5513297990557716,0.5379452577767868,0.3806808042204827,0.33237263358150515,0.16656960695505696,0.08798005286597115,0.010409762143489536,0.0024797793613814123
63.0,0.9998511461744567,0.9552280096706183,True,12,True,6,False,0,False,0,True,10,True,4,False,0,False,0,True,7,True,2,False,0,False,0,True,7,True,1,False,0,False,0,True,6,True,1,False,0,False,0,True,4,True,1,False,0,False,0,True,2,True,1,False,0,False,0,True,2,True,1,False,0,False,0,True,2,True,1,False,0,False,0,True,2,True,1,False,0,False,0,True,2,False,0,False,0,False,0,0.8247687953721825,0.8247687953721825,0.5989280758835296,0.5989280758835296,0.017744135728946443,0.00750399036506829,0.01658063295021375,0.00750399036506829
19.0,0.9994045846978268,1.411092744746855,True,11,True,1,False,0,False,0,True,9,True,1,False,0,False,0,True,8,True,1,False,0,False,0,True,5,True,1,False,0,False,0,True,3,True,1,False,0,False,0,True,2,True,1,False,0,False,0,True,2,True,1,False,0,False,0,True,1,True,1,False,0,False,0,True,1,True,1,False,0,False,0,True,1,True,1,False,0,False,0,True,1,True,1,False,0,False,0,0.6870556207969711,0.6870556207969711,0.6024938465926313,0.6024938465926313,0.02910157745260733,0.02910157745260733,0.021564229920632175,0.005863301841094478
178.0,0.9998511461744567,0.42839441844719633,True,3,True,3,False,1,False,0,True,4,True,2,False,0,False,0,True,2,True,2,False,0,False,0,True,1,False,0,False,0,False,0,True,1,False,0,False,0,False,0,False,0,False,0,False,0,False,0,False,0,False,0,False,0,False,0,False,0,False,0,False,0,False,0,False,0,False,0,False,0,False,0,False,0,False,0,False,0,False,0,False,0,False,0,False,0,False,0,0.33376024718540587,0.33376024718540587,0.2350415283337976,0.2091425453391354,0.1062951573511324,0.06405170903879386,0.06405170903879386,0.06405170903879386
187.0,0.9998511461744567,0.6232747666175781,True,10,True,4,True,1,False,0,True,8,True,3,False,0,False,0,True,6,False,1,False,0,False,0,True,5,False,0,False,0,False,0,True,1,False,0,False,0,False,0,True,1,False,0,False,0,False,0,True,1,False,0,False,0,False,0,True,1,False,0,False,0,False,0,False,0,False,0,False,0,False,0,False,0,False,0,False,0,False,0,False,0,False,0,False,0,False,0,0.4864742882821772,0.4864742882821772,0.21156565109486725,0.17250462620247298,0.11590291098364464,0.11590291098364464,0.024303346030795474,0.024303346030795474
217.0,0.9979160464423936,2.553242210221178,True,13,True,6,False,2,False,0,True,11,True,5,False,1,False,0,True,9,False,2,False,1,False,0,True,8,False,1,False,1,False,0,True,7,False,1,False,1,False,0,True,4,False,1,False,1,False,0,True,4,False,1,False,0,False,0,True,4,False,1,False,0,False,0,True,4,False,1,False,0,False,0,True,4,False,1,False,0,False,0,True,4,False,1,False,0,False,0,1.787908698778546,0.7918165733379543,1.1280463833391328,0.1993225751698606,0.3756402986322568,0.044547962601070294,0.044547962601070294,0.044547962601070294
40.0,0.9998511461744567,0.834620798270243,True,10,True,5,True,1,False,0,True,9,True,5,False,0,False,0,True,8,True,3,False,0,False,0,True,7,False,0,False,0,False,0,True,5,False,0,False,0,False,0,True,2,False,0,False,0,False,0,True,2,False,0,False,0,False,0,True,2,False,0,False,0,False,0,False,1,False,0,False,0,False,0,False,1,False,0,False,0,False,0,False,1,False,0,False,0,False,0,0.6239367544878448,0.48176827933492045,0.24167997601838356,0.20249842819843947,0.13227154980990094,0.13227154980990094,0.05888034921181889,0.004523810044973551
271.0,0.9813932718070855,1.6761739720432252,True,8,True,3,False,1,False,1,True,4,True,2,False,1,False,1,True,4,True,2,False,1,False,1,True,2,False,1,False,1,False,0,True,3,False,0,False,0,False,0,True,3,False,0,False,0,False,0,True,3,False,0,False,0,False,0,True,2,False,0,False,0,False,0,True,1,False,0,False,0,False,0,True,1,False,0,False,0,False,0,True,1,False,0,False,0,False,0,1.0156255053786314,1.0156255053786314,0.27307333740850226,0.214943034054086,0.25122853505410175,0.002538959605394401,0.23673479100896472,0.002538959605394401
68.0,0.9998511461744567,0.6736291964075326,True,6,True,3,False,0,False,0,True,4,True,2,False,0,False,0,True,4,True,2,False,0,False,0,True,3,True,1,False,0,False,0,True,3,True,1,False,0,False,0,True,1,False,0,False,0,False,0,True,1,False,0,False,0,False,0,True,1,False,0,False,0,False,0,True,1,False,0,False,0,False,0,True,1,False,0,False,0,False,0,True,1,False,0,False,0,False,0,0.6209603684335417,0.6209603684335417,0.3433372793910266,0.3433372793910266,0.04612107524639368,0.018545743636512742,0.0024881549007838696,0.001151873382825012
81.0,0.9998511461744567,0.8576139565244804,True,7,True,4,True,2,True,1,True,5,True,2,True,2,True,1,True,4,True,2,True,2,True,1,True,3,True,2,True,2,True,1,True,3,True,2,True,1,True,1,True,4,True,1,True,1,True,1,True,4,True,2,False,0,False,0,True,3,False,0,False,0,False,0,True,3,False,0,False,0,False,0,True,2,False,0,False,0,False,0,False,0,False,0,False,0,False,0,0.5799534182203693,0.5516407787858405,0.4098703590213731,0.4098703590213731,0.3784928558110452,0.3784928558110452,0.3515000648849629,0.3515000648849629
55.0,0.9998511461744567,0.6083567025034156,True,7,True,2,False,0,False,0,True,4,True,2,False,0,False,0,True,2,True,2,False,0,False,0,True,2,False,0,False,0,False,0,True,2,False,0,False,0,False,0,True,2,False,0,False,0,False,0,True,2,False,0,False,0,False,0,True,2,False,0,False,0,False,0,False,0,False,0,False,0,False,0,False,0,False,0,False,0,False,0,False,0,False,0,False,0,False,0,0.4736893981680002,0.45524527359212086,0.24971211404373006,0.24971211404373006,0.0649125931430977,0.005717361275649329,0.014633062472209524,0.0018727677902916698
57.0,0.9998511461744567,0.620980464928042,True,8,True,3,False,0,False,0,True,5,True,2,False,0,False,0,True,2,True,2,False,0,False,0,True,2,True,2,False,0,False,0,True,2,True,2,False,0,False,0,True,2,False,0,False,0,False,0,True,2,False,0,False,0,False,0,True,2,False,0,False,0,False,0,True,2,False,0,False,0,False,0,False,0,False,0,False,0,False,0,False,0,False,0,False,0,False,0,0.5331532108827751,0.5331532108827751,0.3325952233927925,0.3325952233927925,0.0376406543823048,0.01730393921976888,0.007850094513463553,0.007850094513463553
100.0,0.9998511461744567,0.7690616709244158,True,7,True,3,True,1,False,0,True,5,True,3,False,0,False,0,True,4,True,1,False,0,False,0,True,3,False,0,False,0,False,0,True,3,False,0,False,0,False,0,True,3,False,0,False,0,False,0,True,2,False,0,False,0,False,0,False,0,False,0,False,0,False,0,False,0,False,0,False,0,False,0,False,0,False,0,False,0,False,0,False,0,False,0,False,0,False,0,0.4321014550203229,0.4321014550203229,0.22372333826919094,0.22372333826919094,0.11665955123331138,0.11665955123331138,0.04856510775066633,0.0032083196792055814
97.0,0.9998511461744567,0.8930142070620661,True,10,True,2,False,0,False,0,True,6,True,2,False,0,False,0,True,5,True,2,False,0,False,0,True,4,True,2,False,0,False,0,True,4,False,1,False,0,False,0,True,2,False,0,False,0,False,0,True,2,False,0,False,0,False,0,True,1,False,0,False,0,False,0,True,1,False,0,False,0,False,0,False,0,False,0,False,0,False,0,False,0,False,0,False,0,False,0,0.5248974101586639,0.5248974101586639,0.31016188265806927,0.27386860266161783,0.09811616605342215,0.04666177757675409,0.017325538109577314,0.017325538109577314
281.0,0.9991068770467401,0.5941583261112154,True,9,True,4,True,2,False,0,True,7,True,2,False,0,False,0,True,6,False,0,False,0,False,0,True,2,False,0,False,0,False,0,True,1,False,0,False,0,False,0,False,0,False,0,False,0,False,0,False,0,False,0,False,0,False,0,False,0,False,0,False,0,False,0,False,0,False,0,False,0,False,0,False,0,False,0,False,0,False,0,False,0,False,0,False,0,False,0,0.30573120877521576,0.30573120877521576,0.1737511490063077,0.1559188097858094,0.12753288237773006,0.12753288237773006,0.013306248111557093,0.009494582667689055
202.0,0.996278654361417,0.9724306906288906,True,9,True,4,True,3,True,1,True,8,True,4,True,3,True,1,True,7,True,4,True,3,True,1,True,7,True,3,True,2,True,1,True,8,True,2,True,2,True,1,True,8,True,2,True,2,True,1,True,7,True,2,True,2,False,0,True,6,True,1,True,1,False,0,True,5,True,1,True,1,False,0,True,4,True,1,True,1,False,0,True,4,True,1,False,0,False,0,0.9412807492865891,0.6864312767120665,0.8561656914918095,0.6864312767120665,0.578193573172698,0.578193573172698,0.3687421219278876,0.3687421219278876
207.0,0.9998511461744567,0.9111063424587609,True,14,True,4,False,0,False,0,True,7,False,0,False,0,False,0,True,6,False,0,False,0,False,0,True,5,False,0,False,0,False,0,True,4,False,0,False,0,False,0,True,2,False,0,False,0,False,0,True,2,False,0,False,0,False,0,True,2,False,0,False,0,False,0,True,2,False,0,False,0,False,0,True,2,False,0,False,0,False,0,True,2,False,0,False,0,False,0,0.8080661722607405,0.8080661722607405,0.14303331443697953,0.10016122562935777,0.02911323026508399,0.02911323026508399,0.01940047461424137,0.00871672030725578
279.0,0.988240547782078,0.6760448506210242,True,5,False,0,False,0,False,0,True,2,False,0,False,0,False,0,False,1,False,0,False,0,False,0,False,1,False,0,False,0,False,0,False,1,False,0,False,0,False,0,False,1,False,0,False,0,False,0,False,1,False,0,False,0,False,0,False,1,False,0,False,0,False,0,False,0,False,0,False,0,False,0,False,0,False,0,False,0,False,0,False,0,False,0,False,0,False,0,0.45557589340216603,0.1546925968308544,0.09555737866136765,0.07174414295150651,0.06968984642881429,0.06968984642881429,0.0076233926287198,0.0076233926287198
16.0,0.9998511461744567,0.5408491109468042,True,5,False,2,False,0,False,0,True,5,False,0,False,0,False,0,True,2,False,0,False,0,False,0,True,2,False,0,False,0,False,0,True,2,False,0,False,0,False,0,True,1,False,0,False,0,False,0,True,1,False,0,False,0,False,0,False,0,False,0,False,0,False,0,False,0,False,0,False,0,False,0,False,0,False,0,False,0,False,0,False,0,False,0,False,0,False,0,0.4224079047690773,0.4224079047690773,0.13579253734093258,0.09330613770941197,0.014946662721011179,0.005719196463923249,0.005719196463923249,0.005719196463923249
48.0,0.9998511461744567,0.5693341347797365,True,7,True,3,False,0,False,0,True,6,True,2,False,0,False,0,True,4,True,2,False,0,False,0,True,2,True,1,False,0,False,0,True,2,False,0,False,0,False,0,True,1,False,0,False,0,False,0,True,1,False,0,False,0,False,0,True,1,False,0,False,0,False,0,True,1,False,0,False,0,False,0,False,0,False,0,False,0,False,0,False,0,False,0,False,0,False,0,0.5216438062951667,0.5216438062951667,0.27643363832147905,0.27643363832147905,0.04021723991336101,0.009854277792989315,0.01853257767916605,0.0017058412870401118
15.0,0.9998511461744567,1.468505024616597,True,10,True,5,False,0,False,0,True,7,True,4,False,0,False,0,True,6,True,1,False,0,False,0,True,6,True,1,False,0,False,0,True,6,True,1,False,0,False,0,True,6,False,0,False,0,False,0,True,5,False,0,False,0,False,0,True,5,False,0,False,0,False,0,True,4,False,0,False,0,False,0,True,3,False,0,False,0,False,0,False,1,False,0,False,0,False,0,0.7760223727314458,0.5746684543178708,0.3180014968228907,0.3180014968228907,0.07088410437419067,0.07088410437419067,0.024077849515586495,0.024077849515586495
123.0,0.9998511461744567,0.551797693414911,True,6,True,3,False,1,False,0,True,4,True,2,False,0,False,0,True,2,True,2,False,0,False,0,True,2,True,2,False,0,False,0,True,2,True,1,False,0,False,0,False,1,False,0,False,0,False,0,False,0,False,0,False,0,False,0,False,0,False,0,False,0,False,0,False,0,False,0,False,0,False,0,False,0,False,0,False,0,False,0,False,0,False,0,False,0,False,0,0.38595062563594573,0.3204744206305181,0.3126896571197252,0.3126896571197252,0.12802261329330653,0.056507838808073495,0.012009998751992174,0.012009998751992174
246.0,0.9976183387913069,3.0754479717791074,True,11,True,3,False,2,False,0,True,6,True,3,False,1,False,0,True,5,True,2,False,1,False,0,True,5,False,1,False,1,False,0,True,4,False,1,False,1,False,0,True,4,False,1,False,1,False,0,True,3,False,1,False,1,False,0,True,3,False,1,False,1,False,0,True,3,False,1,False,0,False,0,True,3,False,1,False,0,False,0,True,3,False,1,False,0,False,0,2.3560290443161835,0.6094158395332907,0.8871697133359338,0.21143097691102758,0.4775928628159731,0.042183700006256424,0.06995149189463959,0.0062236760589947935
137.0,0.9998511461744567,0.7871115209264615,True,8,True,3,True,1,False,0,True,6,True,2,False,0,False,0,True,4,True,1,False,0,False,0,True,3,True,1,False,0,False,0,True,2,True,1,False,0,False,0,True,2,True,1,False,0,False,0,True,2,False,0,False,0,False,0,True,1,False,0,False,0,False,0,True,1,False,0,False,0,False,0,True,1,False,0,False,0,False,0,True,1,False,0,False,0,False,0,0.6309670392645899,0.6309670392645899,0.3961822081161765,0.3961822081161765,0.10966551485082866,0.10966551485082866,0.04053206979324158,0.029158333469768923
164.0,0.9998511461744567,0.7975425469727675,True,6,True,5,True,1,False,0,True,6,True,2,True,1,False,0,True,2,True,2,False,0,False,0,True,2,True,2,False,0,False,0,True,3,True,1,False,0,False,0,True,2,True,1,False,0,False,0,True,2,True,1,False,0,False,0,True,2,True,1,False,0,False,0,True,1,True,1,False,0,False,0,True,1,False,0,False,0,False,0,True,1,False,0,False,0,False,0,0.6959877536274568,0.6959877536274568,0.5232869350138223,0.5232869350138223,0.17970179538621522,0.17970179538621522,0.039362980357060595,0.008549203939911494
65.0,0.9998511461744567,0.9633989262001461,True,11,True,5,False,2,False,0,True,8,True,3,False,0,False,0,True,8,True,1,False,0,False,0,True,4,True,1,False,0,False,0,True,2,True,1,False,0,False,0,True,2,False,0,False,0,False,0,True,2,False,0,False,0,False,0,True,2,False,0,False,0,False,0,True,2,False,0,False,0,False,0,True,2,False,0,False,0,False,0,True,2,False,0,False,0,False,0,0.8985476231885527,0.8985476231885527,0.3480430863450052,0.3480430863450052,0.1372967692792556,0.08589098847697087,0.01289733081386351,0.01289733081386351
20.0,0.9995534385233701,0.7783583535132145,True,8,True,3,True,1,False,0,True,7,True,2,True,1,False,0,True,6,True,1,True,1,False,0,True,4,True,1,True,1,False,0,True,5,True,1,False,0,False,0,True,3,True,1,False,0,False,0,True,1,False,0,False,0,False,0,True,1,False,0,False,0,False,0,True,1,False,0,False,0,False,0,False,0,False,0,False,0,False,0,False,0,False,0,False,0,False,0,0.5302894901388557,0.5302894901388557,0.379482618390352,0.379482618390352,0.29760313370900515,0.29760313370900515,0.01068065546859769,0.01068065546859769
58.0,0.9998511461744567,0.8255876849352187,True,11,True,3,False,0,False,0,True,8,False,1,False,0,False,0,True,8,False,0,False,0,False,0,True,6,False,0,False,0,False,0,True,5,False,0,False,0,False,0,True,3,False,0,False,0,False,0,True,3,False,0,False,0,False,0,True,2,False,0,False,0,False,0,True,2,False,0,False,0,False,0,True,2,False,0,False,0,False,0,True,1,False,0,False,0,False,0,0.6035396465852254,0.6035396465852254,0.19501040402984243,0.12134848035727029,0.09842076741225256,0.00623659931145436,0.011980858558926624,0.00045997414933546444
69.0,0.9998511461744567,0.6740639469521694,True,6,True,3,False,0,False,0,True,4,True,3,False,0,False,0,True,3,True,2,False,0,False,0,True,3,True,1,False,0,False,0,True,2,True,1,False,0,False,0,True,2,False,0,False,0,False,0,True,2,False,0,False,0,False,0,True,2,False,0,False,0,False,0,True,2,False,0,False,0,False,0,False,0,False,0,False,0,False,0,False,0,False,0,False,0,False,0,0.5141400886187031,0.5141400886187031,0.32855680133072446,0.32855680133072446,0.09982998855524304,0.09982998855524304,0.0020276350573259776,0.0006034965333378176
223.0,0.9998511461744567,0.9607177921958222,True,11,True,3,False,1,False,0,True,8,True,3,False,0,False,0,True,6,True,2,False,0,False,0,True,6,True,2,False,0,False,0,True,4,False,0,False,0,False,0,True,3,False,0,False,0,False,0,True,2,False,0,False,0,False,0,True,2,False,0,False,0,False,0,True,2,False,0,False,0,False,0,True,2,False,0,False,0,False,0,False,1,False,0,False,0,False,0,0.6692946622721317,0.5574664531436102,0.28814964122521913,0.28814964122521913,0.10264657592573914,0.00971620522104134,0.00971620522104134,0.00971620522104134
61.0,0.9998511461744567,1.3238032020063994,True,10,True,4,False,0,False,0,True,6,True,2,False,0,False,0,True,5,True,2,False,0,False,0,True,3,True,2,False,0,False,0,True,2,True,1,False,0,False,0,True,2,True,1,False,0,False,0,True,2,True,1,False,0,False,0,True,2,True,1,False,0,False,0,True,2,False,0,False,0,False,0,True,2,False,0,False,0,False,0,False,1,False,0,False,0,False,0,0.6906878643690906,0.5810501848063929,0.47248887701548636,0.47248887701548636,0.09322669096188956,0.09237612816190954,0.007449047412412662,0.007449047412412662
99.0,0.9998511461744567,0.9344723903186682,True,10,True,5,False,2,False,0,True,9,True,3,False,1,False,0,True,9,True,2,False,0,False,0,True,5,True,1,False,0,False,0,True,4,True,1,False,0,False,0,True,2,True,1,False,0,False,0,True,2,False,0,False,0,False,0,True,2,False,0,False,0,False,0,True,2,False,0,False,0,False,0,True,2,False,0,False,0,False,0,True,2,False,0,False,0,False,0,0.810931519554146,0.810931519554146,0.36745257988780755,0.36745257988780755,0.15326558784352518,0.03269345043069388,0.03945128633922724,0.005692884138917866
233.0,0.9998511461744567,1.5584443714705412,True,10,True,7,True,3,False,1,True,10,True,7,False,2,False,1,True,10,True,6,False,2,False,1,True,10,True,5,False,2,False,1,True,8,True,5,False,2,False,1,True,8,True,5,False,1,False,1,True,6,True,5,False,1,False,1,True,6,True,5,False,1,False,1,True,6,True,3,False,1,False,1,True,7,True,2,False,0,False,0,True,6,True,2,False,0,False,0,1.0062150994400987,0.9016958158969985,0.7826334398881438,0.7826334398881438,0.5488170745262025,0.1293185219106722,0.5488170745262025,0.021183618116041386
269.0,0.9997022923489134,0.8598609867751777,True,11,True,4,False,0,False,0,True,10,True,4,False,0,False,0,True,10,True,3,False,0,False,0,True,5,True,1,False,0,False,0,True,4,True,1,False,0,False,0,True,3,True,1,False,0,False,0,True,2,False,0,False,0,False,0,True,1,False,0,False,0,False,0,False,0,False,0,False,0,False,0,False,0,False,0,False,0,False,0,False,0,False,0,False,0,False,0,0.46757011079511446,0.46757011079511446,0.3727067718396309,0.3727067718396309,0.0495120226431483,0.04097341272515927,0.019715391945537775,0.019715391945537775
122.0,0.9998511461744567,0.6622957565887371,True,7,True,4,True,2,False,0,True,4,True,3,True,2,False,0,True,4,True,2,False,0,False,0,True,2,False,1,False,0,False,0,True,2,False,0,False,0,False,0,True,2,False,0,False,0,False,0,True,2,False,0,False,0,False,0,True,1,False,0,False,0,False,0,True,1,False,0,False,0,False,0,False,0,False,0,False,0,False,0,False,0,False,0,False,0,False,0,0.5482051732455674,0.5482051732455674,0.28948659635546076,0.20060980557260008,0.18452820778258552,0.16111456299113036,0.006789451396293263,0.0008586115764646868
228.0,0.9998511461744567,0.5747958003316813,True,7,False,1,False,0,False,0,True,5,False,1,False,0,False,0,True,4,False,0,False,0,False,0,True,3,False,0,False,0,False,0,False,2,False,0,False,0,False,0,False,1,False,0,False,0,False,0,False,0,False,0,False,0,False,0,False,0,False,0,False,0,False,0,False,0,False,0,False,0,False,0,False,0,False,0,False,0,False,0,False,0,False,0,False,0,False,0,0.3816583954242431,0.2816718395319117,0.17234999882307075,0.07158811629272707,0.0566073169591997,0.0566073169591997,0.008882327971163178,0.0058443788211032435
128.0,0.9998511461744567,1.2409640290431816,True,7,True,3,True,1,False,0,True,5,True,3,True,1,False,0,True,5,True,3,False,0,False,0,True,5,True,2,False,0,False,0,True,3,True,1,False,0,False,0,True,2,True,1,False,0,False,0,True,2,True,1,False,0,False,0,True,2,False,0,False,0,False,0,True,2,False,0,False,0,False,0,True,2,False,0,False,0,False,0,False,1,False,0,False,0,False,0,0.801560258397424,0.5863066988113104,0.4489051289558796,0.4489051289558796,0.19794224372032235,0.19794224372032235,0.0725126632494362,0.017611010817966444
14.0,0.9992557308722834,0.7970030199349785,True,7,True,1,False,0,False,0,True,7,True,1,False,0,False,0,True,5,False,0,False,0,False,0,True,3,False,0,False,0,False,0,True,2,False,0,False,0,False,0,True,2,False,0,False,0,False,0,True,2,False,0,False,0,False,0,True,1,False,0,False,0,False,0,True,1,False,0,False,0,False,0,True,1,False,0,False,0,False,0,False,0,False,0,False,0,False,0,0.5655662745667714,0.5655662745667714,0.17185585349756557,0.17185585349756557,0.018297688158489887,0.011431838405808987,0.006312764655547311,0.001333270454197228
109.0,0.9998511461744567,0.4919705898507944,True,6,True,3,False,0,False,0,True,3,True,2,False,0,False,0,True,2,True,1,False,0,False,0,True,2,False,0,False,0,False,0,True,1,False,0,False,0,False,0,True,1,False,0,False,0,False,0,True,1,False,0,False,0,False,0,False,0,False,0,False,0,False,0,False,0,False,0,False,0,False,0,False,0,False,0,False,0,False,0,False,0,False,0,False,0,False,0,0.4095672528164939,0.4095672528164939,0.21512702107777387,0.21512702107777387,0.054289926471445316,0.038136879100574575,0.0011076431589422699,0.00042895380253064023
276.0,0.9991068770467401,2.098256538689383,True,10,True,5,True,3,True,2,True,10,True,4,True,3,True,2,True,8,True,3,True,3,True,1,True,5,True,3,True,3,True,1,True,5,True,2,True,1,True,1,True,5,True,1,False,0,False,0,True,5,True,1,False,0,False,0,True,4,False,0,False,0,False,0,True,4,False,0,False,0,False,0,True,3,False,0,False,0,False,0,True,3,False,0,False,0,False,0,1.6915436443740206,1.6915436443740206,0.4302653663616841,0.4302653663616841,0.31352242007909464,0.31352242007909464,0.31352242007909464,0.31352242007909464
104.0,0.9998511461744567,0.5748454838027707,True,8,True,2,False,0,False,0,True,3,True,1,False,0,False,0,True,2,True,1,False,0,False,0,True,2,True,1,False,0,False,0,True,2,False,0,False,0,False,0,True,2,False,0,False,0,False,0,True,1,False,0,False,0,False,0,False,0,False,0,False,0,False,0,False,0,False,0,False,0,False,0,False,0,False,0,False,0,False,0,False,0,False,0,False,0,False,0,0.4477796065423479,0.4477796065423479,0.27509890811362975,0.27509890811362975,0.04776880089739496,0.0010348186130423058,0.02573011866883043,0.0010348186130423058
201.0,0.9998511461744567,0.6911629331944326,True,10,True,3,False,1,False,0,True,8,True,2,False,0,False,0,True,6,True,1,False,0,False,0,True,5,True,1,False,0,False,0,True,5,False,0,False,0,False,0,True,3,False,0,False,0,False,0,True,1,False,0,False,0,False,0,True,1,False,0,False,0,False,0,False,0,False,0,False,0,False,0,False,0,False,0,False,0,False,0,False,0,False,0,False,0,False,0,0.4614888516496719,0.4614888516496719,0.25994544095937433,0.25994544095937433,0.1188316317867468,0.09583723102957746,0.09452661048218464,0.0025337822457143877
166.0,0.9998511461744567,1.5814137332507248,True,9,True,4,False,1,False,0,True,7,True,3,False,1,False,0,True,5,True,3,False,1,False,0,True,3,True,3,False,1,False,0,True,3,False,2,False,1,False,0,True,3,False,2,False,1,False,0,True,3,False,2,False,1,False,0,True,3,False,2,False,1,False,0,False,2,False,2,False,1,False,0,False,2,False,2,False,0,False,0,False,2,False,2,False,0,False,0,1.1121483506428198,0.4778641445973455,0.8925717511348924,0.26114707360156636,0.5170295965245161,0.07119407522029182,0.07406749068310937,0.07119407522029182
243.0,0.9726108961000298,0.9999474481863654,True,5,True,2,False,1,False,1,True,4,False,1,False,1,False,1,False,2,False,1,False,1,False,1,False,2,False,1,False,1,False,1,False,2,False,1,False,1,False,1,False,1,False,1,False,1,False,1,False,1,False,1,False,1,False,1,False,1,False,1,False,1,False,1,False,1,False,1,False,1,False,1,False,1,False,1,False,1,False,1,False,1,False,1,False,1,False,1,0.9998826022564498,0.19560891403637062,0.9998625356562585,0.12923393608032857,0.9998625356562585,0.007375751739767782,0.7764160621185483,0.0020302215325130957
85.0,0.9974694849657636,0.7667778419499962,True,8,True,3,False,0,False,0,True,6,True,1,False,0,False,0,True,6,True,1,False,0,False,0,True,4,False,0,False,0,False,0,True,2,False,0,False,0,False,0,True,2,False,0,False,0,False,0,True,2,False,0,False,0,False,0,False,0,False,0,False,0,False,0,False,0,False,0,False,0,False,0,False,0,False,0,False,0,False,0,False,0,False,0,False,0,False,0,0.4456099015711995,0.4456099015711995,0.235156293641946,0.235156293641946,0.07477745944727278,0.07477745944727278,0.01778430228507528,0.012276684252239413
253.0,0.9998511461744567,0.910201097068713,True,8,True,4,False,0,False,0,True,7,False,1,False,0,False,0,True,6,False,1,False,0,False,0,True,5,False,1,False,0,False,0,True,4,False,0,False,0,False,0,True,3,False,0,False,0,False,0,True,2,False,0,False,0,False,0,True,2,False,0,False,0,False,0,False,1,False,0,False,0,False,0,False,1,False,0,False,0,False,0,False,1,False,0,False,0,False,0,0.7281193874320588,0.4647913464964677,0.26743518904134594,0.10532789518536208,0.06317379490520143,0.0063714301731790084,0.0063714301731790084,0.0063714301731790084
204.0,0.9998511461744567,3.048998077200531,True,10,True,2,False,0,False,0,True,10,True,2,False,0,False,0,True,9,True,2,False,0,False,0,True,7,False,1,False,0,False,0,True,4,False,0,False,0,False,0,True,3,False,0,False,0,False,0,True,2,False,0,False,0,False,0,True,2,False,0,False,0,False,0,True,2,False,0,False,0,False,0,True,2,False,0,False,0,False,0,True,2,False,0,False,0,False,0,2.310982417884145,2.310982417884145,0.2534098650155118,0.20389437161944082,0.09833450774540167,0.09833450774540167,0.004078451861106125,0.004078451861106125
173.0,0.9998511461744567,2.1418156653523086,True,10,True,5,False,2,False,0,True,10,True,3,False,2,False,0,True,8,True,3,False,2,False,0,True,8,True,3,False,0,False,0,True,8,True,3,False,0,False,0,True,4,True,3,False,0,False,0,True,4,True,3,False,0,False,0,True,4,False,2,False,0,False,0,True,4,False,2,False,0,False,0,True,3,False,2,False,0,False,0,True,3,False,2,False,0,False,0,1.072480107084326,0.6834892151895129,0.8923169808200082,0.43781420224769496,0.24322181011609403,0.07072221496765405,0.009304040716914217,0.0011386297324325998
153.0,0.9998511461744567,0.7121999779167988,True,10,True,3,False,0,False,0,True,6,True,3,False,0,False,0,True,5,True,1,False,0,False,0,True,2,True,1,False,0,False,0,True,2,False,0,False,0,False,0,True,2,False,0,False,0,False,0,True,2,False,0,False,0,False,0,True,2,False,0,False,0,False,0,True,2,False,0,False,0,False,0,False,1,False,0,False,0,False,0,False,0,False,0,False,0,False,0,0.5567964284251437,0.5261659241138393,0.2922208542987555,0.2922208542987555,0.08572040281848779,0.06124177486310491,0.012862621842939981,0.004125374267733782
24.0,0.9998511461744567,0.537533864839157,True,9,True,2,False,0,False,0,True,6,True,1,False,0,False,0,True,4,True,1,False,0,False,0,True,2,False,0,False,0,False,0,True,2,False,0,False,0,False,0,True,1,False,0,False,0,False,0,True,1,False,0,False,0,False,0,False,0,False,0,False,0,False,0,False,0,False,0,False,0,False,0,False,0,False,0,False,0,False,0,False,0,False,0,False,0,False,0,0.44721759640818726,0.44721759640818726,0.23723440069446813,0.23723440069446813,0.08227506378918358,0.08227506378918358,0.012563030673869527,0.004164046115202998
102.0,0.9998511461744567,0.8956435255748051,True,12,True,3,False,1,False,0,True,8,True,2,False,0,False,0,True,5,False,1,False,0,False,0,True,5,False,0,False,0,False,0,True,3,False,0,False,0,False,0,True,2,False,0,False,0,False,0,True,2,False,0,False,0,False,0,True,2,False,0,False,0,False,0,True,2,False,0,False,0,False,0,True,2,False,0,False,0,False,0,True,2,False,0,False,0,False,0,0.7720153072934481,0.7720153072934481,0.20361087211215628,0.16674422327230792,0.13153877632977173,0.005411223666229338,0.0132153805050514,0.004227346204495014
284.0,0.9998511461744567,0.8298594703519909,True,7,True,4,False,1,False,0,True,3,True,2,False,1,False,0,True,3,True,1,False,0,False,0,True,3,True,1,False,0,False,0,True,1,False,0,False,0,False,0,True,1,False,0,False,0,False,0,True,1,False,0,False,0,False,0,True,1,False,0,False,0,False,0,True,1,False,0,False,0,False,0,True,1,False,0,False,0,False,0,True,1,False,0,False,0,False,0,0.8038129361406171,0.8038129361406171,0.26307295551190646,0.26307295551190646,0.18550179948871845,0.001139096673806731,0.049236259656925345,0.001139096673806731
263.0,0.9927061625483775,2.390787399132544,True,11,True,5,True,3,True,3,True,13,True,5,False,2,False,1,True,15,True,3,False,1,False,0,True,11,True,3,False,1,False,0,True,10,True,3,False,1,False,0,True,10,True,2,False,1,False,0,True,8,True,2,False,1,False,0,True,6,False,1,False,1,False,0,True,5,False,1,False,1,False,0,False,3,False,1,False,1,False,0,False,3,False,1,False,1,False,0,1.747492640255688,0.5426990725568706,0.6925801412185367,0.43407283074775066,0.6152765266531022,0.10727833690008205,0.15095026838611617,0.10727833690008205
106.0,0.9998511461744567,0.47965561721797334,True,5,True,4,False,0,False,0,True,5,True,1,False,0,False,0,True,2,True,1,False,0,False,0,True,1,False,0,False,0,False,0,True,1,False,0,False,0,False,0,True,1,False,0,False,0,False,0,True,1,False,0,False,0,False,0,False,0,False,0,False,0,False,0,False,0,False,0,False,0,False,0,False,0,False,0,False,0,False,0,False,0,False,0,False,0,False,0,0.4273596686730087,0.4273596686730087,0.23790315094150194,0.23790315094150194,0.06897839892809518,0.06897839892809518,0.0026041016535652234,0.0013917436201605117
242.0,0.9995534385233701,2.29343646890909,True,9,True,7,True,3,True,2,True,9,True,7,True,3,True,2,True,10,True,4,True,2,True,1,True,9,True,3,True,1,True,1,True,7,True,3,True,1,True,1,True,6,True,1,True,1,True,1,True,6,True,1,True,1,True,1,True,6,True,2,False,0,False,0,True,6,True,2,False,0,False,0,True,5,True,2,False,0,False,0,True,5,True,1,False,0,False,0,1.1814898770354196,0.973311558931116,0.7138430720397891,0.7138430720397891,0.44407177510935364,0.44407177510935364,0.44407177510935364,0.44407177510935364
45.0,0.9998511461744567,0.9560890425021459,True,13,True,5,False,0,False,0,True,11,True,4,False,0,False,0,True,5,True,1,False,0,False,0,True,5,False,0,False,0,False,0,True,4,False,0,False,0,False,0,True,4,False,0,False,0,False,0,True,3,False,0,False,0,False,0,False,1,False,0,False,0,False,0,False,1,False,0,False,0,False,0,False,1,False,0,False,0,False,0,False,1,False,0,False,0,False,0,0.7502171091402412,0.4279805257855426,0.21054489424658482,0.21054489424658482,0.02024593727614568,0.00653513084204575,0.01037188086686075,0.00653513084204575
132.0,0.9992557308722834,0.8531032957067927,True,10,True,3,True,2,False,0,True,8,True,3,True,1,False,0,True,7,True,2,True,1,False,0,True,6,True,1,True,1,False,0,True,4,True,1,True,1,False,0,True,3,True,1,False,0,False,0,True,3,True,1,False,0,False,0,True,2,True,1,False,0,False,0,True,2,False,0,False,0,False,0,True,2,False,0,False,0,False,0,True,1,False,0,False,0,False,0,0.7399855849199447,0.7399855849199447,0.49922923615787035,0.49922923615787035,0.3323813488440273,0.3323813488440273,0.010534288339161955,0.0019151215300913236
30.0,0.9995534385233701,3.4003161532347974,True,6,True,5,True,2,False,0,True,6,True,2,False,1,False,0,True,3,False,1,False,1,False,0,True,3,False,1,False,1,False,0,True,2,False,1,False,1,False,0,True,2,False,1,False,0,False,0,True,2,False,1,False,0,False,0,True,2,False,1,False,0,False,0,False,1,False,1,False,0,False,0,False,1,False,1,False,0,False,0,False,1,False,1,False,0,False,0,3.1299742677333837,0.4940015074843752,0.9315249515132495,0.1570269284733077,0.30434715564437065,0.11975790404420132,0.08789569527623435,0.0033995822494951554
94.0,0.9998511461744567,0.7244748327607644,True,8,True,2,False,1,False,0,True,6,True,2,False,0,False,0,True,3,True,2,False,0,False,0,True,2,True,2,False,0,False,0,True,2,False,1,False,0,False,0,True,2,False,1,False,0,False,0,True,2,False,0,False,0,False,0,True,2,False,0,False,0,False,0,False,1,False,0,False,0,False,0,False,0,False,0,False,0,False,0,False,0,False,0,False,0,False,0,0.5282223263393071,0.46884787821110674,0.36743848857693306,0.2745867453295923,0.13487628042861624,0.0871352984648341,0.06218817276009221,0.002193932363107698
1.0,0.9998511461744567,0.8574297287407759,True,9,True,4,False,1,False,0,True,8,True,2,False,1,False,0,True,7,True,1,False,0,False,0,True,5,False,0,False,0,False,0,True,3,False,0,False,0,False,0,True,1,False,0,False,0,False,0,False,0,False,0,False,0,False,0,False,0,False,0,False,0,False,0,False,0,False,0,False,0,False,0,False,0,False,0,False,0,False,0,False,0,False,0,False,0,False,0,0.35986331111875813,0.35986331111875813,0.23300511915406003,0.23300511915406003,0.18338695447721584,0.08300846943568195,0.062212369903763706,0.036090317621835344
192.0,0.9998511461744567,0.7708562989146969,True,7,True,5,True,2,True,1,True,5,True,3,True,2,True,1,True,4,True,2,True,2,True,1,True,4,True,2,True,2,False,0,True,5,True,1,False,0,False,0,True,3,False,0,False,0,False,0,True,1,False,0,False,0,False,0,True,1,False,0,False,0,False,0,True,1,False,0,False,0,False,0,True,1,False,0,False,0,False,0,True,1,False,0,False,0,False,0,0.7172098536115467,0.7172098536115467,0.3315236277562295,0.3315236277562295,0.28185820523230376,0.28185820523230376,0.23200110205402147,0.23200110205402147
200.0,0.9998511461744567,0.9764825341945529,True,8,True,5,True,4,False,1,True,9,True,3,True,3,False,1,True,6,True,3,False,2,False,0,True,5,True,3,False,2,False,0,True,4,True,3,False,1,False,0,True,4,True,3,False,1,False,0,True,4,True,3,False,0,False,0,True,4,False,2,False,0,False,0,True,4,False,1,False,0,False,0,True,3,False,1,False,0,False,0,False,1,False,1,False,0,False,0,0.7091539931475493,0.5831089227166525,0.6399755946389771,0.44338519044425284,0.35677296881152115,0.19682346298576242,0.18218880260683268,0.011895530057453165
51.0,0.9998511461744567,0.9617839913190595,True,6,True,3,False,2,False,1,True,5,True,3,False,1,False,1,True,4,False,2,False,1,False,1,True,4,False,2,False,1,False,1,True,4,False,2,False,1,False,1,False,3,False,2,False,1,False,0,False,3,False,1,False,1,False,0,False,3,False,1,False,1,False,0,False,3,False,1,False,1,False,0,False,3,False,1,False,1,False,0,False,2,False,1,False,1,False,0,0.9282371694012655,0.3152256451505485,0.8557478465879128,0.16484391654424796,0.7609354881432512,0.059493524779718365,0.3287895591692936,0.016920807576469767
277.0,0.6664185769574278,3.4285714285714293,True,8,True,3,True,3,True,2,True,6,True,3,True,3,True,2,True,5,True,3,True,3,True,2,True,7,True,2,True,2,True,1,True,6,True,2,True,2,True,1,True,4,True,2,True,2,True,1,True,4,True,2,True,2,True,1,True,3,True,2,True,2,True,1,True,3,True,2,True,2,True,1,True,4,True,2,True,2,False,0,True,4,True,2,False,1,False,0,3.428571428571428,1.3783203662933365,2.874589320238684,0.7215168983759581,1.7891537516180787,0.5877974190243429,0.5177151133709238,0.5177151133709238
261.0,0.9998511461744567,0.8844274125386369,True,6,True,3,True,1,False,0,True,3,True,2,False,0,False,0,True,3,True,2,False,0,False,0,True,3,True,2,False,0,False,0,True,4,True,1,False,0,False,0,True,3,True,1,False,0,False,0,True,3,True,1,False,0,False,0,True,2,False,0,False,0,False,0,False,1,False,0,False,0,False,0,False,0,False,0,False,0,False,0,False,0,False,0,False,0,False,0,0.5113984873582904,0.45124932097072495,0.4042637284895876,0.4042637284895876,0.13810526508178977,0.13810526508178977,0.0087034540707627,0.0060539916227807765
264.0,0.6612086930634117,0.9989803370533524,True,8,True,2,True,2,False,1,True,6,True,2,True,2,False,1,True,5,True,2,True,2,False,1,True,4,True,2,True,2,False,1,True,4,True,2,True,2,False,1,True,4,True,2,False,1,False,1,True,3,False,1,False,1,False,1,True,3,False,1,False,1,False,1,True,3,False,1,False,1,False,1,True,2,False,1,False,1,False,1,False,1,False,1,False,1,False,1,0.9940672004495527,0.5755458894069581,0.9926614287688685,0.3806393400360918,0.9799784193253357,0.3298607226759145,0.7639897106222729,0.04632209268554515
111.0,0.9994045846978268,0.5436233303075312,True,6,True,1,False,0,False,0,True,3,False,0,False,0,False,0,True,3,False,0,False,0,False,0,False,2,False,0,False,0,False,0,False,1,False,0,False,0,False,0,False,1,False,0,False,0,False,0,False,0,False,0,False,0,False,0,False,0,False,0,False,0,False,0,False,0,False,0,False,0,False,0,False,0,False,0,False,0,False,0,False,0,False,0,False,0,False,0,0.36400969261960353,0.2324251249672686,0.10407083641080349,0.10407083641080349,0.06513873807204582,0.021747817789962324,0.008596092728032028,0.008596092728032028
199.0,0.9998511461744567,0.6183864642104052,True,8,True,4,False,0,False,0,True,7,True,2,False,0,False,0,True,6,False,0,False,0,False,0,True,4,False,0,False,0,False,0,True,2,False,0,False,0,False,0,False,1,False,0,False,0,False,0,False,1,False,0,False,0,False,0,False,0,False,0,False,0,False,0,False,0,False,0,False,0,False,0,False,0,False,0,False,0,False,0,False,0,False,0,False,0,False,0,0.41056121207441987,0.33021104457510037,0.1871961809715046,0.1871961809715046,0.04553741468549503,0.04553741468549503,0.0127370878576042,0.0033941073961577246
212.0,0.9998511461744567,0.5731823732661198,True,4,True,3,False,1,False,0,True,5,True,1,False,0,False,0,True,3,True,1,False,0,False,0,True,2,True,1,False,0,False,0,True,1,False,0,False,0,False,0,True,1,False,0,False,0,False,0,True,1,False,0,False,0,False,0,True,1,False,0,False,0,False,0,False,0,False,0,False,0,False,0,False,0,False,0,False,0,False,0,False,0,False,0,False,0,False,0,0.45241507797428565,0.45241507797428565,0.29929902554391674,0.29929902554391674,0.12343843277828122,0.04037415162019855,0.015070165805610552,0.0017256771032358538
237.0,0.9998511461744567,0.9953230246992999,True,11,True,2,True,1,False,0,True,10,True,2,True,1,False,0,True,7,True,2,False,0,False,0,True,7,True,1,False,0,False,0,True,6,False,0,False,0,False,0,True,5,False,0,False,0,False,0,True,5,False,0,False,0,False,0,True,3,False,0,False,0,False,0,True,1,False,0,False,0,False,0,True,1,False,0,False,0,False,0,True,1,False,0,False,0,False,0,0.8014539980001999,0.8014539980001999,0.25942579000000016,0.25942579000000016,0.1775618337692248,0.1775618337692248,0.01250347631031336,0.01250347631031336
39.0,0.9998511461744567,0.9957628614675406,True,8,True,3,False,0,False,0,True,6,True,3,False,0,False,0,True,4,True,2,False,0,False,0,True,3,True,1,False,0,False,0,True,3,True,1,False,0,False,0,True,2,True,1,False,0,False,0,True,2,False,0,False,0,False,0,True,2,False,0,False,0,False,0,True,2,False,0,False,0,False,0,True,2,False,0,False,0,False,0,True,2,False,0,False,0,False,0,0.9177131006324833,0.9177131006324833,0.3699321953394826,0.3699321953394826,0.05004454622129791,0.0021219130427543448,0.007999381022634358,0.0021219130427543448
260.0,0.8511461744566835,1.88850840623289,True,10,True,3,True,2,True,2,True,13,True,4,True,2,False,1,True,12,True,2,True,2,False,1,True,12,True,2,True,1,False,0,True,9,True,2,True,1,False,0,True,7,True,2,True,1,False,0,True,6,True,2,True,1,False,0,True,5,True,2,True,1,False,0,True,5,True,1,True,1,False,0,True,3,True,1,True,1,False,0,True,2,True,1,True,1,False,0,0.7891598629191336,0.7514266337862431,0.7120655936001893,0.7120655936001893,0.6022962305906818,0.6022962305906818,0.24003264361419327,0.14835083992812756
273.0,0.9998511461744567,1.6078062707629097,True,9,False,2,False,1,False,0,True,7,False,1,False,1,False,0,True,6,False,1,False,1,False,0,True,5,False,1,False,1,False,0,True,5,False,1,False,1,False,0,True,4,False,1,False,1,False,0,True,3,False,1,False,1,False,0,True,3,False,0,False,0,False,0,True,1,False,0,False,0,False,0,True,1,False,0,False,0,False,0,False,0,False,0,False,0,False,0,0.5758090753681179,0.5758090753681179,0.4387084332685169,0.041225647615396245,0.42370963140920165,0.004180518238083781,0.061940032001153084,0.0016786530055762302
116.0,0.9998511461744567,0.6629999819546356,True,9,True,3,True,2,False,0,True,8,True,2,False,1,False,0,True,4,False,1,False,1,False,0,True,3,False,1,False,0,False,0,True,3,False,0,False,0,False,0,True,2,False,0,False,0,False,0,True,2,False,0,False,0,False,0,False,1,False,0,False,0,False,0,False,0,False,0,False,0,False,0,False,0,False,0,False,0,False,0,False,0,False,0,False,0,False,0,0.4730064348147514,0.4262706370861199,0.28009203501500857,0.19203677119543247,0.23117749676071406,0.10159114242084048,0.04248975266351975,0.0016785011719008534
141.0,0.9998511461744567,0.9778242281008299,True,6,True,4,True,1,False,0,True,5,True,3,True,1,False,0,True,4,True,2,True,1,False,0,True,3,True,2,True,1,False,0,True,3,True,2,True,1,False,0,True,3,True,2,True,1,False,0,True,2,True,2,True,1,False,0,True,2,True,1,True,1,False,0,True,2,True,1,True,1,False,0,True,2,True,1,True,1,False,0,True,1,True,1,False,0,False,0,0.9691349710531326,0.9691349710531326,0.8284423263035394,0.8284423263035394,0.5588691126570137,0.5588691126570137,0.045951864340000294,0.005174998704037331
89.0,0.9985114617445668,1.5158478165035236,True,13,True,3,False,0,False,0,True,13,True,3,False,0,False,0,True,12,True,2,False,0,False,0,True,7,True,2,False,0,False,0,True,6,True,2,False,0,False,0,True,4,True,1,False,0,False,0,True,4,False,0,False,0,False,0,True,3,False,0,False,0,False,0,True,1,False,0,False,0,False,0,True,1,False,0,False,0,False,0,True,1,False,0,False,0,False,0,0.7913010058189828,0.7913010058189828,0.3735686314937925,0.3735686314937925,0.036978143354428915,0.036978143354428915,0.036978143354428915,0.036978143354428915
125.0,0.9997022923489134,0.5092433424719887,True,6,True,2,False,0,False,0,True,4,True,1,False,0,False,0,True,2,True,1,False,0,False,0,True,1,False,0,False,0,False,0,True,1,False,0,False,0,False,0,True,1,False,0,False,0,False,0,True,1,False,0,False,0,False,0,False,0,False,0,False,0,False,0,False,0,False,0,False,0,False,0,False,0,False,0,False,0,False,0,False,0,False,0,False,0,False,0,0.4128985431978462,0.4128985431978462,0.21799196979517896,0.21799196979517896,0.015182316541852323,0.015182316541852323,0.015182316541852323,0.015182316541852323
136.0,0.9998511461744567,0.5577741349038867,True,6,True,2,True,1,False,0,True,5,True,2,False,0,False,0,True,3,True,1,False,0,False,0,True,3,True,1,False,0,False,0,True,3,False,0,False,0,False,0,True,2,False,0,False,0,False,0,False,0,False,0,False,0,False,0,False,0,False,0,False,0,False,0,False,0,False,0,False,0,False,0,False,0,False,0,False,0,False,0,False,0,False,0,False,0,False,0,0.3781243451330838,0.3781243451330838,0.2947201365538169,0.2947201365538169,0.1332555543923148,0.1332555543923148,0.006795164966935052,0.006795164966935052
193.0,0.9998511461744567,0.7381047040403438,True,7,True,4,True,1,False,0,True,6,True,2,False,0,False,0,True,5,True,1,False,0,False,0,True,3,True,1,False,0,False,0,True,2,False,0,False,0,False,0,True,2,False,0,False,0,False,0,True,2,False,0,False,0,False,0,True,1,False,0,False,0,False,0,True,1,False,0,False,0,False,0,True,1,False,0,False,0,False,0,True,1,False,0,False,0,False,0,0.6045101543712729,0.6045101543712729,0.2988404542700397,0.2988404542700397,0.14491152457769071,0.14491152457769071,0.011543902506602198,0.003537147249634474
206.0,0.9994045846978268,0.5704722920684866,True,7,False,2,False,0,False,0,True,6,False,1,False,0,False,0,True,3,False,0,False,0,False,0,False,2,False,0,False,0,False,0,False,1,False,0,False,0,False,0,False,1,False,0,False,0,False,0,False,0,False,0,False,0,False,0,False,0,False,0,False,0,False,0,False,0,False,0,False,0,False,0,False,0,False,0,False,0,False,0,False,0,False,0,False,0,False,0,0.39007833088463634,0.24156686427614685,0.18568743348952987,0.05186304861903778,0.020037692977045392,0.020037692977045392,0.009589851108471794,0.009589851108471794
149.0,0.9998511461744567,0.9805950387148407,True,6,True,3,False,0,False,0,True,5,True,3,False,0,False,0,True,5,False,1,False,0,False,0,True,5,False,0,False,0,False,0,True,4,False,0,False,0,False,0,True,3,False,0,False,0,False,0,True,2,False,0,False,0,False,0,True,2,False,0,False,0,False,0,True,2,False,0,False,0,False,0,True,2,False,0,False,0,False,0,True,2,False,0,False,0,False,0,0.8160621949881909,0.8160621949881909,0.2021741268638096,0.15050940077838124,0.04167555901183112,0.04167555901183112,0.012446056585872473,0.012446056585872473
270.0,0.9994045846978268,0.5146939248642675,True,9,True,2,False,0,False,0,True,7,True,1,False,0,False,0,True,7,False,0,False,0,False,0,False,1,False,0,False,0,False,0,False,1,False,0,False,0,False,0,False,0,False,0,False,0,False,0,False,0,False,0,False,0,False,0,False,0,False,0,False,0,False,0,False,0,False,0,False,0,False,0,False,0,False,0,False,0,False,0,False,0,False,0,False,0,False,0,0.30864514939177345,0.24983772087991338,0.16415567544269233,0.16415567544269233,0.09641251613605359,0.015870564437754867,0.03552860004226335,0.0012293668097909812
121.0,0.9998511461744567,0.4838352201377368,True,9,True,2,False,0,False,0,True,3,True,1,False,0,False,0,True,2,True,1,False,0,False,0,True,1,False,0,False,0,False,0,True,1,False,0,False,0,False,0,True,1,False,0,False,0,False,0,True,1,False,0,False,0,False,0,False,0,False,0,False,0,False,0,False,0,False,0,False,0,False,0,False,0,False,0,False,0,False,0,False,0,False,0,False,0,False,0,0.4426877146080696,0.4426877146080696,0.20794651728676045,0.20794651728676045,0.06309817885181275,0.06309817885181275,0.0014737444244897534,0.0011846484064438766
175.0,0.9998511461744567,0.4377274941177817,True,8,True,3,False,0,False,0,True,5,False,0,False,0,False,0,True,3,False,0,False,0,False,0,True,3,False,0,False,0,False,0,True,2,False,0,False,0,False,0,False,1,False,0,False,0,False,0,False,0,False,0,False,0,False,0,False,0,False,0,False,0,False,0,False,0,False,0,False,0,False,0,False,0,False,0,False,0,False,0,False,0,False,0,False,0,False,0,0.3812836930797005,0.30846709909488745,0.13680966298751251,0.11809135188840786,0.037383569720881665,0.004549388293133097,0.0034228279088257606,0.0030457204492277297
18.0,0.991515331944031,0.8459074499761648,True,7,True,3,False,0,False,0,True,6,True,3,False,0,False,0,True,5,True,2,False,0,False,0,True,5,True,2,False,0,False,0,True,4,True,2,False,0,False,0,True,2,True,2,False,0,False,0,True,2,True,1,False,0,False,0,True,2,False,0,False,0,False,0,True,2,False,0,False,0,False,0,True,1,False,0,False,0,False,0,True,1,False,0,False,0,False,0,0.6918205562567933,0.6918205562567933,0.40108885348880197,0.40108885348880197,0.046001295973479094,0.046001295973479094,0.002553420454382437,0.002553420454382437
208.0,0.9998511461744567,0.9729159472943829,True,9,True,4,False,1,False,0,True,8,True,4,False,0,False,0,True,7,True,3,False,0,False,0,True,6,True,1,False,0,False,0,True,5,False,0,False,0,False,0,True,4,False,0,False,0,False,0,True,3,False,0,False,0,False,0,True,2,False,0,False,0,False,0,True,2,False,0,False,0,False,0,True,2,False,0,False,0,False,0,True,2,False,0,False,0,False,0,0.7813195319339813,0.7813195319339813,0.2599688029639064,0.2599688029639064,0.10061779876628187,0.0035475621992696912,0.006171608683093776,0.0006026467355658636
180.0,0.9998511461744567,0.4577643789157262,True,4,True,2,False,0,False,0,True,3,False,0,False,0,False,0,True,2,False,0,False,0,False,0,True,2,False,0,False,0,False,0,False,0,False,0,False,0,False,0,False,0,False,0,False,0,False,0,False,0,False,0,False,0,False,0,False,0,False,0,False,0,False,0,False,0,False,0,False,0,False,0,False,0,False,0,False,0,False,0,False,0,False,0,False,0,False,0,0.27891713150754505,0.2690269042756871,0.11941648623065039,0.11941648623065039,0.05832613752941701,0.0022356291023812366,0.0009114227995501783,0.0007960737716897336
205.0,0.9998511461744567,0.6117687840709722,True,7,True,3,False,0,False,0,True,7,True,3,False,0,False,0,True,3,True,2,False,0,False,0,True,2,False,0,False,0,False,0,True,2,False,0,False,0,False,0,True,2,False,0,False,0,False,0,True,1,False,0,False,0,False,0,False,0,False,0,False,0,False,0,False,0,False,0,False,0,False,0,False,0,False,0,False,0,False,0,False,0,False,0,False,0,False,0,0.41875325131712715,0.41875325131712715,0.22863820020594205,0.22863820020594205,0.07510721152220558,0.07510721152220558,0.005791395635891387,0.001970664805123148
227.0,0.9998511461744567,0.7741984111262239,True,10,True,1,False,0,False,0,True,6,True,1,False,0,False,0,True,5,True,1,False,0,False,0,True,5,True,1,False,0,False,0,True,3,False,0,False,0,False,0,True,3,False,0,False,0,False,0,True,3,False,0,False,0,False,0,True,3,False,0,False,0,False,0,False,0,False,0,False,0,False,0,False,0,False,0,False,0,False,0,False,0,False,0,False,0,False,0,0.4880079461393565,0.4880079461393565,0.28610332419585005,0.28610332419585005,0.04352663750247069,0.0389040158450126,0.04352663750247069,0.0024167202482238267
156.0,0.9998511461744567,0.5298018057064877,True,6,True,3,False,0,False,0,True,4,True,2,False,0,False,0,True,2,True,1,False,0,False,0,True,2,False,0,False,0,False,0,True,1,False,0,False,0,False,0,True,1,False,0,False,0,False,0,True,1,False,0,False,0,False,0,False,0,False,0,False,0,False,0,False,0,False,0,False,0,False,0,False,0,False,0,False,0,False,0,False,0,False,0,False,0,False,0,0.4195499009455516,0.4195499009455516,0.24924926055186683,0.24924926055186683,0.06864204066165329,0.06864204066165329,0.002158870388689341,0.002158870388689341
211.0,0.9998511461744567,0.7737189871458104,True,11,True,3,True,1,True,1,True,8,True,2,True,1,True,1,True,6,True,2,True,1,True,1,True,6,True,3,False,0,False,0,True,5,True,3,False,0,False,0,True,4,False,0,False,0,False,0,True,3,False,0,False,0,False,0,True,2,False,0,False,0,False,0,True,2,False,0,False,0,False,0,False,0,False,0,False,0,False,0,False,0,False,0,False,0,False,0,0.5396459170015244,0.508849863283723,0.3408686263070504,0.3408686263070504,0.23497319225075552,0.23497319225075552,0.23497319225075552,0.23497319225075552
60.0,0.9998511461744567,0.5603442111404545,True,5,True,4,True,1,False,0,True,5,True,2,False,0,False,0,True,2,True,2,False,0,False,0,True,2,False,0,False,0,False,0,True,1,False,0,False,0,False,0,True,1,False,0,False,0,False,0,True,1,False,0,False,0,False,0,True,1,False,0,False,0,False,0,False,0,False,0,False,0,False,0,False,0,False,0,False,0,False,0,False,0,False,0,False,0,False,0,0.47598431189330537,0.47598431189330537,0.23806241502369357,0.23806241502369357,0.10054518960916005,0.10054518960916005,0.0025477835247358447,0.0025477835247358447
190.0,0.9997022923489134,1.0830538456199736,True,10,True,4,False,0,False,0,True,8,False,1,False,0,False,0,True,7,False,0,False,0,False,0,True,4,False,0,False,0,False,0,True,3,False,0,False,0,False,0,True,2,False,0,False,0,False,0,True,2,False,0,False,0,False,0,True,2,False,0,False,0,False,0,True,2,False,0,False,0,False,0,True,1,False,0,False,0,False,0,True,1,False,0,False,0,False,0,0.6436251899806145,0.6436251899806145,0.19671217852328965,0.13418910885399088,0.02676118196817961,0.024441938417267717,0.024441938417267717,0.024441938417267717
90.0,0.9998511461744567,0.8543459969957623,True,11,True,5,True,3,False,0,True,9,True,4,True,2,False,0,True,6,True,3,True,2,False,0,True,5,True,3,True,1,False,0,True,5,True,2,False,0,False,0,True,4,True,1,False,0,False,0,True,3,True,1,False,0,False,0,True,3,True,1,False,0,False,0,True,2,False,0,False,0,False,0,True,1,False,0,False,0,False,0,True,1,False,0,False,0,False,0,0.6290373978591538,0.6290373978591538,0.4912732886252262,0.4912732886252262,0.2688445875500959,0.2688445875500959,0.028211887544608905,0.028211887544608905
87.0,0.9998511461744567,2.122471198114725,True,9,True,4,True,3,True,1,True,7,True,3,False,1,False,0,True,5,True,3,False,1,False,0,True,5,False,2,False,1,False,0,True,5,False,2,False,1,False,0,False,4,False,1,False,1,False,0,False,4,False,1,False,1,False,0,False,4,False,1,False,0,False,0,False,3,False,1,False,0,False,0,False,3,False,0,False,0,False,0,False,3,False,0,False,0,False,0,1.194948460975975,0.33860195599178733,0.5335735642774185,0.23737972992394646,0.4143628494355761,0.10541518449625928,0.10541518449625928,0.10541518449625928
9.0,0.9998511461744567,0.6451808420953487,True,5,True,2,False,1,False,0,True,5,True,2,False,0,False,0,True,4,True,2,False,0,False,0,True,2,True,2,False,0,False,0,True,2,True,2,False,0,False,0,True,2,True,1,False,0,False,0,True,2,False,0,False,0,False,0,True,1,False,0,False,0,False,0,True,1,False,0,False,0,False,0,True,1,False,0,False,0,False,0,True,1,False,0,False,0,False,0,0.6168836458319971,0.6168836458319971,0.3726872020864491,0.3726872020864491,0.10246961406530562,0.006792000866540542,0.006792000866540542,0.006792000866540542
107.0,0.9998511461744567,0.9919544395947087,True,11,True,2,False,0,False,0,True,9,True,1,False,0,False,0,True,7,True,1,False,0,False,0,True,5,True,1,False,0,False,0,True,3,True,1,False,0,False,0,True,2,True,1,False,0,False,0,True,2,True,1,False,0,False,0,True,2,True,1,False,0,False,0,True,2,True,1,False,0,False,0,True,2,True,1,False,0,False,0,True,2,False,0,False,0,False,0,0.8756716593965698,0.8756716593965698,0.5527903019532794,0.5527903019532794,0.08619806803049251,0.00940384416500169,0.00940384416500169,0.00940384416500169
134.0,0.9955343852337005,0.638441255420684,True,10,True,5,True,2,True,2,True,7,True,4,True,2,False,1,True,7,False,3,False,1,False,1,True,7,False,1,False,0,False,0,True,2,False,0,False,0,False,0,True,1,False,0,False,0,False,0,False,0,False,0,False,0,False,0,False,0,False,0,False,0,False,0,False,0,False,0,False,0,False,0,False,0,False,0,False,0,False,0,False,0,False,0,False,0,False,0,0.35633960976266577,0.35633960976266577,0.2567689601722734,0.15608775808130265,0.22027273755528964,0.15248420450607683,0.20218437930142638,0.12124979541889369
250.0,0.9995534385233701,1.7477217611770868,True,10,True,4,False,2,False,1,True,10,True,3,False,1,False,0,True,7,True,3,False,1,False,0,True,7,False,2,False,1,False,0,True,5,False,2,False,1,False,0,True,5,False,0,False,0,False,0,False,4,False,0,False,0,False,0,False,2,False,0,False,0,False,0,False,2,False,0,False,0,False,0,False,2,False,0,False,0,False,0,False,2,False,0,False,0,False,0,0.8612585394563617,0.38046793127251033,0.3352786611908228,0.20198046104398712,0.3280875854853392,0.007822325505058628,0.10518887712288778,0.007822325505058628
185.0,0.9998511461744567,0.91162737736154,True,9,True,5,False,1,False,1,True,6,True,4,False,1,False,0,True,5,True,3,False,1,False,0,True,4,True,3,False,1,False,0,True,4,True,3,False,1,False,0,True,4,True,2,False,0,False,0,True,4,True,2,False,0,False,0,True,4,False,1,False,0,False,0,False,1,False,1,False,0,False,0,False,1,False,0,False,0,False,0,False,1,False,0,False,0,False,0,0.7823980214981747,0.4786192425307716,0.5018886004346503,0.41440456665801895,0.3255131523470197,0.01309869128310931,0.1445784623684006,0.007476960816738273
191.0,0.9985114617445668,1.3766545380782393,True,10,True,4,True,3,False,0,True,10,False,3,False,1,False,0,True,10,False,3,False,0,False,0,True,7,False,1,False,0,False,0,False,5,False,1,False,0,False,0,False,4,False,1,False,0,False,0,False,3,False,1,False,0,False,0,False,3,False,1,False,0,False,0,False,2,False,1,False,0,False,0,False,2,False,0,False,0,False,0,False,2,False,0,False,0,False,0,0.9136891782506331,0.2548165046455528,0.5448746186321137,0.13806725091966823,0.1786635832302949,0.13806725091966823,0.026173066899351408,0.022935371408547747
101.0,0.9998511461744567,0.6681441410674444,True,9,True,3,True,1,False,0,True,4,True,2,True,1,False,0,True,4,True,2,False,0,False,0,True,3,True,2,False,0,False,0,True,3,True,1,False,0,False,0,True,3,True,1,False,0,False,0,True,2,False,0,False,0,False,0,True,1,False,0,False,0,False,0,True,1,False,0,False,0,False,0,True,1,False,0,False,0,False,0,False,0,False,0,False,0,False,0,0.5976469927888055,0.5976469927888055,0.3641152556800674,0.3641152556800674,0.167679811118163,0.167679811118163,0.014655164560487573,0.014655164560487573
219.0,0.9995534385233701,0.982999788964993,True,11,True,1,False,0,False,0,True,7,False,0,False,0,False,0,True,7,False,0,False,0,False,0,True,5,False,0,False,0,False,0,True,3,False,0,False,0,False,0,True,2,False,0,False,0,False,0,True,2,False,0,False,0,False,0,False,1,False,0,False,0,False,0,False,1,False,0,False,0,False,0,False,1,False,0,False,0,False,0,False,1,False,0,False,0,False,0,0.6924779911828339,0.4097388643482155,0.14928074486721682,0.14928074486721682,0.016073551485222767,0.007716409422771089,0.0012948944827214197,0.00025838252919189986
133.0,0.9998511461744567,0.7106397085710473,True,12,True,2,False,0,False,0,True,8,False,1,False,0,False,0,True,6,False,0,False,0,False,0,True,5,False,0,False,0,False,0,False,1,False,0,False,0,False,0,False,1,False,0,False,0,False,0,False,1,False,0,False,0,False,0,False,0,False,0,False,0,False,0,False,0,False,0,False,0,False,0,False,0,False,0,False,0,False,0,False,0,False,0,False,0,False,0,0.4199068315370684,0.28220639576337503,0.1642129160467365,0.10594713245409818,0.05633199452724238,0.007685237877174984,0.04242827027372908,0.007685237877174984
47.0,0.9992557308722834,0.7154467353974548,True,9,True,3,False,2,False,1,True,8,False,2,False,1,False,1,True,6,False,1,False,1,False,0,True,6,False,1,False,0,False,0,True,4,False,0,False,0,False,0,False,3,False,0,False,0,False,0,False,1,False,0,False,0,False,0,False,1,False,0,False,0,False,0,False,0,False,0,False,0,False,0,False,0,False,0,False,0,False,0,False,0,False,0,False,0,False,0,0.4626516584381627,0.3157213422884192,0.29689597967869463,0.12945998692153504,0.23075471057246097,0.09049017595436763,0.1736074805654086,0.016847217941120155
127.0,0.9998511461744567,1.3207478774346753,True,10,True,6,False,0,False,0,True,8,True,5,False,0,False,0,True,8,True,4,False,0,False,0,True,7,True,2,False,0,False,0,True,7,True,1,False,0,False,0,True,6,True,1,False,0,False,0,True,5,True,1,False,0,False,0,True,4,True,1,False,0,False,0,True,3,True,1,False,0,False,0,True,3,False,0,False,0,False,0,True,3,False,0,False,0,False,0,0.8226351201323572,0.8226351201323572,0.5280726183848066,0.5280726183848066,0.07717642054334653,0.012524795606633788,0.06389559665744489,0.012524795606633788
64.0,0.9998511461744567,0.5446870377223049,True,7,True,1,True,1,False,0,True,6,False,0,False,0,False,0,True,3,False,0,False,0,False,0,True,2,False,0,False,0,False,0,False,1,False,0,False,0,False,0,False,1,False,0,False,0,False,0,False,0,False,0,False,0,False,0,False,0,False,0,False,0,False,0,False,0,False,0,False,0,False,0,False,0,False,0,False,0,False,0,False,0,False,0,False,0,False,0,0.38976652185776434,0.2671095452415842,0.1146551769118031,0.1146551769118031,0.1146551769118031,0.1146551769118031,0.008847400847360732,0.008847400847360732
70.0,0.9998511461744567,0.8784282685163619,True,9,True,6,False,1,False,0,True,9,True,5,False,1,False,0,True,8,True,1,False,0,False,0,True,7,True,1,False,0,False,0,True,5,True,1,False,0,False,0,True,3,True,1,False,0,False,0,True,3,False,0,False,0,False,0,True,3,False,0,False,0,False,0,True,2,False,0,False,0,False,0,True,2,False,0,False,0,False,0,True,2,False,0,False,0,False,0,0.7804896667763745,0.7804896667763745,0.39172184211776384,0.39172184211776384,0.15003167665216594,0.005029298981100689,0.005029298981100689,0.005029298981100689
216.0,0.9998511461744567,0.9698523690262455,True,10,True,5,False,0,False,0,True,9,True,4,False,0,False,0,True,8,True,3,False,0,False,0,True,7,False,1,False,0,False,0,True,6,False,0,False,0,False,0,True,3,False,0,False,0,False,0,True,3,False,0,False,0,False,0,True,2,False,0,False,0,False,0,True,2,False,0,False,0,False,0,True,2,False,0,False,0,False,0,True,2,False,0,False,0,False,0,0.7763638136499947,0.7763638136499947,0.2806010209898105,0.22582083645850803,0.0844630259946417,0.02988997314270997,0.02988997314270997,0.02988997314270997
76.0,0.9998511461744567,0.9440729422409015,True,10,True,4,False,0,False,0,True,9,False,2,False,0,False,0,True,6,False,1,False,0,False,0,True,4,False,0,False,0,False,0,True,4,False,0,False,0,False,0,True,3,False,0,False,0,False,0,True,3,False,0,False,0,False,0,True,2,False,0,False,0,False,0,True,2,False,0,False,0,False,0,False,1,False,0,False,0,False,0,False,1,False,0,False,0,False,0,0.7541159484617806,0.5457551665134914,0.20538458536380663,0.1037988200843123,0.059159962165661766,0.022177610287176807,0.03375078061437894,0.009101434762468281
142.0,0.9994045846978268,1.2750408132785744,True,10,False,2,False,1,False,0,True,8,False,2,False,1,False,0,True,6,False,1,False,1,False,0,True,6,False,1,False,1,False,0,True,5,False,1,False,0,False,0,True,3,False,0,False,0,False,0,True,3,False,0,False,0,False,0,True,1,False,0,False,0,False,0,True,1,False,0,False,0,False,0,True,1,False,0,False,0,False,0,True,1,False,0,False,0,False,0,0.7225684404896843,0.7225684404896843,0.3305670950260052,0.07206059351587409,0.25536768501096063,0.01929945326621387,0.01929945326621387,0.01929945326621387
28.0,0.9998511461744567,0.5929497464458008,True,7,True,3,True,1,False,0,True,5,True,2,False,0,False,0,True,3,True,1,False,0,False,0,True,3,False,0,False,0,False,0,True,3,False,0,False,0,False,0,True,1,False,0,False,0,False,0,False,0,False,0,False,0,False,0,False,0,False,0,False,0,False,0,False,0,False,0,False,0,False,0,False,0,False,0,False,0,False,0,False,0,False,0,False,0,False,0,0.362492869939512,0.362492869939512,0.23947826426554547,0.23947826426554547,0.10375725622136346,0.10375725622136346,0.08159343928477993,0.0035003569217723638
262.0,0.9998511461744567,0.34441234135441384,True,2,True,1,False,0,False,0,True,2,True,1,False,0,False,0,True,1,False,0,False,0,False,0,False,0,False,0,False,0,False,0,False,0,False,0,False,0,False,0,False,0,False,0,False,0,False,0,False,0,False,0,False,0,False,0,False,0,False,0,False,0,False,0,False,0,False,0,False,0,False,0,False,0,False,0,False,0,False,0,False,0,False,0,False,0,False,0,0.22793988412239563,0.22793988412239563,0.1786579095385636,0.1786579095385636,0.003405313792428023,0.003405313792428023,0.003405313792428023,0.003405313792428023
176.0,0.9998511461744567,1.0820772127817901,True,8,True,3,True,3,True,1,True,4,True,3,True,2,False,0,True,4,True,1,True,1,False,0,True,4,True,1,False,0,False,0,True,3,True,1,False,0,False,0,True,3,True,1,False,0,False,0,True,2,True,1,False,0,False,0,True,2,False,0,False,0,False,0,True,1,False,0,False,0,False,0,True,1,False,0,False,0,False,0,False,0,False,0,False,0,False,0,0.5755948429663477,0.5755948429663477,0.40466290386553583,0.40466290386553583,0.21340435925022072,0.21340435925022072,0.11006788613666561,0.11006788613666561
139.0,0.9974694849657636,1.0538602890497573,True,9,True,5,False,1,False,0,True,8,True,5,False,1,False,0,True,8,True,2,False,0,False,0,True,6,True,2,False,0,False,0,True,5,False,0,False,0,False,0,True,4,False,0,False,0,False,0,True,4,False,0,False,0,False,0,True,3,False,0,False,0,False,0,True,2,False,0,False,0,False,0,True,2,False,0,False,0,False,0,True,2,False,0,False,0,False,0,0.8952500075882364,0.8952500075882364,0.2979107649190923,0.2979107649190923,0.1526637697617536,0.01665108422934061,0.02722694790927981,0.0032614817738678917
194.0,0.9998511461744567,0.7040714495848296,True,8,False,2,False,1,False,0,False,4,False,1,False,1,False,0,False,1,False,1,False,0,False,0,False,1,False,1,False,0,False,0,False,1,False,1,False,0,False,0,False,1,False,0,False,0,False,0,False,1,False,0,False,0,False,0,False,1,False,0,False,0,False,0,False,1,False,0,False,0,False,0,False,1,False,0,False,0,False,0,False,0,False,0,False,0,False,0,0.5718305879842497,0.13120705746897723,0.3042999865129161,0.037954653401559034,0.15649831045586546,0.007589045108095792,0.007589045108095792,0.007589045108095792
225.0,0.9998511461744567,1.1272687080402615,True,7,True,3,True,1,False,0,True,4,True,2,True,1,False,0,True,3,True,2,True,1,False,0,True,3,True,2,False,0,False,0,True,2,True,2,False,0,False,0,True,2,True,2,False,0,False,0,True,2,True,1,False,0,False,0,True,2,True,1,False,0,False,0,True,2,True,1,False,0,False,0,True,2,True,1,False,0,False,0,True,2,False,0,False,0,False,0,0.8527808476371501,0.8527808476371501,0.5635974458230328,0.5635974458230328,0.24533978170586063,0.24533978170586063,0.08642088660769431,0.08642088660769431
254.0,0.9998511461744567,1.596804633033951,True,7,True,3,True,2,False,0,True,6,True,2,True,1,False,0,True,5,True,2,True,1,False,0,True,4,True,2,False,0,False,0,True,2,True,2,False,0,False,0,True,2,True,2,False,0,False,0,True,2,True,2,False,0,False,0,True,2,True,1,False,0,False,0,True,2,False,0,False,0,False,0,True,2,False,0,False,0,False,0,True,2,False,0,False,0,False,0,1.0410079368917338,1.0410079368917338,0.48669595514569025,0.48669595514569025,0.23301403375686555,0.23301403375686555,0.00851081196010925,0.00851081196010925
113.0,0.9998511461744567,0.4990299893693644,True,7,True,3,False,0,False,0,True,5,True,2,False,0,False,0,True,2,False,0,False,0,False,0,True,2,False,0,False,0,False,0,True,1,False,0,False,0,False,0,True,1,False,0,False,0,False,0,False,0,False,0,False,0,False,0,False,0,False,0,False,0,False,0,False,0,False,0,False,0,False,0,False,0,False,0,False,0,False,0,False,0,False,0,False,0,False,0,0.39545731996867234,0.39545731996867234,0.19424135533193884,0.19424135533193884,0.07976692282511032,0.07976692282511032,0.002676746447134338,0.002676746447134338
78.0,0.9998511461744567,0.633474583261015,True,10,False,1,False,0,False,0,True,6,False,0,False,0,False,0,True,4,False,0,False,0,False,0,True,1,False,0,False,0,False,0,True,1,False,0,False,0,False,0,False,0,False,0,False,0,False,0,False,0,False,0,False,0,False,0,False,0,False,0,False,0,False,0,False,0,False,0,False,0,False,0,False,0,False,0,False,0,False,0,False,0,False,0,False,0,False,0,0.322517725406133,0.322517725406133,0.1137049800710484,0.013364443853725472,0.007663961486177148,0.0006894608922890916,0.007663961486177148,0.0002868758626336596
222.0,0.9998511461744567,0.9549766678919409,True,8,True,4,True,1,False,0,True,6,True,3,False,0,False,0,True,6,True,3,False,0,False,0,True,4,True,2,False,0,False,0,True,4,True,2,False,0,False,0,True,4,False,0,False,0,False,0,True,4,False,0,False,0,False,0,True,3,False,0,False,0,False,0,True,2,False,0,False,0,False,0,True,2,False,0,False,0,False,0,True,2,False,0,False,0,False,0,0.749365488512812,0.6817302328815855,0.3328160230230161,0.3237801796094772,0.13651459025328272,0.13651459025328272,0.010344396155489544,0.010344396155489544
182.0,0.9998511461744567,1.3870585376533222,True,8,True,3,True,2,True,1,True,7,True,3,True,2,True,1,True,6,True,3,True,2,True,1,True,6,True,3,True,2,True,1,True,6,True,3,True,1,False,0,True,6,False,0,False,0,False,0,True,5,False,0,False,0,False,0,True,4,False,0,False,0,False,0,True,2,False,0,False,0,False,0,True,2,False,0,False,0,False,0,False,1,False,0,False,0,False,0,0.7076349874651506,0.5957144920219408,0.3490803768121842,0.3004297856942212,0.3004297856942212,0.3004297856942212,0.2683619321885652,0.2683619321885652
226.0,0.9998511461744567,3.2990896619909784,True,9,True,5,False,2,False,2,True,8,True,4,False,2,False,2,True,8,True,4,False,2,False,2,True,7,False,3,False,2,False,2,True,7,False,3,False,2,False,2,True,7,False,2,False,2,False,2,True,6,False,2,False,2,False,2,True,6,False,2,False,2,False,2,True,6,False,2,False,2,False,2,True,6,False,2,False,2,False,2,True,5,False,2,False,2,False,2,2.7948950260706362,0.8967756393359795,0.8559269247768221,0.20769230409839173,0.8240638136497487,0.030979100332145307,0.6635512943286852,0.007912648556755874
93.0,0.9998511461744567,0.9274313669020795,True,9,True,2,False,0,False,0,True,9,True,2,False,0,False,0,True,7,False,0,False,0,False,0,True,5,False,0,False,0,False,0,True,5,False,0,False,0,False,0,True,4,False,0,False,0,False,0,True,4,False,0,False,0,False,0,True,3,False,0,False,0,False,0,True,3,False,0,False,0,False,0,True,3,False,0,False,0,False,0,True,2,False,0,False,0,False,0,0.8785731443771188,0.8785731443771188,0.18976119167563824,0.18976119167563824,0.015258894115316482,0.015258894115316482,0.0063250255889203055,0.006222039366476291
140.0,0.6851741589758856,1.2718474158136448,False,5,False,4,False,3,False,2,False,5,False,4,False,2,False,2,False,5,False,4,False,2,False,2,False,5,False,2,False,2,False,2,False,4,False,2,False,2,False,2,False,4,False,2,False,2,False,2,False,3,False,2,False,2,False,2,False,3,False,2,False,2,False,2,False,3,False,2,False,2,False,2,False,3,False,2,False,2,False,2,False,3,False,2,False,2,False,2,1.0,0.0,1.0,0.0,1.0,0.0,0.9606331416325145,0.0
241.0,0.9998511461744567,1.1693591641588768,True,11,True,2,True,1,True,1,True,6,True,2,True,1,True,1,True,5,True,2,True,1,False,0,True,4,True,2,True,1,False,0,True,3,True,2,True,1,False,0,True,3,True,2,True,1,False,0,True,3,True,2,False,0,False,0,True,2,True,2,False,0,False,0,True,2,True,2,False,0,False,0,True,2,True,1,False,0,False,0,True,2,False,0,False,0,False,0,0.9624150843047276,0.9624150843047276,0.5671394420549187,0.5671394420549187,0.3848271028255023,0.3848271028255023,0.1810452027320514,0.1810452027320514
209.0,0.9992557308722834,0.7186153664682379,True,4,True,3,True,1,False,0,True,4,True,2,False,0,False,0,True,5,True,1,False,0,False,0,True,2,True,1,False,0,False,0,True,2,True,1,False,0,False,0,True,2,True,1,False,0,False,0,True,2,False,0,False,0,False,0,True,2,False,0,False,0,False,0,True,1,False,0,False,0,False,0,True,1,False,0,False,0,False,0,True,1,False,0,False,0,False,0,0.6569197783305419,0.6569197783305419,0.35239738314158475,0.35239738314158475,0.1323868603409958,0.1323868603409958,0.0032119458497399645,0.0032119458497399645
267.0,0.9621911283119976,0.6379992374465626,True,7,True,3,False,1,False,0,True,4,True,2,False,0,False,0,True,3,True,2,False,0,False,0,True,3,False,0,False,0,False,0,True,3,False,0,False,0,False,0,True,2,False,0,False,0,False,0,True,2,False,0,False,0,False,0,False,1,False,0,False,0,False,0,False,1,False,0,False,0,False,0,False,0,False,0,False,0,False,0,False,0,False,0,False,0,False,0,0.5040023960839003,0.42437076866999773,0.2410080146617691,0.2410080146617691,0.1015509875890544,0.028954626964185035,0.02896681542859175,0.0009240440232630403
151.0,0.9998511461744567,0.9851945679610082,True,10,True,4,True,1,False,0,True,8,True,4,True,1,False,0,True,7,True,2,True,1,False,0,True,6,True,1,True,1,False,0,True,5,True,1,False,0,False,0,True,3,True,1,False,0,False,0,True,3,True,1,False,0,False,0,True,2,True,1,False,0,False,0,True,2,True,1,False,0,False,0,True,2,True,1,False,0,False,0,True,2,True,1,False,0,False,0,0.794483249482842,0.6790030144140367,0.601286591813,0.601286591813,0.26076592867678416,0.26076592867678416,0.0113039711661824,0.0113039711661824
220.0,0.9998511461744567,0.8388594541718777,True,8,True,2,False,0,False,0,True,7,True,2,False,0,False,0,True,5,True,2,False,0,False,0,True,4,True,1,False,0,False,0,True,3,True,1,False,0,False,0,True,2,False,0,False,0,False,0,True,2,False,0,False,0,False,0,False,1,False,0,False,0,False,0,False,1,False,0,False,0,False,0,False,1,False,0,False,0,False,0,False,1,False,0,False,0,False,0,0.6570929192132043,0.42573091055318346,0.3267077491735681,0.3267077491735681,0.09808383728964892,0.09808383728964892,0.00957298261984098,0.005555047636153885
247.0,0.9840726406668652,0.9290130256339089,True,11,True,3,False,0,False,0,True,9,True,1,False,0,False,0,True,8,False,0,False,0,False,0,True,6,False,0,False,0,False,0,True,4,False,0,False,0,False,0,True,3,False,0,False,0,False,0,True,3,False,0,False,0,False,0,True,3,False,0,False,0,False,0,False,1,False,0,False,0,False,0,False,1,False,0,False,0,False,0,False,1,False,0,False,0,False,0,0.6175220978491075,0.4770947074127171,0.1603084690453551,0.1603084690453551,0.04963291305586617,0.008072029008193553,0.04963291305586617,0.004893331385657141
161.0,0.9998511461744567,0.976118891402078,True,10,True,5,False,1,False,0,True,10,True,3,False,0,False,0,True,7,True,2,False,0,False,0,True,7,True,1,False,0,False,0,True,4,True,1,False,0,False,0,True,3,False,0,False,0,False,0,True,3,False,0,False,0,False,0,True,3,False,0,False,0,False,0,True,2,False,0,False,0,False,0,False,1,False,0,False,0,False,0,False,1,False,0,False,0,False,0,0.7744040649155549,0.5134608111093881,0.32193089474612213,0.32193089474612213,0.1182044362269082,0.011120193953681634,0.009582805075017398,0.004991611229819343
62.0,0.9998511461744567,0.9251534699568029,True,10,True,6,False,1,False,0,True,10,True,6,False,0,False,0,True,7,True,3,False,0,False,0,True,6,True,2,False,0,False,0,True,6,True,1,False,0,False,0,True,6,True,1,False,0,False,0,True,5,True,1,False,0,False,0,True,5,True,1,False,0,False,0,True,3,True,1,False,0,False,0,True,2,True,1,False,0,False,0,True,2,True,1,False,0,False,0,0.7984089456259569,0.7984089456259569,0.7387039489825771,0.7387039489825771,0.14434635570856882,0.011335596986488337,0.0144469557652271,0.011335596986488337
34.0,0.9998511461744567,0.7376725517208415,True,7,True,3,False,0,False,0,True,5,True,2,False,0,False,0,True,4,True,2,False,0,False,0,True,4,False,0,False,0,False,0,True,3,False,0,False,0,False,0,True,3,False,0,False,0,False,0,True,3,False,0,False,0,False,0,True,2,False,0,False,0,False,0,False,1,False,0,False,0,False,0,False,0,False,0,False,0,False,0,False,0,False,0,False,0,False,0,0.5365328377729005,0.45145615369411535,0.21725479245866597,0.21725479245866597,0.0639161798237618,0.0639161798237618,0.015854203220794415,0.004758999586014283
74.0,0.9998511461744567,0.6332061882425816,True,8,True,3,False,1,False,0,True,4,True,3,False,0,False,0,True,4,True,2,False,0,False,0,True,2,True,2,False,0,False,0,True,2,False,1,False,0,False,0,True,2,False,1,False,0,False,0,False,1,False,0,False,0,False,0,False,1,False,0,False,0,False,0,False,1,False,0,False,0,False,0,False,1,False,0,False,0,False,0,False,0,False,0,False,0,False,0,0.5555973149334305,0.3839533627197328,0.3559407861272173,0.2607097464154356,0.13581482051745045,0.0022522382793559287,0.008427589944171332,0.0011074970719238387
77.0,0.9998511461744567,0.48809650494447754,True,7,True,4,False,2,False,0,True,3,True,2,False,0,False,0,True,2,True,1,False,0,False,0,True,3,False,0,False,0,False,0,True,3,False,0,False,0,False,0,False,0,False,0,False,0,False,0,False,0,False,0,False,0,False,0,False,0,False,0,False,0,False,0,False,0,False,0,False,0,False,0,False,0,False,0,False,0,False,0,False,0,False,0,False,0,False,0,0.33309125511703364,0.33309125511703364,0.20039586288557978,0.20039586288557978,0.10667952274551684,0.016107458035862096,0.09513188857067637,0.001627906934050535
33.0,0.9998511461744567,0.6738916770703209,True,4,True,3,False,0,False,0,True,5,True,2,False,0,False,0,True,3,True,2,False,0,False,0,True,2,True,1,False,0,False,0,True,2,False,0,False,0,False,0,True,1,False,0,False,0,False,0,True,1,False,0,False,0,False,0,True,1,False,0,False,0,False,0,True,1,False,0,False,0,False,0,True,1,False,0,False,0,False,0,False,0,False,0,False,0,False,0,0.5773202765712873,0.5773202765712873,0.25137035868753194,0.25137035868753194,0.08961948469683188,0.08961948469683188,0.0036808149728827367,0.0020066040697977157
231.0,0.9992557308722834,1.3669700578437816,True,12,True,6,False,2,False,0,True,11,True,5,False,1,False,0,True,9,True,3,False,1,False,0,True,9,True,3,False,0,False,0,True,8,False,1,False,0,False,0,True,6,False,1,False,0,False,0,True,6,False,1,False,0,False,0,True,3,False,1,False,0,False,0,True,2,False,0,False,0,False,0,False,1,False,0,False,0,False,0,False,0,False,0,False,0,False,0,0.5743843180589561,0.5061376709363391,0.48191825763735013,0.29552241223049586,0.24468355296396824,0.01700584986679567,0.024415531103702353,0.01700584986679567
230.0,0.9998511461744567,0.5244562992566422,True,6,True,3,True,1,False,0,True,4,True,1,False,0,False,0,True,3,False,0,False,0,False,0,True,1,False,0,False,0,False,0,True,1,False,0,False,0,False,0,True,1,False,0,False,0,False,0,True,1,False,0,False,0,False,0,False,0,False,0,False,0,False,0,False,0,False,0,False,0,False,0,False,0,False,0,False,0,False,0,False,0,False,0,False,0,False,0,0.4368417698945243,0.4368417698945243,0.18082958648839684,0.18082958648839684,0.10258923089856052,0.10258923089856052,0.007832675517065228,0.007832675517065228
282.0,0.13426615064007144,1.0,False,1,False,1,False,1,False,1,False,1,False,1,False,1,False,1,False,1,False,1,False,1,False,1,False,1,False,1,False,1,False,1,False,1,False,1,False,1,False,1,False,1,False,1,False,1,False,1,False,1,False,1,False,1,False,1,False,1,False,1,False,1,False,1,False,1,False,1,False,1,False,0,False,1,False,1,False,1,False,0,False,1,False,1,False,1,False,0,1.0,0.0,1.0,0.0,1.0,0.0,0.4858563916018548,0.0
168.0,0.9998511461744567,0.4959159579786634,True,7,True,4,False,0,False,0,True,6,True,2,False,0,False,0,True,5,True,2,False,0,False,0,True,4,False,0,False,0,False,0,True,1,False,0,False,0,False,0,True,1,False,0,False,0,False,0,False,0,False,0,False,0,False,0,False,0,False,0,False,0,False,0,False,0,False,0,False,0,False,0,False,0,False,0,False,0,False,0,False,0,False,0,False,0,False,0,0.39594745874664034,0.39594745874664034,0.2319399841959754,0.22290101378964305,0.01674258384344277,0.003397577320058408,0.008235937099132945,0.003397577320058408
114.0,0.9986603155701101,0.9173171201172197,True,12,True,4,False,0,False,0,True,8,False,2,False,0,False,0,True,7,False,2,False,0,False,0,True,5,False,0,False,0,False,0,True,4,False,0,False,0,False,0,True,3,False,0,False,0,False,0,True,3,False,0,False,0,False,0,True,3,False,0,False,0,False,0,True,3,False,0,False,0,False,0,True,2,False,0,False,0,False,0,True,2,False,0,False,0,False,0,0.7423611755073856,0.7405343933666307,0.21502814062614126,0.1342272778457309,0.07201092720276647,0.07201092720276647,0.028569683403079842,0.0016263196740151735
96.0,0.9998511461744567,0.7884676506927366,True,10,False,4,False,0,False,0,True,10,False,2,False,0,False,0,True,8,False,1,False,0,False,0,True,6,False,1,False,0,False,0,True,4,False,0,False,0,False,0,True,3,False,0,False,0,False,0,True,3,False,0,False,0,False,0,False,2,False,0,False,0,False,0,False,2,False,0,False,0,False,0,False,2,False,0,False,0,False,0,False,0,False,0,False,0,False,0,0.5966513073030375,0.42101713729661494,0.26375415334894303,0.08464810149394282,0.07392055584573583,0.03551404405218843,0.022381388207504013,0.0009399477980115582
196.0,0.9998511461744567,0.7134140878554824,True,8,True,2,False,0,False,0,True,6,False,1,False,0,False,0,True,3,False,0,False,0,False,0,True,3,False,0,False,0,False,0,True,2,False,0,False,0,False,0,True,2,False,0,False,0,False,0,False,1,False,0,False,0,False,0,False,1,False,0,False,0,False,0,False,0,False,0,False,0,False,0,False,0,False,0,False,0,False,0,False,0,False,0,False,0,False,0,0.49644920090747185,0.38173315324880797,0.1578315776786774,0.126201088868231,0.011835015096411505,0.003430626081215019,0.004765704735557193,0.0017312049667585826
41.0,0.9998511461744567,0.8678078724879434,True,9,True,3,False,1,False,0,True,7,True,3,False,0,False,0,True,5,False,1,False,0,False,0,True,4,False,1,False,0,False,0,True,4,False,0,False,0,False,0,True,2,False,0,False,0,False,0,True,2,False,0,False,0,False,0,True,2,False,0,False,0,False,0,True,2,False,0,False,0,False,0,False,1,False,0,False,0,False,0,False,1,False,0,False,0,False,0,0.6999668520381234,0.5020421081292574,0.2770225994433677,0.1747818513439494,0.14940625653159517,0.029637948426460288,0.007979454847473217,0.007979454847473217
162.0,0.9998511461744567,1.0164846319358045,True,9,True,1,True,1,False,0,True,7,True,1,True,1,False,0,True,7,True,1,False,0,False,0,True,5,True,1,False,0,False,0,True,3,True,1,False,0,False,0,True,1,True,1,False,0,False,0,True,1,True,1,False,0,False,0,True,1,False,0,False,0,False,0,True,1,False,0,False,0,False,0,False,0,False,0,False,0,False,0,False,0,False,0,False,0,False,0,0.5430578200593489,0.5430578200593489,0.40967893839987124,0.40967893839987124,0.1940924605358468,0.1940924605358468,0.024083338174499275,0.024083338174499275
224.0,0.9997022923489134,0.7833974705816904,True,5,True,3,False,0,False,0,True,5,True,2,False,0,False,0,True,3,True,1,False,0,False,0,True,3,False,0,False,0,False,0,True,2,False,0,False,0,False,0,True,2,False,0,False,0,False,0,True,2,False,0,False,0,False,0,True,2,False,0,False,0,False,0,False,0,False,0,False,0,False,0,False,0,False,0,False,0,False,0,False,0,False,0,False,0,False,0,0.4932805004751894,0.4932805004751894,0.22863227122134933,0.22863227122134933,0.05130526579731872,0.05130526579731872,0.01657402244820919,0.004842552689848391
