id_ip,ratio_active,max_rel_dev,t10p7_d,t10p7_n,t10p14_d,t10p14_n,t10p21_d,t10p21_n,t10p28_d,t10p28_n,t15p7_d,t15p7_n,t15p14_d,t15p14_n,t15p21_d,t15p21_n,t15p28_d,t15p28_n,t20p7_d,t20p7_n,t20p14_d,t20p14_n,t20p21_d,t20p21_n,t20p28_d,t20p28_n,t25p7_d,t25p7_n,t25p14_d,t25p14_n,t25p21_d,t25p21_n,t25p28_d,t25p28_n,t30p7_d,t30p7_n,t30p14_d,t30p14_n,t30p21_d,t30p21_n,t30p28_d,t30p28_n,t35p7_d,t35p7_n,t35p14_d,t35p14_n,t35p21_d,t35p21_n,t35p28_d,t35p28_n,t40p7_d,t40p7_n,t40p14_d,t40p14_n,t40p21_d,t40p21_n,t40p28_d,t40p28_n,t45p7_d,t45p7_n,t45p14_d,t45p14_n,t45p21_d,t45p21_n,t45p28_d,t45p28_n,t50p7_d,t50p7_n,t50p14_d,t50p14_n,t50p21_d,t50p21_n,t50p28_d,t50p28_n,t55p7_d,t55p7_n,t55p14_d,t55p14_n,t55p21_d,t55p21_n,t55p28_d,t55p28_n,t60p7_d,t60p7_n,t60p14_d,t60p14_n,t60p21_d,t60p21_n,t60p28_d,t60p28_n,S_p7,S_p7_test,S_p14,S_p14_test,S_p21,S_p21_test,S_p28,S_p28_test
1762176.0,0.009824352485858886,3.4285714285714284,True,9,True,6,True,5,False,1,True,9,True,4,True,2,False,1,True,9,True,3,True,2,False,1,True,8,True,3,True,1,False,0,True,7,True,3,True,1,False,0,True,6,True,3,True,1,False,0,True,6,True,3,True,1,False,0,True,5,True,3,True,1,False,0,True,5,True,2,True,1,False,0,True,5,True,2,True,1,False,0,True,5,True,2,True,1,False,0,3.4285714285714284,0.8386168999148417,0.8508546007960666,0.765376694799243,0.6045498033379398,0.6045498033379398,0.21596649954858912,0.09651352823678959
839542.0,0.2768681155105686,1.4966357142679605,True,11,True,4,True,3,True,1,True,10,True,4,True,3,True,1,True,10,True,4,True,2,True,1,True,11,True,3,True,2,False,0,True,9,True,2,True,1,False,0,True,9,True,1,False,0,False,0,True,8,False,0,False,0,False,0,True,8,False,0,False,0,False,0,True,5,False,0,False,0,False,0,True,5,False,0,False,0,False,0,True,5,False,0,False,0,False,0,1.2112143702078075,0.7847725935884734,0.38485860173980163,0.38485860173980163,0.3183082680447603,0.3183082680447603,0.2308769878469997,0.2308769878469997
772087.0,0.10151830902054183,3.3877532077243413,True,7,True,6,True,6,True,5,True,7,True,6,True,6,True,4,True,6,True,6,True,5,True,4,True,6,True,6,True,5,True,4,True,6,True,6,True,5,True,4,True,6,True,6,True,4,True,4,True,7,True,7,True,5,True,5,True,8,True,7,True,4,True,4,True,10,True,7,True,4,True,2,True,10,True,7,True,4,True,2,True,10,True,7,True,4,True,2,3.083974428093274,2.6734757533058544,0.981390587051791,0.9269945530622175,0.963762643184249,0.9000521961629366,0.8489344985362852,0.8489344985362852
1626484.0,0.5488240547782078,3.4285714285714297,True,9,True,3,True,3,True,2,True,8,True,3,True,2,True,1,True,8,True,3,True,2,True,1,True,9,True,2,True,1,True,1,True,8,True,2,True,1,True,1,True,6,True,2,True,1,True,1,True,3,True,2,True,1,True,1,True,3,True,2,True,1,True,1,True,3,True,2,True,1,True,1,True,4,True,1,True,1,True,1,True,4,True,1,True,1,True,1,3.428571428571428,1.0,1.0,1.0,1.0,1.0,0.8962084432007156,0.8962084432007156
1588780.0,0.030068472759749925,3.4285714285714293,True,4,True,2,True,2,True,2,True,4,True,2,True,2,True,2,True,4,True,2,True,2,True,2,True,4,True,2,True,2,True,2,True,4,True,2,True,2,True,2,True,4,True,2,True,2,True,2,True,4,True,2,True,2,True,2,True,5,True,3,True,3,True,3,True,5,True,3,True,3,True,3,True,5,True,3,True,3,True,3,True,5,True,3,True,3,True,3,3.4285714285714293,3.4285714285714293,1.0,1.0,1.0,1.0,1.0,1.0
1624160.0,0.5858886573384936,3.4285714285714293,True,8,True,5,True,4,False,2,True,8,True,5,True,3,False,2,True,6,True,5,True,3,False,2,True,6,True,4,True,3,False,2,True,6,True,4,False,2,False,2,True,6,True,3,False,2,False,2,True,7,True,3,False,2,False,1,True,7,True,3,False,2,False,1,True,7,True,2,False,1,False,1,True,7,True,2,False,1,False,1,True,7,False,1,False,1,False,1,3.428571428571428,0.7246051103805642,1.0,0.5994669765927974,1.0,0.2564165939604297,1.0,0.03564831780261492
182510.0,0.022179220005954153,2.9288534477088684,True,4,True,4,True,3,True,3,True,6,True,6,True,5,True,5,True,7,True,7,True,4,True,4,True,7,True,7,True,4,True,4,True,7,True,7,True,4,True,4,True,7,True,7,True,4,True,4,True,8,True,8,True,5,True,4,True,8,True,8,True,4,True,3,True,9,True,7,True,3,True,2,True,9,True,7,True,3,True,2,True,11,True,6,True,2,False,1,2.3009653434986985,1.4987852346756245,0.9797957996201045,0.8652845602121205,0.9086729159661653,0.8389891926255563,0.865079832217411,0.5718669287206347
1793924.0,0.00922893718368562,3.428571428571429,True,5,True,5,True,3,True,2,True,7,True,6,True,3,False,1,True,7,True,5,True,3,False,1,True,8,True,5,True,2,False,1,True,9,True,3,True,2,False,1,True,10,True,4,True,2,False,0,True,9,False,3,False,0,False,0,True,8,False,3,False,0,False,0,True,7,False,3,False,0,False,0,True,5,False,3,False,0,False,0,True,4,False,3,False,0,False,0,3.4285714285714284,1.0,1.5089625203693642,0.38590594427598834,0.3849359143414735,0.36887099053271183,0.3211102622867329,0.12896360418958344
1573838.0,0.19365882703185472,2.160801056081088,True,9,True,7,True,6,True,3,True,11,True,7,True,5,False,1,True,13,True,5,True,4,False,1,True,13,True,4,True,3,False,1,True,13,True,4,True,3,False,1,True,14,True,3,True,2,False,0,True,13,True,3,True,1,False,0,True,13,True,3,True,1,False,0,True,12,True,3,True,1,False,0,True,12,True,3,True,1,False,0,True,10,True,3,True,1,False,0,1.4371944531458456,1.0481221653987407,0.9977339934375399,0.9977339934375399,0.8560816213934598,0.8560816213934598,0.31052329264774114,0.12200390180312502
407623.0,0.04659124739505805,3.4285714285714293,True,4,True,4,True,4,True,4,True,5,True,5,True,4,True,4,True,5,True,5,True,4,True,4,True,6,True,6,True,3,True,3,True,9,True,5,True,3,True,3,True,8,True,4,True,3,True,3,True,8,True,4,True,3,True,3,True,7,True,3,True,3,True,3,True,8,True,4,True,3,True,2,True,8,True,4,True,3,True,2,True,8,True,4,True,3,True,2,2.3674846710509225,2.3674846710509225,1.0,1.0,1.0,1.0,1.0,1.0
143940.0,0.016671628460851445,3.4285714285714284,True,5,True,3,True,3,True,3,True,5,True,3,True,3,True,3,True,5,True,3,True,3,True,3,True,6,True,4,True,2,True,2,True,6,True,5,True,3,True,2,True,6,True,5,True,3,True,2,True,6,True,5,True,3,True,2,True,6,True,5,True,3,True,2,True,6,True,5,True,3,True,2,True,6,True,4,True,3,True,2,True,6,True,3,True,2,True,2,3.4285714285714284,3.4285714285714284,1.1395644761777877,1.0,1.0,1.0,1.0,1.0
450529.0,0.15302173265852934,2.806028175634716,False,4,False,2,False,2,False,1,False,5,False,3,False,3,False,1,False,6,False,3,False,2,False,1,False,6,False,3,False,2,False,1,False,5,False,3,False,2,False,1,False,5,False,3,False,2,False,1,False,5,False,3,False,2,False,1,False,5,False,3,False,2,False,1,False,4,False,3,False,2,False,0,False,4,False,3,False,2,False,0,False,4,False,3,False,2,False,0,2.091111308475549,0.0,1.0,0.0,1.0,0.0,0.45340818163072044,0.0
1949634.0,0.030812741887466508,3.4285714285714293,True,6,True,5,True,4,True,3,True,6,True,5,True,4,True,3,True,7,True,4,True,3,False,2,True,7,True,4,True,3,False,2,True,7,True,4,True,3,False,2,True,7,True,4,True,3,False,2,True,6,True,3,False,2,False,1,True,6,True,3,False,2,False,1,True,6,False,2,False,2,False,0,True,6,False,2,False,2,False,0,True,6,False,2,False,2,False,0,3.428571428571428,1.0,1.8959238407157881,0.4527081911664658,0.7944996775671561,0.3763170977306878,0.4504366620995121,0.1709739701821365
1801119.0,0.011908306043465317,3.4285714285714284,True,11,True,6,False,2,False,1,True,13,True,4,False,1,False,0,True,10,False,3,False,1,False,0,True,10,False,1,False,1,False,0,True,8,False,1,False,1,False,0,True,7,False,1,False,1,False,0,True,6,False,1,False,1,False,0,True,5,False,1,False,1,False,0,True,5,False,1,False,1,False,0,True,5,False,1,False,0,False,0,True,6,False,0,False,0,False,0,3.4285714285714284,1.0,0.5833998403830806,0.15355682150160688,0.5422997697806857,0.09688520250595602,0.10077937459682958,0.06755938362155983
1788794.0,0.00848466805596904,3.428571428571429,True,8,True,4,True,3,True,2,True,9,True,3,True,1,True,1,True,9,True,1,True,1,True,1,True,6,True,1,True,1,True,1,True,8,True,3,True,2,False,0,True,7,True,3,True,2,False,0,True,6,True,3,True,2,False,0,True,6,True,3,True,1,False,0,True,6,True,2,True,1,False,0,True,6,True,2,True,1,False,0,True,6,True,2,True,1,False,0,3.4285714285714284,1.656992659705904,1.0,1.0,1.0,1.0,0.2887903411858193,0.2887903411858193
1811876.0,0.012950282822268532,3.428571428571429,True,8,True,7,True,5,True,2,True,10,True,6,True,4,False,0,True,10,True,5,False,2,False,0,True,11,True,4,False,2,False,0,True,11,True,4,False,1,False,0,True,11,True,3,False,0,False,0,True,12,True,2,False,0,False,0,True,12,True,2,False,0,False,0,True,11,True,2,False,0,False,0,True,11,True,2,False,0,False,0,True,10,True,2,False,0,False,0,3.4285714285714284,1.0,0.7322434654105476,0.7322434654105476,0.31331014859310796,0.19814915623298857,0.1181667090900923,0.11519183587458803
530234.0,0.026644834772253646,2.3990475494240386,True,13,True,4,True,3,False,1,True,10,True,4,True,2,False,1,True,10,True,4,True,2,False,0,True,10,True,3,True,2,False,0,True,10,True,3,True,2,False,0,True,10,True,2,True,1,False,0,True,10,False,1,False,0,False,0,True,9,False,1,False,0,False,0,True,7,False,1,False,0,False,0,False,5,False,1,False,0,False,0,False,4,False,1,False,0,False,0,1.8643750065272107,0.5460368823364317,0.7022895690027581,0.3769342419247706,0.3769342419247706,0.3769342419247706,0.16787878106628604,0.04594714366287957
224502.0,0.11357546888955046,1.3027639468754593,False,5,False,3,False,2,False,1,False,6,False,2,False,2,False,1,False,6,False,2,False,2,False,1,False,6,False,2,False,2,False,1,False,5,False,2,False,1,False,1,False,6,False,2,False,1,False,0,False,5,False,2,False,1,False,0,False,4,False,2,False,1,False,0,False,4,False,2,False,1,False,0,False,4,False,1,False,1,False,0,False,4,False,1,False,1,False,0,1.0,0.0,1.0,0.0,1.0,0.0,0.32715359155550705,0.0
834812.0,0.00461446859184281,3.428571428571429,True,1,True,1,True,1,True,1,True,1,True,1,True,1,True,1,True,1,True,1,True,1,True,1,True,1,True,1,True,1,True,1,True,1,True,1,True,1,True,1,True,1,True,1,True,1,True,1,True,1,True,1,True,1,True,1,True,1,True,1,True,1,True,1,True,1,True,1,True,1,True,1,True,2,True,1,True,1,True,1,True,2,True,1,True,1,True,1,3.428571428571429,3.428571428571429,1.0,1.0,1.0,1.0,1.0,1.0
171452.0,0.9988091693956535,0.7736097145388039,True,7,True,5,True,2,False,0,True,5,True,3,True,1,False,0,True,3,True,2,False,0,False,0,True,3,True,1,False,0,False,0,True,3,True,1,False,0,False,0,True,2,True,1,False,0,False,0,True,1,False,0,False,0,False,0,True,1,False,0,False,0,False,0,True,1,False,0,False,0,False,0,False,0,False,0,False,0,False,0,False,0,False,0,False,0,False,0,0.5262795122794096,0.5262795122794096,0.35423560415074606,0.35423560415074606,0.1546780374863506,0.1546780374863506,0.0024486072516215263,0.0024486072516215263
578610.0,0.016076213158678177,3.428571428571429,True,4,True,4,True,2,True,2,True,4,True,3,True,2,True,2,True,4,True,3,True,2,True,2,True,5,True,4,True,2,True,2,True,6,True,5,True,3,True,3,True,7,True,6,True,4,True,4,True,8,True,6,True,4,True,3,True,9,True,7,True,4,True,3,True,9,True,7,True,4,True,3,True,9,True,7,True,4,True,3,True,9,True,7,True,4,True,3,3.4285714285714284,3.2033737297203104,2.5166044073489746,1.0,0.9987670860091662,0.996992786875539,0.996992786875539,0.996992786875539
1620781.0,0.0008931229532598987,3.4285714285714293,True,1,True,1,True,1,True,1,True,1,True,1,True,1,True,1,True,2,True,2,True,2,True,1,True,2,True,2,True,2,True,1,True,2,True,2,True,2,True,1,True,2,True,2,True,2,True,1,True,2,True,2,True,2,True,1,True,2,True,2,True,2,True,1,True,2,True,2,True,2,True,1,True,2,True,2,True,2,False,1,True,2,True,2,True,2,False,1,3.428571428571428,1.0,1.0,1.0,1.0,1.0,0.7083700897721965,0.5360402050057224
1651121.0,0.007889252753795772,3.4285714285714284,True,5,True,5,True,3,True,3,True,6,True,6,True,3,True,2,True,7,True,6,True,4,True,3,True,7,True,5,True,4,False,2,True,8,True,4,True,3,False,2,True,9,True,3,False,2,False,1,True,10,False,2,False,2,False,1,True,10,False,2,False,2,False,1,True,9,False,2,False,2,False,1,True,9,False,2,False,2,False,1,True,9,False,2,False,2,False,1,3.428571428571428,1.0,1.0,0.3766434648105182,1.0,0.316065636328945,0.6393988627132412,0.2235621521335807
612051.0,0.8889550461446859,1.887678356288512,True,8,True,4,True,3,False,0,True,6,False,1,False,1,False,0,True,6,False,1,False,1,False,0,True,5,False,1,False,1,False,0,True,3,False,1,False,1,False,0,True,3,False,1,False,0,False,0,False,1,False,1,False,0,False,0,False,1,False,1,False,0,False,0,False,1,False,0,False,0,False,0,False,1,False,0,False,0,False,0,False,1,False,0,False,0,False,0,1.7930591356575794,0.3816903388552596,0.4736136199939809,0.12185987408540391,0.3396163669355109,0.12185987408540391,0.07599470890725997,0.02565540445815207
479898.0,0.09601071747543911,3.2003678053498916,False,5,False,3,False,3,False,2,False,5,False,3,False,3,False,1,False,4,False,3,False,3,False,1,False,3,False,3,False,3,False,1,False,3,False,3,False,3,False,1,False,3,False,3,False,3,False,1,False,4,False,4,False,3,False,1,False,4,False,4,False,3,False,1,False,5,False,3,False,2,False,1,False,5,False,3,False,1,False,1,False,5,False,3,False,1,False,1,2.1172178625230504,0.0,1.0,0.0,1.0,0.0,0.8277332992436929,0.0
164512.0,0.6105983923786842,3.178728295556783,True,7,True,5,True,5,False,2,True,7,True,4,True,4,False,1,True,4,True,4,True,3,False,1,True,4,True,4,True,2,False,1,True,4,True,4,True,2,False,1,True,4,True,2,True,2,False,1,True,3,True,2,True,2,False,1,True,4,True,2,True,1,False,0,True,4,True,2,True,1,False,0,True,3,True,1,False,0,False,0,True,2,True,1,False,0,False,0,3.123728771812807,3.123728771812807,0.9124728026137017,0.9124728026137017,0.5407055230436383,0.5407055230436383,0.44773224327243083,0.014545415731235085
144700.0,0.07130098243524859,3.4285714285714293,True,4,True,4,True,4,True,3,True,5,True,4,True,4,True,3,True,6,True,5,True,4,True,3,True,6,True,5,True,4,True,3,True,6,True,4,True,4,True,3,True,7,True,5,True,4,True,3,True,8,True,6,True,4,True,3,True,8,True,6,True,4,True,3,True,8,True,6,True,4,True,3,True,8,True,6,True,4,True,3,True,8,True,6,True,4,True,3,3.3494661624023183,2.919224334820947,1.0,1.0,1.0,1.0,0.9190906591079033,0.6660925257866578
405526.0,0.04912176242929443,3.428571428571429,True,4,True,4,True,4,True,4,True,5,True,4,True,4,True,4,True,6,True,5,True,5,True,3,True,6,True,5,True,5,True,3,True,7,True,5,True,5,True,3,True,7,True,5,True,5,True,3,True,7,True,5,True,5,True,3,True,7,True,5,True,5,True,3,True,7,True,5,True,5,True,3,True,7,True,5,True,5,True,3,True,7,True,5,True,5,True,3,3.3777216373168386,3.3777216373168386,1.0,1.0,1.0,1.0,1.0,1.0
634367.0,0.20378088716880025,3.417528409828266,True,9,True,5,True,4,False,2,True,10,True,6,True,5,False,3,True,10,True,6,True,4,False,3,True,11,True,5,True,4,False,2,True,11,True,5,True,3,False,2,True,10,True,5,True,3,False,2,True,9,True,5,True,3,False,2,True,9,True,5,True,3,False,2,True,9,True,4,True,3,False,2,True,9,True,4,True,3,False,2,True,9,True,4,True,3,False,2,3.163120951188366,2.5752126628347574,1.0,1.0,0.9599512080751356,0.9599512080751356,0.709603789929149,0.07813527695002395
1798464.0,0.011312890741292051,3.428571428571429,True,10,True,6,True,3,True,2,True,10,True,6,True,2,True,2,True,10,True,4,True,2,True,2,True,10,True,4,False,2,False,1,True,11,True,4,False,1,False,0,True,11,True,4,False,0,False,0,True,10,True,4,False,0,False,0,True,10,False,3,False,0,False,0,True,9,False,3,False,0,False,0,True,8,False,3,False,0,False,0,True,8,False,1,False,0,False,0,3.428571428571429,1.0,1.0,0.4496255263524446,0.3165926654583921,0.20130333565566125,0.2592898699441424,0.20130333565566125
3370.0,0.14691872581125334,3.406822386204243,True,11,True,6,True,5,True,4,True,12,True,6,True,5,True,3,True,11,True,6,True,5,True,2,True,11,True,5,True,5,True,1,True,11,True,5,True,4,True,1,True,11,True,5,True,4,True,1,True,10,True,5,True,4,True,1,True,10,True,5,True,4,True,1,True,9,True,5,True,4,False,0,True,9,True,5,True,4,False,0,True,10,True,4,True,4,False,0,3.2606933813387893,1.0,1.0,1.0,1.0,1.0,0.45116925174040184,0.45116925174040184
1644966.0,0.012354867520095266,3.428571428571429,True,10,True,4,True,1,True,1,True,9,True,2,True,1,False,0,True,7,True,2,True,1,False,0,True,7,True,1,True,1,False,0,True,5,True,1,False,0,False,0,True,4,True,1,False,0,False,0,True,4,True,1,False,0,False,0,True,4,True,1,False,0,False,0,True,4,False,0,False,0,False,0,True,4,False,0,False,0,False,0,True,4,False,0,False,0,False,0,3.428571428571428,1.164879745001449,0.45629572583750483,0.45629572583750483,0.2539325361107539,0.2539325361107539,0.1442710674768334,0.1442710674768334
80219.0,0.011164036915748734,2.1647863880155356,True,9,True,6,True,3,True,3,True,11,True,6,True,2,True,2,True,11,True,5,False,1,False,1,True,12,True,4,False,1,False,1,True,11,True,4,False,1,False,0,True,11,True,3,False,0,False,0,True,10,True,1,False,0,False,0,True,10,False,0,False,0,False,0,True,10,False,0,False,0,False,0,True,9,False,0,False,0,False,0,True,8,False,0,False,0,False,0,1.162837356805385,1.0,0.4000467856777345,0.4000467856777345,0.32821881926254276,0.18636959370904324,0.26382103913444327,0.18636959370904324
738315.0,0.13888061923191425,3.3254968763962682,True,8,True,6,True,5,True,4,True,8,True,5,True,5,True,4,True,8,True,5,True,5,True,4,True,10,True,4,True,4,True,4,True,13,True,5,True,4,True,3,True,13,True,4,True,3,True,3,True,13,True,4,True,3,True,3,True,12,True,4,True,3,False,2,True,11,True,4,True,3,False,2,True,11,False,3,False,2,False,2,True,10,False,3,False,1,False,1,3.2846077554059794,0.6035686671907484,0.9767440884474584,0.5345419470889032,0.8935058480954886,0.532463237710375,0.8344871335112936,0.405375661930005
1630055.0,0.010270913962488836,3.428571428571429,True,9,True,4,True,3,False,2,True,9,True,4,False,2,False,2,True,8,True,4,False,2,False,2,True,10,True,3,False,1,False,1,True,11,True,2,False,0,False,0,True,11,True,2,False,0,False,0,True,9,True,2,False,0,False,0,True,8,True,2,False,0,False,0,True,8,True,2,False,0,False,0,True,6,False,1,False,0,False,0,False,4,False,1,False,0,False,0,3.428571428571429,0.5695650585240492,0.7992199324717661,0.5374648256004189,0.2921459492888065,0.12803234501347707,0.2921459492888065,0.06407736457268653
29194.0,0.4553438523370051,1.0,False,5,False,2,False,1,False,1,False,3,False,2,False,1,False,1,False,3,False,1,False,1,False,1,False,2,False,1,False,1,False,1,False,1,False,1,False,1,False,1,False,1,False,1,False,1,False,1,False,1,False,1,False,1,False,1,False,1,False,1,False,1,False,1,False,1,False,1,False,1,False,1,False,1,False,1,False,1,False,1,False,1,False,1,False,1,False,0,1.0,0.0,1.0,0.0,1.0,0.0,0.5964597837106507,0.0
1037.0,0.007889252753795772,2.2623858420479817,True,8,True,5,True,4,True,3,True,9,True,5,False,2,False,2,True,10,True,7,False,4,False,1,True,11,True,6,False,2,False,1,True,11,True,5,False,2,False,1,True,10,True,5,False,2,False,1,True,8,True,5,False,2,False,1,True,8,True,4,False,2,False,1,True,7,True,4,False,2,False,0,True,7,True,3,False,2,False,0,True,6,True,3,False,2,False,0,1.2613111726685133,1.0,0.7940481075483127,0.6354580598759328,0.7726258421662445,0.14062720060091066,0.4938420186945882,0.12144263071435972
103.0,0.9998511461744567,0.7106535802810291,True,6,True,3,True,3,False,0,True,5,True,3,False,1,False,0,True,4,True,3,False,1,False,0,True,4,False,2,False,0,False,0,True,4,False,2,False,0,False,0,True,4,False,1,False,0,False,0,True,2,False,1,False,0,False,0,False,1,False,0,False,0,False,0,False,1,False,0,False,0,False,0,False,1,False,0,False,0,False,0,False,0,False,0,False,0,False,0,0.5776519926057828,0.40582791967550946,0.4229554237925607,0.2347924453477176,0.20346501211731083,0.1211612398628064,0.03153585635045499,0.03153585635045499
112174.0,0.1356058350699613,2.8118910158723245,False,5,False,2,False,2,False,2,False,5,False,2,False,2,False,2,False,5,False,2,False,2,False,2,False,5,False,2,False,2,False,2,False,5,False,2,False,2,False,2,False,5,False,2,False,2,False,2,False,4,False,2,False,2,False,2,False,4,False,2,False,2,False,2,False,4,False,2,False,2,False,2,False,4,False,2,False,2,False,2,False,4,False,2,False,2,False,2,1.902881475670792,0.0,1.0,0.0,1.0,0.0,0.7903475109086262,0.0
121748.0,0.1609109854123251,2.900993693575764,True,10,True,6,True,5,False,2,True,9,True,6,True,4,False,1,True,10,True,5,True,3,False,1,True,9,True,5,True,3,False,1,True,8,True,4,True,3,False,1,True,7,True,5,True,4,False,0,True,7,True,5,True,3,False,0,True,6,True,5,True,2,False,0,True,7,True,4,True,1,False,0,True,6,True,4,True,1,False,0,True,6,False,2,False,0,False,0,1.2103541513896605,1.0964318805931612,0.6264495379349044,0.5597322526547859,0.5597322526547859,0.5597322526547859,0.3416141197117094,0.06283021744970656
76020.0,0.05016373920809765,3.335478602232188,False,13,False,2,False,2,False,1,False,11,False,2,False,1,False,1,False,11,False,2,False,1,False,1,False,10,False,1,False,1,False,1,False,8,False,1,False,1,False,1,False,8,False,1,False,1,False,1,False,7,False,1,False,1,False,1,False,6,False,1,False,1,False,1,False,6,False,1,False,1,False,1,False,5,False,1,False,1,False,1,False,5,False,1,False,1,False,1,2.655637883294021,0.0,1.0,0.0,1.0,0.0,0.9761150330826053,0.0
1798881.0,0.009377791009228937,3.4285714285714284,True,7,True,4,True,3,True,3,True,5,True,3,True,3,True,3,True,6,True,4,True,2,True,2,True,6,True,2,True,2,True,2,True,7,True,2,False,1,False,0,True,8,False,0,False,0,False,0,True,8,False,0,False,0,False,0,True,7,False,0,False,0,False,0,True,7,False,0,False,0,False,0,True,7,False,0,False,0,False,0,True,6,False,0,False,0,False,0,3.4285714285714284,0.8057400696480649,0.32228272474909236,0.31707510351249085,0.32228272474909236,0.27192773948181603,0.27192773948181603,0.27192773948181603
97079.0,0.7101816016671628,1.032174127357905,True,10,True,2,True,1,False,0,True,10,True,2,True,1,False,0,True,9,True,2,False,0,False,0,True,9,False,0,False,0,False,0,True,4,False,0,False,0,False,0,True,4,False,0,False,0,False,0,True,3,False,0,False,0,False,0,True,3,False,0,False,0,False,0,True,1,False,0,False,0,False,0,True,1,False,0,False,0,False,0,False,0,False,0,False,0,False,0,0.5762718701059114,0.5762718701059114,0.2240852756421982,0.2214029864609099,0.17711337006800804,0.17711337006800804,0.02942413941465213,0.02942413941465213
1554.0,0.16225066984221495,1.8481514530050078,False,3,False,1,False,1,False,0,False,3,False,1,False,1,False,0,False,3,False,1,False,1,False,0,False,3,False,1,False,1,False,0,False,3,False,1,False,1,False,0,False,3,False,1,False,1,False,0,False,3,False,1,False,1,False,0,False,2,False,1,False,1,False,0,False,2,False,1,False,1,False,0,False,2,False,1,False,1,False,0,False,2,False,1,False,1,False,0,1.0,0.0,1.0,0.0,1.0,0.0,0.006423595725144518,0.0
1772718.0,0.01012206013694552,3.428571428571429,True,9,True,6,True,5,True,2,True,10,True,6,True,4,True,1,True,8,True,6,True,3,True,1,True,8,True,5,True,3,True,1,True,8,True,5,True,3,True,1,True,8,True,4,True,3,True,1,True,8,True,4,True,3,True,1,True,7,True,4,True,2,True,1,True,7,True,4,True,2,True,1,True,7,True,4,True,2,True,1,True,6,True,3,True,2,False,0,3.428571428571429,1.7933087027914614,1.0,1.0,0.763887011758346,0.7330600757228855,0.5586885512806162,0.5586885512806162
1610593.0,0.8070854420958619,3.4285714285714293,True,7,True,3,True,2,False,0,True,6,True,2,False,1,False,0,True,5,False,1,False,1,False,0,True,3,False,1,False,1,False,0,False,1,False,1,False,1,False,0,False,1,False,1,False,1,False,0,False,1,False,1,False,1,False,0,False,1,False,1,False,1,False,0,False,1,False,1,False,1,False,0,False,1,False,1,False,0,False,0,False,1,False,1,False,0,False,0,3.428571428571428,0.29766079808905693,1.1070097822357192,0.15040290129353714,0.5117348309298513,0.13782739279428752,0.07085880726918174,0.0022351485190651404
1792379.0,0.013099136647811848,3.428571428571429,True,11,True,6,True,2,True,2,True,10,True,4,False,1,False,0,True,9,False,1,False,0,False,0,True,7,False,1,False,0,False,0,True,6,False,0,False,0,False,0,True,5,False,0,False,0,False,0,True,5,False,0,False,0,False,0,True,5,False,0,False,0,False,0,True,4,False,0,False,0,False,0,True,4,False,0,False,0,False,0,True,4,False,0,False,0,False,0,3.4285714285714284,0.7416706166572377,0.25287929293148215,0.18615901402786636,0.15035680196354717,0.12909947849614864,0.13876840321502415,0.12909947849614864
1772738.0,0.010866329264662102,3.4285714285714284,True,10,True,6,True,1,True,1,True,10,True,5,True,1,True,1,True,10,True,3,True,1,True,1,True,11,True,2,False,0,False,0,True,8,True,2,False,0,False,0,True,7,False,1,False,0,False,0,True,7,False,1,False,0,False,0,True,7,False,1,False,0,False,0,True,6,False,1,False,0,False,0,True,5,False,1,False,0,False,0,True,5,False,0,False,0,False,0,3.4285714285714284,1.0,0.5891297891297892,0.32409621606414407,0.22544944906243958,0.22544944906243958,0.22544944906243958,0.22544944906243958
133643.0,0.06847275974992557,3.017845377082638,True,10,True,6,True,5,True,3,True,8,True,6,True,4,True,3,True,8,True,6,True,3,True,3,True,8,True,6,True,3,True,3,True,9,True,5,True,2,True,2,True,9,True,5,True,2,True,2,True,9,True,4,True,2,True,2,True,8,True,4,True,2,False,1,True,8,True,4,True,2,False,1,True,8,True,3,True,2,False,1,True,8,True,3,False,1,False,1,2.119016135813004,1.5127535169041113,1.0,0.7062743643890383,0.7558900858197688,0.575758345840446,0.6343494095097773,0.43202715729774316
731771.0,0.013694551949985114,3.4285714285714293,True,4,True,3,True,3,True,3,True,4,True,3,True,3,True,3,True,4,True,3,True,3,True,3,True,5,True,4,True,3,True,3,True,5,True,4,True,3,True,3,True,5,True,4,True,3,True,3,True,5,True,4,True,3,True,3,True,5,True,4,True,3,True,3,True,5,True,3,True,3,True,2,True,4,True,3,True,3,True,2,True,4,True,3,True,3,True,2,3.4285714285714284,3.4285714285714284,1.0,1.0,1.0,1.0,1.0,1.0
10158.0,0.7018457874367371,1.4513288482193911,True,11,True,4,True,2,True,1,True,9,True,3,True,1,False,0,True,7,True,3,True,1,False,0,True,6,True,3,True,1,False,0,True,8,True,1,False,0,False,0,True,5,False,0,False,0,False,0,True,5,False,0,False,0,False,0,True,5,False,0,False,0,False,0,True,4,False,0,False,0,False,0,True,3,False,0,False,0,False,0,True,3,False,0,False,0,False,0,0.6981025688097325,0.6981025688097325,0.3261537673569408,0.3261537673569408,0.2735040806575264,0.2735040806575264,0.10374196983740044,0.10374196983740044
1504925.0,0.02857993450431676,3.4285714285714293,True,8,True,7,True,2,True,2,True,9,True,5,True,2,True,2,True,9,True,5,True,2,True,2,True,9,True,4,True,2,True,2,True,7,True,4,True,2,True,2,True,6,True,4,True,2,True,2,True,5,True,4,True,2,True,2,True,5,True,3,True,2,True,2,True,5,True,3,True,2,True,2,True,5,True,3,True,2,True,2,True,5,True,2,True,2,True,2,3.428571428571428,2.008027363022596,1.0,1.0,1.0,0.8504680265688427,1.0,0.8504680265688427
777492.0,0.2837153914855612,3.1346668731811835,True,6,True,3,True,3,True,2,True,7,True,4,True,2,True,2,True,10,True,7,True,4,True,2,True,8,True,7,True,4,True,2,True,8,True,7,True,3,True,2,True,8,True,7,True,3,True,2,True,8,True,7,True,3,True,2,True,8,True,7,True,3,True,2,True,9,True,6,True,2,True,1,True,8,True,4,True,2,True,1,True,8,True,3,True,1,True,1,3.099573730262421,3.099573730262421,1.0,1.0,1.0,1.0,0.6260599443079529,0.6260599443079529
520084.0,0.27865436141708844,3.3278707963744085,True,7,True,5,True,4,True,4,True,7,True,4,True,4,True,4,True,7,True,4,True,4,True,3,True,8,True,5,True,5,True,4,True,8,True,5,True,5,True,4,True,8,True,5,True,5,True,4,True,9,True,6,True,4,True,3,True,9,True,4,True,4,True,3,True,9,True,4,True,4,True,3,True,9,True,4,True,4,True,3,True,9,True,4,True,4,True,3,3.0844727325270163,1.3862362372939179,1.4599144615707362,0.9380745166317663,1.151463150154822,0.9019470718299809,0.8976207812624936,0.8976207812624936
254996.0,0.15957130098243524,3.390771248929051,True,9,True,5,True,4,True,4,True,9,True,5,True,4,True,4,True,10,True,5,True,4,True,4,True,10,True,4,True,4,True,4,True,11,True,4,True,4,True,4,True,12,True,5,True,3,True,3,True,12,True,5,True,3,True,3,True,12,True,5,True,3,True,2,True,12,True,5,True,3,True,2,True,12,True,5,True,3,True,2,True,11,True,4,True,3,True,1,3.0642699593960807,3.0642699593960807,0.9987828015434063,0.9250044016092429,0.9873505179328002,0.9250044016092429,0.6626552791243251,0.6626552791243251
10374.0,0.9099434355462935,0.8205013358775779,True,8,True,2,False,0,False,0,True,3,True,1,False,0,False,0,True,3,True,1,False,0,False,0,True,2,True,1,False,0,False,0,True,1,True,1,False,0,False,0,True,1,True,1,False,0,False,0,True,1,False,0,False,0,False,0,True,1,False,0,False,0,False,0,True,1,False,0,False,0,False,0,True,1,False,0,False,0,False,0,True,1,False,0,False,0,False,0,0.6926982930619471,0.6926982930619471,0.3654458482823511,0.3654458482823511,0.018843409526286197,0.0019518652719905073,0.0030494991738605802,0.0008744648217118029
508180.0,0.013396844298898482,3.417329094775345,True,2,True,2,True,2,True,2,True,2,True,2,True,2,True,2,True,3,True,3,True,3,True,2,True,6,True,5,True,5,False,2,True,6,True,5,True,5,False,2,True,5,True,5,True,4,False,2,True,6,True,5,True,3,False,2,True,6,True,5,True,3,False,2,True,7,True,5,True,4,False,3,True,7,True,5,True,4,False,3,True,7,True,4,True,4,False,3,2.94724192017937,1.1260980470149555,1.0,1.0,0.9897367643565373,0.8115011450498902,0.964975535333602,0.21992883130820265
295922.0,0.02604941947008038,3.428571428571429,True,6,True,2,True,2,True,2,True,6,True,2,True,2,True,2,True,6,True,2,True,2,True,2,True,6,True,2,True,2,True,2,True,5,True,2,True,2,False,1,True,4,True,2,True,2,False,1,True,6,True,3,True,3,False,2,True,6,True,3,True,3,False,2,True,6,True,3,True,3,False,2,True,6,True,3,True,3,False,2,True,6,True,3,True,3,False,2,3.4285714285714275,1.255918215910235,1.0,0.9907947455388728,1.0,0.9841777380462721,1.0,0.25959280762863
851368.0,0.020988389401607622,3.4285714285714293,True,3,True,2,True,1,True,1,True,3,True,2,True,1,True,1,True,4,True,3,True,2,True,2,True,4,True,3,True,2,True,2,True,5,True,3,True,2,True,1,True,5,True,3,True,2,True,1,True,5,True,3,True,2,True,1,True,5,True,3,True,2,True,1,True,5,True,3,True,2,True,1,True,5,True,3,True,2,True,1,True,5,True,3,True,2,True,1,3.4285714285714275,3.4285714285714275,1.0,1.0,1.0,1.0,1.0,1.0
405441.0,0.8736231021137243,1.837506239802914,True,7,True,2,True,2,False,1,True,7,True,2,True,1,False,0,True,5,True,2,True,1,False,0,True,5,True,2,True,1,False,0,True,4,True,2,True,1,False,0,True,4,True,1,False,0,False,0,True,4,False,0,False,0,False,0,True,4,False,0,False,0,False,0,True,3,False,0,False,0,False,0,True,3,False,0,False,0,False,0,True,3,False,0,False,0,False,0,1.0388851018255782,1.0388851018255782,0.37092840176116787,0.37092840176116787,0.3249615425382576,0.3249615425382576,0.11982248132712128,0.04745485223020601
411372.0,0.0596903840428699,3.3814955576853194,True,7,True,7,True,5,True,2,True,7,True,7,True,4,True,2,True,7,True,6,True,4,True,2,True,9,True,7,False,2,False,1,True,10,True,6,False,1,False,0,True,9,True,6,False,1,False,0,True,9,True,5,False,1,False,0,True,9,True,5,False,1,False,0,True,9,True,5,False,1,False,0,True,9,True,5,False,1,False,0,True,9,True,4,False,1,False,0,2.9441087917760704,1.3644090040034227,1.0,0.988068506522922,0.886980745921786,0.22889210741624738,0.270693855125494,0.22889210741624738
300547.0,0.994343554629354,2.965271896282149,True,9,True,4,True,3,True,3,True,8,True,4,True,3,True,3,True,7,True,3,True,3,True,3,True,5,True,3,True,3,True,3,True,5,True,3,True,3,True,3,True,5,True,3,True,3,True,2,True,5,True,3,True,3,True,1,True,5,True,3,True,3,True,1,True,7,True,3,False,1,False,0,True,7,True,2,False,1,False,0,True,7,False,1,False,0,False,0,2.377732520549232,0.776277676221105,0.7930475877394991,0.5942043136802937,0.5621642259941192,0.49125192786915844,0.49125192786915844,0.49125192786915844
1738108.0,0.012503721345638583,3.4285714285714293,True,6,True,5,True,3,True,3,True,9,True,5,False,1,False,1,True,10,False,3,False,1,False,1,True,9,False,2,False,1,False,1,True,9,False,2,False,1,False,1,True,8,False,1,False,1,False,1,True,6,False,1,False,1,False,1,True,5,False,1,False,1,False,1,True,6,False,2,False,0,False,0,True,6,False,2,False,0,False,0,True,5,False,2,False,0,False,0,3.4285714285714293,1.0477999835512788,1.0618518442158218,0.1950782389439596,0.4595490716180372,0.1100753179404864,0.4595490716180372,0.1100753179404864
1508962.0,0.5133968442988985,2.749775086800745,True,7,True,5,True,5,True,3,True,8,True,5,True,4,True,3,True,9,True,4,True,4,True,3,True,8,True,4,True,3,True,3,True,7,True,4,True,3,True,3,True,9,True,5,True,3,True,1,True,9,True,5,True,3,True,1,True,9,True,5,True,2,True,1,True,9,True,5,True,1,True,1,True,8,True,5,True,1,True,1,True,7,True,4,True,1,True,1,2.3394925126740533,1.0,1.0,1.0,1.0,1.0,0.8531782470602537,0.8531782470602537
841082.0,0.22357844596606133,3.2253433986935574,True,7,True,3,True,3,True,3,True,13,True,6,True,4,False,2,True,13,True,6,True,4,False,2,True,13,True,5,False,3,False,2,True,13,True,5,False,2,False,2,True,13,True,5,False,2,False,2,True,13,True,5,False,2,False,1,True,13,True,5,False,2,False,1,True,13,True,5,False,1,False,1,True,14,True,5,False,0,False,0,True,13,True,5,False,0,False,0,1.7801197351188798,1.6168503455357566,0.9849613481898567,0.9690200097284377,0.5280185980726668,0.23913052430170018,0.5280185980726668,0.1135742785273306
34834.0,0.07219410538850848,3.3865880158267325,True,6,True,3,True,3,True,3,True,8,True,4,True,3,True,3,True,7,True,4,True,3,True,3,True,7,True,4,True,3,True,3,True,7,True,5,True,4,True,4,True,8,True,6,True,4,True,3,True,9,True,6,True,4,True,2,True,10,True,5,True,3,True,2,True,10,True,5,True,3,True,2,True,11,True,6,True,3,True,2,True,9,True,5,True,3,True,2,3.1743592585636597,1.1930232866058983,0.9998572477445586,0.9998572477445586,0.9985327822591564,0.9929851171560021,0.9815726384145946,0.9815726384145946
156573.0,0.9998511461744567,0.8056616529957188,True,8,True,2,False,0,False,0,True,6,True,2,False,0,False,0,True,5,True,2,False,0,False,0,True,5,True,2,False,0,False,0,True,4,False,0,False,0,False,0,True,3,False,0,False,0,False,0,False,1,False,0,False,0,False,0,False,0,False,0,False,0,False,0,False,0,False,0,False,0,False,0,False,0,False,0,False,0,False,0,False,0,False,0,False,0,False,0,0.4317569210759323,0.3792565325853815,0.29623002221789735,0.29623002221789735,0.04757452388721833,0.02481326445597848,0.005953969450824317,0.0007521159887240611
737244.0,0.23980351295028282,2.6528154224785436,True,9,True,8,True,5,True,3,True,10,True,9,True,5,True,2,True,11,True,7,True,4,False,1,True,11,True,6,True,2,False,1,True,11,True,6,True,2,False,1,True,10,True,4,True,2,False,0,True,10,True,4,False,1,False,0,True,10,True,4,False,1,False,0,True,10,True,4,False,0,False,0,True,9,True,4,False,0,False,0,True,9,True,3,False,0,False,0,1.7198676840145164,1.7198676840145164,0.8804071879193798,0.7803829886133954,0.46963536274553874,0.36471884805247534,0.3156054698721035,0.18870147161300493
650976.0,0.11015183090205419,3.3723061687007925,True,5,True,4,True,3,True,3,True,7,True,5,True,3,True,3,True,7,True,5,True,3,True,3,True,10,True,8,True,5,True,4,True,10,True,7,True,5,True,4,True,11,True,7,True,4,True,3,True,9,True,7,True,4,True,3,True,9,True,7,True,4,True,3,True,9,True,7,True,4,True,3,True,9,True,6,True,3,True,3,True,8,True,6,True,3,False,2,3.193198710449353,2.585344750822553,0.9841522319256412,0.9557109223455656,0.9168529189088265,0.7838224150812403,0.7978596425027049,0.550364598317576
98094.0,0.13902947305745758,3.0222729861598236,True,8,True,6,True,6,True,3,True,9,True,7,True,4,True,2,True,9,True,6,True,4,True,2,True,8,True,5,True,4,True,2,True,8,True,5,True,4,True,1,True,8,True,5,True,4,True,1,True,9,True,5,True,5,True,1,True,9,True,5,True,5,True,1,True,9,True,5,True,5,True,1,True,9,True,4,True,4,True,1,True,9,True,3,True,3,True,1,2.1912359677940954,2.186086547987689,0.9988228916310026,0.9152726052153504,0.9607182088680483,0.7096314520541421,0.7096314520541421,0.7096314520541421
1757969.0,0.011312890741292051,3.428571428571429,True,10,True,4,True,3,True,1,True,11,False,2,False,2,False,1,True,11,False,2,False,2,False,1,True,8,False,2,False,1,False,0,True,7,False,1,False,1,False,0,True,5,False,1,False,1,False,0,True,5,False,1,False,1,False,0,True,4,False,1,False,1,False,0,True,4,False,1,False,1,False,0,True,4,False,1,False,1,False,0,True,4,False,1,False,1,False,0,3.4285714285714284,0.6939300943645622,1.0,0.13389408518942195,0.9346660165772793,0.11654667529525972,0.20917075901970164,0.11654667529525972
429754.0,0.051503423637987496,3.428571428571429,True,5,True,4,True,4,True,4,True,5,True,4,True,4,True,4,True,6,True,5,True,4,True,4,True,6,True,5,True,4,True,4,True,7,True,6,True,4,False,3,True,7,True,5,True,4,False,3,True,8,True,6,True,5,False,3,True,8,True,6,False,4,False,3,True,8,True,6,False,4,False,3,True,8,True,6,False,4,False,3,True,8,True,6,False,4,False,3,3.1213414087307934,2.2473063185696,1.0,0.6139843326952228,1.0,0.41609572715953225,0.8361572124688014,0.28093164787704056
1665349.0,0.010568621613575468,3.4285714285714293,True,7,True,6,True,4,True,4,True,7,True,6,True,4,True,4,True,8,True,4,True,4,True,4,True,11,True,4,True,2,True,2,True,11,True,3,True,2,True,2,True,10,True,3,True,2,True,2,True,11,True,3,True,2,True,2,True,10,True,3,True,2,True,2,True,10,True,3,True,2,True,2,True,8,True,3,True,2,True,2,True,8,True,3,True,2,True,2,3.4285714285714284,1.247389653535833,1.0,1.0,1.0,1.0,1.0,1.0
1490521.0,0.9998511461744567,2.692012702950707,True,8,True,5,True,4,True,3,True,11,True,6,False,3,False,1,True,12,True,6,False,3,False,1,True,14,False,3,False,2,False,1,True,15,False,2,False,1,False,0,True,10,False,2,False,1,False,0,True,10,False,2,False,1,False,0,True,8,False,1,False,1,False,0,True,8,False,1,False,1,False,0,True,8,False,1,False,1,False,0,True,8,False,1,False,1,False,0,1.70729199477471,0.7879534617081831,0.8636605144711097,0.22830176780526645,0.7046589283390478,0.12045608706249034,0.2792546707630944,0.12045608706249034
50506.0,0.2895206906817505,2.650777608599274,True,11,True,7,True,6,True,2,True,11,True,5,True,4,True,2,True,12,True,5,True,2,True,1,True,11,True,5,True,2,True,1,True,10,True,5,True,2,True,1,True,10,True,5,True,2,True,1,True,9,True,5,True,2,True,1,True,6,True,4,True,2,False,0,True,6,True,4,True,1,False,0,True,6,True,4,True,1,False,0,True,6,True,3,True,1,False,0,1.6733150762836622,0.8110083478290963,0.7086224173419796,0.660326912143084,0.6174299387770282,0.6174299387770282,0.42412055891897876,0.42412055891897876
1805076.0,0.012503721345638583,3.4285714285714293,True,7,True,5,False,3,False,3,True,8,True,4,False,3,False,2,True,9,True,4,False,3,False,0,True,8,True,4,False,2,False,0,True,8,False,3,False,2,False,0,True,8,False,3,False,2,False,0,True,8,False,3,False,2,False,0,True,9,False,2,False,1,False,0,False,9,False,1,False,0,False,0,False,9,False,1,False,0,False,0,False,6,False,1,False,0,False,0,3.428571428571428,0.49442644923489326,0.6547506703216045,0.2595030664727316,0.47617367015980017,0.030799682106494235,0.17586382962010158,0.030799682106494235
1658327.0,0.011015183090205419,3.4285714285714293,True,10,True,3,True,3,True,2,True,12,True,3,True,3,False,1,True,11,False,2,False,2,False,1,True,10,False,2,False,1,False,1,True,11,False,2,False,0,False,0,True,10,False,0,False,0,False,0,True,8,False,0,False,0,False,0,True,7,False,0,False,0,False,0,True,6,False,0,False,0,False,0,True,6,False,0,False,0,False,0,True,6,False,0,False,0,False,0,3.428571428571428,1.0,0.34904954602645627,0.19795093795093788,0.2608424071208528,0.19795093795093788,0.2608424071208528,0.14409273695324956
1726723.0,0.009377791009228937,3.428571428571429,True,9,True,4,True,3,True,2,True,10,True,3,True,3,True,2,True,11,True,2,True,2,False,1,True,11,True,2,False,1,False,1,True,10,True,2,False,1,False,1,True,10,True,2,False,1,False,1,True,11,False,1,False,1,False,0,True,7,False,1,False,1,False,0,True,6,False,1,False,0,False,0,True,6,False,1,False,0,False,0,True,6,False,1,False,0,False,0,3.428571428571428,1.0,0.7513464652932095,0.36981448680898665,0.48836524300441814,0.24146275067299855,0.3630672268907562,0.1875853591914777
488877.0,0.4230425721941054,3.1036871608034686,True,7,True,5,True,4,True,3,True,8,True,4,True,4,True,3,True,7,True,3,True,3,True,3,True,6,True,3,True,3,True,3,True,6,True,3,True,3,True,3,True,6,True,3,True,3,True,3,True,7,True,4,True,3,True,3,True,9,True,4,True,3,True,2,True,9,True,4,True,2,True,2,True,9,True,3,True,1,True,1,True,9,True,3,True,1,False,0,2.9274229536178042,2.9274229536178042,0.9724980474910738,0.9724980474910738,0.6432593231023269,0.6432593231023269,0.5607602934766587,0.5607602934766587
1792677.0,0.010270913962488836,3.428571428571429,True,7,True,5,True,3,True,2,True,10,True,6,True,2,True,2,True,10,True,5,True,2,True,2,True,11,True,5,False,1,False,1,True,12,True,6,False,1,False,0,True,12,False,3,False,1,False,0,True,12,False,3,False,1,False,0,True,11,False,3,False,1,False,0,True,10,False,3,False,1,False,0,True,9,False,3,False,1,False,0,True,9,False,3,False,1,False,0,3.4285714285714284,0.906425238225952,1.252592788737367,0.3112498815053559,0.9531282501675639,0.21108508977361437,0.2892186661898803,0.21108508977361437
1770254.0,0.011610598392378685,3.4285714285714284,True,9,True,5,True,4,True,4,True,10,True,5,True,2,True,1,True,10,True,3,True,1,True,1,True,10,True,1,True,1,True,1,True,9,True,1,True,1,True,1,True,10,True,1,False,0,False,0,True,9,True,1,False,0,False,0,True,7,True,1,False,0,False,0,True,7,True,1,False,0,False,0,True,6,True,1,False,0,False,0,True,4,True,1,False,0,False,0,3.428571428571428,0.8105270468936299,0.8105270468936299,0.8105270468936299,0.34375089518462293,0.34375089518462293,0.34375089518462293,0.34375089518462293
377112.0,0.2188151235486752,3.3796128969098764,True,5,True,5,True,5,False,1,True,6,True,6,True,4,False,2,True,9,True,8,True,5,False,2,True,9,True,7,True,5,False,1,True,11,True,6,True,4,False,1,True,11,True,6,True,4,False,1,True,11,True,6,True,4,False,1,True,11,True,6,True,4,False,1,True,11,True,6,True,4,False,1,True,12,True,6,True,3,False,0,True,10,True,6,True,3,False,0,3.143125431556732,3.143125431556732,1.160599710085263,0.9970872422467559,0.993980007918131,0.9881635390075276,0.502175211252976,0.07200221482176039
1797032.0,0.009824352485858886,3.4285714285714284,True,10,True,5,True,2,True,2,True,9,True,5,True,2,True,2,True,9,False,4,False,1,False,1,True,8,False,4,False,1,False,1,True,8,False,4,False,1,False,1,True,7,False,4,False,1,False,1,True,8,False,3,False,1,False,1,True,8,False,2,False,1,False,1,True,7,False,2,False,1,False,1,True,6,False,2,False,1,False,1,True,6,False,1,False,1,False,1,3.4285714285714284,1.0839105134540348,1.0,0.19890604890604896,0.9167828916782893,0.19890604890604896,0.9167828916782893,0.19890604890604896
1758858.0,0.010419767788032152,3.428571428571429,True,6,True,5,True,2,True,2,True,7,True,5,True,2,True,2,True,7,True,3,True,2,True,2,True,8,True,4,True,2,True,2,True,9,True,3,True,2,True,2,True,9,True,3,True,2,True,2,True,9,True,3,True,2,True,2,True,7,True,3,True,2,True,2,True,7,True,3,True,2,True,2,True,6,True,3,True,2,True,2,True,6,True,3,True,2,True,2,3.4285714285714284,3.4285714285714284,1.2057032115171653,1.0,1.0,1.0,1.0,1.0
792059.0,0.9648704971717773,3.057257834412053,True,9,True,3,True,3,True,3,True,8,True,3,True,3,True,3,True,9,True,3,True,3,False,2,True,8,True,3,True,3,False,2,True,8,True,3,True,3,False,1,True,8,True,3,True,3,False,1,True,8,True,3,True,3,False,1,True,7,True,3,True,3,False,1,True,6,True,3,True,3,False,1,True,7,False,2,False,2,False,1,True,6,False,2,False,1,False,1,2.759930289240688,2.3936699262728287,0.8754974852689598,0.5240988081484288,0.7983336504758357,0.5240988081484288,0.6916599462471172,0.1655976728099863
837876.0,0.10657933908901458,3.4285714285714297,True,4,True,2,True,2,True,2,True,5,True,4,True,4,True,4,True,5,True,4,True,4,True,4,True,5,True,4,True,4,True,4,True,5,True,4,True,4,True,4,True,5,True,4,True,4,True,4,True,5,True,4,True,4,True,4,True,5,True,4,True,4,True,4,True,5,True,4,True,4,True,4,True,5,True,4,True,4,True,4,True,5,True,4,True,4,True,4,3.4285714285714297,3.4285714285714297,1.0,1.0,1.0,1.0,1.0,1.0
1786188.0,0.011461744566835368,3.4285714285714284,True,8,True,7,True,5,False,2,True,10,True,5,True,3,False,1,True,10,True,3,True,2,False,1,True,10,True,3,True,2,False,0,True,10,True,3,True,2,False,0,True,7,True,3,False,0,False,0,True,7,True,3,False,0,False,0,True,6,True,3,False,0,False,0,True,6,True,2,False,0,False,0,True,5,True,2,False,0,False,0,True,5,True,2,False,0,False,0,3.4285714285714284,0.7411873840445269,1.5701273352542056,0.6903010961565145,0.34669137988270443,0.3014788178982212,0.21585465974282378,0.05328828655891276
1750983.0,0.010568621613575468,3.4285714285714284,True,9,True,6,False,3,False,2,True,10,True,5,False,2,False,1,True,11,True,5,False,2,False,0,True,11,False,3,False,2,False,0,True,10,False,2,False,2,False,0,True,8,False,2,False,2,False,0,True,8,False,2,False,2,False,0,True,8,False,2,False,2,False,0,True,6,False,2,False,2,False,0,True,6,False,1,False,1,False,0,True,6,False,1,False,0,False,0,3.4285714285714284,1.1047128129602357,0.6811972266080869,0.22606589726723678,0.5621759244884653,0.08952067669172942,0.15012859311897697,0.08952067669172942
509608.0,0.030217326585293244,1.0,False,1,False,1,False,1,False,1,False,2,False,1,False,1,False,1,False,1,False,1,False,1,False,1,False,1,False,1,False,1,False,1,False,1,False,1,False,1,False,1,False,1,False,1,False,1,False,1,False,1,False,1,False,1,False,1,False,1,False,1,False,1,False,1,False,1,False,1,False,1,False,1,False,1,False,1,False,1,False,1,False,1,False,1,False,1,False,1,1.0,0.0,1.0,0.0,1.0,0.0,0.7331064105142211,0.0
590832.0,0.07621315867817803,2.4276984073770884,True,7,True,4,True,4,True,3,True,10,True,6,True,4,True,3,True,10,True,5,True,3,True,2,True,10,True,3,True,2,True,2,True,10,True,3,True,2,True,2,True,9,True,2,True,2,True,1,True,9,True,1,True,1,True,1,True,8,True,1,True,1,True,1,True,8,True,1,True,1,True,1,True,9,True,2,True,2,False,0,True,9,True,2,True,2,False,0,1.7980298943859818,1.7980298943859818,1.0,1.0,1.0,1.0,0.5124647932242128,0.5124647932242128
230257.0,0.38761536171479605,3.2971318460194547,True,5,True,5,True,3,True,3,True,5,True,5,True,3,True,3,True,5,True,5,True,3,True,3,True,5,True,5,True,3,True,3,True,5,True,5,True,3,True,3,True,6,True,6,True,4,True,4,True,6,True,6,True,4,True,4,True,6,True,5,True,4,True,4,True,6,True,5,True,4,True,3,True,7,True,5,True,4,False,2,True,8,True,5,True,4,False,1,3.208844938872004,1.2917188381532656,1.0993275509600944,1.0993275509600944,0.9449602626126847,0.7907805383809487,0.9311202178229603,0.538506171257465
565727.0,0.9918130395951176,2.996093485140091,True,6,True,5,True,4,True,3,True,7,True,4,True,4,True,3,True,8,True,3,True,3,True,3,True,6,True,3,True,3,True,3,True,6,True,3,True,3,True,3,True,7,True,4,True,3,True,3,True,6,True,3,True,3,True,3,True,4,True,3,True,3,True,3,True,3,True,3,True,3,True,3,True,3,True,3,True,3,True,3,True,3,True,3,True,3,True,3,2.8243808264712604,2.8243808264712604,0.8512524400626009,0.8512524400626009,0.841132108018441,0.7583864996647577,0.7583864996647577,0.7583864996647577
1541414.0,0.019053289669544508,3.4285714285714293,True,3,True,3,True,3,True,3,True,3,True,3,True,3,True,3,True,6,True,5,True,5,True,4,True,6,True,5,True,5,True,4,True,6,True,5,True,5,True,4,True,6,True,5,True,5,True,4,True,7,True,5,True,5,True,3,True,8,True,6,True,5,False,3,True,9,True,6,True,5,False,2,True,8,True,5,True,4,False,2,True,8,True,4,True,3,False,2,3.4285714285714284,2.5756242410039616,2.8348356311813223,0.9992908946803831,1.0,0.6917558745526601,1.0,0.40332757824419396
378824.0,0.16835367668949092,2.22829788540844,True,11,True,5,True,2,True,2,True,12,True,3,True,2,True,2,True,13,True,4,True,1,True,1,True,12,True,3,True,1,True,1,True,11,True,3,True,1,True,1,True,10,True,3,True,1,True,1,True,10,True,2,True,1,True,1,True,9,True,2,True,1,True,1,True,9,True,2,True,1,True,1,True,7,True,1,True,1,True,1,True,4,True,1,True,1,True,1,1.7320188668145406,1.7320188668145406,0.7064150395084999,0.7064150395084999,0.6835964581418934,0.6835964581418934,0.6751678166967948,0.6751678166967948
165547.0,0.037660017862459066,3.4285714285714284,True,3,True,3,True,3,True,3,True,3,True,3,True,3,True,3,True,3,True,3,True,2,True,2,True,4,True,4,True,3,True,2,True,4,True,4,True,3,True,2,True,4,True,3,True,3,True,2,True,5,True,3,True,2,True,2,True,6,True,3,True,2,True,2,True,6,True,3,True,2,True,2,True,7,True,4,True,3,True,2,True,6,True,4,True,3,True,2,3.353867895193869,3.353867895193869,1.7031301183149168,1.0,1.0,1.0,1.0,1.0
666113.0,0.01428996725215838,1.9553973956489212,False,1,False,1,False,1,False,0,False,1,False,1,False,1,False,0,False,1,False,1,False,1,False,0,False,1,False,1,False,1,False,0,False,1,False,1,False,1,False,0,False,1,False,1,False,1,False,0,False,1,False,1,False,1,False,0,False,1,False,1,False,1,False,0,False,1,False,1,False,1,False,0,False,1,False,1,False,1,False,0,False,1,False,1,False,1,False,0,1.0,0.0,1.0,0.0,1.0,0.0,0.021798095271737802,0.0
322201.0,0.9889848169097946,3.0051021287686472,True,10,True,3,True,2,False,1,True,4,True,3,True,2,False,0,True,3,True,2,True,2,False,0,True,3,True,2,True,2,False,0,True,3,True,2,True,2,False,0,True,3,True,2,True,2,False,0,True,2,True,2,True,2,False,0,True,2,True,2,True,2,False,0,True,2,True,2,True,2,False,0,True,2,True,2,True,1,False,0,True,2,True,2,False,0,False,0,1.626962235291654,0.8920659697404902,0.855160680744276,0.8260262883219904,0.587671654329358,0.587671654329358,0.11120708535445231,0.04831464525799504
2008461.0,0.46591247395058055,3.4285714285714297,True,6,False,1,False,1,False,0,True,4,False,1,False,1,False,0,True,2,False,1,False,1,False,0,False,1,False,1,False,1,False,0,False,1,False,1,False,1,False,0,False,1,False,1,False,1,False,0,False,1,False,1,False,0,False,0,False,1,False,1,False,0,False,0,False,1,False,1,False,0,False,0,False,1,False,1,False,0,False,0,False,1,False,1,False,0,False,0,3.428571428571428,0.23537985054324304,1.1458038222536602,0.014268425864938395,0.39501316564104516,0.014268425864938395,0.0028009272505474456,0.0028009272505474456
629496.0,0.13932718070854422,3.113716812810062,True,9,True,5,True,4,True,3,True,9,True,5,True,4,True,2,True,9,True,5,True,3,True,2,True,10,True,4,True,2,True,2,True,10,True,4,True,2,True,2,True,11,True,4,True,1,True,1,True,12,True,4,True,1,True,1,True,12,True,4,True,1,True,1,True,12,True,4,True,1,True,1,True,12,True,3,True,1,True,1,True,12,True,3,True,1,True,1,1.9177467817513139,1.0,0.9567920586474534,0.9567920586474534,0.9567920586474534,0.9567920586474534,0.703549613670357,0.703549613670357
565363.0,0.19202143495087823,3.4285714285714284,True,6,True,6,True,5,True,4,True,7,True,7,True,6,True,4,True,7,True,7,True,6,True,4,True,7,True,6,True,6,True,4,True,8,True,6,True,6,True,3,True,10,True,7,True,6,True,2,True,10,True,7,True,5,False,1,True,10,True,7,True,5,False,0,True,11,True,7,True,4,False,0,True,11,True,5,True,4,False,0,True,11,True,5,True,4,False,0,2.2879647863093124,1.0,1.0,0.7498712918175283,0.844170187604317,0.6973049719851391,0.41018636773973793,0.35477222564508826
1553485.0,0.03899970229234891,3.428571428571429,True,4,True,4,True,4,True,4,True,4,True,4,True,4,True,4,True,5,True,5,True,4,True,4,True,6,True,5,True,4,True,3,True,6,True,5,True,3,True,3,True,6,True,5,True,3,True,3,True,6,True,5,True,3,True,3,True,6,True,4,True,3,True,3,True,6,True,4,True,3,True,3,True,6,True,4,True,3,True,3,True,6,True,5,True,4,True,3,3.428571428571429,3.4285714285714284,1.0,1.0,1.0,1.0,1.0,1.0
1756668.0,0.009526644834772254,3.428571428571429,True,7,True,6,True,4,True,2,True,9,True,5,False,2,False,0,True,8,True,4,False,2,False,0,True,9,True,4,False,1,False,0,True,8,True,4,False,1,False,0,True,6,True,4,False,1,False,0,True,6,True,3,False,1,False,0,True,6,True,3,False,0,False,0,True,5,True,3,False,0,False,0,True,5,True,2,False,0,False,0,True,6,False,0,False,0,False,0,3.4285714285714284,1.0480912488093201,0.586428170369776,0.5754378087112708,0.41189495221278627,0.14686014510883166,0.14686014510883166,0.14686014510883166
381203.0,0.12161357546888955,3.4285714285714293,True,5,True,3,True,3,True,2,True,6,True,3,True,3,True,2,True,6,True,3,True,2,True,2,True,5,True,3,True,3,True,3,True,5,True,3,True,3,True,3,True,5,True,3,True,3,True,2,True,5,True,3,True,2,True,2,True,5,True,3,True,2,True,2,True,5,True,3,True,2,True,2,True,6,True,3,True,2,True,2,True,6,True,3,True,2,True,2,3.428571428571428,3.428571428571428,1.0,1.0,1.0,1.0,1.0,1.0
599828.0,0.027984519202143496,3.4285714285714293,True,5,True,5,True,3,True,2,True,5,True,4,True,2,True,2,True,6,True,4,True,3,True,3,True,7,True,5,True,3,True,2,True,7,True,5,True,3,True,2,True,7,True,5,True,3,True,2,True,8,True,6,True,4,True,2,True,8,True,6,True,4,False,1,True,8,True,6,True,4,False,1,True,8,True,6,True,4,False,1,True,8,True,6,True,4,False,1,3.428571428571428,1.7519176866691961,1.0,0.7656914901511096,1.0,0.7656914901511096,1.0,0.41484673553391305
1771587.0,0.010419767788032152,3.4285714285714284,True,9,True,4,True,3,True,3,True,9,True,4,True,3,True,2,True,8,True,3,True,2,True,2,True,7,True,3,True,2,True,2,True,8,True,3,True,2,False,0,True,7,True,3,True,2,False,0,True,7,True,3,True,2,False,0,True,8,True,2,True,1,False,0,True,6,True,2,True,1,False,0,True,7,False,0,False,0,False,0,True,6,False,0,False,0,False,0,3.4285714285714284,1.0276102399142206,0.5379939209726443,0.5379939209726443,0.5379939209726443,0.5379939209726443,0.28552658041161083,0.28552658041161083
136502.0,0.10330455492706163,2.8737331275678484,False,3,False,2,False,2,False,2,False,5,False,3,False,3,False,1,False,5,False,3,False,2,False,1,False,6,False,4,False,2,False,1,False,6,False,4,False,2,False,1,False,6,False,4,False,2,False,1,False,6,False,4,False,2,False,1,False,6,False,4,False,2,False,1,False,7,False,3,False,2,False,1,False,7,False,3,False,2,False,1,False,8,False,2,False,1,False,1,2.285793557914763,0.0,1.0,0.0,1.0,0.0,0.9991960984619269,0.0
369939.0,0.13605239654659124,3.4087414198942567,True,6,True,4,True,4,True,3,True,8,True,5,True,5,True,4,True,8,True,5,True,5,True,4,True,7,True,5,True,5,True,4,True,7,True,5,True,5,True,4,True,9,True,5,True,5,True,3,True,9,True,5,True,5,True,3,True,9,True,5,True,4,True,3,True,10,True,4,True,3,True,3,True,10,True,3,True,3,True,3,True,9,True,3,True,3,True,3,3.174133182884065,2.814391672426543,1.0,0.8623055527661909,0.9989342929739926,0.8010211170066249,0.9881336530597616,0.7541997246911347
11212.0,0.467996427508187,2.295931283777518,True,6,True,1,True,1,True,1,True,5,True,1,True,1,True,1,True,5,True,2,False,0,False,0,True,5,True,2,False,0,False,0,True,5,True,2,False,0,False,0,True,4,True,2,False,0,False,0,True,3,True,2,False,0,False,0,True,3,True,2,False,0,False,0,True,3,True,1,False,0,False,0,True,3,False,0,False,0,False,0,True,3,False,0,False,0,False,0,1.559320265794953,1.559320265794953,0.5132631639110318,0.5132631639110318,0.1827572673588311,0.1827572673588311,0.1827572673588311,0.1827572673588311
65072.0,0.814676987198571,1.3205791198720889,True,12,True,4,False,2,False,1,True,11,True,4,False,1,False,0,True,11,True,3,False,1,False,0,True,9,True,3,False,0,False,0,True,7,True,2,False,0,False,0,True,4,False,1,False,0,False,0,True,4,False,0,False,0,False,0,True,4,False,0,False,0,False,0,True,2,False,0,False,0,False,0,True,2,False,0,False,0,False,0,True,1,False,0,False,0,False,0,0.6891839185772192,0.6891839185772192,0.37303993621838916,0.3487017089576803,0.20949514968292532,0.0036291217554488323,0.12171404142247307,0.0026651648954211385
1643601.0,0.012057159869008634,3.4285714285714293,True,9,True,5,True,3,True,3,True,10,True,6,True,3,True,2,True,10,True,5,True,3,False,1,True,11,True,3,True,1,False,0,True,11,True,2,True,1,False,0,True,11,True,2,True,1,False,0,True,9,True,2,True,1,False,0,True,9,True,2,True,1,False,0,True,9,True,2,True,1,False,0,True,8,True,2,True,1,False,0,True,6,True,2,True,1,False,0,3.4285714285714284,1.0,0.6538330220320941,0.6538330220320941,0.6036911461428224,0.6036911461428224,0.2103274559193956,0.15054097573377778
1592521.0,0.010270913962488836,3.428571428571429,True,8,True,4,True,4,True,3,True,9,True,3,True,3,True,2,True,11,True,3,True,2,False,1,True,13,True,1,True,1,False,0,True,14,True,1,False,0,False,0,True,11,True,1,False,0,False,0,True,9,True,1,False,0,False,0,True,8,True,1,False,0,False,0,True,7,True,1,False,0,False,0,True,6,True,1,False,0,False,0,True,5,True,1,False,0,False,0,3.4285714285714284,1.372001616280351,0.7014302248677249,0.7014302248677249,0.2840091765873016,0.2840091765873016,0.20808569599864954,0.1750236518448439
486691.0,0.34474545995832095,1.9975555155097677,True,8,True,6,True,3,True,3,True,10,True,7,True,4,True,2,True,11,True,6,True,3,False,1,True,8,True,5,True,3,False,1,True,9,True,3,True,3,False,1,True,10,True,2,True,2,False,0,True,10,True,2,True,2,False,0,True,10,True,2,True,2,False,0,True,10,True,2,True,2,False,0,True,9,True,2,True,2,False,0,True,7,True,2,True,2,False,0,1.3962962749825445,1.3962962749825445,0.8264185857381254,0.8264185857381254,0.7578520340764201,0.7578520340764201,0.3296118078446135,0.18216084796918544
529692.0,0.0958618636498958,3.4116596409568483,True,5,True,5,True,5,True,5,True,6,True,6,True,5,True,3,True,6,True,6,True,5,True,3,True,6,True,5,True,5,True,3,True,6,True,5,True,5,True,3,True,7,True,5,True,5,True,2,True,7,True,5,True,5,True,2,True,7,True,5,True,5,True,2,True,8,True,5,True,4,True,2,True,9,True,4,True,4,True,1,True,8,True,5,True,3,True,1,3.3323983998330755,1.0,1.0,1.0,0.9470104308341388,0.9470104308341388,0.9336239812332818,0.9336239812332818
311610.0,0.13322417386126822,2.677313828177122,True,6,True,5,True,4,True,3,True,8,True,6,True,4,True,3,True,9,True,6,True,4,True,3,True,10,True,7,True,4,False,2,True,11,True,8,True,4,False,2,True,11,True,8,True,4,False,2,True,11,True,8,True,4,False,2,True,13,True,7,True,3,False,1,True,13,True,7,True,2,False,1,True,14,True,6,True,2,False,0,True,12,True,4,False,0,False,0,2.276117425302849,1.0,0.9258410318185442,0.9258410318185442,0.5886849871532412,0.5886849871532412,0.5078947403457165,0.22061866309084607
2003134.0,0.16582316165525454,3.4285714285714293,True,6,True,3,True,1,True,1,True,6,True,2,True,1,True,1,True,5,True,1,True,1,True,1,True,4,True,1,True,1,True,1,True,4,True,1,True,1,True,1,True,4,True,1,True,1,True,1,True,4,True,1,True,1,True,1,True,4,True,1,True,1,False,0,True,4,True,1,True,1,False,0,True,4,True,1,True,1,False,0,True,3,True,1,True,1,False,0,3.428571428571428,1.0,1.0,1.0,1.0,1.0,0.4209940853604858,0.4209940853604858
1508996.0,0.04257219410538851,3.428571428571429,True,6,True,4,True,3,True,2,True,8,True,3,True,2,True,2,True,8,True,3,True,2,True,2,True,7,True,3,True,2,True,2,True,7,True,3,True,2,True,2,True,7,True,3,True,2,True,2,True,7,True,3,True,2,True,2,True,8,True,4,True,3,True,3,True,9,True,5,False,4,False,2,True,10,False,4,False,3,False,0,True,10,False,4,False,3,False,0,3.4285714285714284,1.124253102475938,0.8984196576114641,0.5213045102494145,0.8978688858340652,0.4728382379844365,0.5478364596724783,0.4728382379844365
330012.0,0.9301875558201845,3.275976570068696,True,8,True,4,True,3,True,2,True,7,True,4,True,3,True,2,True,8,True,3,False,2,False,1,True,8,False,1,False,1,False,1,True,7,False,1,False,1,False,1,True,6,False,1,False,1,False,1,True,4,False,1,False,1,False,1,True,4,False,1,False,1,False,1,False,3,False,1,False,1,False,1,False,2,False,1,False,1,False,1,False,2,False,1,False,1,False,1,3.216555168631118,0.4668067410398496,0.9527972389888636,0.2077514342864481,0.9331182966816712,0.16335775587093349,0.9273545498248169,0.16070026914186392
327749.0,0.31036022625781484,2.8931238111855073,True,7,True,7,True,5,True,3,True,9,True,8,True,5,True,3,True,10,True,8,True,4,False,1,True,11,True,8,True,2,False,0,True,12,True,7,False,1,False,0,True,13,True,5,False,1,False,0,True,12,True,5,False,1,False,0,True,12,True,4,False,1,False,0,True,12,True,4,False,1,False,0,True,12,True,3,False,0,False,0,True,11,True,2,False,0,False,0,2.02562961296556,1.5007509718131962,0.7732260826712614,0.7505245563052316,0.5153371529177128,0.2873055440823492,0.22513283273171375,0.16623959011812856
1737488.0,0.010270913962488836,3.428571428571429,True,9,True,6,True,3,True,2,True,9,True,6,True,3,True,1,True,10,True,4,True,2,True,1,True,8,True,4,True,2,True,1,True,8,True,4,True,1,True,1,True,7,True,4,True,1,True,1,True,7,True,4,True,1,False,0,True,7,True,4,True,1,False,0,True,7,True,4,True,1,False,0,True,7,True,4,True,1,False,0,True,7,True,4,True,1,False,0,3.4285714285714284,2.2888729688364973,1.0,1.0,1.0,1.0,0.3673304005556843,0.3673304005556843
151737.0,0.8882107770169694,1.4304525391550078,True,13,True,3,True,1,False,0,True,11,True,2,True,1,False,0,True,8,True,1,True,1,False,0,True,6,True,1,False,0,False,0,True,5,True,1,False,0,False,0,True,5,True,1,False,0,False,0,True,5,True,1,False,0,False,0,True,4,True,1,False,0,False,0,True,3,True,1,False,0,False,0,True,3,True,1,False,0,False,0,True,2,True,1,False,0,False,0,0.8947968048733606,0.8947968048733606,0.690781189184274,0.690781189184274,0.2038868298154548,0.2038868298154548,0.009600569180580424,0.009501801410233377
194871.0,0.4556415599880917,3.026662787228923,True,9,True,5,False,3,False,2,True,10,True,5,False,3,False,2,True,8,True,5,False,3,False,2,True,7,True,5,False,3,False,2,True,7,True,6,False,2,False,2,True,8,True,7,False,2,False,1,True,8,True,6,False,2,False,1,True,8,True,5,False,2,False,1,True,8,True,4,False,2,False,1,True,7,True,4,False,2,False,1,True,7,True,4,False,2,False,0,2.4117840526872842,2.356780877104954,1.5238850255342773,1.4423236726961792,0.767470112873356,0.052945564110481826,0.5945754500393796,0.052945564110481826
616143.0,0.21196784757368264,3.389776422800214,True,9,True,4,True,3,True,2,True,10,True,5,True,4,True,2,True,10,True,5,True,4,True,2,True,9,True,5,True,4,True,2,True,9,True,5,True,3,True,2,True,9,True,5,True,3,True,2,True,9,True,5,True,3,True,2,True,9,True,4,True,2,True,2,True,9,True,4,True,2,True,1,True,8,True,4,True,2,True,1,True,8,True,4,True,2,True,1,2.838167088599323,1.0,1.0,1.0,1.0,1.0,0.9979607709223365,0.9979607709223365
1802574.0,0.009824352485858886,3.4285714285714284,True,8,True,5,True,5,True,3,True,10,True,6,True,3,True,1,True,10,True,4,True,3,True,1,True,12,True,3,True,2,True,1,True,11,True,3,True,2,True,1,True,11,True,2,True,1,False,0,True,10,True,2,True,1,False,0,True,10,True,1,True,1,False,0,True,9,True,1,True,1,False,0,True,9,True,1,True,1,False,0,True,9,True,1,True,1,False,0,3.428571428571428,1.6921550671550674,1.0,1.0,0.7051727529010685,0.7051727529010685,0.32308398347865996,0.32308398347865996
40367.0,0.026198273295623697,3.4285714285714297,True,2,True,2,True,2,True,2,True,2,True,2,True,2,True,2,True,3,True,2,True,2,True,2,True,3,True,2,True,2,True,2,True,3,True,2,True,2,True,2,True,3,True,2,True,2,True,2,True,3,True,2,True,2,True,2,True,4,True,3,True,3,True,3,True,4,True,4,True,4,True,3,True,4,True,4,True,4,True,3,True,5,True,5,True,5,True,3,3.428571428571428,1.0,1.0,1.0,1.0,1.0,1.0,0.8157594970286697
1553020.0,0.0005954153021732659,3.428571428571429,True,1,True,1,True,1,True,1,True,1,True,1,True,1,True,1,True,1,True,1,True,1,True,1,True,1,True,1,True,1,True,1,True,2,True,2,True,1,True,1,True,2,True,2,True,1,True,1,True,2,True,2,True,1,True,1,True,2,True,2,True,1,True,1,True,2,True,2,True,1,True,1,True,2,True,2,True,1,True,1,True,2,True,2,True,1,True,1,3.428571428571429,3.428571428571429,1.0,1.0,1.0,1.0,1.0,1.0
1196.0,0.7142006549568324,2.805832274686519,True,4,True,1,True,1,True,1,True,3,True,1,True,1,True,1,True,2,True,1,True,1,True,1,True,1,True,1,True,1,True,1,True,1,True,1,True,1,True,1,True,1,True,1,True,1,True,1,True,1,True,1,True,1,True,1,True,1,True,1,True,1,True,1,True,1,True,1,True,1,True,1,True,1,True,1,True,1,True,1,True,1,True,1,True,1,True,1,2.774897184020913,1.0,1.0,1.0,1.0,1.0,0.999257925850758,0.999257925850758
644335.0,0.23012801428996726,0.8513296437512503,True,10,True,3,False,0,False,0,True,7,True,3,False,0,False,0,True,7,True,2,False,0,False,0,True,4,False,0,False,0,False,0,True,3,False,0,False,0,False,0,True,3,False,0,False,0,False,0,True,1,False,0,False,0,False,0,False,0,False,0,False,0,False,0,False,0,False,0,False,0,False,0,False,0,False,0,False,0,False,0,False,0,False,0,False,0,False,0,0.413136632059181,0.413136632059181,0.22697645744636,0.22697645744636,0.07731721019925522,0.05823336337254962,0.034387406712014894,0.0021141522309502127
1586996.0,0.009377791009228937,3.428571428571429,True,11,True,6,False,0,False,0,True,10,False,1,False,0,False,0,True,9,False,1,False,0,False,0,True,6,False,1,False,0,False,0,True,5,False,0,False,0,False,0,False,3,False,0,False,0,False,0,False,3,False,0,False,0,False,0,False,3,False,0,False,0,False,0,False,3,False,0,False,0,False,0,False,3,False,0,False,0,False,0,False,3,False,0,False,0,False,0,3.4285714285714284,0.31814484727870557,0.2678682411435675,0.12121957216621577,0.09436177024116718,0.08434372974596495,0.05447320958893817,0.05447320958893817
724301.0,0.003274784161952962,3.4285714285714293,True,3,True,3,True,3,True,3,True,3,True,3,True,3,True,3,True,4,True,4,True,4,True,3,True,4,True,4,True,4,True,3,True,4,True,4,True,4,True,3,True,4,True,4,True,4,True,3,True,4,True,4,True,4,True,3,True,5,True,4,True,4,True,2,True,5,True,4,True,4,True,2,True,5,True,4,True,4,True,2,True,5,True,4,True,4,True,2,3.4285714285714284,3.4285714285714284,1.0,1.0,1.0,1.0,1.0,1.0
414123.0,0.11164036915748735,1.5897642313238345,False,3,False,2,False,1,False,1,False,6,False,3,False,1,False,1,False,7,False,2,False,1,False,1,False,7,False,2,False,1,False,1,False,5,False,2,False,1,False,1,False,5,False,2,False,1,False,1,False,4,False,2,False,1,False,1,False,5,False,3,False,1,False,0,False,5,False,3,False,1,False,0,False,4,False,2,False,1,False,0,False,3,False,2,False,1,False,0,1.0827376571101037,0.0,1.0,0.0,1.0,0.0,0.42598484509334467,0.0
443967.0,0.10375111640369157,3.3191343392038606,True,7,True,6,True,4,True,4,True,6,True,6,True,4,True,4,True,7,True,7,True,4,True,3,True,7,True,5,True,4,True,3,True,8,True,4,True,3,True,3,True,7,True,4,True,3,True,3,True,8,True,3,True,3,True,3,True,8,True,3,True,3,True,3,True,8,True,3,True,3,True,3,True,7,True,3,True,3,True,3,True,8,True,4,True,3,True,3,3.088763568938066,1.1820927522960647,1.0,1.0,0.9608274022397696,0.9608274022397696,0.9272633658206025,0.9272633658206025
53715.0,0.19752902649598095,3.3283624046344964,True,11,True,9,True,5,False,2,True,11,True,8,True,4,False,2,True,12,True,7,False,2,False,1,True,12,True,7,False,1,False,1,True,12,True,6,False,1,False,1,True,12,True,5,False,1,False,1,True,13,False,3,False,1,False,1,True,10,False,2,False,1,False,1,True,10,False,2,False,1,False,1,True,7,False,2,False,1,False,1,True,7,False,2,False,1,False,1,3.255556895235832,2.6218433120013773,0.8969364328260615,0.3960166372511444,0.867349896684895,0.1673074491419951,0.7418512536089749,0.08105450414843259
100610.0,0.9964275081869604,0.8061279517695065,True,11,True,5,False,0,False,0,True,7,True,1,False,0,False,0,True,3,False,0,False,0,False,0,True,3,False,0,False,0,False,0,True,2,False,0,False,0,False,0,True,2,False,0,False,0,False,0,True,2,False,0,False,0,False,0,True,2,False,0,False,0,False,0,True,1,False,0,False,0,False,0,False,0,False,0,False,0,False,0,False,0,False,0,False,0,False,0,0.513952096882101,0.513952096882101,0.1634739181027483,0.1634739181027483,0.09678778341414657,0.08147737172601432,0.0753657205280904,0.0753657205280904
20342.0,0.9662101816016672,3.344288776115145,True,5,True,3,True,3,True,2,True,4,True,3,True,3,True,2,True,4,True,3,True,3,True,2,True,5,True,4,True,4,True,3,True,6,True,5,True,4,True,2,True,6,True,5,True,3,True,2,True,7,True,6,True,4,True,3,True,7,True,5,True,4,True,3,True,8,True,5,True,4,True,3,True,9,True,5,True,3,True,3,True,9,True,4,True,3,True,2,3.336444680671883,3.29017305404889,0.9140363976594112,0.8957481354573945,0.9128989731847055,0.7344493376075966,0.7344493376075966,0.7344493376075966
384175.0,0.2150937779100923,3.378125642137061,True,9,True,8,True,5,True,3,True,10,True,8,True,5,True,3,True,11,True,9,True,4,True,2,True,11,True,9,True,4,True,2,True,11,True,9,True,4,True,2,True,12,True,9,True,3,True,1,True,12,True,9,True,3,True,1,True,12,True,9,True,3,True,1,True,12,True,8,True,3,True,1,True,11,True,8,True,3,False,0,True,11,True,8,True,3,False,0,2.6865419342404206,2.6865419342404206,0.974129527838433,0.974129527838433,0.8860996860888984,0.8860996860888984,0.5165777547389283,0.5165777547389283
1772112.0,0.009377791009228937,3.4285714285714284,True,8,True,7,True,4,True,2,True,8,True,6,True,3,False,1,True,10,True,5,False,1,False,0,True,10,True,5,False,1,False,0,True,11,True,3,False,0,False,0,True,11,True,3,False,0,False,0,True,10,True,3,False,0,False,0,True,10,True,3,False,0,False,0,True,9,True,3,False,0,False,0,True,9,False,2,False,0,False,0,True,7,False,1,False,0,False,0,3.428571428571428,1.245896445896446,1.0771727267505316,0.5467620118913709,0.2563862262863758,0.15840538679317462,0.16546039404905513,0.11828283211346659
674306.0,0.11640369157487347,3.428571428571429,True,5,True,4,True,4,True,4,True,6,True,4,True,4,True,4,True,8,True,4,True,4,True,3,True,8,True,4,True,4,True,3,True,8,True,4,True,4,True,3,True,8,True,4,True,4,True,3,True,9,True,5,True,4,True,2,True,10,True,5,True,3,True,2,True,10,True,6,True,3,True,2,True,10,True,6,True,3,True,2,True,10,True,6,True,3,True,2,3.428571428571428,3.428571428571428,1.5028829336833083,1.0,1.0,1.0,1.0,1.0
190.0,0.9952366775826139,1.614234267156457,True,8,False,3,False,1,False,1,False,5,False,3,False,1,False,1,False,4,False,2,False,1,False,0,False,2,False,2,False,1,False,0,False,2,False,1,False,1,False,0,False,2,False,1,False,1,False,0,False,2,False,1,False,0,False,0,False,2,False,1,False,0,False,0,False,2,False,1,False,0,False,0,False,2,False,1,False,0,False,0,False,2,False,0,False,0,False,0,0.8525430025821445,0.12344506643370837,0.5628430431753493,0.016262084684316683,0.3639414034727013,0.004832243151797769,0.18144547598419924,0.0019385103032588513
1788708.0,0.011610598392378685,3.4285714285714284,True,9,True,4,True,4,True,4,True,11,True,4,True,3,True,2,True,10,True,4,False,2,False,1,True,10,True,3,False,2,False,1,True,9,True,3,False,2,False,1,True,6,True,3,False,2,False,1,True,5,True,3,False,2,False,1,True,5,True,3,False,2,False,1,True,6,True,3,False,2,False,1,True,6,True,3,False,2,False,0,True,5,False,2,False,2,False,0,3.4285714285714284,0.8140232470941132,0.6466512702078522,0.5975212643516828,0.6466512702078522,0.17516159639447312,0.5357162142355728,0.17516159639447312
570506.0,0.2506698422149449,3.030739879326466,True,7,True,4,True,4,True,3,True,6,True,4,True,4,True,3,True,8,True,3,True,3,True,3,True,9,True,3,True,3,True,2,True,11,True,4,True,4,True,2,True,10,True,4,True,4,True,2,True,9,True,4,True,4,True,2,True,9,True,4,True,4,True,2,True,8,True,4,True,4,True,2,True,8,True,4,True,4,True,2,True,9,True,5,True,3,False,0,2.685721119359191,1.0,1.0,1.0,0.9729061501798,0.9729061501798,0.5995297072525886,0.5534415337964451
811972.0,0.12593033640964574,2.9333313685819196,True,7,True,5,True,3,True,3,True,8,True,6,True,3,True,3,True,7,True,5,True,3,True,3,True,7,True,4,True,3,True,3,True,7,True,4,True,3,True,3,True,7,True,4,True,3,True,3,True,7,True,4,True,3,True,3,True,7,True,4,True,3,True,3,True,8,True,3,True,3,True,3,True,8,True,4,True,4,True,3,True,8,True,4,True,4,False,2,2.0703019937505296,1.0,0.9540782600732693,0.8990477320930209,0.9233774736848724,0.8990477320930209,0.6879890954421924,0.5537972875644349
685925.0,0.10791902351890444,3.4285714285714293,True,7,True,5,True,4,True,2,True,9,True,5,True,4,True,2,True,9,True,5,True,4,True,2,True,10,True,6,True,4,True,2,True,11,True,7,True,5,True,2,True,11,True,6,True,5,True,2,True,11,True,6,True,4,True,2,True,11,True,6,True,4,True,1,True,11,True,6,True,4,True,1,True,11,True,6,True,4,True,1,True,11,True,6,True,4,True,1,3.0167065948779523,1.0,2.5702200449625523,1.0,0.9895732099540429,0.9895732099540429,0.8326646699206232,0.8326646699206232
217759.0,0.3274784161952962,1.3243878622615475,True,9,True,4,True,2,False,0,True,8,True,3,True,2,False,0,True,7,True,3,False,1,False,0,True,6,False,2,False,0,False,0,True,5,False,2,False,0,False,0,True,4,False,1,False,0,False,0,True,4,False,0,False,0,False,0,True,4,False,0,False,0,False,0,True,4,False,0,False,0,False,0,True,4,False,0,False,0,False,0,False,3,False,0,False,0,False,0,0.966427115097693,0.591096699154376,0.36121167744396704,0.2046630443694498,0.23980391270170398,0.19348660020615394,0.05789692045889715,0.05789692045889715
1794896.0,0.011610598392378685,3.428571428571429,True,12,True,7,False,2,False,1,True,11,True,5,False,0,False,0,True,9,False,4,False,0,False,0,True,7,False,3,False,0,False,0,True,7,False,2,False,0,False,0,True,6,False,1,False,0,False,0,True,6,False,1,False,0,False,0,True,6,False,1,False,0,False,0,True,4,False,1,False,0,False,0,True,4,False,1,False,0,False,0,True,3,False,0,False,0,False,0,3.428571428571429,0.6768890272158246,0.5750221141088013,0.15968050586571264,0.12910291166965335,0.08732795443758896,0.12910291166965335,0.032252969975608475
1706184.0,0.009526644834772254,3.4285714285714293,True,9,True,6,True,4,False,1,True,9,True,5,True,4,False,0,True,11,True,4,False,0,False,0,True,11,True,3,False,0,False,0,True,12,True,2,False,0,False,0,True,12,True,2,False,0,False,0,True,11,True,1,False,0,False,0,True,11,False,0,False,0,False,0,True,9,False,0,False,0,False,0,True,8,False,0,False,0,False,0,True,8,False,0,False,0,False,0,3.4285714285714284,0.7234053144569559,0.4353006729244353,0.4353006729244353,0.1904494269254703,0.1904494269254703,0.1416849537257894,0.05351953503390375
143746.0,0.6839833283715392,2.8185753457823077,True,12,True,5,True,2,False,1,True,12,False,3,False,1,False,1,True,12,False,2,False,1,False,1,True,9,False,2,False,1,False,1,True,9,False,2,False,1,False,1,True,8,False,1,False,1,False,1,True,8,False,1,False,1,False,1,True,7,False,1,False,1,False,1,True,5,False,1,False,1,False,1,True,6,False,1,False,1,False,0,True,6,False,1,False,1,False,0,1.8934402358185756,1.0923037413643681,0.6414000237243241,0.12426050726643129,0.6389336546904459,0.12186254091261217,0.5496528308077335,0.02236104434433706
10125.0,0.991515331944031,1.9771865643596218,True,6,True,3,False,1,False,0,True,4,True,3,False,1,False,0,True,3,True,2,False,1,False,0,True,3,False,1,False,1,False,0,True,3,False,1,False,1,False,0,True,3,False,1,False,1,False,0,False,2,False,1,False,1,False,0,False,2,False,1,False,1,False,0,False,2,False,1,False,1,False,0,False,2,False,1,False,1,False,0,False,2,False,1,False,0,False,0,1.1118742274594848,0.37787598863734373,0.6285147126812187,0.22030843497727817,0.5915138809144613,0.04702899218001254,0.01393037342404436,0.01393037342404436
97001.0,0.04212563262875856,3.428571428571429,True,4,True,4,True,3,True,2,True,6,True,5,True,3,True,2,True,5,True,4,True,2,True,2,True,6,True,4,True,3,True,3,True,8,True,3,True,2,False,1,True,7,False,2,False,1,False,1,True,7,False,2,False,1,False,1,True,7,False,2,False,1,False,1,True,7,False,2,False,1,False,1,True,7,False,2,False,1,False,1,True,7,False,3,False,2,False,2,3.428571428571428,2.33013385420238,1.0,0.32344400955968877,1.0,0.3087830996915394,1.0,0.27009623725794113
60447.0,0.01696933611193808,3.4285714285714293,True,3,True,2,True,2,True,2,True,3,True,2,True,2,True,2,True,3,True,2,True,2,True,2,True,3,True,2,True,2,True,2,True,2,True,2,True,2,True,2,True,2,True,2,True,2,True,2,True,2,True,2,True,2,True,2,True,3,True,3,True,3,True,3,True,3,True,3,True,3,True,3,True,3,True,3,True,3,True,3,True,3,True,3,True,3,True,3,3.4285714285714284,3.428571428571428,1.0,1.0,1.0,1.0,1.0,1.0
1843143.0,0.12072045251562966,3.4285714285714293,True,7,True,3,False,2,False,1,True,8,True,4,False,3,False,1,True,8,True,4,False,3,False,1,True,9,True,3,False,1,False,0,True,9,True,3,False,1,False,0,True,9,True,3,False,0,False,0,True,9,False,1,False,0,False,0,True,8,False,1,False,0,False,0,True,6,False,0,False,0,False,0,True,5,False,0,False,0,False,0,True,5,False,0,False,0,False,0,3.428571428571428,0.8972179524379954,0.48980072456264284,0.38227678268824283,0.3365258017597919,0.02504805377327947,0.20182718096304064,0.010569511973607813
590875.0,0.0596903840428699,3.428571428571429,True,3,True,3,True,3,True,3,True,3,True,3,True,3,True,3,True,4,True,4,True,4,True,3,True,6,True,4,True,4,True,4,True,8,True,4,True,3,True,3,True,8,True,4,True,3,True,3,True,9,True,5,True,3,True,3,True,10,True,5,True,3,True,3,True,8,True,5,True,3,True,3,True,9,True,6,True,4,True,2,True,9,True,4,True,4,True,2,3.4285714285714284,3.4285714285714284,1.0,1.0,1.0,1.0,1.0,1.0
1622963.0,0.0007442691277165823,3.428571428571429,True,1,True,1,True,1,True,1,True,2,True,2,True,2,True,2,True,2,True,2,True,2,True,2,True,2,True,2,True,2,True,2,True,2,True,2,True,2,True,2,True,2,True,2,True,2,True,2,True,2,True,2,True,2,True,2,True,3,True,2,True,1,True,1,True,3,True,2,True,1,True,1,True,3,True,2,True,1,True,1,True,3,True,2,True,1,True,1,3.4285714285714284,1.0,1.0,1.0,1.0,1.0,0.7347398211873674,0.7347398211873674
1786741.0,0.011461744566835368,3.4285714285714293,True,9,True,6,True,3,True,2,True,10,True,6,True,2,True,2,True,11,False,5,False,1,False,1,True,8,False,5,False,1,False,1,True,8,False,6,False,0,False,0,True,8,False,4,False,0,False,0,True,7,False,4,False,0,False,0,True,7,False,4,False,0,False,0,True,7,False,4,False,0,False,0,True,7,False,3,False,0,False,0,True,7,False,3,False,0,False,0,3.428571428571429,1.0135541086340967,1.0,0.1907561724983975,0.2969779252778197,0.1891550988163284,0.26626702690532467,0.1714114730272719
1625739.0,0.00029770765108663293,3.4285714285714284,False,1,False,1,False,1,False,1,False,1,False,1,False,1,False,1,False,1,False,1,False,1,False,1,False,1,False,1,False,1,False,1,False,1,False,1,False,1,False,1,False,1,False,1,False,1,False,1,False,1,False,1,False,1,False,1,False,1,False,1,False,1,False,1,False,1,False,1,False,1,False,1,False,1,False,1,False,1,False,1,False,1,False,1,False,1,False,1,3.4285714285714275,0.0,1.0,0.0,1.0,0.0,1.0,0.0
76595.0,0.048079785650491216,3.4285714285714293,True,6,True,5,True,4,True,2,True,7,True,6,True,3,True,3,True,7,True,6,True,3,True,3,True,7,True,6,True,3,True,3,True,7,True,6,True,3,True,3,True,6,True,5,True,3,True,3,True,8,True,6,True,3,False,2,True,8,True,5,True,3,False,2,True,8,True,5,True,3,False,2,True,8,True,5,False,2,False,2,True,9,True,5,False,2,False,1,3.428571428571428,2.1755735378935177,1.3493664773846687,1.3493664773846687,1.0,0.5458387816327938,1.0,0.3513287281115604
1765863.0,0.010866329264662102,3.428571428571429,True,7,True,4,True,3,True,3,True,9,True,5,True,1,True,1,True,10,True,2,True,1,True,1,True,10,True,2,True,1,True,1,True,8,True,2,True,1,True,1,True,6,True,2,True,1,True,1,True,5,True,2,True,1,True,1,True,6,True,2,True,1,True,1,True,6,True,3,True,2,False,0,True,5,True,3,True,2,False,0,True,5,True,3,True,1,False,0,3.4285714285714284,1.672188225364001,0.7386062845611552,0.669990192873488,0.6241576819407008,0.6241576819407008,0.4628093839749588,0.4628093839749588
327367.0,0.16329264662101817,3.219452490894421,True,5,True,5,True,4,True,3,True,6,True,5,True,4,True,3,True,6,True,4,True,4,True,3,True,7,True,5,True,5,True,4,True,7,True,5,True,4,True,4,True,8,True,5,True,4,True,3,True,9,True,5,True,3,True,2,True,8,True,4,True,3,True,2,True,9,True,4,True,3,False,1,True,11,True,5,True,3,False,1,True,11,True,5,True,3,False,1,2.6209119466557365,1.3830761663057152,1.0,0.9983630135870993,0.9945330112294438,0.9945330112294438,0.7396054764775268,0.4651774901818802
184652.0,0.06326287585590949,2.911890120139481,True,10,True,8,False,3,False,2,True,10,True,8,False,3,False,2,True,11,True,7,False,3,False,2,True,11,True,7,False,3,False,2,True,12,True,8,False,2,False,1,True,12,True,8,False,2,False,1,True,13,True,7,False,2,False,1,True,12,True,7,False,2,False,0,True,11,True,6,False,2,False,0,True,11,True,6,False,2,False,0,True,13,True,4,False,1,False,0,2.2421275562982994,2.2421275562982994,0.9698655704988103,0.9698655704988103,0.6330538298714338,0.09082914565262801,0.43315318290114885,0.06495876783886914
1555981.0,0.296814528133373,3.4285714285714293,True,6,True,3,False,2,False,1,True,5,True,3,False,1,False,1,True,4,True,2,False,1,False,1,True,4,True,2,False,1,False,1,True,3,True,2,False,1,False,1,True,3,True,2,False,1,False,1,True,3,True,2,False,1,False,1,True,2,True,2,False,1,False,1,True,2,True,2,False,1,False,1,True,2,True,2,False,1,False,1,True,2,True,2,False,1,False,1,3.4285714285714275,1.0,1.0,0.7640720183373543,1.0,0.004623870151436127,1.0,0.0004264578036067779
1381.0,0.994343554629354,0.4641586067208961,True,9,True,1,False,0,False,0,True,3,False,0,False,0,False,0,True,2,False,0,False,0,False,0,True,2,False,0,False,0,False,0,True,2,False,0,False,0,False,0,False,0,False,0,False,0,False,0,False,0,False,0,False,0,False,0,False,0,False,0,False,0,False,0,False,0,False,0,False,0,False,0,False,0,False,0,False,0,False,0,False,0,False,0,False,0,False,0,0.31917074158694636,0.31917074158694636,0.14126253287545334,0.14126253287545334,0.036663422257421543,0.0032456406591147985,0.02605496074807998,0.0007512816385935355
130940.0,0.9976183387913069,2.5511726669006216,True,9,True,3,False,1,False,1,True,7,False,2,False,1,False,0,True,5,False,2,False,1,False,0,True,4,False,2,False,1,False,0,True,3,False,2,False,1,False,0,True,3,False,2,False,1,False,0,True,3,False,2,False,1,False,0,True,3,False,2,False,1,False,0,True,3,False,2,False,1,False,0,True,3,False,2,False,1,False,0,True,3,False,2,False,1,False,0,2.0206030218329554,0.6982123232116603,1.4315779734677831,0.14603569439444813,0.6922407587854187,0.04144340510151699,0.12609891395663325,0.0056818328278025005
1568632.0,0.0014885382554331646,3.428571428571429,True,2,True,2,True,2,True,2,True,2,True,2,True,2,True,2,True,2,True,2,True,2,True,2,True,3,True,3,True,3,True,3,True,3,True,3,True,3,True,3,True,3,True,3,True,3,True,3,True,4,True,4,True,3,False,2,True,4,True,4,True,3,False,2,True,4,True,4,True,3,False,2,True,4,True,4,True,3,False,2,True,4,True,4,True,3,False,2,3.4285714285714284,1.0,1.0,1.0,1.0,1.0,1.0,0.3551588836695219
449467.0,0.1655254540041679,1.8426412507190761,True,11,True,3,True,2,False,0,True,11,True,3,True,1,False,0,True,11,True,3,True,1,False,0,True,11,True,2,True,1,False,0,True,11,True,2,True,1,False,0,True,9,True,2,True,1,False,0,True,9,True,2,True,1,False,0,True,6,True,1,True,1,False,0,True,5,True,1,True,1,False,0,True,5,True,1,False,0,False,0,True,5,True,1,False,0,False,0,0.9728218878781039,0.9728218878781039,0.6173900643824181,0.6173900643824181,0.512290685302288,0.512290685302288,0.02340260448999749,0.004263311105075034
747475.0,0.007740398928252456,3.4285714285714284,True,2,True,2,True,2,True,1,True,2,True,2,True,2,True,1,True,3,True,2,True,2,True,1,True,3,True,2,True,2,True,1,True,4,True,1,True,1,True,1,True,4,True,1,True,1,True,1,True,4,True,1,True,1,True,1,True,5,True,1,True,1,True,1,True,6,True,2,True,2,False,1,True,6,True,2,True,2,False,1,True,6,True,2,True,2,False,1,2.8287860226342256,1.0,1.0,1.0,1.0,0.986230881186069,1.0,0.4651807249153497
820693.0,0.06043465317058649,3.418663352627343,True,8,True,5,True,5,True,3,True,8,True,5,True,5,True,3,True,8,True,5,True,5,True,3,True,8,True,5,True,4,True,3,True,8,True,6,True,4,True,2,True,8,True,6,True,4,True,2,True,8,True,6,True,4,True,2,True,9,True,6,True,4,True,2,True,9,True,6,True,4,True,2,True,9,True,6,True,4,True,2,True,9,True,5,True,4,True,2,2.4951878765677353,1.0,1.0,1.0,0.942333668565587,0.942333668565587,0.9398060541635204,0.9398060541635204
1804707.0,0.011610598392378685,3.428571428571429,True,9,True,4,False,0,False,0,True,7,True,2,False,0,False,0,True,8,True,1,False,0,False,0,True,7,True,1,False,0,False,0,True,7,False,0,False,0,False,0,True,7,False,0,False,0,False,0,True,5,False,0,False,0,False,0,True,4,False,0,False,0,False,0,True,3,False,0,False,0,False,0,True,3,False,0,False,0,False,0,False,2,False,0,False,0,False,0,3.4285714285714284,0.5525401846233297,0.25881023223463034,0.25881023223463034,0.07952741835458348,0.07952741835458348,0.07952741835458348,0.07952741835458348
1780396.0,0.010568621613575468,3.4285714285714293,True,7,True,4,True,3,True,3,True,9,True,5,True,4,True,2,True,9,True,5,True,4,True,2,True,9,True,3,True,2,True,1,True,9,True,3,True,2,True,1,True,8,True,3,True,1,False,0,True,7,True,3,True,1,False,0,True,7,True,2,False,0,False,0,True,6,True,2,False,0,False,0,True,6,True,2,False,0,False,0,True,4,True,2,False,0,False,0,3.4285714285714293,1.1986291486291485,2.4369467421274127,0.7037345862129789,0.4323965930535013,0.4323965930535013,0.32123394316854814,0.32123394316854814
1656905.0,0.011312890741292051,3.428571428571429,True,7,True,4,True,4,True,2,True,9,True,4,True,3,True,2,True,11,True,3,True,2,False,1,True,11,False,1,False,1,False,1,True,10,False,1,False,1,False,1,True,8,False,1,False,1,False,1,True,5,False,1,False,1,False,1,True,5,False,1,False,1,False,0,True,5,False,1,False,1,False,0,True,5,False,1,False,1,False,0,True,5,False,1,False,0,False,0,3.4285714285714284,1.043436466637615,0.8373015873015872,0.23095591209383842,0.5756581346167868,0.22272649763238334,0.43257318276504775,0.15938658242332296
1785183.0,0.010717475439118785,3.428571428571429,True,9,True,6,False,2,False,1,True,10,True,5,False,2,False,1,True,11,True,4,False,1,False,1,True,12,True,3,False,0,False,0,True,12,True,3,False,0,False,0,True,11,True,3,False,0,False,0,True,9,True,3,False,0,False,0,True,10,True,2,False,0,False,0,True,10,True,2,False,0,False,0,True,10,True,2,False,0,False,0,True,9,True,1,False,0,False,0,3.4285714285714284,1.5316658471982112,0.6873067689172151,0.6873067689172151,0.2133072407045011,0.06846637757283344,0.2133072407045011,0.06846637757283344
513511.0,0.11625483774933015,3.1786749326579926,True,6,True,4,True,4,True,4,True,8,True,5,True,4,True,3,True,12,True,5,True,2,True,2,True,9,True,5,True,2,True,2,True,8,True,4,True,2,True,2,True,9,True,5,False,1,False,1,True,8,True,4,False,1,False,1,True,8,True,4,False,1,False,0,True,7,True,4,False,1,False,0,True,7,True,3,False,0,False,0,True,7,True,3,False,0,False,0,2.870722525684598,2.870722525684598,1.1574697297955119,1.1574697297955119,0.5146617826860651,0.329002883021862,0.44533754093448896,0.329002883021862
307400.0,0.5942244715689193,2.1226889545630288,True,12,True,4,False,3,False,2,True,11,False,3,False,2,False,1,True,10,False,3,False,2,False,1,True,9,False,3,False,2,False,1,True,8,False,2,False,2,False,1,True,8,False,2,False,2,False,0,True,6,False,2,False,2,False,0,False,5,False,2,False,2,False,0,False,5,False,2,False,2,False,0,False,5,False,2,False,2,False,0,False,7,False,1,False,0,False,0,1.3063472177863298,0.439575851658239,0.7899879451180766,0.11139688796728288,0.58688346644484,0.006282125081651845,0.3061080311588119,0.006282125081651845
322161.0,0.0037213456385829114,3.4285714285714293,True,1,True,1,True,1,True,1,True,3,True,3,True,2,True,2,True,3,True,3,True,2,True,2,True,3,True,3,True,2,True,2,True,3,True,3,True,2,True,2,True,3,True,3,True,2,True,2,True,3,True,3,True,2,True,2,True,4,True,4,True,3,True,2,True,4,True,4,True,3,True,2,True,4,True,4,True,3,True,2,True,4,True,4,True,3,True,2,3.428571428571429,1.0,1.0,1.0,1.0,1.0,1.0,0.6306262230919767
1548362.0,0.004465614766299494,3.428571428571429,True,3,True,2,True,2,True,2,True,3,True,2,True,2,True,1,True,3,True,2,True,2,True,1,True,3,True,2,True,2,True,1,True,3,True,2,True,2,True,1,True,3,True,2,True,2,True,1,True,3,True,2,True,2,True,1,True,3,True,2,True,2,True,1,True,3,True,2,True,2,True,1,True,3,True,2,True,2,True,1,True,3,True,2,True,2,True,1,3.4285714285714284,1.0,1.0,1.0,1.0,1.0,1.0,0.9118824061579611
1800418.0,0.009973206311402203,3.4285714285714284,True,8,True,3,True,3,True,2,True,8,True,4,False,2,False,1,True,7,True,4,False,2,False,1,True,8,True,4,False,2,False,1,True,7,True,4,False,2,False,1,True,8,True,4,False,1,False,1,True,9,True,5,False,0,False,0,True,9,True,4,False,0,False,0,True,9,True,3,False,0,False,0,True,9,True,3,False,0,False,0,True,9,True,2,False,0,False,0,3.428571428571428,1.2385806308082798,0.8784135838416035,0.8351306920927175,0.3858836310189475,0.11181837209588658,0.3858836310189475,0.11181837209588658
4380.0,0.7393569514736529,1.0287468766118337,True,8,True,2,True,2,True,1,True,8,True,2,True,2,True,1,True,5,True,2,True,1,True,1,True,5,True,2,True,1,True,1,True,3,True,1,True,1,True,1,True,3,True,1,True,1,True,1,True,3,True,1,True,1,True,1,True,3,True,1,True,1,True,1,True,1,True,1,True,1,False,0,True,1,True,1,True,1,False,0,True,1,True,1,True,1,False,0,1.0,1.0,1.0,1.0,1.0,1.0,0.46337077531360377,0.46337077531360377
1741971.0,0.010866329264662102,3.428571428571429,True,9,True,2,True,2,True,2,True,10,True,2,True,2,True,2,True,9,True,2,True,2,True,2,True,7,True,2,True,2,True,1,True,6,True,2,True,2,True,1,True,5,True,2,True,2,True,1,True,6,True,2,False,1,False,0,True,6,True,2,False,1,False,0,True,5,True,2,False,1,False,0,True,4,True,2,False,1,False,0,True,4,True,2,False,1,False,0,3.428571428571429,1.018695185432744,1.0,0.8839493839493837,1.0,0.35355076610083286,0.35355076610083286,0.35355076610083286
652085.0,0.0037213456385829114,3.4285714285714293,True,1,True,1,True,1,True,1,True,1,True,1,True,1,True,1,True,1,True,1,True,1,True,1,True,2,True,2,True,2,True,2,True,3,True,3,True,2,True,2,True,3,True,3,True,2,True,2,True,3,True,3,True,2,True,2,True,3,True,3,True,2,True,2,True,3,True,3,True,2,True,2,True,3,True,3,True,2,True,2,True,3,True,3,True,2,True,2,3.4285714285714284,3.4285714285714284,1.0,1.0,1.0,1.0,1.0,1.0
174611.0,0.12444179815421257,2.600454044664226,False,4,False,3,False,2,False,2,False,4,False,3,False,2,False,2,False,4,False,3,False,2,False,2,False,5,False,4,False,3,False,2,False,5,False,3,False,3,False,2,False,5,False,3,False,3,False,1,False,6,False,3,False,3,False,1,False,6,False,3,False,3,False,1,False,5,False,3,False,3,False,1,False,4,False,3,False,3,False,1,False,4,False,3,False,2,False,1,1.3872232552526707,0.0,1.0,0.0,1.0,0.0,0.9999733042420649,0.0
714127.0,0.19321226555522478,3.3944889937038543,True,8,True,6,True,5,True,4,True,10,True,7,True,5,False,3,True,10,True,7,True,5,False,2,True,11,True,7,True,5,False,2,True,10,True,7,False,2,False,2,True,10,True,7,False,2,False,2,True,10,True,6,False,2,False,1,True,10,True,5,False,2,False,1,True,11,True,5,False,2,False,0,True,11,True,5,False,2,False,0,True,11,False,4,False,2,False,0,3.0786208711446252,1.2929873098916835,1.9985834861158964,0.5691408537218273,0.8725666156062285,0.2819310976962327,0.45496385617946644,0.10515804469900356
1367.0,0.9998511461744567,1.8615400065831178,True,4,True,3,True,3,True,1,True,3,True,3,True,3,True,1,True,4,True,2,True,2,False,0,True,4,True,2,True,2,False,0,True,2,True,2,True,1,False,0,True,2,True,2,True,1,False,0,True,2,True,2,True,1,False,0,True,2,True,2,False,0,False,0,True,2,True,2,False,0,False,0,True,2,True,2,False,0,False,0,True,2,True,2,False,0,False,0,1.2885328046898774,1.2885328046898774,0.7205129310844821,0.7205129310844821,0.42013964447751634,0.42013964447751634,0.1685435841145287,0.1685435841145287
657258.0,0.11908306043465317,3.3794910806310563,True,6,True,5,True,4,True,2,True,7,True,4,True,3,True,2,True,7,True,4,True,3,True,2,True,8,True,5,True,4,True,2,True,8,True,4,True,4,True,2,True,8,True,4,True,4,True,2,True,9,True,4,True,4,True,2,True,10,True,5,True,4,True,2,True,8,True,5,True,4,True,2,True,8,True,5,True,3,True,2,True,7,True,4,True,3,True,2,3.1371755206323617,0.9827726269269479,0.9802148632154905,0.9802148632154905,0.9120556316075338,0.9120556316075338,0.9120556316075338,0.9120556316075338
638144.0,0.0010419767788032153,3.428571428571429,True,1,True,1,True,1,True,1,True,1,True,1,True,1,True,1,True,1,True,1,True,1,True,1,True,1,True,1,True,1,True,1,True,1,True,1,True,1,True,1,True,1,True,1,True,1,True,1,True,1,True,1,True,1,True,1,True,1,True,1,True,1,True,1,True,1,True,1,True,1,True,1,True,1,True,1,True,1,True,1,True,1,True,1,True,1,True,1,3.428571428571429,3.4285714285714284,1.0,1.0,1.0,1.0,1.0,1.0
1672.0,0.7566239952366776,3.3418835332816963,True,11,True,7,True,3,True,2,True,11,True,7,True,3,True,2,True,11,True,7,True,3,True,2,True,11,True,7,True,3,True,2,True,9,True,7,True,3,True,1,True,9,True,7,True,3,True,1,True,9,True,7,True,3,True,1,True,9,True,6,True,3,True,1,True,9,True,6,True,3,True,1,True,9,True,6,True,3,True,1,True,9,True,5,True,3,True,1,2.9055530324143124,0.9972561793439371,1.9207401982339585,0.9962106063153786,0.9962106063153786,0.9962106063153786,0.6292030091801416,0.6292030091801416
175953.0,0.3440011908306043,1.720558676884479,True,15,True,6,True,2,False,0,True,13,True,4,True,1,False,0,True,10,True,4,True,1,False,0,True,7,True,3,True,1,False,0,True,6,True,2,False,0,False,0,True,6,False,1,False,0,False,0,True,6,False,1,False,0,False,0,True,6,False,1,False,0,False,0,True,5,False,1,False,0,False,0,True,4,False,1,False,0,False,0,True,2,False,1,False,0,False,0,0.8677573207051549,0.7690324197412026,0.7134718704169921,0.3187157528020296,0.2620832319774539,0.2620832319774539,0.07121354771221657,0.07121354771221657
758759.0,0.14394164930038703,3.3068804916246717,True,7,True,6,True,3,True,3,True,6,True,5,True,3,True,3,True,6,True,5,True,3,True,2,True,6,True,4,True,3,True,2,True,6,True,4,True,3,True,2,True,6,True,4,True,3,True,2,True,6,True,4,True,3,True,2,True,7,True,4,True,3,True,1,True,8,True,5,True,3,False,0,True,8,True,5,True,3,False,0,True,8,True,5,True,3,False,0,2.760645130567683,1.2681116270142712,1.0,1.0,0.9775685976062211,0.8390261458121235,0.4807588089389578,0.4807588089389578
548514.0,0.004465614766299494,3.428571428571429,False,1,False,1,False,1,False,1,False,1,False,1,False,1,False,1,False,1,False,1,False,1,False,1,False,1,False,1,False,1,False,1,False,1,False,1,False,1,False,1,False,1,False,1,False,1,False,1,False,1,False,1,False,1,False,1,False,1,False,1,False,1,False,1,False,1,False,1,False,1,False,1,False,1,False,1,False,1,False,1,False,1,False,1,False,1,False,1,3.428571428571429,0.0,1.0,0.0,1.0,0.0,1.0,0.0
704060.0,0.03989282524560881,3.14047396679196,True,9,True,8,True,5,True,3,True,11,True,7,True,4,True,2,True,11,True,7,True,4,False,2,True,10,True,8,True,5,False,1,True,11,True,8,False,2,False,0,True,10,True,6,False,2,False,0,True,10,True,6,False,1,False,0,True,10,True,6,False,1,False,0,True,10,True,6,False,1,False,0,True,9,True,5,False,1,False,0,True,9,True,5,False,1,False,0,1.998509592781131,1.998509592781131,1.1025390957368777,0.9969260263105705,0.6573519005990774,0.2842885125321465,0.29338221759655553,0.17471954349169555
556273.0,0.10330455492706163,2.5606658103539712,False,5,False,3,False,3,False,2,False,5,False,3,False,3,False,2,False,6,False,3,False,2,False,1,False,6,False,3,False,2,False,1,False,6,False,3,False,2,False,1,False,7,False,3,False,2,False,1,False,7,False,2,False,2,False,1,False,7,False,2,False,2,False,1,False,7,False,2,False,2,False,1,False,7,False,2,False,2,False,1,False,6,False,2,False,2,False,1,1.481388321080781,0.0,1.0,0.0,1.0,0.0,0.7879019232455609,0.0
828433.0,0.012950282822268532,3.2475451758155276,True,9,True,5,True,3,False,2,True,10,True,4,True,3,False,2,True,11,True,5,True,3,False,2,True,10,True,5,True,3,False,2,True,10,True,4,False,2,False,2,True,10,False,3,False,2,False,2,True,9,False,3,False,2,False,2,True,9,False,3,False,2,False,2,True,9,False,3,False,2,False,2,True,7,False,3,False,2,False,2,True,7,False,3,False,2,False,1,3.1120408312565857,0.6056928914071771,0.9418265465565447,0.3475453438441326,0.9031797899272022,0.25531686358754035,0.9031797899272022,0.06729473650170859
782610.0,0.11729681452813337,1.653645727404064,False,5,False,3,False,1,False,1,False,7,False,3,False,2,False,2,False,7,False,3,False,2,False,2,False,7,False,3,False,2,False,1,False,7,False,2,False,2,False,1,False,7,False,2,False,2,False,1,False,5,False,2,False,2,False,1,False,5,False,2,False,2,False,1,False,6,False,2,False,1,False,0,False,5,False,2,False,1,False,0,False,5,False,2,False,1,False,0,1.0,0.0,1.0,0.0,1.0,0.0,0.4583985299980979,0.0
773216.0,0.04912176242929443,3.3120341645693543,True,2,True,2,True,2,True,2,True,4,True,4,True,3,True,3,True,5,True,5,True,4,True,4,True,7,True,6,True,4,True,4,True,7,True,5,True,4,True,4,True,6,True,4,True,4,True,4,True,6,True,5,True,5,True,4,True,7,True,5,True,5,True,4,True,7,True,5,True,5,True,4,True,7,True,5,True,5,True,4,True,6,True,5,True,5,False,3,3.2494297625764728,3.2494297625764728,0.9785655311105275,0.8490758544999414,0.9667984106127041,0.8332676862121519,0.7857344694007837,0.5666573077086172
445882.0,0.11625483774933015,3.4285714285714293,True,9,True,5,True,3,True,2,True,9,True,3,True,3,True,2,True,9,True,3,True,2,True,2,True,8,True,3,True,2,True,2,True,8,True,3,True,2,True,2,True,8,True,3,True,2,False,1,True,8,True,3,True,2,False,1,True,7,True,3,True,2,False,1,True,6,True,3,True,2,False,1,True,6,True,3,True,2,False,1,True,6,True,3,True,2,False,1,3.4285714285714284,1.0,1.0,1.0,1.0,0.8589484331755103,1.0,0.3469430454554805
791820.0,0.0010419767788032153,3.4285714285714284,True,1,True,1,True,1,True,1,True,1,True,1,True,1,True,1,True,1,True,1,True,1,True,1,True,1,True,1,True,1,True,1,True,1,True,1,True,1,True,1,True,1,True,1,True,1,True,1,True,1,True,1,True,1,True,1,True,1,True,1,True,1,True,1,True,1,True,1,True,1,True,1,True,1,True,1,True,1,True,1,True,1,True,1,True,1,True,1,3.4285714285714284,1.0,1.0,1.0,1.0,1.0,1.0,1.0
1598789.0,0.5881214647216434,1.551125305877134,True,9,True,3,True,3,True,1,True,9,True,3,True,3,False,0,True,8,True,3,True,2,False,0,True,6,True,2,True,2,False,0,True,6,True,2,True,2,False,0,True,6,True,2,True,2,False,0,True,5,True,2,True,2,False,0,True,4,True,2,True,2,False,0,True,4,True,2,True,1,False,0,True,3,True,2,True,1,False,0,True,2,True,2,False,0,False,0,0.9879513204585827,0.9879513204585827,0.7036939884511904,0.7036939884511904,0.5799818350548466,0.5799818350548466,0.13912188311147225,0.13912188311147225
1673512.0,0.008038106579339089,3.4285714285714284,True,6,True,5,True,5,True,3,True,6,True,5,True,5,True,2,True,6,True,5,True,5,True,2,True,6,True,5,True,5,True,2,True,7,True,6,True,5,True,1,True,7,True,5,True,4,True,1,True,7,True,5,True,4,True,1,True,8,True,6,True,5,False,0,True,7,True,5,True,5,False,0,True,8,True,5,True,3,False,0,True,8,True,4,True,2,False,0,3.428571428571428,2.4530365537753047,1.4758715701657035,1.0,1.0,1.0,0.43742392386854045,0.43742392386854045
1649931.0,0.010419767788032152,3.428571428571429,True,10,True,4,False,2,False,2,True,8,True,4,False,2,False,1,True,8,True,4,False,2,False,1,True,8,True,4,False,2,False,1,True,7,True,4,False,1,False,1,True,7,False,2,False,0,False,0,True,7,False,2,False,0,False,0,True,6,False,1,False,0,False,0,True,5,False,1,False,0,False,0,True,5,False,0,False,0,False,0,True,5,False,0,False,0,False,0,3.428571428571429,1.0,0.5389402622973876,0.30541251859480495,0.3016442834706241,0.09166615261242361,0.3016442834706241,0.05363419533015317
1781759.0,0.00922893718368562,3.428571428571429,True,7,True,4,True,1,True,1,True,8,True,3,True,2,True,1,True,8,True,3,True,2,True,1,True,9,True,3,True,2,False,0,True,8,True,3,True,2,False,0,True,8,True,2,True,2,False,0,True,8,True,2,True,2,False,0,True,8,True,2,True,2,False,0,True,8,True,2,True,2,False,0,True,6,True,2,True,2,False,0,True,6,True,2,True,1,False,0,3.4285714285714284,1.7277004259647784,1.0,1.0,1.0,1.0,0.2041256315677546,0.2041256315677546
1795224.0,0.010568621613575468,3.428571428571429,True,9,True,5,True,2,True,2,True,13,True,4,True,3,False,1,True,12,True,3,True,3,False,0,True,11,True,2,True,2,False,0,True,12,True,2,False,1,False,0,True,12,True,2,False,1,False,0,True,11,True,2,False,1,False,0,True,9,True,1,False,0,False,0,True,8,True,1,False,0,False,0,True,7,True,1,False,0,False,0,True,6,False,0,False,0,False,0,3.428571428571429,1.0,0.5645975645975646,0.5645975645975646,0.4478996404053612,0.2566082566082566,0.1506660542030317,0.142056910062148
703472.0,0.14036915748734743,2.961794023346015,True,9,True,4,True,3,True,3,True,9,True,4,True,3,True,3,True,9,True,4,True,3,True,3,True,7,True,4,True,3,True,3,True,8,True,5,True,2,True,2,True,8,True,5,True,2,True,2,True,10,True,4,False,0,False,0,True,9,True,3,False,0,False,0,True,9,False,2,False,0,False,0,True,7,False,2,False,0,False,0,True,7,False,1,False,0,False,0,2.7664036391191047,0.9936594705774163,0.7875288904651101,0.45228791313606154,0.39220013587149904,0.39220013587149904,0.39220013587149904,0.39220013587149904
43611.0,0.9139624888359631,2.4075533640540527,True,8,True,6,True,2,True,1,True,9,True,7,True,2,True,2,True,8,True,5,True,2,True,2,True,7,True,5,True,2,True,2,True,6,True,4,True,2,False,1,True,6,True,2,True,1,False,0,True,5,True,1,True,1,False,0,True,4,True,1,True,1,False,0,True,4,True,1,True,1,False,0,True,4,True,1,True,1,False,0,True,2,True,1,True,1,False,0,1.566438676636026,1.566438676636026,0.926330091981269,0.926330091981269,0.8024059292674265,0.8024059292674265,0.3088114914329755,0.28008169605024064
1040.0,0.0017862459065197975,3.4285714285714284,True,2,True,1,True,1,True,1,True,3,True,2,True,2,True,2,True,3,True,2,True,2,True,2,True,3,True,2,True,2,True,2,True,3,True,2,True,2,True,2,True,3,True,2,True,2,True,2,True,3,True,2,True,2,True,2,True,3,True,2,True,2,True,2,True,3,True,2,True,2,True,2,True,3,True,2,True,2,True,2,True,3,True,2,True,2,True,2,3.4285714285714284,3.428571428571428,1.0,1.0,1.0,1.0,1.0,1.0
237694.0,0.07398035129502828,1.0382815869543707,False,4,False,3,False,2,False,1,False,4,False,3,False,2,False,1,False,3,False,2,False,2,False,1,False,3,False,2,False,2,False,1,False,3,False,2,False,2,False,1,False,3,False,2,False,2,False,1,False,4,False,2,False,1,False,1,False,4,False,1,False,1,False,0,False,3,False,1,False,1,False,0,False,3,False,1,False,1,False,0,False,3,False,1,False,1,False,0,1.0,0.0,1.0,0.0,1.0,0.0,0.4222856771348469,0.0
25910.0,0.25736826436439414,1.8289534805635543,True,12,True,4,False,2,False,0,True,11,True,3,False,2,False,0,True,9,True,3,False,1,False,0,True,9,False,2,False,1,False,0,True,8,False,1,False,1,False,0,True,6,False,1,False,1,False,0,True,6,False,1,False,0,False,0,True,6,False,1,False,0,False,0,True,5,False,1,False,0,False,0,True,3,False,1,False,0,False,0,True,3,False,1,False,0,False,0,1.3858435221808814,1.3858435221808814,0.625924332034022,0.23572042409421134,0.3786562730072806,0.06882937380379847,0.05255163151646822,0.02085072527313875
1799290.0,0.013545698124441799,3.428571428571429,True,12,True,4,True,2,False,0,True,10,True,4,True,2,False,0,True,9,True,3,False,1,False,0,True,8,False,2,False,1,False,0,True,7,False,2,False,1,False,0,True,6,False,2,False,1,False,0,True,6,False,2,False,1,False,0,True,5,False,2,False,1,False,0,True,4,False,2,False,1,False,0,True,3,False,1,False,1,False,0,True,3,False,1,False,1,False,0,3.428571428571428,0.6576926921923424,1.1608751608751608,0.2278229388770433,0.897854117981993,0.16453672741097897,0.0931283905967451,0.06200284903247258
460129.0,0.17281929145579042,3.428571428571429,True,4,True,3,True,2,True,2,True,4,True,3,True,2,True,2,True,5,True,4,True,2,True,2,True,5,True,3,True,2,True,2,True,5,True,3,True,2,True,2,True,6,True,3,True,2,True,2,True,6,True,3,True,2,True,2,True,6,True,3,True,2,True,2,True,6,True,2,True,2,True,2,True,5,True,2,True,2,True,2,True,4,True,2,True,2,True,2,3.428571428571429,3.340754213282029,1.0,1.0,1.0,0.9475726180748664,1.0,0.793412054243432
652805.0,0.0008931229532598987,3.428571428571429,False,1,False,1,False,1,False,1,False,1,False,1,False,1,False,1,False,1,False,1,False,1,False,1,False,1,False,1,False,1,False,1,False,1,False,1,False,1,False,1,False,1,False,1,False,1,False,1,False,1,False,1,False,1,False,1,False,1,False,1,False,1,False,1,False,1,False,1,False,1,False,1,False,1,False,1,False,1,False,1,False,1,False,1,False,1,False,1,3.428571428571429,0.0,1.0,0.0,1.0,0.0,1.0,0.0
44922.0,0.9998511461744567,0.5555815455090924,True,7,False,1,False,0,False,0,True,4,False,0,False,0,False,0,True,1,False,0,False,0,False,0,True,1,False,0,False,0,False,0,True,1,False,0,False,0,False,0,False,0,False,0,False,0,False,0,False,0,False,0,False,0,False,0,False,0,False,0,False,0,False,0,False,0,False,0,False,0,False,0,False,0,False,0,False,0,False,0,False,0,False,0,False,0,False,0,0.33787767240149674,0.33787767240149674,0.13345290502931753,0.08879936873850025,0.07835948987390787,0.07835948987390787,0.03472807359974554,0.03472807359974554
76409.0,0.010568621613575468,3.4285714285714284,True,4,True,3,True,2,True,2,True,6,True,5,True,3,True,3,True,6,True,5,True,3,True,3,True,6,True,5,True,3,True,2,True,6,True,4,True,3,True,2,True,7,True,4,True,2,True,2,True,8,True,5,True,3,True,2,True,8,True,6,True,3,True,2,True,8,True,6,True,3,True,2,True,7,True,5,True,3,True,2,True,7,True,5,True,3,True,2,2.572632141984008,2.572632141984008,1.0,1.0,1.0,1.0,0.9990218097650787,0.9990218097650787
92511.0,0.8858291158082763,0.5198356470777838,True,8,True,2,True,1,False,0,True,5,False,0,False,0,False,0,True,2,False,0,False,0,False,0,True,1,False,0,False,0,False,0,False,0,False,0,False,0,False,0,False,0,False,0,False,0,False,0,False,0,False,0,False,0,False,0,False,0,False,0,False,0,False,0,False,0,False,0,False,0,False,0,False,0,False,0,False,0,False,0,False,0,False,0,False,0,False,0,0.27700191543201197,0.27700191543201197,0.1337205781865705,0.1337205781865705,0.13020805613297287,0.13020805613297287,0.05831735798700218,0.05831735798700218
720439.0,0.21181899374813934,2.0192888702463248,False,4,False,2,False,1,False,1,False,4,False,2,False,1,False,1,False,3,False,2,False,1,False,1,False,3,False,2,False,1,False,1,False,3,False,2,False,1,False,1,False,2,False,2,False,1,False,1,False,2,False,2,False,1,False,1,False,2,False,2,False,1,False,1,False,2,False,2,False,1,False,1,False,2,False,2,False,1,False,1,False,2,False,1,False,1,False,0,1.43198367484217,0.0,1.0,0.0,1.0,0.0,0.5792231595076373,0.0
212646.0,0.12280440607323609,3.194281768457577,True,6,True,3,True,3,True,3,True,8,True,5,True,5,True,5,True,9,True,6,True,5,True,4,True,9,True,6,True,5,True,4,True,11,True,4,True,4,True,4,True,10,True,4,True,4,True,4,True,11,True,5,True,3,True,3,True,11,True,5,True,3,True,3,True,9,True,5,True,3,True,3,True,9,True,4,True,3,True,2,True,9,True,4,True,3,True,2,2.6124236198343733,0.9956928486031836,2.2543728933429676,0.9944052568394264,0.9794241359407835,0.9794241359407835,0.9014890299122176,0.765994614428612
611765.0,0.020988389401607622,3.425470881603326,True,2,True,2,True,2,True,2,True,3,True,2,True,2,True,2,True,3,True,3,True,3,True,3,True,3,True,3,True,3,True,3,True,3,True,3,True,3,True,3,True,3,True,3,True,3,True,3,True,3,True,3,True,3,True,3,True,3,True,3,True,3,True,3,True,3,True,3,True,3,True,3,True,3,True,3,True,3,True,3,True,3,True,3,True,3,True,3,2.964136123332149,2.964136123332149,1.0,0.9992619622580527,0.989720674298266,0.9238692832723646,0.9536090157928614,0.9234829672166704
33446.0,0.04331646323310509,2.805242388866469,True,13,True,5,False,2,False,2,True,12,False,3,False,2,False,1,True,10,False,3,False,2,False,0,True,10,False,3,False,2,False,0,True,10,False,3,False,2,False,0,True,9,False,3,False,2,False,0,True,10,False,2,False,1,False,0,False,9,False,2,False,1,False,0,False,9,False,2,False,1,False,0,False,9,False,2,False,1,False,0,False,7,False,2,False,1,False,0,1.9909903230897772,0.4345896747028093,0.8253561549491368,0.10335361622126332,0.6661376920780554,0.08301102337049195,0.1635286718774348,0.08301102337049195
286145.0,0.001935099732063114,3.428571428571429,True,1,True,1,True,1,True,1,True,2,True,2,True,2,True,2,True,2,True,2,True,2,True,2,True,2,True,2,True,2,True,2,True,2,True,2,True,2,True,2,True,2,True,2,True,2,True,2,True,2,True,2,True,2,True,2,True,2,True,2,True,2,True,2,True,2,True,2,True,2,True,2,True,2,True,2,True,2,True,2,True,2,True,2,True,2,True,2,3.428571428571429,1.0,1.0,1.0,1.0,1.0,1.0,1.0
360850.0,0.9604048824054778,3.0319362373091776,True,5,True,5,True,5,True,4,True,7,True,7,True,6,True,5,True,7,True,7,True,6,True,4,True,8,True,7,True,5,True,3,True,9,True,7,True,5,True,2,True,9,True,6,True,4,True,2,True,11,True,5,True,2,True,1,True,10,True,5,True,1,True,1,True,9,True,5,True,1,True,1,True,9,True,5,True,1,True,1,True,9,True,5,True,1,True,1,2.2407130592781304,2.2407130592781304,0.9884113597520185,0.9884113597520185,0.9113966499168142,0.9113966499168142,0.9113966499168142,0.9113966499168142
1568869.0,0.004912176242929443,3.428571428571429,True,1,True,1,True,1,True,1,True,2,True,2,True,2,True,2,True,2,True,2,True,2,True,2,True,2,True,2,True,2,True,2,True,2,True,2,True,2,True,2,True,2,True,2,True,2,True,2,True,2,True,2,True,2,True,2,True,3,True,3,True,3,True,2,True,3,True,3,True,3,True,2,True,3,True,3,True,3,True,2,True,3,True,3,True,3,True,2,3.4285714285714284,3.428571428571428,2.4108374186512136,1.0,1.0,1.0,1.0,1.0
632437.0,0.5845489729086037,1.2036121132925035,True,8,True,4,True,1,True,1,True,6,True,4,True,1,True,1,True,5,True,3,True,1,True,1,True,4,True,3,True,1,False,0,True,3,True,1,False,0,False,0,True,2,True,1,False,0,False,0,True,2,True,1,False,0,False,0,True,2,False,0,False,0,False,0,True,1,False,0,False,0,False,0,True,1,False,0,False,0,False,0,True,1,False,0,False,0,False,0,0.8136735847905686,0.8136735847905686,0.4466605878388487,0.4466605878388487,0.25668333765670676,0.25668333765670676,0.21798510332784246,0.21798510332784246
192266.0,0.7176242929443287,3.428571428571429,True,3,True,3,True,2,True,2,True,4,True,4,True,3,True,3,True,5,True,5,True,4,True,4,True,5,True,5,True,4,True,4,True,5,True,5,True,4,True,4,True,7,True,4,True,4,True,4,True,9,True,5,True,3,True,3,True,8,True,5,True,3,True,3,True,9,True,3,True,2,True,2,True,8,True,3,True,2,True,2,True,8,True,3,True,1,True,1,2.0234851734283232,1.0,1.0,1.0,1.0,1.0,1.0,1.0
704540.0,0.09214051801131289,1.3186229918937036,True,8,True,2,False,0,False,0,True,6,True,2,False,0,False,0,True,6,False,1,False,0,False,0,True,5,False,0,False,0,False,0,True,4,False,0,False,0,False,0,True,4,False,0,False,0,False,0,True,2,False,0,False,0,False,0,True,2,False,0,False,0,False,0,True,2,False,0,False,0,False,0,True,2,False,0,False,0,False,0,True,2,False,0,False,0,False,0,0.7189650708986025,0.7189650708986025,0.22822885317282454,0.1701924193840311,0.04946559416584783,0.04946559416584783,0.015997712026702644,0.015997712026702644
159906.0,0.03870199464126228,3.428571428571428,True,4,True,4,True,4,True,4,True,4,True,4,True,4,True,4,True,5,True,5,True,3,True,3,True,5,True,5,True,3,True,3,True,6,True,4,True,2,True,2,True,7,True,3,True,2,True,2,True,6,True,3,True,2,True,2,True,6,True,2,True,2,True,2,True,5,True,2,True,2,True,2,True,5,True,2,True,2,True,2,True,6,True,2,True,1,True,1,3.428571428571428,3.428571428571428,1.0,1.0,1.0,1.0,1.0,1.0
421601.0,0.08380470378088717,2.7887848495312517,False,5,False,3,False,3,False,1,False,5,False,3,False,3,False,1,False,4,False,3,False,3,False,1,False,4,False,3,False,3,False,1,False,5,False,3,False,2,False,0,False,5,False,3,False,2,False,0,False,5,False,3,False,2,False,0,False,6,False,2,False,1,False,0,False,6,False,2,False,1,False,0,False,5,False,1,False,1,False,0,False,5,False,1,False,1,False,0,1.4110235143342393,0.0,1.0,0.0,1.0,0.0,0.2602989494050126,0.0
1770540.0,0.01012206013694552,3.4285714285714293,True,7,True,5,True,3,True,1,True,8,True,4,True,1,True,1,True,7,True,2,True,1,True,1,True,7,True,1,True,1,True,1,True,8,True,1,True,1,True,1,True,7,True,1,True,1,True,1,True,7,True,1,True,1,True,1,True,6,True,1,True,1,True,1,True,6,True,1,True,1,True,1,True,5,True,1,True,1,True,1,True,7,True,1,False,0,False,0,3.428571428571429,1.2220144602343554,0.7183606666889342,0.7183606666889342,0.5927434918728824,0.5927434918728824,0.5836677052744838,0.5836677052744838
170329.0,0.27880321524263174,2.4265416240351123,True,10,True,7,True,5,True,3,True,10,True,6,True,5,True,3,True,11,True,6,True,5,True,2,True,11,True,6,True,5,False,0,True,11,True,6,True,4,False,0,True,10,True,6,True,3,False,0,True,9,True,6,True,3,False,0,True,9,True,6,True,3,False,0,True,9,True,6,True,2,False,0,True,9,True,5,True,2,False,0,True,9,True,5,True,2,False,0,1.8292508273053076,1.3610403350866667,0.8517759987343746,0.8517759987343746,0.8425915574869235,0.8425915574869235,0.24880484556382962,0.24880484556382962
369833.0,0.0814230425721941,2.9309178584615454,False,7,False,3,False,3,False,2,False,7,False,2,False,2,False,2,False,6,False,2,False,2,False,2,False,6,False,2,False,2,False,2,False,5,False,2,False,2,False,2,False,5,False,2,False,2,False,2,False,5,False,2,False,1,False,1,False,5,False,2,False,1,False,1,False,5,False,1,False,1,False,1,False,5,False,1,False,1,False,1,False,4,False,1,False,1,False,1,1.0,0.0,1.0,0.0,1.0,0.0,0.9410488425503603,0.0
1805186.0,0.012354867520095266,3.428571428571428,True,11,True,7,False,0,False,0,True,12,False,4,False,0,False,0,True,10,False,4,False,0,False,0,True,10,False,3,False,0,False,0,True,9,False,1,False,0,False,0,True,8,False,1,False,0,False,0,True,6,False,1,False,0,False,0,True,5,False,1,False,0,False,0,True,4,False,1,False,0,False,0,True,4,False,1,False,0,False,0,True,4,False,1,False,0,False,0,3.428571428571428,0.610143821939016,0.8081441625011939,0.12617278390752845,0.08910788650060787,0.0747446774734094,0.08910788650060787,0.0747446774734094
369428.0,0.03870199464126228,3.4285714285714284,True,6,True,5,True,3,True,3,True,5,True,5,True,3,True,3,True,6,True,5,True,3,True,2,True,6,True,5,True,3,True,2,True,6,True,5,True,3,True,2,True,5,True,4,True,3,True,2,True,5,True,4,True,3,True,2,True,6,True,4,True,2,True,2,True,7,True,2,True,2,True,2,True,7,True,2,True,2,True,2,True,7,True,2,True,2,True,2,3.2813630937511595,1.0,1.0,1.0,1.0,1.0,0.9669264201127894,0.9669264201127894
163701.0,0.13069365882703185,3.4128563724440917,True,6,True,5,True,4,True,3,True,6,True,5,True,4,True,3,True,7,True,5,True,3,True,3,True,8,True,6,True,3,True,3,True,8,True,5,True,3,True,3,True,8,True,5,True,3,True,3,True,8,True,5,True,3,True,3,True,9,True,5,True,3,True,3,True,9,True,5,True,3,True,3,True,8,True,5,True,3,True,3,True,8,True,5,True,3,True,3,2.709054390565224,1.303294263121282,0.9945969126550496,0.9945969126550496,0.9836289844299724,0.9836289844299724,0.7986605745645824,0.7986605745645824
1807236.0,0.01220601369455195,3.428571428571428,True,8,True,5,True,5,True,2,True,9,True,5,False,3,False,1,True,8,True,4,False,3,False,1,True,8,True,4,False,3,False,1,True,9,True,3,False,2,False,1,True,9,False,2,False,1,False,1,True,7,False,2,False,1,False,1,True,7,False,2,False,1,False,1,True,7,False,2,False,1,False,1,True,7,False,2,False,1,False,1,True,7,False,1,False,1,False,1,3.428571428571428,1.1972363536367387,1.2277522651110835,0.30316790237326613,1.081324060084658,0.13888670924812868,1.0,0.10926398177998048
168060.0,0.17296814528133372,3.428231968646557,True,8,True,4,True,4,True,2,True,7,True,4,True,4,True,2,True,7,True,4,True,4,True,2,True,8,True,5,True,5,True,2,True,8,True,5,True,5,True,2,True,8,True,5,True,5,True,2,True,7,True,5,True,4,True,2,True,7,True,5,True,3,True,2,True,7,True,5,True,3,True,2,True,8,True,5,True,2,True,2,True,9,True,6,True,2,True,2,2.803642290286482,2.475801993913038,1.4222505562057548,1.4222505562057548,0.9869993574190861,0.9869993574190861,0.8900750362252217,0.6857930259858845
1753002.0,0.010568621613575468,3.428571428571429,True,8,True,6,True,2,True,1,True,7,True,5,True,2,True,1,True,8,True,5,False,1,False,0,True,8,True,4,False,1,False,0,True,7,True,4,False,1,False,0,True,6,True,3,False,0,False,0,True,6,True,3,False,0,False,0,True,6,True,3,False,0,False,0,True,5,True,3,False,0,False,0,True,5,True,2,False,0,False,0,True,5,True,2,False,0,False,0,3.4285714285714284,1.0,1.3459623083683234,0.763747758517633,0.3054614288051225,0.16399633313721998,0.16399633313721998,0.16399633313721998
78471.0,0.9994045846978268,1.4259923761879172,True,10,True,6,False,1,False,1,True,7,True,4,False,1,False,1,True,7,True,3,False,1,False,1,True,5,True,3,False,0,False,0,True,5,True,2,False,0,False,0,True,3,True,2,False,0,False,0,True,3,False,0,False,0,False,0,True,3,False,0,False,0,False,0,True,3,False,0,False,0,False,0,True,3,False,0,False,0,False,0,True,2,False,0,False,0,False,0,0.8184339398071251,0.8184339398071251,0.37813609060946224,0.37813609060946224,0.24777945124578388,0.03182697546852089,0.2454254541557,0.03182697546852089
112980.0,0.004019053289669544,3.4285714285714293,True,2,True,2,True,2,True,2,True,2,True,2,True,2,True,2,True,2,True,2,True,2,True,2,True,2,True,2,True,2,True,2,True,3,True,3,True,2,True,1,True,5,True,5,True,4,True,3,True,5,True,5,True,4,True,3,True,5,True,5,True,4,True,3,True,5,True,5,True,4,True,3,True,5,True,5,True,4,True,3,True,5,True,5,True,4,True,3,3.428571428571429,3.428571428571429,1.0,1.0,1.0,1.0,1.0,1.0
1650640.0,0.011610598392378685,3.4285714285714284,True,8,False,3,False,1,False,1,True,7,False,2,False,1,False,1,True,7,False,2,False,1,False,1,True,6,False,2,False,1,False,1,True,6,False,1,False,1,False,1,True,5,False,1,False,1,False,1,True,6,False,1,False,1,False,1,True,6,False,1,False,1,False,1,True,6,False,1,False,1,False,1,True,6,False,1,False,1,False,1,True,5,False,1,False,1,False,0,3.4285714285714284,0.6045517141407553,1.0,0.06677018633540371,1.0,0.05674915635545569,0.593961361683046,0.05674915635545569
176312.0,0.00967549866031557,2.0528038568891143,True,10,True,5,True,3,True,3,True,11,True,5,True,3,False,1,True,12,True,4,True,1,False,0,True,10,True,4,True,1,False,0,True,10,True,3,True,1,False,0,True,7,True,3,True,1,False,0,True,7,True,3,True,1,False,0,True,6,True,2,True,1,False,0,True,6,True,2,True,1,False,0,True,5,True,1,True,1,False,0,True,5,True,1,True,1,False,0,1.3734980858886405,1.0,0.7165254879506913,0.7165254879506913,0.6140724946695095,0.6140724946695095,0.16704063824482676,0.10081254724111872
1488443.0,0.02396546591247395,3.4285714285714293,True,5,True,3,True,3,True,2,True,7,True,4,True,4,True,2,True,7,True,4,True,4,True,2,True,7,True,4,True,4,True,2,True,7,True,4,True,4,True,2,True,7,True,4,True,3,True,2,True,7,True,4,True,3,True,2,True,9,True,5,True,3,True,2,True,9,True,5,True,3,True,2,True,9,True,6,True,3,True,2,True,9,True,6,True,3,True,2,3.4285714285714284,2.8563480239881014,1.4017127236259181,1.0,1.0,0.9693041654930502,1.0,0.9693041654930502
262580.0,0.047782077999404586,3.2175896088680567,True,6,True,5,True,4,True,3,True,6,True,6,True,5,True,3,True,6,True,6,True,4,True,3,True,6,True,6,True,4,True,3,True,8,True,6,True,3,True,3,True,9,True,5,True,3,True,3,True,8,True,5,True,3,True,3,True,8,True,4,True,3,True,3,True,7,True,3,True,3,True,3,True,7,True,3,True,3,True,3,True,7,True,3,True,3,True,3,2.5259116119358143,2.161353049140417,1.8332708691813802,1.0,1.0,1.0,1.0,1.0
564287.0,0.8995236677582614,0.5001169755565613,True,6,True,1,False,0,False,0,True,3,True,1,False,0,False,0,True,1,True,1,False,0,False,0,True,1,False,0,False,0,False,0,True,1,False,0,False,0,False,0,True,1,False,0,False,0,False,0,False,0,False,0,False,0,False,0,False,0,False,0,False,0,False,0,False,0,False,0,False,0,False,0,False,0,False,0,False,0,False,0,False,0,False,0,False,0,False,0,0.3955069420543098,0.3955069420543098,0.21998251567503754,0.21998251567503754,0.03714641081837294,0.03714641081837294,0.0012034049543418943,0.0012034049543418943
797312.0,0.6428996725215838,1.13288438300693,True,10,True,3,False,1,False,0,True,8,True,3,False,0,False,0,True,6,True,1,False,0,False,0,True,5,False,0,False,0,False,0,True,4,False,0,False,0,False,0,True,3,False,0,False,0,False,0,True,3,False,0,False,0,False,0,True,2,False,0,False,0,False,0,False,1,False,0,False,0,False,0,False,1,False,0,False,0,False,0,False,1,False,0,False,0,False,0,0.6394474654238832,0.46820308639963626,0.23556295252941536,0.23556295252941536,0.13292286490344934,0.07940890396795612,0.030785647024373558,0.0020081924126733046
792282.0,0.047782077999404586,3.428571428571429,True,3,True,2,True,2,True,2,True,4,True,2,True,2,True,2,True,4,True,3,True,2,True,2,True,5,True,3,True,3,True,3,True,5,True,3,True,3,True,3,True,6,True,3,True,3,True,3,True,6,True,3,True,3,True,3,True,6,True,3,True,3,True,3,True,7,True,3,True,3,True,2,True,7,True,3,True,3,True,2,True,6,True,3,True,3,True,2,3.4285714285714284,1.4094378903539213,1.0,1.0,1.0,1.0,1.0,0.9686525176913495
1544651.0,0.546591247395058,3.4285714285714284,True,7,True,5,True,3,True,2,True,7,True,5,True,3,True,2,True,8,True,4,True,3,True,1,True,6,True,4,True,3,True,1,True,6,True,3,True,3,True,1,True,6,True,3,True,3,True,1,True,6,True,3,True,3,True,1,True,6,True,3,True,3,True,1,True,6,True,3,True,3,True,1,True,6,True,3,True,3,True,1,True,6,True,3,True,3,True,1,1.6103506976246071,1.0,1.0,1.0,1.0,1.0,0.9492822178602546,0.9492822178602546
1785440.0,0.009526644834772254,3.428571428571429,True,10,True,5,True,2,False,0,True,12,False,2,False,0,False,0,True,13,False,1,False,0,False,0,True,8,False,1,False,0,False,0,True,7,False,1,False,0,False,0,True,6,False,1,False,0,False,0,True,5,False,1,False,0,False,0,True,5,False,1,False,0,False,0,False,4,False,1,False,0,False,0,False,4,False,1,False,0,False,0,False,4,False,1,False,0,False,0,3.4285714285714284,0.4505433677503897,1.1617250673854445,0.11892654412758487,0.11892654412758487,0.11892654412758487,0.08193179551951076,0.07382580129627994
833287.0,0.04584697826734147,3.4285714285714293,True,3,True,3,True,3,True,2,True,3,True,3,True,3,True,2,True,4,True,4,True,3,True,2,True,4,True,4,True,3,True,2,True,4,True,4,True,3,True,2,True,4,True,4,True,3,True,2,True,4,True,4,True,3,True,2,True,4,True,4,True,3,True,2,True,4,True,4,True,3,True,2,True,5,True,5,True,3,True,2,True,5,True,5,True,3,True,2,3.428571428571428,1.0,2.0435194558152365,1.0,1.0,1.0,1.0,1.0
11188.0,0.8407264066686514,2.1868379388022627,True,7,True,4,False,2,False,1,True,7,True,4,False,2,False,1,True,7,True,4,False,2,False,1,True,7,True,3,False,1,False,1,True,6,True,3,False,1,False,0,True,6,True,3,False,1,False,0,True,5,False,2,False,1,False,0,True,5,False,2,False,1,False,0,False,3,False,2,False,1,False,0,False,2,False,2,False,1,False,0,False,2,False,2,False,1,False,0,1.4320752036081932,0.48591195691079453,0.871502198493137,0.37252021151364356,0.6834321164940628,0.010505911015831489,0.25225671741258243,0.0018294873672653684
342342.0,0.0939267639178327,2.479424157157749,True,7,True,5,True,4,True,4,True,8,True,4,True,4,True,3,True,9,True,4,True,4,True,3,True,9,True,4,True,4,True,2,True,10,True,4,True,3,True,1,True,10,True,3,True,3,True,1,True,9,True,3,True,3,True,1,True,9,True,3,True,2,True,1,True,10,True,5,True,2,True,1,True,10,True,5,True,1,True,1,True,11,True,5,False,0,False,0,2.279865269842271,1.0,1.0,1.0,0.5544072795263563,0.5544072795263563,0.5544072795263563,0.5544072795263563
112978.0,0.009526644834772254,2.3439987574263186,True,9,True,7,True,6,False,1,True,11,True,5,True,4,False,0,True,10,True,5,True,4,False,0,True,10,True,5,False,2,False,0,True,9,True,3,False,0,False,0,True,9,False,2,False,0,False,0,True,8,False,1,False,0,False,0,True,7,False,1,False,0,False,0,True,6,False,1,False,0,False,0,True,4,False,1,False,0,False,0,True,4,False,1,False,0,False,0,1.8564131480314436,0.8086682719022041,1.0,0.34911870580980114,0.29081455805892553,0.200689815893731,0.11367533788693494,0.0919805621929284
697388.0,0.19663590354272104,3.4120911465701753,True,10,True,8,True,5,True,5,True,10,True,8,True,5,True,5,True,11,True,8,True,5,False,3,True,11,True,8,True,5,False,3,True,11,True,7,True,5,False,2,True,11,True,7,True,5,False,2,True,12,True,6,True,5,False,2,True,11,True,5,True,5,False,2,True,12,True,4,True,4,False,1,True,13,True,4,False,3,False,0,True,13,True,4,False,3,False,0,3.2661081817551145,2.8054393048762445,0.9885107724553118,0.8399939084312427,0.9859063634729701,0.5194552897585326,0.5467575534637592,0.16611846070563582
1793649.0,0.009973206311402203,3.428571428571429,True,11,True,5,True,2,False,1,True,11,True,3,True,2,False,1,True,11,True,3,True,2,False,1,True,12,False,1,False,1,False,1,True,10,False,1,False,1,False,1,True,10,False,1,False,1,False,1,True,7,False,1,False,1,False,1,True,7,False,1,False,1,False,1,True,6,False,1,False,1,False,1,True,6,False,1,False,1,False,1,True,8,False,0,False,0,False,0,3.4285714285714284,0.8321641529287969,0.5852674088206261,0.2276889134031991,0.5814629854073731,0.2156035846072747,0.5814629854073731,0.05173409121186543
1727388.0,0.009080083358142305,3.4285714285714293,True,5,True,4,True,4,True,4,True,6,True,5,True,3,True,3,True,7,True,6,True,4,True,3,True,8,True,7,True,3,False,2,True,10,True,7,True,2,False,0,True,10,True,5,True,2,False,0,True,10,True,5,True,2,False,0,True,10,True,4,False,1,False,0,True,9,True,4,False,1,False,0,True,9,True,4,False,1,False,0,True,9,True,4,False,0,False,0,3.4285714285714293,1.0,1.0,0.6791120833229759,0.5668162837208394,0.4296495956873317,0.2658635260271508,0.24875700668207862
1676147.0,0.011461744566835368,3.428571428571429,True,9,True,5,True,2,True,1,True,9,True,5,True,2,True,1,True,8,True,5,True,2,True,1,True,9,True,3,True,1,True,1,True,9,True,3,True,1,False,0,True,7,True,3,True,1,False,0,True,7,True,3,False,0,False,0,True,7,True,2,False,0,False,0,True,6,False,1,False,0,False,0,True,6,False,1,False,0,False,0,True,4,False,1,False,0,False,0,3.428571428571429,1.1210823615160352,0.8543574186431332,0.47023717765200734,0.39111365369946605,0.39111365369946605,0.2574717574717575,0.2574717574717575
669244.0,0.03751116403691575,3.411682943273324,True,7,True,4,True,4,True,3,True,7,True,3,True,3,True,3,True,9,True,4,True,3,True,3,True,9,True,4,True,3,True,3,True,9,True,4,True,3,True,3,True,10,True,5,True,3,True,3,True,11,True,6,True,4,False,2,True,11,True,4,False,3,False,2,True,11,True,4,False,3,False,2,True,11,True,4,False,2,False,2,True,11,False,3,False,2,False,2,2.8983508132099414,2.738262633757153,0.9932366179899084,0.5876256093925821,0.9626795127850695,0.40948265816974494,0.9626795127850695,0.377418705774241
1793991.0,0.01012206013694552,3.428571428571429,True,10,True,6,False,1,False,0,True,9,True,3,False,1,False,0,True,9,False,2,False,1,False,0,True,9,False,1,False,1,False,0,True,8,False,1,False,1,False,0,True,7,False,1,False,1,False,0,True,7,False,1,False,1,False,0,True,6,False,1,False,1,False,0,True,4,False,1,False,1,False,0,True,4,False,1,False,1,False,0,True,4,False,1,False,1,False,0,3.428571428571429,0.8558435341585174,0.7972941359950093,0.15288692718986618,0.7555613885425552,0.06604005058226216,0.0839334492177801,0.06604005058226216
20150.0,0.11521286097052694,3.2943739085791157,True,7,True,5,True,5,True,4,True,8,True,5,True,5,True,4,True,9,True,6,True,4,True,3,True,9,True,6,True,4,True,3,True,9,True,6,True,4,True,3,True,9,True,6,True,4,True,3,True,10,True,7,True,4,True,3,True,11,True,7,True,3,True,2,True,11,True,7,True,3,True,2,True,11,True,6,True,3,True,2,True,11,True,6,True,3,True,1,2.7631162545261576,1.1763613370669541,0.9966097131785353,0.9966097131785353,0.9110083934135639,0.9110083934135639,0.9096188068564656,0.9096188068564656
1545824.0,0.00044656147662994937,3.4285714285714293,True,1,True,1,True,1,True,1,True,1,True,1,True,1,True,1,True,1,True,1,True,1,True,1,True,1,True,1,True,1,True,1,True,1,True,1,True,1,True,1,True,1,True,1,True,1,True,1,True,1,True,1,True,1,True,1,True,1,True,1,True,1,True,1,True,1,True,1,True,1,True,1,True,1,True,1,True,1,True,1,True,1,True,1,True,1,True,1,3.4285714285714293,3.4285714285714293,1.0,1.0,1.0,1.0,1.0,1.0
134530.0,0.05090800833581423,3.428571428571429,True,4,True,3,True,2,True,2,True,5,True,3,True,3,True,3,True,7,True,3,True,3,True,3,True,9,True,5,True,4,True,4,True,10,True,6,True,5,True,4,True,11,True,7,True,4,True,3,True,11,True,7,True,4,True,3,True,10,True,7,True,4,False,2,True,10,True,7,True,4,False,2,True,9,True,7,True,3,False,2,True,9,True,7,True,3,False,2,3.1543437396504803,1.0,1.0,1.0,1.0,0.6281506576418184,1.0,0.42744753371875854
617379.0,0.7636201250372134,2.0692336946486836,True,14,True,4,True,4,False,2,True,11,True,4,False,3,False,2,True,11,True,5,False,3,False,1,True,10,True,5,False,2,False,0,True,11,True,3,False,1,False,0,True,11,True,3,False,1,False,0,True,11,False,2,False,1,False,0,True,11,False,1,False,0,False,0,True,9,False,0,False,0,False,0,True,8,False,0,False,0,False,0,True,8,False,0,False,0,False,0,1.0906249929512943,0.8395562743021638,0.478252279794003,0.36694071213241236,0.4410071188030194,0.10710709685143449,0.21200819079365213,0.04454560887910426
1625190.0,0.0007442691277165823,3.4285714285714284,True,1,True,1,True,1,True,1,True,2,True,2,True,2,True,1,True,2,True,2,True,2,True,1,True,2,True,2,True,2,True,1,True,2,True,2,True,2,True,1,True,2,True,2,True,2,True,1,True,2,True,2,True,2,True,1,True,2,True,2,True,2,True,1,True,2,True,2,True,2,True,1,True,2,True,2,True,2,True,1,True,2,True,2,True,2,True,1,3.428571428571428,3.428571428571428,1.0,1.0,1.0,1.0,1.0,1.0
594145.0,0.37749330157785055,2.5997995845092388,True,12,True,5,True,3,True,2,True,11,True,5,True,3,True,2,True,9,True,4,True,3,True,2,True,9,True,4,True,3,True,2,True,9,True,4,True,2,True,2,True,9,True,4,True,2,True,2,True,8,True,4,True,2,True,2,True,8,True,4,True,2,True,2,True,7,True,3,True,2,True,2,True,7,True,2,True,2,True,2,True,7,True,2,True,2,True,2,1.8135940426545856,1.0,1.0,1.0,1.0,1.0,0.8266599899753782,0.8266599899753782
225587.0,0.032152426317356354,3.1881991017007167,True,4,True,3,True,3,True,3,True,4,True,3,True,3,True,3,True,4,True,3,True,3,True,3,True,8,True,5,True,5,True,4,True,9,True,6,True,4,True,3,True,10,True,7,True,3,True,2,True,10,True,7,True,2,True,2,True,10,True,7,True,2,True,2,True,10,True,6,True,2,True,2,True,10,True,4,True,2,True,2,True,11,True,4,True,1,True,1,2.5134815560636494,2.5134815560636494,0.9502097458464565,0.9502097458464565,0.9502097458464565,0.9502097458464565,0.8942989820445607,0.8942989820445607
1775679.0,0.011015183090205419,3.4285714285714293,True,9,True,5,True,4,True,2,True,11,True,4,True,2,True,1,True,11,True,4,True,1,True,1,True,10,True,1,True,1,True,1,True,10,True,1,True,1,True,1,True,9,True,1,True,1,True,1,True,9,True,1,True,1,True,1,True,8,True,1,True,1,True,1,True,7,True,1,True,1,True,1,True,6,True,1,True,1,True,1,True,6,True,1,True,1,True,1,3.4285714285714284,1.8041792938191556,1.0,1.0,1.0,1.0,1.0,1.0
1498142.0,0.023518904435844,3.4285714285714293,True,3,True,3,True,3,True,2,True,5,True,5,True,4,True,2,True,5,True,4,True,4,True,2,True,5,True,4,True,4,True,2,True,5,True,4,True,4,True,2,True,5,True,4,True,4,True,2,True,5,True,4,True,4,False,1,True,5,True,4,True,4,False,1,True,5,True,4,True,4,False,1,True,6,True,4,True,3,False,1,True,6,True,4,True,3,False,1,3.428571428571429,1.6040096299609552,1.0,0.9840267332832102,1.0,0.6416050833899469,1.0,0.37157945493083677
502550.0,0.0461446859184281,3.4285714285714284,True,7,True,6,True,5,True,3,True,11,True,7,False,3,False,0,True,12,True,5,False,2,False,0,True,12,False,4,False,2,False,0,True,12,False,3,False,2,False,0,True,12,False,3,False,2,False,0,True,11,False,3,False,1,False,0,True,11,False,3,False,1,False,0,True,10,False,3,False,1,False,0,True,10,False,3,False,1,False,0,True,8,False,3,False,1,False,0,1.3957410322062642,0.8284484389271439,0.9404553092840989,0.20320776589370285,0.6837601884992117,0.11801411822755846,0.13810004063436326,0.11801411822755846
1710697.0,0.00922893718368562,3.4285714285714284,True,10,True,5,True,3,False,1,True,10,True,3,True,2,False,1,True,10,True,3,True,2,False,1,True,11,True,2,False,1,False,1,True,12,True,3,False,1,False,1,True,10,True,2,False,1,False,1,True,10,True,2,False,1,False,1,True,9,True,2,False,1,False,1,True,9,False,1,False,1,False,1,True,8,False,1,False,1,False,1,True,8,False,1,False,1,False,1,3.4285714285714284,1.0,1.0,0.494524215137503,1.0,0.21002374875590024,1.0,0.07572563645208376
284159.0,0.014885382554331646,3.428571428571429,True,3,True,2,True,2,True,1,True,4,True,3,True,2,True,1,True,4,True,2,True,2,True,1,True,4,True,2,True,2,True,1,True,4,True,2,True,2,True,1,True,4,True,2,True,2,True,1,True,4,True,2,True,2,True,1,True,4,True,2,True,2,True,1,True,4,True,2,True,2,True,1,True,5,True,3,True,2,True,1,True,5,True,3,True,2,True,1,3.428571428571429,3.428571428571429,1.0,1.0,1.0,1.0,1.0,1.0
479584.0,0.9836260791902351,1.6570596145982315,True,8,True,6,False,3,False,3,True,10,True,6,False,3,False,2,True,12,True,5,False,2,False,1,True,10,True,4,False,1,False,1,True,11,True,3,False,1,False,1,True,10,True,2,False,1,False,1,True,9,True,2,False,1,False,1,True,8,True,2,False,1,False,0,True,8,True,2,False,0,False,0,True,7,True,2,False,0,False,0,True,6,True,1,False,0,False,0,0.9756209239422775,0.9756209239422775,0.693425013971218,0.693425013971218,0.46125344581674993,0.087386604656521,0.4354100250943946,0.087386604656521
1781893.0,0.011759452217922,3.4285714285714293,True,11,True,6,True,2,True,2,True,12,True,6,True,2,False,0,True,11,True,5,True,2,False,0,True,9,True,5,True,1,False,0,True,8,True,5,False,0,False,0,True,9,True,3,False,0,False,0,True,8,True,3,False,0,False,0,True,7,True,3,False,0,False,0,True,5,False,2,False,0,False,0,True,5,False,2,False,0,False,0,True,4,False,1,False,0,False,0,3.428571428571429,0.8152417883647408,0.7747527701656141,0.45272454095983505,0.2665427032572454,0.2665427032572454,0.11297504076257366,0.11297504076257366
555861.0,0.018309020541827925,1.0,False,6,False,2,False,1,False,1,False,5,False,1,False,1,False,1,False,5,False,1,False,1,False,1,False,4,False,1,False,1,False,1,False,3,False,1,False,1,False,1,False,3,False,1,False,1,False,1,False,2,False,1,False,1,False,1,False,2,False,1,False,1,False,1,False,1,False,1,False,1,False,1,False,1,False,1,False,1,False,1,False,1,False,1,False,1,False,1,1.0,0.0,1.0,0.0,1.0,0.0,0.7231310919318132,0.0
426653.0,0.001935099732063114,3.428571428571429,True,1,True,1,True,1,True,1,True,1,True,1,True,1,True,1,True,1,True,1,True,1,True,1,True,1,True,1,True,1,True,1,True,1,True,1,True,1,True,1,True,1,True,1,True,1,True,1,True,1,True,1,True,1,True,1,True,1,True,1,True,1,True,1,True,2,True,2,True,1,True,1,True,2,True,2,True,1,True,1,True,2,True,2,True,1,True,1,3.4285714285714284,3.428571428571428,1.0,1.0,1.0,1.0,1.0,1.0
787562.0,0.39997022923489134,3.4232983407669537,True,10,True,4,True,3,True,3,True,10,True,3,True,3,True,3,True,10,True,4,True,4,True,3,True,10,True,4,True,4,True,3,True,9,True,4,True,3,True,2,True,7,True,4,True,3,True,2,True,8,True,4,True,1,True,1,True,9,True,3,True,1,True,1,True,9,True,3,True,1,True,1,True,9,True,2,True,1,True,1,True,8,True,2,True,1,True,1,3.362632751054159,1.9729484614889645,2.1426564756218567,0.7460071702962068,0.6362310462107467,0.6362310462107467,0.6029423979516233,0.6029423979516233
280995.0,0.13262875855909498,3.4285714285714284,True,4,True,2,True,2,True,2,True,4,True,2,True,2,True,2,True,4,True,2,True,2,True,2,True,5,True,3,True,3,True,3,True,5,True,3,True,3,True,3,True,5,True,3,True,3,True,3,True,6,True,3,True,3,True,3,True,6,True,3,True,3,True,3,True,6,True,3,True,3,True,3,True,6,True,3,True,3,True,3,True,6,True,3,True,3,True,3,3.4248098737174497,3.4248098737174497,1.0,1.0,1.0,1.0,0.9982376723213213,0.9874861182604009
827750.0,0.22744864543018756,2.9788520519724386,True,7,True,6,True,3,False,1,True,9,True,8,True,4,False,3,True,9,True,7,True,4,False,3,True,10,True,7,True,3,False,2,True,9,True,7,True,3,False,2,True,9,True,6,True,3,False,2,True,8,True,6,True,3,False,2,True,8,True,5,False,2,False,2,True,8,True,5,False,2,False,2,True,7,True,4,False,2,False,2,True,7,True,3,False,2,False,2,2.678400352544233,1.0,0.9737389479379944,0.8811868043018108,0.8807561131092362,0.44798655213511146,0.8044051377782004,0.005281588138165366
1753175.0,0.008782375707055671,3.4285714285714284,True,9,True,5,True,5,True,3,True,10,True,4,True,4,True,2,True,8,True,4,True,4,False,1,True,10,True,2,True,2,False,1,True,11,True,2,False,1,False,0,True,10,True,2,False,1,False,0,True,9,True,1,False,0,False,0,True,9,True,1,False,0,False,0,True,9,True,1,False,0,False,0,True,8,True,1,False,0,False,0,True,8,True,1,False,0,False,0,3.4285714285714284,1.1910264105642259,1.0,1.0,0.37617496510004644,0.2948694577788581,0.25659189295552914,0.18441493360060135
754486.0,0.07457576659720155,2.763448478496513,False,2,False,2,False,2,False,2,False,3,False,3,False,1,False,1,False,3,False,3,False,1,False,1,False,4,False,4,False,2,False,2,False,5,False,4,False,1,False,1,False,5,False,4,False,1,False,1,False,5,False,4,False,1,False,1,False,5,False,4,False,1,False,1,False,5,False,4,False,1,False,1,False,5,False,3,False,1,False,1,False,5,False,1,False,1,False,1,2.3958743386658163,0.0,1.0,0.0,1.0,0.0,0.9546445929149903,0.0
1796470.0,0.012057159869008634,3.4285714285714293,True,11,True,5,True,4,True,1,True,10,True,3,False,1,False,0,True,9,True,3,False,1,False,0,True,6,True,2,False,1,False,0,True,6,True,2,False,1,False,0,True,5,True,2,False,1,False,0,True,6,False,1,False,1,False,0,True,6,False,1,False,1,False,0,True,5,False,1,False,1,False,0,True,5,False,1,False,1,False,0,True,5,False,1,False,1,False,0,3.4285714285714293,0.7243957403561487,1.0,0.3631926226250099,1.0,0.14253572433004313,0.11127214882241168,0.11127214882241168
266362.0,0.0506103006847276,3.4285714285714293,True,3,True,3,True,3,True,2,True,3,True,3,True,3,True,2,True,4,True,3,True,3,True,2,True,5,True,2,True,2,True,1,True,4,True,2,True,2,True,1,True,6,True,2,True,1,True,1,True,6,True,1,True,1,True,1,True,6,True,1,True,1,True,1,True,6,True,1,True,1,True,1,True,5,True,1,True,1,True,1,True,5,True,1,True,1,True,1,3.428571428571428,3.4166809105125657,1.0,0.986266947757631,1.0,0.9623339239511334,1.0,0.9623339239511334
446563.0,0.08901458767490325,3.3633477244189263,True,9,True,6,True,5,True,5,True,7,True,6,True,5,True,4,True,8,True,5,True,4,True,4,True,7,True,5,True,4,False,3,True,7,True,5,True,3,False,2,True,8,True,5,True,2,False,1,True,8,True,5,True,2,False,1,True,9,True,4,False,1,False,1,True,8,True,4,False,1,False,1,True,8,True,4,False,1,False,1,True,8,True,4,False,1,False,1,2.978318478533768,0.9999364768518931,0.9998028239035271,0.9998028239035271,0.9644659726821465,0.4002824843779564,0.948955133746846,0.22257982347956612
1804743.0,0.010568621613575468,3.428571428571429,True,12,True,6,True,3,False,1,True,10,True,5,True,3,False,1,True,10,True,4,True,3,False,1,True,9,True,4,True,3,False,1,True,12,True,3,True,1,False,0,True,11,True,3,True,1,False,0,True,10,True,3,True,1,False,0,True,7,True,2,True,1,False,0,True,8,False,1,False,0,False,0,True,7,False,1,False,0,False,0,True,6,False,1,False,0,False,0,3.428571428571428,0.6626237899187714,0.8776438903206334,0.4969083281384261,0.457157353047764,0.457157353047764,0.2904339750084431,0.09432178618073256
1786928.0,0.009824352485858886,3.4285714285714293,True,7,True,4,True,3,True,3,True,8,True,4,True,3,True,3,True,10,True,4,True,3,True,3,True,11,True,4,True,2,True,2,True,12,True,4,True,2,True,1,True,12,True,3,True,2,True,1,True,11,True,3,True,2,True,1,True,10,True,3,True,2,True,1,True,11,True,3,True,2,True,1,True,9,True,3,True,1,True,1,True,9,True,2,True,1,True,1,3.4285714285714284,1.0,0.8904457201360194,0.8904457201360194,0.8158923143725576,0.8158923143725576,0.6644960838889249,0.6644960838889249
1786924.0,0.009526644834772254,3.4285714285714284,True,8,True,6,True,3,True,2,True,9,True,3,True,2,True,2,True,9,True,3,True,2,True,2,True,8,True,2,True,2,False,1,True,8,True,2,True,2,False,1,True,8,True,2,True,2,False,1,True,7,True,2,False,1,False,1,True,7,True,2,False,1,False,1,True,6,False,1,False,1,False,1,True,5,False,1,False,1,False,1,True,3,False,1,False,1,False,1,3.4285714285714284,1.0,1.0,0.4543325526932083,0.7403508771929824,0.3544862004431346,0.7403508771929824,0.23440731603996914
50685.0,0.07695742780589461,3.185970654445262,False,5,False,3,False,1,False,1,False,5,False,3,False,1,False,1,False,5,False,3,False,1,False,1,False,5,False,3,False,1,False,1,False,5,False,2,False,1,False,1,False,5,False,2,False,1,False,1,False,5,False,2,False,1,False,1,False,5,False,2,False,1,False,1,False,4,False,2,False,1,False,1,False,5,False,2,False,1,False,1,False,5,False,2,False,1,False,1,1.8529103340744937,0.0,1.0,0.0,1.0,0.0,0.9954887332150992,0.0
1812223.0,0.00922893718368562,3.4285714285714284,True,10,True,5,True,3,True,2,True,10,True,5,True,2,True,2,True,10,True,4,True,2,True,2,True,11,True,4,True,2,True,1,True,9,True,3,True,2,True,1,True,8,True,2,True,1,True,1,True,8,True,2,True,1,True,1,True,7,True,2,True,1,False,0,True,8,False,1,False,0,False,0,True,8,False,1,False,0,False,0,True,5,False,1,False,0,False,0,3.4285714285714284,1.0,0.711354427105785,0.48079439388212036,0.48079439388212036,0.48079439388212036,0.4268993452969714,0.4268993452969714
35210.0,0.996278654361417,0.5704779494690998,True,5,True,2,False,0,False,0,True,3,True,1,False,0,False,0,True,2,False,0,False,0,False,0,True,2,False,0,False,0,False,0,True,1,False,0,False,0,False,0,True,1,False,0,False,0,False,0,True,1,False,0,False,0,False,0,False,0,False,0,False,0,False,0,False,0,False,0,False,0,False,0,False,0,False,0,False,0,False,0,False,0,False,0,False,0,False,0,0.4335947263254891,0.4335947263254891,0.17078593686201618,0.17078593686201618,0.03366731507225838,0.018676439148123166,0.03366731507225838,0.018676439148123166
527630.0,0.590800833581423,3.403604315904939,True,10,True,5,True,4,True,2,True,10,True,5,True,4,True,2,True,10,True,5,True,4,True,2,True,9,True,5,True,4,True,2,True,7,True,4,True,3,True,2,True,7,True,4,True,3,True,2,True,7,True,4,True,3,True,2,True,5,True,4,True,2,True,2,True,5,True,4,True,2,True,2,True,4,True,4,True,2,True,1,True,4,True,4,True,2,True,1,2.0873293401336466,1.0,1.0,1.0,1.0,1.0,0.99953717278056,0.99953717278056
1790117.0,0.009973206311402203,3.428571428571429,True,8,True,6,True,4,False,3,True,10,True,6,True,4,False,1,True,11,True,5,False,2,False,1,True,11,True,5,False,2,False,1,True,10,False,3,False,2,False,1,True,10,False,3,False,2,False,1,True,8,False,3,False,2,False,1,True,8,False,3,False,2,False,0,True,8,False,3,False,1,False,0,True,8,False,3,False,0,False,0,True,7,False,3,False,0,False,0,3.428571428571429,1.0,1.0,0.2868552635994497,0.5166702150308707,0.18685544005163343,0.40084511923646,0.07788753799392106
1732869.0,0.010270913962488836,3.428571428571428,True,12,False,4,False,2,False,0,True,11,False,4,False,2,False,0,True,11,False,4,False,2,False,0,True,11,False,2,False,1,False,0,False,8,False,2,False,1,False,0,False,7,False,2,False,1,False,0,False,6,False,1,False,1,False,0,False,4,False,1,False,1,False,0,False,4,False,1,False,1,False,0,False,4,False,1,False,1,False,0,False,2,False,1,False,1,False,0,3.428571428571428,0.28098812502482223,1.0,0.07968203856128096,0.6126262626262627,0.07612196465652413,0.06345740103270237,0.06345740103270237
585393.0,0.19991068770467402,3.4173346373154607,True,5,True,3,True,3,True,3,True,7,True,4,True,2,True,2,True,10,True,6,True,4,True,3,True,10,True,5,True,4,True,2,True,10,True,5,True,4,True,2,True,9,True,5,True,4,True,2,True,9,True,5,True,4,True,2,True,9,True,4,True,3,True,2,True,9,True,4,True,3,False,1,True,9,True,5,True,3,False,0,True,9,True,5,True,2,False,0,1.8885358494651066,1.8846436040129109,1.0,0.6020633412427531,1.0,0.6016004821170946,0.548323545097426,0.49232317551152344
272278.0,0.5092289371836857,3.4285714285714293,True,11,True,6,True,4,False,2,True,11,True,6,True,4,False,2,True,11,True,6,False,3,False,2,True,11,True,6,False,2,False,2,True,11,True,6,False,2,False,2,True,11,True,6,False,2,False,2,True,11,True,4,False,2,False,2,True,9,True,4,False,2,False,2,True,9,True,3,False,2,False,2,True,9,True,3,False,2,False,1,True,9,True,3,False,1,False,1,2.483564666238694,0.9960958412376807,1.0,0.7809653323954909,1.0,0.19612928066881857,0.7547011298105801,0.07964941289169317
851199.0,0.0007442691277165823,3.4285714285714293,True,2,True,2,True,1,True,1,True,2,True,2,True,1,True,1,True,2,True,2,True,1,True,1,True,2,True,2,True,1,True,1,True,2,True,2,True,1,True,1,True,2,True,2,True,1,True,1,True,2,True,2,True,1,True,1,True,2,True,2,True,1,True,1,True,2,True,2,True,1,True,1,True,2,True,2,True,1,True,1,True,2,True,2,True,1,True,1,3.428571428571429,3.315217240180744,1.0,1.0,1.0,1.0,0.8803334752168617,0.8803334752168617
499088.0,0.12325096754986603,1.905192941795527,True,12,True,6,True,3,True,2,True,12,True,4,True,1,True,1,True,11,True,3,True,1,False,0,True,11,True,3,False,0,False,0,True,11,True,3,False,0,False,0,True,9,False,1,False,0,False,0,True,9,False,1,False,0,False,0,True,9,False,0,False,0,False,0,True,9,False,0,False,0,False,0,True,8,False,0,False,0,False,0,True,5,False,0,False,0,False,0,1.339124368956641,1.339124368956641,0.4246277099828079,0.33673528956630294,0.2345685113726701,0.2345685113726701,0.18662631410286878,0.18662631410286878
105987.0,0.038255433164632334,2.144197570981762,True,13,True,5,True,4,True,3,True,12,True,4,True,4,False,2,True,13,True,4,True,2,False,0,True,13,True,4,True,2,False,0,True,13,True,4,True,1,False,0,True,11,True,3,True,1,False,0,True,10,True,3,True,1,False,0,True,9,True,3,True,1,False,0,True,6,True,2,True,1,False,0,True,6,True,2,True,1,False,0,True,6,True,2,True,1,False,0,1.5908404045100548,1.5908404045100548,0.8059373013155965,0.8059373013155965,0.605791467446051,0.605791467446051,0.19639794168096059,0.13969665045531293
1524388.0,0.20392974099434355,2.3617356790189397,True,14,True,4,True,3,True,2,True,13,True,4,True,3,True,2,True,12,True,4,True,3,True,2,True,11,True,4,True,3,False,1,True,11,True,4,True,3,False,0,True,10,True,3,True,3,False,0,True,9,True,3,True,2,False,0,True,8,True,3,True,2,False,0,True,7,True,3,True,2,False,0,True,6,True,2,True,2,False,0,True,5,True,2,True,2,False,0,1.8665311465705106,1.0,1.0,1.0,1.0,1.0,0.28891365967389016,0.24225443334195154
1805580.0,0.008782375707055671,3.4285714285714284,True,7,True,4,True,4,True,3,True,8,True,4,True,4,True,3,True,10,True,4,True,4,True,2,True,11,True,4,True,3,True,1,True,10,True,4,True,2,True,1,True,10,True,3,True,2,True,1,True,9,True,2,True,2,True,1,True,5,True,2,True,2,True,1,True,6,True,2,True,1,True,1,True,6,True,2,True,1,True,1,True,7,True,2,False,0,False,0,3.4285714285714284,1.0,0.7479015259191718,0.6285082733358595,0.58863955952546,0.58863955952546,0.58863955952546,0.58863955952546
377013.0,0.13426615064007144,2.1049412396908327,True,10,True,6,True,4,True,2,True,10,True,5,True,3,True,2,True,10,True,4,True,3,True,2,True,10,True,3,True,3,True,2,True,10,True,3,True,2,True,1,True,10,True,2,True,1,True,1,True,11,True,3,True,1,True,1,True,9,True,3,True,1,True,1,True,8,True,3,True,1,False,0,True,8,True,2,True,1,False,0,True,8,True,2,True,1,False,0,1.621514570133379,1.621514570133379,0.760816990401581,0.760816990401581,0.7031139219245596,0.7031139219245596,0.4728626834923972,0.4728626834923972
590796.0,0.18770467401012206,2.7409543387399746,True,6,True,5,True,5,True,4,True,6,True,5,True,4,True,4,True,7,True,5,True,4,True,3,True,7,True,5,True,3,True,3,True,9,True,5,True,2,True,2,True,8,True,4,True,2,True,2,True,8,True,4,True,2,True,2,True,9,True,4,True,2,True,1,True,9,True,4,True,2,True,1,True,8,True,4,True,2,True,1,True,7,True,4,True,2,True,1,2.0108785454999536,1.0,1.0,1.0,1.0,1.0,0.6643692853242269,0.6643692853242269
813814.0,0.4502828222685323,2.2792446287025405,True,9,True,7,True,4,False,3,True,10,True,8,True,3,False,2,True,8,True,8,True,3,False,2,True,9,True,7,True,3,False,2,True,9,True,7,True,3,False,2,True,9,True,5,True,3,False,2,True,9,True,5,True,2,False,1,True,11,True,4,True,1,False,0,True,10,True,4,True,1,False,0,True,11,False,2,False,0,False,0,True,10,False,2,False,0,False,0,1.6162018099182454,0.8176446605058862,0.6296474547174495,0.5428365398672669,0.5428365398672669,0.5428365398672669,0.40434036511759575,0.013639399214105775
603147.0,0.10479309318249479,3.1264559981974824,True,6,True,5,True,5,True,3,True,5,True,5,True,5,True,3,True,5,True,5,True,5,True,3,True,5,True,5,True,4,True,3,True,7,True,6,True,5,True,3,True,7,True,6,True,5,True,3,True,8,True,6,True,5,True,3,True,8,True,6,True,5,True,3,True,7,True,6,True,5,True,3,True,8,True,6,True,5,True,2,True,9,True,6,True,4,True,1,2.6541070789322005,2.372087880917325,0.9963823814206433,0.9963823814206433,0.9700833669348331,0.9700833669348331,0.9568831502200895,0.9568831502200895
783215.0,0.9084548972908604,3.4285714285714293,True,8,True,4,True,3,False,0,True,8,True,4,True,3,False,0,True,5,True,4,True,3,False,0,True,4,True,3,True,3,False,0,True,4,True,3,True,3,False,0,True,4,True,3,True,3,False,0,True,4,True,3,True,3,False,0,True,4,True,3,True,2,False,0,True,4,True,3,True,2,False,0,True,4,True,2,True,2,False,0,True,2,True,2,True,2,False,0,1.5187502196110403,1.5187502196110403,1.0,1.0,0.6860896007591075,0.6860896007591075,0.041363086800109014,0.041363086800109014
1788888.0,0.011610598392378685,3.428571428571429,True,13,True,5,False,1,False,1,True,11,False,3,False,1,False,1,True,11,False,3,False,1,False,0,True,9,False,3,False,1,False,0,True,9,False,2,False,1,False,0,True,8,False,1,False,0,False,0,True,8,False,1,False,0,False,0,True,7,False,0,False,0,False,0,True,6,False,0,False,0,False,0,True,4,False,0,False,0,False,0,True,4,False,0,False,0,False,0,3.4285714285714284,1.7654102103269051,0.4241362686807006,0.11958957073460899,0.33230650750866386,0.06449737468432613,0.1937098962064288,0.04240924314363731
702295.0,0.11506400714498363,3.4285714285714293,True,3,True,3,True,2,True,2,True,3,True,3,True,2,True,2,True,3,True,3,True,2,True,2,True,3,True,3,True,2,True,2,True,5,True,5,True,3,True,2,True,5,True,5,True,3,True,2,True,5,True,5,True,3,True,2,True,5,True,5,True,3,True,2,True,5,True,5,True,3,True,2,True,5,True,5,True,3,True,2,True,5,True,5,True,3,True,2,3.428571428571428,2.4488632624465203,1.0,1.0,1.0,1.0,1.0,0.887423912736397
275602.0,0.11908306043465317,3.428571428571429,True,8,True,7,True,5,True,4,True,8,True,7,True,5,True,4,True,9,True,6,True,4,True,3,True,10,True,6,True,3,True,2,True,10,True,6,True,3,True,2,True,8,True,6,True,3,True,2,True,8,True,5,True,3,True,2,True,8,True,4,True,3,True,2,True,7,True,3,True,3,True,2,True,7,True,3,True,3,True,2,True,7,True,3,True,2,True,2,3.428571428571428,2.0930753106046924,1.0,0.9895610759052165,1.0,0.9800545232550187,1.0,0.7407426670433029
725441.0,0.16626972313188448,3.384660715489968,True,8,True,6,True,5,True,4,True,9,True,6,True,5,True,3,True,9,True,6,True,5,True,3,True,9,True,6,True,5,True,3,True,9,True,6,True,3,True,3,True,9,True,6,True,3,True,3,True,10,True,6,True,4,True,3,True,10,True,5,True,4,True,2,True,10,True,5,True,3,True,2,True,10,True,5,True,3,True,2,True,12,True,5,True,3,False,0,1.9197148643533783,1.3493828546361977,0.9730055378972663,0.9730055378972663,0.9037163519976043,0.9037163519976043,0.5933247676629368,0.5933247676629368
1604427.0,0.08693063411729682,3.4285714285714284,True,10,True,5,False,2,False,2,True,10,True,5,False,1,False,1,True,8,True,4,False,1,False,1,True,6,True,4,False,1,False,1,True,6,True,4,False,1,False,1,True,5,True,3,False,1,False,1,True,5,True,2,False,1,False,1,True,6,True,3,False,2,False,1,True,6,False,2,False,2,False,1,True,6,False,2,False,2,False,1,True,5,False,2,False,2,False,1,3.4285714285714284,1.0,1.0,0.4533799140611354,1.0,0.08672928796172066,0.603004498733755,0.055925298455322986
142278.0,0.12860970526942542,3.38148314327596,True,8,True,6,True,3,True,3,True,10,True,6,True,3,True,3,True,10,True,6,True,3,True,3,True,10,True,6,True,3,True,3,True,9,True,6,True,3,True,3,True,9,True,6,True,3,True,3,True,9,True,6,True,3,True,3,True,9,True,6,True,3,False,2,True,10,True,6,True,3,False,1,True,9,True,6,True,3,False,1,True,9,True,6,True,3,False,1,3.1814409533770585,3.160420825773407,0.998220704414663,0.9724790445272605,0.9853919089713336,0.9579674946435303,0.8150302664510618,0.43595227109628926
1572545.0,0.2150937779100923,2.1615513584542567,True,7,True,7,True,4,True,3,True,8,True,8,True,5,True,4,True,10,True,9,True,4,True,2,True,11,True,9,True,2,True,1,True,12,True,8,True,2,True,1,True,13,True,7,True,2,True,1,True,13,True,6,True,2,True,1,True,12,True,6,True,2,True,1,True,10,True,5,True,2,True,1,True,10,True,5,True,2,True,1,True,10,True,5,True,2,True,1,1.5227699709437104,1.1249074296924064,0.9869172910109345,0.7724052388204148,0.7432590505113205,0.7432590505113205,0.7432590505113205,0.7432590505113205
1783093.0,0.008782375707055671,3.428571428571429,True,10,True,6,False,1,False,1,True,10,True,5,False,0,False,0,True,11,True,3,False,0,False,0,True,12,True,2,False,0,False,0,True,10,True,2,False,0,False,0,True,9,True,2,False,0,False,0,True,8,True,2,False,0,False,0,True,8,True,1,False,0,False,0,True,8,True,1,False,0,False,0,True,7,True,1,False,0,False,0,True,6,True,1,False,0,False,0,3.428571428571428,1.5166215925137014,1.0,1.0,0.12667665462236707,0.06794221007418977,0.11608287056813327,0.06794221007418977
356244.0,0.22625781482584104,3.4144941971633287,True,8,True,5,True,4,False,3,True,8,True,5,True,4,False,3,True,9,True,5,True,4,False,3,True,9,True,5,False,3,False,3,True,11,True,5,False,2,False,1,True,12,True,6,False,2,False,0,True,14,True,5,False,1,False,0,True,14,True,5,False,1,False,0,True,14,True,5,False,1,False,0,True,14,True,4,False,1,False,0,True,13,True,4,False,1,False,0,3.1849793277017953,0.870608196373204,1.0120146186648096,0.6084380527455454,0.8889314250071902,0.22183589572989557,0.3093864731987832,0.021369233454999702
1757503.0,0.05358737719559393,3.4285714285714293,True,9,True,7,True,5,False,3,True,11,True,5,True,3,False,1,True,10,True,4,False,1,False,0,True,9,True,4,False,1,False,0,True,9,True,4,False,1,False,0,True,8,False,3,False,1,False,0,True,8,False,3,False,1,False,0,True,8,False,2,False,1,False,0,True,5,False,2,False,1,False,0,True,5,False,2,False,1,False,0,True,5,False,1,False,1,False,0,3.428571428571428,1.0,0.9935310441538335,0.31934264637132237,0.9907534276741691,0.1901359487566384,0.16138225557384997,0.08122312470138543
678031.0,0.10732360821673118,3.427401508355524,True,4,True,4,True,4,True,4,True,7,True,5,True,5,True,4,True,8,True,6,True,5,True,4,True,9,True,6,True,4,True,2,True,10,True,4,True,4,False,2,True,10,True,4,True,4,False,1,True,10,True,4,True,4,False,1,True,10,True,4,True,4,False,1,True,10,True,4,True,4,False,1,True,11,True,3,True,3,False,1,True,11,True,3,True,3,False,1,3.42684818372471,1.117903620576491,1.0,1.0,0.9580448861066004,0.7753383072627664,0.7387078197514196,0.2595388577147546
1789774.0,0.011164036915748734,3.428571428571429,True,8,True,5,True,3,True,2,True,8,True,5,True,2,True,2,True,9,True,5,True,2,True,2,True,8,True,4,True,2,False,1,True,8,True,5,False,1,False,0,True,7,True,4,False,0,False,0,True,7,True,4,False,0,False,0,True,7,True,3,False,0,False,0,True,8,True,2,False,0,False,0,True,7,False,0,False,0,False,0,True,6,False,0,False,0,False,0,3.428571428571428,1.0,0.526019791726598,0.5237116630458184,0.3168545338997224,0.285139837184874,0.28958709451982995,0.2389386100726308
457784.0,0.02470973504019053,3.4285714285714293,True,4,True,3,True,3,True,3,True,4,True,3,True,3,True,3,True,5,True,3,True,3,True,3,True,5,True,3,True,3,True,2,True,4,True,3,True,3,True,2,True,4,True,4,True,3,True,2,True,4,True,4,True,3,True,2,True,5,True,3,True,2,True,2,True,5,True,3,True,2,True,2,True,5,True,3,True,2,True,2,True,5,True,2,True,2,True,2,3.4285714285714284,1.0,1.0,1.0,1.0,1.0,1.0,1.0
1793652.0,0.010717475439118785,3.428571428571429,True,9,True,8,True,5,False,2,True,11,True,6,True,4,False,1,True,10,True,5,True,4,False,1,True,9,True,4,True,2,False,1,True,8,True,4,False,1,False,1,True,6,True,4,False,1,False,1,True,6,True,4,False,1,False,1,True,5,True,4,False,1,False,1,True,4,True,3,False,1,False,0,True,4,True,3,False,1,False,0,True,4,True,3,False,1,False,0,3.428571428571428,1.74669061561931,1.3985535961957596,1.0,0.6088944370757587,0.26181412801131126,0.463152202548495,0.07178136318735594
292756.0,0.22298303066388805,3.4285714285714293,True,8,True,5,True,4,True,4,True,7,True,5,True,4,True,4,True,7,True,6,True,3,True,3,True,8,True,5,True,3,True,1,True,6,True,4,True,3,True,1,True,6,True,4,True,3,False,1,True,6,True,4,True,3,False,1,True,6,True,4,True,3,False,0,True,6,True,3,True,3,False,0,True,7,True,3,True,2,False,0,True,7,True,3,True,2,False,0,3.428571428571428,0.9765990681881472,1.0,0.9625297177635922,1.0,0.9625297177635922,0.4469403593788528,0.31328160479037603
462951.0,0.5875260494194701,2.743922826481244,True,5,True,4,True,3,False,2,True,6,True,4,True,4,False,3,True,7,True,3,False,2,False,2,True,6,False,2,False,2,False,2,True,5,False,2,False,2,False,2,True,5,False,2,False,2,False,2,True,5,False,2,False,2,False,2,True,7,False,3,False,3,False,2,True,8,False,3,False,2,False,1,True,6,False,3,False,2,False,1,True,6,False,3,False,1,False,1,1.8571125760850902,0.6518095545974779,0.9532285643269806,0.22256008626824347,0.9532285643269806,0.165518121938506,0.7362759098510393,0.008817665507742668
770926.0,0.3977374218517416,2.618921187023833,True,11,True,6,True,3,True,2,True,10,True,5,True,3,True,2,True,10,True,5,True,3,True,2,True,9,True,5,True,3,True,2,True,8,True,4,True,2,True,1,True,9,True,4,True,1,True,1,True,9,True,4,True,1,True,1,True,9,True,2,True,1,False,0,True,7,True,2,True,1,False,0,True,5,True,2,True,1,False,0,True,4,True,2,True,1,False,0,2.1546960953692493,1.7830116633958035,0.7531643055928048,0.644761932700614,0.6418478358594063,0.6418478358594063,0.4242720491499101,0.4242720491499101
138149.0,0.09511759452217922,2.8041292594850438,False,3,False,3,False,3,False,2,False,3,False,3,False,3,False,2,False,4,False,4,False,3,False,1,False,4,False,4,False,3,False,1,False,4,False,4,False,3,False,1,False,4,False,4,False,2,False,1,False,4,False,4,False,2,False,1,False,4,False,4,False,2,False,1,False,4,False,4,False,2,False,1,False,4,False,4,False,2,False,1,False,4,False,4,False,2,False,1,1.3466631524837454,0.0,1.0,0.0,1.0,0.0,0.7870277106156494,0.0
266980.0,0.5192021434950879,3.427631633966164,True,11,True,7,True,4,True,1,True,11,True,6,True,4,True,1,True,10,True,6,True,3,True,1,True,10,True,5,True,3,True,1,True,10,True,5,True,3,True,1,True,10,True,5,True,3,True,1,True,10,True,5,True,3,True,1,True,9,True,5,True,3,True,1,True,9,True,5,True,3,True,1,True,9,True,5,True,2,True,1,True,9,True,5,True,2,True,1,3.3861889889742742,2.29502236561036,0.9994910417238517,0.9981626688197052,0.9989655361188793,0.9961313524478176,0.9949508290208938,0.9949508290208938
828566.0,0.0561178922298303,2.3962857876596617,True,11,True,6,True,2,False,1,True,10,True,4,True,2,False,0,True,9,True,4,True,2,False,0,True,9,True,4,True,2,False,0,True,9,True,3,False,1,False,0,True,9,True,3,False,1,False,0,True,9,True,3,False,1,False,0,True,9,True,3,False,0,False,0,True,9,True,3,False,0,False,0,True,9,True,3,False,0,False,0,True,9,True,2,False,0,False,0,1.9640811892838637,1.9640811892838637,0.7606782365733782,0.7606782365733782,0.42621807185942445,0.2656115118214197,0.12734981033979506,0.04156744481479426
44252.0,0.9995534385233701,1.305392591123976,True,12,True,3,False,0,False,0,True,11,True,3,False,0,False,0,True,10,True,1,False,0,False,0,True,9,True,1,False,0,False,0,True,8,True,1,False,0,False,0,True,7,True,1,False,0,False,0,True,7,True,1,False,0,False,0,True,5,True,1,False,0,False,0,True,1,True,1,False,0,False,0,True,1,False,0,False,0,False,0,True,1,False,0,False,0,False,0,0.9814570627289415,0.9814570627289415,0.5334916979657457,0.5334916979657457,0.07316796614326262,0.07316796614326262,0.07316796614326262,0.07316796614326262
1825722.0,0.6317356356058351,3.4285714285714293,True,8,True,4,False,1,False,1,True,8,True,3,False,1,False,1,True,7,True,3,False,1,False,1,True,5,True,3,False,1,False,1,True,5,True,3,False,1,False,0,True,5,True,3,False,1,False,0,True,4,False,2,False,1,False,0,True,4,False,1,False,1,False,0,True,4,False,1,False,1,False,0,True,4,False,1,False,1,False,0,True,3,False,1,False,1,False,0,3.4285714285714275,0.7980402416351414,1.0567845110361282,0.39093250069260305,0.8758813596700117,0.011322135900762052,0.26960166944113473,0.011322135900762052
273306.0,0.055373623102113724,3.4077222675802368,True,4,True,4,True,3,True,3,True,5,True,4,True,4,True,4,True,6,True,4,True,4,True,4,True,6,True,4,True,4,True,4,True,6,True,4,True,4,True,4,True,6,True,4,True,4,True,4,True,7,True,5,True,4,True,4,True,8,True,5,True,4,False,3,True,10,True,5,True,4,False,2,True,10,True,5,True,4,False,2,True,10,True,5,True,4,False,2,3.2912418020732184,1.571760834961417,1.0,1.0,0.9193882022049925,0.8165225544488404,0.7768026823102901,0.41674468834975004
277442.0,0.07621315867817803,3.32105785561983,True,6,True,6,True,4,True,4,True,9,True,7,True,5,True,3,True,9,True,7,True,5,True,3,True,10,True,7,True,4,False,2,True,10,True,7,True,4,False,2,True,11,True,8,True,5,False,2,True,11,True,8,True,5,False,2,True,11,True,8,True,5,False,1,True,12,True,6,False,4,False,1,True,12,True,6,False,3,False,0,True,12,True,5,False,1,False,0,2.7411413814086005,1.2583807577015773,2.321532727759236,0.9999340516864264,0.6273842881305759,0.45751505297090067,0.5483855377281392,0.2081254323213893
1641193.0,0.011164036915748734,3.4285714285714293,True,2,True,2,True,2,True,1,True,2,True,2,True,1,True,1,True,2,True,2,True,1,True,1,True,2,True,1,True,1,True,1,True,2,True,1,True,1,True,1,True,2,True,1,True,1,True,1,True,2,True,1,True,1,True,1,True,2,True,1,True,1,True,1,True,2,True,1,True,1,True,1,True,2,True,1,True,1,True,1,True,3,True,2,True,1,True,1,3.428571428571428,0.9964976963376464,0.9893002751698512,0.9893002751698512,0.82484633476972,0.82484633476972,0.7220325044205557,0.7220325044205557
1200.0,0.030068472759749925,2.3539836571484303,True,10,True,2,True,1,False,0,True,9,True,1,False,0,False,0,True,6,False,0,False,0,False,0,True,6,False,0,False,0,False,0,True,4,False,0,False,0,False,0,True,4,False,0,False,0,False,0,True,3,False,0,False,0,False,0,True,3,False,0,False,0,False,0,True,3,False,0,False,0,False,0,True,3,False,0,False,0,False,0,True,3,False,0,False,0,False,0,1.3831268141951993,1.3831268141951993,0.1538181501618431,0.1538181501618431,0.11448470648650394,0.11448470648650394,0.041774863056540094,0.021373295663923233
394150.0,0.025751711818993748,3.4285714285714293,True,7,True,4,True,4,True,4,True,9,True,5,True,4,False,2,True,10,True,6,True,5,False,2,True,10,True,6,True,5,False,1,True,10,True,6,True,4,False,1,True,9,True,5,True,4,False,1,True,10,True,5,True,4,False,1,True,10,True,5,True,4,False,1,True,10,True,5,True,4,False,1,True,10,True,5,True,4,False,1,True,10,True,5,True,4,False,1,3.428571428571428,1.0,1.0,1.0,1.0,0.9980235159467555,0.617183587403657,0.1323885669444856
485327.0,0.0949687406966359,3.2661133190833294,True,7,True,7,True,5,True,2,True,7,True,5,True,5,True,2,True,9,True,6,True,5,True,1,True,10,True,6,True,4,False,0,True,10,True,5,True,4,False,0,True,10,True,5,True,4,False,0,True,11,True,5,True,3,False,0,True,11,True,4,True,3,False,0,True,11,True,4,True,3,False,0,True,11,True,3,True,2,False,0,True,9,True,3,True,2,False,0,3.0509960433240324,3.0509960433240324,0.980047569025986,0.980047569025986,0.9102006530697699,0.9102006530697699,0.20757091413338868,0.20757091413338868
1535285.0,0.009973206311402203,3.4285714285714293,True,2,True,2,True,2,True,2,True,2,True,2,True,2,True,2,True,2,True,2,True,2,True,2,True,3,True,2,True,2,True,2,True,3,True,2,True,2,True,2,True,3,True,2,True,2,True,2,True,3,True,2,True,2,True,2,True,4,True,3,True,3,True,3,True,4,True,3,True,3,True,3,True,4,True,3,True,3,True,3,True,4,True,3,True,2,True,2,3.4285714285714284,3.4285714285714284,1.0,1.0,1.0,1.0,1.0,1.0
1788166.0,0.008782375707055671,3.428571428571429,True,5,True,5,True,3,True,3,True,7,True,7,True,4,True,2,True,7,True,6,True,4,True,1,True,7,True,6,True,3,True,1,True,6,True,5,True,3,True,1,True,6,True,5,True,3,True,1,True,7,True,2,True,2,True,1,True,7,True,3,True,3,True,1,True,5,True,3,True,3,True,1,True,5,True,3,True,3,True,1,True,5,True,3,True,3,True,1,3.4285714285714284,1.3125304729400291,1.8984656219321525,1.0,1.3724052373313946,0.8574259294206453,0.8574259294206453,0.8574259294206453
1593709.0,0.009824352485858886,3.4285714285714297,True,9,True,7,True,3,False,1,True,9,True,5,True,3,False,1,True,9,False,3,False,2,False,1,True,8,False,1,False,1,False,0,True,8,False,1,False,1,False,0,True,7,False,1,False,1,False,0,True,7,False,1,False,1,False,0,True,7,False,1,False,0,False,0,True,7,False,1,False,0,False,0,True,5,False,1,False,0,False,0,True,6,False,0,False,0,False,0,3.428571428571428,0.6151168510133814,0.5612954895289594,0.1990400903444383,0.4046611450335531,0.1990400903444383,0.24555118570149131,0.08158455841095275
1779253.0,0.010419767788032152,3.4285714285714284,True,8,False,3,False,2,False,2,True,9,False,3,False,2,False,2,True,9,False,4,False,1,False,1,True,9,False,4,False,1,False,0,True,9,False,4,False,1,False,0,False,8,False,4,False,1,False,0,False,8,False,4,False,1,False,0,False,7,False,3,False,1,False,0,False,7,False,3,False,1,False,0,False,7,False,3,False,0,False,0,False,7,False,2,False,0,False,0,3.4285714285714284,0.3497252360152177,0.7758929938534899,0.09151027703306527,0.5071941236784159,0.05991425509110387,0.239265846167064,0.055360608871083426
2011839.0,0.01682048228639476,3.428571428571429,True,5,True,4,True,4,True,2,True,5,True,4,True,3,True,2,True,5,True,4,True,2,True,2,True,6,True,3,True,1,True,1,True,6,True,3,True,1,True,1,True,6,True,3,True,1,True,1,True,6,True,3,True,1,True,1,True,6,True,2,True,1,True,1,True,6,True,3,True,1,True,1,True,5,True,2,True,1,True,1,True,5,True,2,True,1,True,1,3.428571428571428,2.1408984685977757,0.7308464433805878,0.7308464433805878,0.7308464433805878,0.7308464433805878,0.7308464433805878,0.7308464433805878
1754541.0,0.46725215838047035,3.4285714285714293,True,4,True,3,True,2,True,2,True,4,True,3,True,2,False,1,True,5,True,2,True,2,False,1,True,5,True,2,True,2,False,1,False,4,False,1,False,1,False,1,False,4,False,1,False,1,False,1,False,3,False,1,False,1,False,1,False,2,False,1,False,1,False,1,False,2,False,1,False,1,False,1,False,2,False,1,False,1,False,1,False,2,False,1,False,1,False,1,3.428571428571428,0.2821940269200176,1.536350942598669,0.2633893123841126,0.9112567709387167,0.2633893123841126,0.9112567709387167,0.13008470569778907
388174.0,0.13247990473355165,2.6524977014591067,False,4,False,2,False,1,False,1,False,4,False,1,False,1,False,1,False,3,False,1,False,1,False,1,False,3,False,1,False,1,False,1,False,3,False,1,False,1,False,1,False,3,False,1,False,1,False,1,False,3,False,1,False,1,False,1,False,2,False,1,False,1,False,1,False,2,False,1,False,1,False,1,False,3,False,2,False,1,False,1,False,3,False,2,False,1,False,1,1.2133027556565892,0.0,1.0,0.0,1.0,0.0,0.9239437419465512,0.0
1786008.0,0.010270913962488836,3.4285714285714284,True,9,True,7,True,1,True,1,True,10,True,6,True,1,False,0,True,10,True,4,True,1,False,0,True,9,True,4,True,1,False,0,True,9,True,3,True,1,False,0,True,9,True,3,True,1,False,0,True,9,True,3,True,1,False,0,True,8,True,3,True,1,False,0,True,6,True,3,True,1,False,0,True,5,True,3,True,1,False,0,True,5,False,2,False,0,False,0,3.428571428571428,1.0,1.2654297614539944,0.5884991720608159,0.5884991720608159,0.5884991720608159,0.10891216254779977,0.10891216254779977
54017.0,0.14036915748734743,3.2993207110941243,True,7,True,5,True,5,True,4,True,8,True,5,True,5,True,3,True,8,True,5,True,5,True,3,True,8,True,5,True,5,True,3,True,10,True,6,True,4,True,2,True,11,True,7,True,4,False,1,True,10,True,7,True,4,False,1,True,10,True,7,True,4,False,1,True,10,True,7,True,4,False,1,True,10,True,7,True,3,False,1,True,12,True,5,True,2,False,1,2.5005935179055245,2.5005935179055245,1.5937136227624604,1.5937136227624604,0.8125272318601484,0.8125272318601484,0.717664722039838,0.3279713687122545
1603777.0,0.0008931229532598987,3.4285714285714293,True,2,True,1,True,1,True,1,True,2,True,1,True,1,True,1,True,2,True,1,True,1,True,1,True,2,True,1,True,1,True,1,True,2,True,1,True,1,True,1,True,2,True,1,True,1,True,1,True,2,True,1,True,1,True,1,True,2,True,1,True,1,True,1,True,2,True,1,True,1,True,1,True,2,True,1,True,1,True,1,True,2,True,1,True,1,True,1,3.428571428571428,1.0,1.0,1.0,1.0,1.0,0.6559272390935718,0.6559272390935718
1557668.0,0.21673116999106878,2.2106271719399526,True,11,True,5,True,3,False,2,True,13,True,5,True,2,False,1,True,13,True,5,True,2,False,1,True,14,True,5,True,2,False,0,True,14,True,3,True,2,False,0,True,12,True,3,False,1,False,0,True,12,True,3,False,1,False,0,True,10,True,3,False,1,False,0,True,9,True,3,False,1,False,0,True,9,True,3,False,1,False,0,True,9,True,3,False,1,False,0,1.1145168642415542,0.9985742141663088,0.8157358373761903,0.7132715262192333,0.7735170353355003,0.3222932680616472,0.2357734412409336,0.06301967919095712
5101.0,0.2892229830306639,2.348399747367029,True,9,True,3,True,3,True,2,True,8,True,3,True,3,True,2,True,7,True,3,True,3,True,2,True,8,True,3,True,2,True,2,True,9,True,2,True,2,True,2,True,9,True,3,True,2,False,1,True,9,True,3,True,2,False,1,True,9,True,3,True,2,False,1,True,9,True,3,True,2,False,1,True,7,True,3,True,2,False,1,True,6,True,3,False,1,False,0,1.7614862713598707,1.574847729298818,1.0555947654042872,1.0555947654042872,0.6451967034177999,0.5982105063287851,0.5528057672864376,0.3370435908350501
1672430.0,0.4648704971717773,3.4285714285714297,True,6,False,2,False,1,False,0,True,4,False,1,False,1,False,0,True,2,False,1,False,1,False,0,True,2,False,1,False,1,False,0,False,1,False,1,False,1,False,0,False,1,False,1,False,0,False,0,False,1,False,1,False,0,False,0,False,1,False,1,False,0,False,0,False,1,False,1,False,0,False,0,False,1,False,1,False,0,False,0,False,1,False,1,False,0,False,0,3.4285714285714275,0.2779897219291078,1.095151814871974,0.09458035316677713,0.3497994955527432,0.030357644990685825,0.016893575499708994,0.016893575499708994
753601.0,0.18562072045251563,3.405343667072733,True,8,True,5,True,5,True,4,True,8,True,5,True,5,False,3,True,8,True,5,True,5,False,3,True,10,True,6,True,5,False,2,True,11,True,6,True,5,False,2,True,11,True,6,True,5,False,2,True,11,True,6,True,4,False,2,True,10,True,6,True,4,False,2,True,10,True,6,True,4,False,2,True,10,True,6,True,4,False,2,True,10,True,6,True,4,False,2,2.714878294709595,1.8706151068714116,0.9777170886633961,0.9462558640645213,0.9308517704147847,0.8509673535073655,0.9007857088694814,0.11243810181239308
1776703.0,0.010866329264662102,3.428571428571429,True,9,True,5,True,3,False,1,True,6,True,4,True,2,False,1,True,7,True,4,True,2,False,0,True,8,False,2,False,1,False,0,True,8,False,1,False,1,False,0,True,8,False,1,False,1,False,0,True,8,False,1,False,1,False,0,True,8,False,1,False,1,False,0,True,8,False,1,False,1,False,0,True,8,False,1,False,1,False,0,True,7,False,1,False,1,False,0,3.428571428571429,1.0,0.8644080966626518,0.22572157227867062,0.8644080966626518,0.200611091894385,0.15214141994826103,0.07235574300985344
14458.0,0.1772849062220899,1.0,False,2,False,1,False,1,False,1,False,1,False,1,False,1,False,1,False,1,False,1,False,1,False,1,False,1,False,1,False,1,False,1,False,1,False,1,False,1,False,1,False,1,False,1,False,1,False,0,False,1,False,1,False,1,False,0,False,1,False,1,False,1,False,0,False,1,False,1,False,1,False,0,False,1,False,1,False,1,False,0,False,1,False,1,False,1,False,0,1.0,0.0,1.0,0.0,1.0,0.0,0.33168074943093806,0.0
1696606.0,0.009526644834772254,3.4285714285714293,True,6,True,3,True,3,True,3,True,7,True,5,True,4,True,3,True,10,True,4,True,3,True,3,True,11,True,3,False,2,False,2,True,10,True,3,False,2,False,2,True,10,True,3,False,2,False,2,True,12,False,2,False,0,False,0,True,11,False,1,False,0,False,0,True,10,False,1,False,0,False,0,True,8,False,1,False,0,False,0,True,7,False,1,False,0,False,0,3.428571428571429,1.1115129596142255,1.278579724572756,0.3828263094241325,0.3639455782312926,0.2353363697210115,0.3639455782312926,0.2353363697210115
155199.0,0.14126228044060732,3.3982553350443667,True,9,True,7,True,7,False,2,True,10,True,7,True,5,False,2,True,10,True,6,True,5,False,2,True,9,True,6,True,5,False,2,True,10,True,6,True,4,False,1,True,10,True,6,True,2,False,1,True,10,True,6,True,2,False,1,True,10,True,5,True,2,False,1,True,9,True,4,True,2,False,1,True,7,True,4,True,2,False,1,True,7,True,4,True,2,False,1,2.510646818163282,2.510646818163282,1.630343795623271,1.630343795623271,0.8609710483453166,0.7713170617081808,0.7317812177689665,0.09098215377419366
737053.0,0.16775826138731764,1.0,False,5,False,2,False,1,False,1,False,4,False,1,False,1,False,1,False,3,False,1,False,1,False,1,False,3,False,1,False,1,False,1,False,3,False,1,False,1,False,1,False,1,False,1,False,1,False,1,False,1,False,1,False,1,False,1,False,1,False,1,False,1,False,1,False,1,False,1,False,1,False,0,False,1,False,1,False,1,False,0,False,1,False,1,False,1,False,0,1.0,0.0,1.0,0.0,1.0,0.0,0.4558102844874976,0.0
309074.0,0.0014885382554331646,3.428571428571429,True,1,True,1,True,1,True,1,True,2,True,2,True,2,True,2,True,2,True,2,True,2,True,2,True,3,True,3,True,3,True,2,True,4,True,3,True,3,True,2,True,4,True,3,True,3,True,2,True,4,True,3,True,3,True,2,True,4,True,3,True,3,True,2,True,4,True,3,True,3,True,2,True,4,True,3,True,2,True,2,True,4,True,3,True,2,True,2,3.428571428571429,3.428571428571429,1.0,1.0,1.0,1.0,1.0,1.0
477964.0,0.0007442691277165823,3.428571428571429,True,1,True,1,True,1,True,1,True,1,True,1,True,1,True,1,True,1,True,1,True,1,True,1,True,1,True,1,True,1,True,1,True,1,True,1,True,1,True,1,True,1,True,1,True,1,True,1,True,1,True,1,True,1,True,1,True,1,True,1,True,1,True,1,True,1,True,1,True,1,True,1,True,1,True,1,True,1,True,1,True,1,True,1,True,1,True,1,3.428571428571429,3.4285714285714284,1.0,1.0,1.0,1.0,1.0,1.0
1806425.0,0.00848466805596904,3.4285714285714284,True,9,True,7,True,4,True,1,True,10,True,7,True,4,False,0,True,10,True,7,False,2,False,0,True,10,True,7,False,2,False,0,True,9,True,6,False,1,False,0,True,8,True,5,False,1,False,0,True,8,True,3,False,1,False,0,True,7,False,2,False,1,False,0,True,7,False,2,False,1,False,0,True,5,False,2,False,1,False,0,True,4,False,2,False,1,False,0,3.4285714285714284,0.6570174033739056,1.0,0.4364923076923078,1.0,0.1580264166253438,0.12129626178673915,0.12129626178673915
520007.0,0.0461446859184281,3.4285714285714293,True,1,True,1,True,1,True,1,True,2,True,2,True,2,True,2,True,2,True,2,True,2,True,2,True,2,True,2,True,2,True,2,True,2,True,2,True,2,True,2,True,2,True,2,True,2,True,2,True,2,True,2,True,2,True,2,True,2,True,2,True,2,True,2,True,2,True,2,True,2,True,2,True,2,True,2,True,2,True,2,True,2,True,2,True,2,True,2,3.4285714285714293,1.0,1.0,1.0,1.0,1.0,1.0,0.9999408247160513
1618526.0,0.010270913962488836,3.428571428571429,True,9,True,3,True,2,True,2,True,10,True,3,True,3,True,2,True,9,True,3,True,3,True,2,True,10,True,3,True,2,True,2,True,11,True,2,True,2,True,2,True,10,True,2,True,2,True,2,True,10,True,2,True,2,True,2,True,9,True,2,True,2,True,2,True,8,True,2,True,2,False,1,True,7,True,2,True,2,False,1,True,6,True,2,True,2,False,1,3.428571428571428,0.999970583442959,1.0,0.9999545059415982,1.0,0.9999154366262523,1.0,0.46150728699011545
1614747.0,0.041530217326585295,3.4285714285714297,True,4,True,4,True,4,True,3,True,5,True,5,True,5,True,2,True,7,True,6,True,4,True,1,True,8,True,5,True,3,True,1,True,8,True,5,True,3,True,1,True,7,True,5,True,3,True,1,True,7,True,5,True,2,True,1,True,7,True,5,True,2,True,1,True,7,True,5,True,2,True,1,True,8,True,3,True,1,True,1,True,8,True,2,False,0,False,0,3.428571428571428,1.9291002793297654,0.9339858157618245,0.9339858157618245,0.5550968578614018,0.5550968578614018,0.5550968578614018,0.5550968578614018
1808388.0,0.00922893718368562,3.428571428571429,True,7,True,6,True,6,True,4,True,9,True,6,True,4,False,2,True,9,True,4,True,3,False,1,True,10,True,4,True,3,False,1,True,9,True,4,True,3,False,1,True,9,True,4,True,3,False,0,True,12,False,1,False,0,False,0,True,9,False,1,False,0,False,0,True,8,False,1,False,0,False,0,True,6,False,1,False,0,False,0,True,5,False,1,False,0,False,0,3.4285714285714284,1.0856122559401427,0.7704893198000302,0.37798502190193584,0.37798502190193584,0.37798502190193584,0.3496980089777874,0.13430923419865554
171.0,0.5690681750520988,1.7392629282010799,True,11,True,5,True,2,True,2,True,9,True,4,True,2,True,2,True,8,True,4,True,2,False,1,True,8,False,2,False,1,False,1,True,7,False,2,False,1,False,1,True,6,False,2,False,1,False,1,True,6,False,1,False,1,False,1,True,6,False,1,False,1,False,1,True,6,False,1,False,1,False,1,True,6,False,1,False,1,False,1,True,5,False,1,False,1,False,1,1.1794583048280478,0.8611796580632205,0.9972848991974399,0.2231709010134666,0.9955748845787247,0.2231709010134666,0.6341130603046592,0.16993361298298512
537784.0,0.05641559988091694,3.2441224943918807,True,5,True,5,True,5,True,4,True,6,True,6,True,6,True,5,True,6,True,6,True,6,True,5,True,6,True,6,True,5,True,5,True,6,True,6,True,5,True,5,True,8,True,6,True,5,True,4,True,8,True,6,True,5,True,4,True,8,True,6,True,5,True,4,True,8,True,6,True,5,True,4,True,8,True,6,True,5,True,4,True,9,True,6,True,5,True,4,3.186502551100206,3.186502551100206,0.992930458377649,0.992930458377649,0.992930458377649,0.992930458377649,0.8384806594121973,0.8384806594121973
7516.0,0.17341470675796367,3.375778996218795,True,7,True,6,True,4,True,3,True,7,True,6,True,4,True,3,True,7,True,6,True,4,True,3,True,7,True,6,True,4,True,3,True,8,True,5,True,3,False,2,True,9,True,4,True,3,False,2,True,9,True,4,True,3,False,1,True,9,True,4,True,3,False,1,True,8,True,4,True,3,False,1,True,8,True,4,True,3,False,1,True,9,True,5,True,4,False,1,3.1043644551726604,2.4440090883332224,2.0898336727079787,1.0,0.9985391692217438,0.9985391692217438,0.6948934964537979,0.26703826715093754
321100.0,0.9513247990473355,0.6891074010456538,True,9,False,2,False,1,False,0,True,10,False,1,False,0,False,0,True,5,False,0,False,0,False,0,True,4,False,0,False,0,False,0,True,4,False,0,False,0,False,0,False,1,False,0,False,0,False,0,False,1,False,0,False,0,False,0,False,0,False,0,False,0,False,0,False,0,False,0,False,0,False,0,False,0,False,0,False,0,False,0,False,0,False,0,False,0,False,0,0.4167900021303163,0.3263073643069063,0.15278059833567925,0.06689382106681054,0.11719788950104493,0.06689382106681054,0.0802237762901475,0.009727470819492288
1770039.0,0.012354867520095266,3.428571428571429,True,9,True,5,True,3,False,2,True,10,False,4,False,2,False,1,True,11,False,3,False,2,False,0,True,9,False,3,False,2,False,0,True,8,False,3,False,2,False,0,True,7,False,2,False,2,False,0,True,7,False,2,False,2,False,0,True,8,False,1,False,1,False,0,True,7,False,1,False,0,False,0,True,5,False,1,False,0,False,0,True,5,False,1,False,0,False,0,3.4285714285714284,0.7185377004108121,0.955911369151566,0.12190854494727381,0.4577970485318729,0.12190854494727381,0.18624946977969897,0.043442566874187495
1616078.0,0.009824352485858886,3.4285714285714293,True,3,True,3,True,3,True,2,True,3,True,3,True,3,True,2,True,3,True,3,True,3,True,2,True,4,True,3,True,3,True,2,True,4,True,3,True,3,True,2,True,4,True,3,True,3,True,2,True,4,True,3,True,3,True,2,True,4,True,3,True,3,True,2,True,4,True,3,True,3,True,2,True,6,True,4,True,3,True,2,True,6,True,4,True,3,True,2,3.428571428571429,3.371095052664201,1.0,1.0,1.0,1.0,1.0,0.952184039591818
1490141.0,0.017564751414111342,3.4285714285714293,True,1,True,1,True,1,True,1,True,2,True,1,True,1,True,1,True,3,True,1,True,1,True,1,True,3,True,1,True,1,True,1,True,4,True,2,True,2,True,1,True,5,True,3,True,3,True,2,True,5,True,3,True,3,True,2,True,5,True,3,True,2,True,2,True,5,True,3,True,2,True,2,True,5,True,3,True,2,True,2,True,5,True,3,True,2,True,2,3.4285714285714284,0.9999451701094875,1.4622773197611776,0.8163435394685978,1.0,0.7740343039477707,1.0,0.7740343039477707
38533.0,0.08737719559392676,3.0009215213029834,True,7,True,6,True,4,True,3,True,10,True,7,True,3,True,3,True,8,True,6,True,3,True,3,True,9,True,4,True,3,True,1,True,8,True,3,False,1,False,0,True,8,True,3,False,1,False,0,True,9,True,3,False,0,False,0,True,8,True,3,False,0,False,0,True,8,True,3,False,0,False,0,True,8,True,3,False,0,False,0,True,8,True,2,False,0,False,0,1.585648079556284,1.077486518376015,0.7868080002317155,0.7868080002317155,0.3688643974935533,0.2892076188398581,0.2658447528840946,0.2658447528840946
32178.0,0.12399523667758261,3.4285714285714293,True,9,True,5,True,3,True,3,True,11,True,5,True,3,True,2,True,11,True,5,True,2,False,1,True,12,True,4,True,2,False,1,True,9,True,4,False,1,False,1,True,8,True,3,False,1,False,1,True,8,True,2,False,1,False,1,True,6,True,2,False,1,False,1,True,6,True,2,False,1,False,1,True,6,True,2,False,1,False,1,True,6,True,2,False,1,False,0,1.0883526273954602,1.0,1.0,1.0,0.7390753169432862,0.259761305905352,0.5757105620037122,0.16174951169038568
139177.0,0.14409050312593033,3.4136631829867707,True,5,True,4,True,4,True,3,True,9,True,6,True,6,False,3,True,9,True,6,True,6,False,2,True,8,True,6,True,6,False,2,True,8,True,6,True,6,False,1,True,8,True,6,True,5,False,1,True,9,True,7,True,5,False,1,True,9,True,7,True,5,False,1,True,10,True,7,True,4,False,1,True,10,True,7,True,4,False,1,True,10,True,7,True,4,False,1,3.3740785900714654,2.93640956578859,1.0491989696741704,0.954184457721968,0.9982522726220504,0.6691520281761832,0.9546008325950781,0.1166649936940897
291833.0,0.31705864840726405,1.9097220337727414,True,11,True,5,True,3,False,1,True,12,True,5,True,2,False,1,True,12,True,4,True,2,False,1,True,12,True,4,True,2,False,1,True,12,True,4,False,1,False,1,True,12,True,4,False,1,False,1,True,11,True,4,False,1,False,0,True,10,True,3,False,1,False,0,True,10,True,2,False,0,False,0,True,9,True,2,False,0,False,0,True,7,True,2,False,0,False,0,1.3516887779088613,1.0,1.0,1.0,0.4588071238777807,0.2996457920168864,0.36071857693191955,0.04714342393818398
1513927.0,0.0007442691277165823,3.428571428571429,True,1,True,1,True,1,True,1,True,1,True,1,True,1,True,1,True,1,True,1,True,1,True,1,True,1,True,1,True,1,True,1,True,1,True,1,True,1,True,1,True,1,True,1,True,1,True,1,True,1,True,1,True,1,True,1,True,1,True,1,True,1,True,1,True,1,True,1,True,1,True,1,True,1,True,1,True,1,True,1,True,1,True,1,True,1,True,1,3.428571428571429,3.428571428571429,1.0,1.0,1.0,1.0,1.0,1.0
1845.0,0.49538553140815716,2.7041383022348904,True,7,True,5,True,5,True,4,True,7,True,5,True,5,True,4,True,5,True,5,True,5,True,4,True,6,True,5,True,4,True,3,True,7,True,6,True,5,True,2,True,10,True,6,True,3,True,2,True,9,True,6,True,2,False,1,True,9,True,7,True,2,False,0,True,10,True,6,True,1,False,0,True,10,True,5,True,1,False,0,True,10,True,5,True,1,False,0,1.5649817398993304,0.9018451108727538,0.7924926178285416,0.7924926178285416,0.7012940317908756,0.7012940317908756,0.4305501041043947,0.3549421091816606
256808.0,0.0867817802917535,3.232932460102695,True,6,True,6,True,3,True,3,True,6,True,4,True,3,True,3,True,6,True,3,True,3,True,3,True,7,True,4,True,3,True,2,True,8,True,3,True,2,True,2,True,8,True,3,True,2,True,2,True,7,True,3,True,2,True,2,True,7,True,3,True,2,True,2,True,7,True,3,True,2,True,2,True,7,True,3,True,2,True,2,True,8,True,4,True,3,True,2,2.4131490594488203,2.4131490594488203,0.9938569305645465,0.9694205620916545,0.9694205620916545,0.9694205620916545,0.902216387183747,0.902216387183747
1792615.0,0.011164036915748734,3.428571428571429,True,12,True,5,True,3,True,2,True,12,True,4,True,1,False,0,True,9,True,4,True,1,False,0,True,9,True,4,True,1,False,0,True,6,True,4,True,1,False,0,True,6,True,4,False,0,False,0,True,6,True,4,False,0,False,0,True,6,True,3,False,0,False,0,True,6,False,1,False,0,False,0,True,6,False,1,False,0,False,0,True,5,False,1,False,0,False,0,3.4285714285714284,1.482697982176388,0.656498846873504,0.47916086512577744,0.3141028571428571,0.3141028571428571,0.14879240943070735,0.13488180117566392
550700.0,0.11015183090205419,2.715991122830965,False,6,False,2,False,2,False,2,False,6,False,2,False,2,False,2,False,7,False,2,False,2,False,1,False,7,False,2,False,2,False,1,False,6,False,2,False,2,False,1,False,5,False,2,False,2,False,1,False,5,False,2,False,2,False,1,False,5,False,2,False,2,False,1,False,5,False,2,False,2,False,1,False,5,False,2,False,2,False,1,False,5,False,2,False,2,False,1,1.7056264268813754,0.0,1.0,0.0,1.0,0.0,0.9904064059831366,0.0
1674307.0,0.011461744566835368,3.428571428571429,True,5,True,5,True,3,True,2,True,9,True,4,True,3,True,2,True,10,True,3,True,2,True,1,True,9,True,3,True,2,True,1,True,8,True,3,True,2,True,1,True,8,True,3,True,2,True,1,True,8,True,2,True,2,True,1,True,8,True,2,True,1,True,1,True,7,True,2,True,1,False,0,True,5,True,2,True,1,False,0,True,4,True,2,True,1,False,0,3.428571428571429,1.4103009851041348,1.0,1.0,0.9775220433000785,0.9775220433000785,0.4646732438031495,0.4646732438031495
494176.0,0.0922893718368562,3.3538689878152126,True,6,True,4,True,4,True,4,True,5,True,4,True,4,True,4,True,5,True,4,True,4,True,4,True,5,True,4,True,4,True,4,True,6,True,5,True,4,True,4,True,6,True,5,True,4,True,4,True,6,True,5,True,4,True,4,True,10,True,6,True,4,True,2,True,10,True,6,True,4,True,2,True,10,True,6,True,4,True,2,True,10,True,6,True,4,True,2,3.3522514708151245,3.3522514708151245,1.0,1.0,1.0,1.0,0.9061413320655356,0.9061413320655356
1812226.0,0.009973206311402203,3.428571428571429,True,9,True,6,True,3,True,2,True,9,True,5,True,2,True,2,True,8,True,5,True,1,True,1,True,8,True,4,True,1,False,0,True,8,True,4,True,1,False,0,True,7,True,2,False,0,False,0,True,7,False,1,False,0,False,0,True,6,False,1,False,0,False,0,True,6,False,1,False,0,False,0,True,5,False,1,False,0,False,0,True,5,False,1,False,0,False,0,3.428571428571428,1.0,1.6731016731016732,0.39830058417419,0.33710190063781226,0.33710190063781226,0.23694617060769918,0.23694617060769918
606017.0,0.3663292646621018,2.496964008170588,True,11,True,5,True,4,True,2,True,12,True,6,True,3,True,1,True,13,True,6,False,2,False,0,True,13,True,4,False,1,False,0,True,12,True,4,False,1,False,0,True,12,True,4,False,1,False,0,True,10,True,3,False,1,False,0,True,9,True,2,False,1,False,0,True,8,True,2,False,0,False,0,True,8,True,2,False,0,False,0,True,8,True,2,False,0,False,0,1.5336670678650632,1.4220276205056572,0.788528333101518,0.788528333101518,0.45960933483550565,0.19625958997557638,0.154978576809019,0.154978576809019
99839.0,0.10866329264662102,3.428571428571429,True,9,True,4,True,3,True,3,True,11,True,5,False,3,False,2,True,12,True,6,False,4,False,2,True,11,True,5,False,3,False,2,True,10,False,4,False,3,False,1,True,9,False,4,False,2,False,1,True,9,False,3,False,1,False,0,True,8,False,3,False,1,False,0,True,6,False,3,False,1,False,0,True,6,False,2,False,0,False,0,True,5,False,2,False,0,False,0,1.860105370143265,1.067199768575143,1.0,0.29777281370777253,0.5036436308392286,0.14258082103901393,0.351283335834061,0.14258082103901393
656467.0,0.09481988687109259,1.9596132517186835,False,3,False,3,False,3,False,3,False,3,False,3,False,3,False,2,False,3,False,2,False,2,False,1,False,4,False,3,False,2,False,1,False,4,False,3,False,2,False,1,False,3,False,3,False,1,False,1,False,3,False,3,False,1,False,1,False,4,False,2,False,1,False,1,False,4,False,2,False,1,False,1,False,3,False,2,False,1,False,1,False,3,False,1,False,1,False,1,1.0,0.0,1.0,0.0,1.0,0.0,0.9691199992899876,0.0
211973.0,0.6162548377493302,1.3863305484491335,True,11,True,5,True,2,True,1,True,9,True,5,True,2,False,0,True,8,True,3,True,2,False,0,True,8,True,2,True,2,False,0,True,7,True,1,True,1,False,0,True,5,True,1,True,1,False,0,True,4,True,1,True,1,False,0,True,4,True,1,True,1,False,0,True,4,True,1,True,1,False,0,True,4,True,1,True,1,False,0,True,4,True,1,True,1,False,0,1.0,1.0,1.0,1.0,1.0,1.0,0.10539855600450256,0.10539855600450256
741913.0,0.16775826138731764,3.339978863011334,True,8,True,5,True,3,True,2,True,10,True,6,True,2,True,2,True,10,True,6,True,2,True,2,True,11,True,6,True,3,False,1,True,11,True,6,True,3,False,1,True,12,True,5,True,2,False,1,True,13,True,6,True,2,False,0,True,12,True,6,True,2,False,0,True,12,True,5,True,2,False,0,True,10,True,4,True,2,False,0,True,8,True,4,True,2,False,0,3.2851365331467806,1.0,1.1665460390362916,1.0,0.9823789764683676,0.9800381112853798,0.377030817307341,0.2333877850094091
818808.0,0.3383447454599583,2.1815332204814886,True,11,True,7,False,3,False,2,True,11,True,7,False,3,False,2,True,12,True,5,False,2,False,1,True,12,True,4,False,2,False,1,True,9,True,4,False,1,False,1,True,10,True,4,False,0,False,0,True,10,True,3,False,0,False,0,True,9,True,3,False,0,False,0,True,8,True,3,False,0,False,0,True,8,True,2,False,0,False,0,True,8,True,1,False,0,False,0,1.1089113509901776,1.079124898978338,0.6692641195069733,0.6692641195069733,0.34583152534176476,0.06815895365291827,0.34583152534176476,0.06815895365291827
395063.0,0.2054182792497767,2.868903906411814,True,8,True,5,True,5,True,3,True,9,True,5,True,5,True,3,True,9,True,4,True,2,False,1,True,10,True,4,True,2,False,1,True,8,True,4,True,2,False,1,True,9,True,3,True,2,False,1,True,9,True,3,True,2,False,1,True,9,True,3,False,1,False,0,True,9,True,3,False,1,False,0,True,9,True,2,False,1,False,0,True,9,True,2,False,1,False,0,2.499319933991028,1.2152064036224033,0.8503466339345822,0.8155330111761199,0.7511717651162758,0.40297025585947144,0.41299206973657343,0.1531417409010478
68512.0,0.06668651384340578,3.1745937545782437,True,5,True,3,True,3,True,3,True,6,True,4,True,4,True,4,True,7,True,5,True,5,True,5,True,7,True,5,True,5,True,5,True,7,True,5,True,5,True,5,True,8,True,5,True,5,True,4,True,8,True,5,True,5,True,4,True,7,True,5,True,5,False,3,True,7,True,5,True,5,False,3,True,8,True,5,True,4,False,2,True,7,True,4,True,4,False,2,3.0137324421038363,2.4613426415500435,0.9870009869901925,0.9870009869901925,0.9869958815325025,0.9869958815325025,0.7904323251303798,0.4402719476726327
625257.0,0.01935099732063114,3.4285714285714293,True,4,True,4,True,3,True,3,True,5,True,5,True,4,True,4,True,5,True,5,True,4,True,4,True,5,True,5,True,4,True,4,True,5,True,5,True,4,True,4,True,5,True,5,True,4,True,4,True,5,True,5,True,4,True,4,True,5,True,5,True,4,True,4,True,6,True,6,True,4,True,4,True,6,True,6,True,4,True,4,True,6,True,6,True,4,True,4,3.4285714285714284,3.428571428571428,1.0,1.0,1.0,1.0,1.0,1.0
10409.0,0.23891038999702294,3.4252057229545603,True,4,True,2,True,2,True,2,True,5,True,3,True,3,True,3,True,5,True,4,True,4,True,3,True,5,True,5,True,5,True,4,True,5,True,5,True,5,True,3,True,5,True,5,True,5,True,3,True,5,True,5,True,5,True,2,True,5,True,5,True,5,True,2,True,5,True,5,True,4,True,2,True,5,True,5,True,4,True,2,True,5,True,5,True,4,True,2,3.4178940414636734,1.7601842169666497,1.0,1.0,1.0,0.993687958789624,1.0,0.993687958789624
627210.0,0.07100327478416195,3.428571428571429,True,9,True,5,True,2,True,2,True,9,True,5,True,2,True,2,True,10,True,6,True,2,False,1,True,8,True,6,True,2,False,1,True,9,True,6,False,1,False,1,True,8,True,5,False,1,False,1,True,8,True,4,False,1,False,1,True,8,True,4,False,1,False,1,True,8,True,4,False,1,False,1,True,8,True,4,False,1,False,1,True,8,True,4,False,1,False,1,2.122314507198228,2.122314507198228,1.0,1.0,0.999981629689933,0.25140165956492483,0.9893950494417736,0.17996137414408606
195801.0,0.09467103304554927,1.4182501176387639,False,4,False,2,False,2,False,1,False,3,False,2,False,2,False,1,False,3,False,2,False,2,False,1,False,4,False,2,False,1,False,1,False,5,False,2,False,1,False,1,False,5,False,2,False,1,False,1,False,4,False,2,False,1,False,1,False,4,False,2,False,1,False,1,False,4,False,2,False,1,False,1,False,4,False,2,False,1,False,1,False,3,False,1,False,1,False,1,1.0,0.0,1.0,0.0,1.0,0.0,0.6912737672617674,0.0
508635.0,0.5010419767788032,3.0518284570392766,True,3,True,3,True,3,True,2,True,6,True,5,True,2,True,2,True,7,True,7,True,4,True,3,True,8,True,5,True,4,True,3,True,8,True,4,True,4,True,3,True,8,True,4,True,4,True,3,True,9,True,4,True,4,True,3,True,8,True,3,True,3,True,3,True,7,True,3,True,3,True,2,True,7,True,3,True,3,True,2,True,8,True,3,True,2,True,2,2.6294329469099957,2.5756872834275786,0.8836367122843911,0.8414191933061689,0.8414191933061689,0.8414191933061689,0.8357655575062296,0.8357655575062296
15907.0,0.026198273295623697,3.4284887700330944,True,4,True,4,True,4,True,4,True,4,True,4,True,4,True,4,True,4,True,4,True,4,True,4,True,4,True,4,True,4,True,4,True,5,True,5,True,5,True,4,True,6,True,5,True,5,False,3,True,6,True,5,True,5,False,3,True,6,True,5,True,5,False,3,True,6,True,5,True,5,False,3,True,6,True,5,True,5,False,2,True,6,True,5,True,5,False,2,3.4030018208803194,2.9215326489974665,0.9999717110015285,0.9997065845673846,0.9999717110015285,0.9570601697697488,0.9999674444243639,0.3491342839412717
381622.0,0.08931229532598987,2.2111726162234335,False,3,False,3,False,3,False,2,False,3,False,3,False,3,False,2,False,3,False,3,False,3,False,2,False,4,False,4,False,3,False,1,False,5,False,4,False,2,False,1,False,6,False,3,False,1,False,1,False,6,False,3,False,1,False,1,False,5,False,3,False,1,False,1,False,5,False,2,False,1,False,1,False,5,False,1,False,1,False,1,False,5,False,1,False,1,False,1,1.6693345330773763,0.0,1.0,0.0,1.0,0.0,0.9465196200885362,0.0
706508.0,0.18487645132479905,3.10693390707345,True,4,True,3,True,3,True,2,True,5,True,4,True,4,True,3,True,7,True,5,True,4,True,4,True,9,True,6,True,5,True,4,True,10,True,8,True,3,True,3,True,10,True,6,True,3,True,3,True,10,True,5,True,3,True,3,True,12,True,4,True,3,False,2,True,11,False,3,False,2,False,1,True,11,False,3,False,1,False,1,True,11,False,2,False,1,False,1,2.9489142439655365,1.0,0.9007884294273835,0.45696954084195746,0.7595821398262183,0.45696954084195746,0.7432792656175068,0.4347089010718438
1818972.0,0.011759452217922,3.428571428571429,True,7,True,5,True,4,True,2,True,8,True,6,True,4,True,2,True,8,True,5,True,4,True,2,True,11,True,4,True,2,True,1,True,11,True,4,True,2,True,1,True,11,True,3,True,2,True,1,True,8,True,2,True,2,True,1,True,7,True,2,True,2,True,1,True,7,True,2,True,1,True,1,True,8,True,3,False,0,False,0,True,8,True,3,False,0,False,0,3.4285714285714284,1.3294316015835002,1.0,1.0,0.5079874567346093,0.5079874567346093,0.5079874567346093,0.5079874567346093
756917.0,0.13501041976778802,1.9323078136105576,True,9,True,6,True,3,True,2,True,10,True,5,True,3,False,1,True,9,True,4,True,3,False,1,True,9,True,3,True,3,False,1,True,7,True,3,True,3,False,0,True,7,True,3,True,3,False,0,True,7,True,3,False,1,False,0,True,7,True,3,False,1,False,0,True,7,True,3,False,1,False,0,True,7,False,2,False,1,False,0,True,6,False,2,False,0,False,0,1.3103623702983678,1.0,0.6585975484209705,0.5221776319350089,0.5632157942055734,0.3906167890398154,0.27745637296146414,0.13302908704530111
15159.0,0.015034236379874963,3.428571428571429,True,5,True,5,True,4,True,3,True,6,True,4,True,3,True,3,True,6,True,4,True,3,True,3,True,5,True,3,True,3,True,3,True,5,True,3,True,3,True,3,True,5,True,3,True,3,True,3,True,5,True,3,True,3,True,3,True,6,True,4,True,4,True,4,True,6,True,4,True,4,True,4,True,5,True,4,True,4,True,4,True,5,True,4,True,4,True,4,3.428571428571428,1.0,1.0,1.0,1.0,1.0,0.9990795150853673,0.9990795150853673
279680.0,0.2168800238166121,1.832076287047209,True,12,True,5,False,2,False,0,True,9,True,4,False,1,False,0,True,7,True,3,False,1,False,0,True,7,True,3,False,1,False,0,True,6,False,2,False,1,False,0,False,5,False,2,False,1,False,0,False,5,False,2,False,1,False,0,False,5,False,1,False,0,False,0,False,4,False,1,False,0,False,0,False,3,False,1,False,0,False,0,False,2,False,0,False,0,False,0,1.2115234764012983,0.31493058679753944,0.5799225768729337,0.2830017190999998,0.40799125502197947,0.09655501251639051,0.028103895531850283,0.028103895531850283
173223.0,0.07293837451622506,3.3496451007092203,True,8,True,7,True,5,True,2,True,10,True,8,True,4,True,2,True,12,True,5,True,3,True,1,True,10,True,4,True,3,True,1,True,10,True,4,True,3,True,1,True,11,True,4,True,2,True,1,True,12,True,3,False,1,False,0,True,12,True,3,False,1,False,0,True,11,True,2,False,1,False,0,True,12,True,2,False,0,False,0,True,12,True,1,False,0,False,0,1.563025801159808,1.0077113908567001,0.8352045926497528,0.8352045926497528,0.5494206105956405,0.3595024100034833,0.3595024100034833,0.3595024100034833
1509122.0,0.052396546591247393,3.4285714285714293,True,5,True,3,True,3,True,3,True,5,True,3,True,3,True,3,True,5,True,3,True,3,False,2,True,5,True,3,True,3,False,2,True,5,True,3,True,3,False,2,True,5,True,3,True,3,False,1,True,5,True,2,True,2,False,1,True,5,True,2,True,2,False,1,True,5,True,2,True,2,False,1,True,5,True,2,True,2,False,1,True,5,True,2,True,2,False,1,3.428571428571428,1.0,1.0,1.0,1.0,1.0,0.7025458660154832,0.18949031427211804
127696.0,0.17162846085144387,3.4285714285714293,True,4,True,4,True,3,True,3,True,5,True,4,True,3,True,3,True,5,True,3,True,3,True,3,True,6,True,4,True,4,True,4,True,6,True,4,True,4,True,4,True,7,True,5,True,5,True,5,True,9,True,6,True,5,True,4,True,8,True,6,True,5,True,4,True,8,True,6,True,5,True,4,True,8,True,5,True,5,True,3,True,7,True,5,True,4,True,3,3.4285714285714275,3.4285714285714275,1.0,1.0,1.0,1.0,1.0,1.0
382625.0,0.05805299196189342,3.1930559486571743,True,9,True,4,True,3,False,2,True,8,True,4,True,3,False,2,True,9,True,5,True,4,False,2,True,8,True,5,False,3,False,2,True,8,True,5,False,3,False,2,True,7,True,5,False,2,False,2,True,7,True,5,False,2,False,2,True,8,False,4,False,2,False,2,True,9,False,4,False,2,False,2,True,9,False,4,False,2,False,2,True,8,False,4,False,2,False,2,2.5604341859400965,1.0,1.0,0.43030179955622005,0.9569748075586737,0.22720957594470853,0.8591074792137564,0.09499041216326427
427500.0,0.614319738017267,3.1216113841233093,True,7,True,7,True,5,True,3,True,8,True,8,True,5,False,2,True,9,True,8,True,3,False,2,True,10,True,8,True,3,False,2,True,11,True,8,True,3,False,2,True,11,True,6,False,2,False,2,True,11,True,6,False,2,False,1,True,11,True,4,False,2,False,1,True,11,False,3,False,1,False,0,True,11,False,2,False,1,False,0,True,10,False,2,False,1,False,0,1.570168525070613,1.2478783763317205,0.8014296701815236,0.4542754460313911,0.7192600201119685,0.3236308515529676,0.4698099164133246,0.11777592651584366
367548.0,0.10523965465912474,2.3847366554801943,False,3,False,2,False,2,False,2,False,4,False,2,False,2,False,2,False,4,False,2,False,2,False,2,False,4,False,2,False,2,False,2,False,4,False,2,False,2,False,2,False,6,False,2,False,1,False,1,False,5,False,3,False,2,False,1,False,5,False,3,False,2,False,0,False,5,False,3,False,2,False,0,False,5,False,3,False,2,False,0,False,5,False,3,False,2,False,0,1.7035673593575111,0.0,1.0,0.0,1.0,0.0,0.41064535252183293,0.0
134220.0,0.17326585293242036,2.289029894195113,True,13,True,6,True,2,False,0,True,12,True,5,False,1,False,0,True,12,True,5,False,1,False,0,True,11,True,5,False,1,False,0,True,10,True,3,False,1,False,0,True,9,True,3,False,0,False,0,True,7,True,3,False,0,False,0,True,6,True,3,False,0,False,0,True,6,True,3,False,0,False,0,True,5,True,1,False,0,False,0,True,5,True,1,False,0,False,0,1.3726812892169085,1.0,0.6376145108998452,0.6376145108998452,0.3247904961375056,0.11556643726867484,0.03551596078958979,0.006028728307673551
716292.0,0.1555522476927657,3.3996851603801272,True,7,True,5,True,4,True,4,True,8,True,5,True,3,True,3,True,8,True,5,True,3,True,3,True,9,True,6,True,3,True,3,True,10,True,6,True,3,True,3,True,10,True,5,True,3,True,3,True,11,True,6,True,4,True,3,True,11,True,5,True,4,True,3,True,11,True,5,True,4,True,2,True,12,True,5,True,3,False,1,True,11,True,4,True,3,False,1,3.1506634206733963,2.1362472879869436,1.3287207903283373,0.887416614367568,0.8221063056427608,0.6425172311089163,0.7107769164903772,0.5189132734357217
1801118.0,0.009824352485858886,3.4285714285714284,True,9,True,6,False,3,False,3,True,9,True,5,False,2,False,2,True,9,True,5,False,2,False,2,True,6,True,3,False,2,False,2,True,7,True,3,False,1,False,1,True,7,False,2,False,1,False,1,True,6,False,2,False,1,False,1,True,6,False,2,False,1,False,1,True,6,False,1,False,1,False,1,True,7,False,1,False,0,False,0,True,7,False,1,False,0,False,0,3.428571428571428,1.0,0.6160840573853303,0.3400437857017037,0.5102826349939513,0.02499287613981765,0.5102826349939513,0.02499287613981765
378191.0,0.15852932420363203,3.4227916674445322,True,8,True,7,True,4,False,2,True,7,True,6,True,4,False,2,True,6,True,5,True,4,False,2,True,8,True,3,True,3,False,1,True,9,True,4,True,3,False,2,True,10,True,5,True,3,False,1,True,10,True,5,True,3,False,1,True,10,True,5,True,2,False,1,True,10,True,4,True,2,False,1,True,10,True,4,True,2,False,1,True,9,True,4,True,2,False,1,3.248493986378677,1.2175148004074376,0.9983529190400382,0.9983529190400382,0.9805572732848443,0.9805572732848443,0.6108846773938827,0.086911871074986
11069.0,0.9997022923489134,0.4407532327378696,True,6,False,2,False,2,False,1,True,6,False,2,False,1,False,0,True,3,False,2,False,1,False,0,False,2,False,1,False,0,False,0,False,2,False,0,False,0,False,0,False,1,False,0,False,0,False,0,False,0,False,0,False,0,False,0,False,0,False,0,False,0,False,0,False,0,False,0,False,0,False,0,False,0,False,0,False,0,False,0,False,0,False,0,False,0,False,0,0.3754542706577136,0.24709451126061785,0.277194244547466,0.0799425812015695,0.22901063701554092,0.0023201370863936816,0.1435574127742212,0.0023201370863936816
54220.0,0.09481988687109259,2.667388943179629,False,5,False,3,False,2,False,2,False,5,False,3,False,2,False,2,False,5,False,3,False,2,False,2,False,5,False,3,False,2,False,2,False,6,False,3,False,2,False,1,False,5,False,3,False,2,False,1,False,4,False,3,False,2,False,1,False,4,False,3,False,2,False,1,False,4,False,3,False,2,False,1,False,4,False,3,False,2,False,1,False,4,False,3,False,2,False,1,1.2058873255818863,0.0,1.0,0.0,1.0,0.0,0.9986802797542347,0.0
1806633.0,0.010419767788032152,3.428571428571429,True,10,True,6,True,4,True,2,True,11,True,6,True,2,True,2,True,11,True,4,True,2,True,1,True,12,True,4,True,1,True,1,True,11,True,4,True,1,True,1,True,10,True,4,True,1,True,1,True,10,True,3,True,1,True,1,True,8,True,3,True,1,True,1,True,7,True,2,True,1,True,1,True,6,True,2,True,1,True,1,True,6,True,2,True,1,True,1,3.4285714285714284,1.0861515337842453,1.0,1.0,0.7424972550933268,0.7424972550933268,0.7424972550933268,0.7424972550933268
450900.0,0.48303066388806193,3.4285714285714293,True,4,True,2,True,2,False,1,True,2,True,2,False,1,False,1,True,2,True,2,False,1,False,1,True,2,True,2,False,1,False,1,True,2,True,2,False,1,False,1,True,2,False,1,False,1,False,1,False,1,False,1,False,1,False,1,False,1,False,1,False,1,False,1,False,1,False,1,False,1,False,1,False,1,False,1,False,1,False,0,False,1,False,1,False,1,False,0,3.4285714285714275,0.38392109963728865,1.3474479065387457,0.30658518573685734,1.0,0.14930770146763517,0.543064162821925,0.0681540711619055
1799598.0,0.009080083358142305,3.428571428571429,True,8,True,5,True,4,True,3,True,10,True,4,True,4,True,2,True,9,True,4,True,3,True,1,True,9,True,4,True,3,True,1,True,9,True,3,True,1,True,1,True,9,True,3,True,1,True,1,True,9,True,2,True,1,True,1,True,7,True,2,True,1,True,1,True,6,True,2,True,1,True,1,True,6,True,2,True,1,True,1,True,6,True,2,True,1,True,1,3.4285714285714284,1.3656022714013458,1.0,1.0,1.0,1.0,0.6785109983079527,0.6785109983079527
268100.0,0.9959809467103304,1.2937005675585591,True,7,True,4,False,0,False,0,True,4,True,3,False,0,False,0,True,3,True,1,False,0,False,0,True,3,False,0,False,0,False,0,True,2,False,0,False,0,False,0,True,2,False,0,False,0,False,0,True,1,False,0,False,0,False,0,True,1,False,0,False,0,False,0,True,1,False,0,False,0,False,0,True,1,False,0,False,0,False,0,True,1,False,0,False,0,False,0,0.7207682479042163,0.7207682479042163,0.21925192454434372,0.21925192454434372,0.0965684446554214,0.0788941655526765,0.06549622709792116,0.06549622709792116
1807123.0,0.010866329264662102,3.428571428571429,True,7,True,6,True,4,True,3,True,7,True,5,True,4,True,3,True,8,True,5,True,4,True,2,True,8,True,5,True,4,True,2,True,8,True,4,True,3,True,2,True,6,True,4,True,3,True,2,True,6,True,4,True,2,True,1,True,6,True,3,True,2,False,0,True,7,False,2,False,1,False,0,True,6,False,2,False,1,False,0,True,6,False,1,False,1,False,0,3.4285714285714284,1.0047430995215112,0.8841307014609123,0.46611010566874894,0.8841307014609123,0.46611010566874894,0.4011259676284307,0.4011259676284307
1595118.0,0.023816612086930634,2.2715520251982837,False,3,False,2,False,1,False,1,False,3,False,1,False,1,False,1,False,3,False,1,False,1,False,1,False,2,False,1,False,1,False,1,False,3,False,2,False,2,False,1,False,2,False,2,False,2,False,1,False,2,False,2,False,2,False,1,False,2,False,2,False,2,False,1,False,2,False,2,False,2,False,1,False,2,False,2,False,2,False,1,False,2,False,2,False,1,False,1,1.0,0.0,1.0,0.0,1.0,0.0,1.0,0.0
123675.0,0.16865138434057755,3.3494614765900472,True,6,True,5,True,4,True,3,True,8,True,7,True,4,True,3,True,8,True,7,True,4,True,3,True,9,True,7,True,4,True,3,True,9,True,7,True,3,True,3,True,9,True,7,True,3,True,3,True,9,True,6,True,3,True,3,True,10,True,6,True,3,True,2,True,10,True,6,True,3,True,2,True,9,True,6,True,3,False,1,True,8,True,6,False,2,False,1,2.938961130740874,1.6145758973459519,1.0,1.0,0.9629885510513524,0.5645585013775571,0.6104279180653688,0.5222285474016093
1963127.0,0.5489729086037511,3.4285714285714297,True,5,True,3,False,1,False,1,True,5,True,3,False,1,False,1,True,3,True,3,False,1,False,1,True,3,True,3,False,1,False,1,True,3,True,2,False,1,False,0,True,3,False,1,False,1,False,0,True,3,False,1,False,1,False,0,False,1,False,1,False,1,False,0,False,1,False,1,False,1,False,0,False,1,False,1,False,1,False,0,False,1,False,1,False,1,False,0,3.428571428571428,0.4336165812043514,1.979169558158145,0.30030536164881316,0.9810998813260458,0.08783393107462611,0.28033283080611077,0.026443865576592493
63945.0,0.7371241440905031,3.3571891911327745,True,7,True,5,True,4,True,3,True,7,True,5,True,3,True,3,True,6,True,5,True,3,True,3,True,5,True,4,True,3,True,3,True,5,True,3,True,3,True,3,True,5,True,3,True,3,True,3,True,5,True,4,True,4,True,3,True,6,True,4,True,3,True,2,True,6,True,4,True,2,True,2,True,5,True,2,True,2,True,2,True,5,True,2,True,2,True,2,3.0468748959641085,2.1548964235033305,1.0,1.0,1.0,1.0,0.8483921593437719,0.6133525528974458
453366.0,0.11446859184281036,3.2400119689855185,True,7,True,5,True,5,True,4,True,7,True,5,True,5,True,4,True,8,True,6,True,6,True,4,True,8,True,6,True,6,True,4,True,8,True,6,True,6,True,3,True,8,True,6,True,6,True,3,True,8,True,6,True,6,True,3,True,8,True,6,True,6,True,3,True,9,True,7,True,6,True,3,True,9,True,7,True,6,True,3,True,9,True,6,True,5,True,3,2.8197341917380583,1.0,1.0296363869583811,1.0,0.9865978084564146,0.9080442901642556,0.8344585232604814,0.8344585232604814
1637350.0,0.012057159869008634,3.4285714285714293,True,9,True,5,True,2,False,0,True,11,True,2,False,0,False,0,True,11,True,2,False,0,False,0,True,11,False,1,False,0,False,0,True,10,False,1,False,0,False,0,True,9,False,1,False,0,False,0,True,7,False,1,False,0,False,0,True,5,False,1,False,0,False,0,True,5,False,1,False,0,False,0,True,4,False,1,False,0,False,0,True,4,False,1,False,0,False,0,3.428571428571428,1.0,0.824819314162694,0.21574459422781142,0.1442987896871962,0.1442987896871962,0.07239917243493145,0.07239917243493145
570613.0,0.15838047037808872,2.090517511775888,True,11,True,5,True,1,True,1,True,11,True,5,True,1,True,1,True,10,True,4,True,1,True,1,True,10,True,4,True,1,False,0,True,10,True,3,True,1,False,0,True,10,True,3,True,1,False,0,True,9,True,2,False,0,False,0,True,7,True,2,False,0,False,0,True,7,True,1,False,0,False,0,True,5,True,1,False,0,False,0,True,5,False,0,False,0,False,0,1.4612924649391652,0.9420834881665618,0.5760686858486286,0.5760686858486286,0.3655689402178799,0.3655689402178799,0.2360842686921877,0.2360842686921877
838815.0,0.14617445668353676,3.3088317608486375,True,7,True,6,True,5,True,5,True,8,True,5,True,5,True,4,True,8,True,5,True,5,True,4,True,10,True,5,True,4,True,4,True,10,True,5,True,4,True,4,True,10,True,4,True,4,True,4,True,10,True,4,True,4,True,3,True,10,True,4,True,4,True,3,True,9,True,4,True,4,True,3,True,9,True,4,True,4,False,2,True,8,True,4,True,3,False,1,3.2697406299397085,3.2697406299397085,0.9809495908067429,0.9734231132525231,0.792224536106262,0.6128280827599899,0.6458098515960151,0.5317625309006351
1579517.0,0.009973206311402203,3.428571428571429,True,9,False,6,False,2,False,1,True,9,False,5,False,2,False,1,True,9,False,5,False,2,False,1,True,9,False,4,False,2,False,1,True,9,False,3,False,2,False,1,True,6,False,2,False,2,False,1,True,6,False,2,False,2,False,1,True,6,False,2,False,1,False,1,False,5,False,2,False,1,False,1,False,5,False,2,False,1,False,1,False,5,False,2,False,1,False,0,3.428571428571429,0.4524547517573476,1.2653339912557517,0.06959330494787842,1.0,0.056396535943110525,0.5527925364056779,0.03368387444375701
1769113.0,0.011312890741292051,3.428571428571428,True,9,True,6,True,3,True,3,True,11,True,5,False,2,False,1,True,11,True,4,False,2,False,1,True,12,True,3,False,1,False,1,True,14,True,2,False,1,False,1,True,12,False,1,False,1,False,0,True,11,False,1,False,1,False,0,True,8,False,1,False,1,False,0,True,7,False,1,False,1,False,0,True,6,False,1,False,1,False,0,True,5,False,1,False,1,False,0,3.428571428571428,0.8028352575215472,1.0,0.3292532146389713,1.0,0.14307910327989204,0.3223721675561854,0.14307910327989204
740343.0,0.0849955343852337,1.8691000859499296,True,9,True,6,True,3,True,3,True,8,True,5,True,3,True,2,True,9,True,6,True,2,False,0,True,9,True,4,True,2,False,0,True,8,True,4,True,2,False,0,True,9,True,3,True,2,False,0,True,9,True,3,True,2,False,0,True,8,True,2,True,2,False,0,True,8,True,2,False,1,False,0,True,7,True,2,False,0,False,0,True,5,False,0,False,0,False,0,1.2089456018458102,0.6809769651647428,0.5994110345191876,0.5687511048969031,0.512934641616804,0.4673112693135352,0.1814273753139801,0.1508167005699783
1754276.0,0.012057159869008634,3.4285714285714293,True,8,True,3,True,3,True,2,True,6,True,3,True,2,True,2,True,5,True,2,True,2,True,2,True,5,True,2,True,2,True,2,True,4,True,2,True,2,True,2,True,3,True,2,True,2,True,2,True,4,True,3,True,2,True,2,True,5,True,2,True,2,True,1,True,5,True,2,True,2,True,1,True,5,True,2,True,2,True,1,True,5,True,2,True,2,True,1,3.4285714285714293,3.4285714285714284,1.5333701047986765,1.5333701047986765,1.0,1.0,1.0,1.0
795876.0,0.02828222685323013,3.4285714285714293,True,4,True,3,True,2,True,2,True,6,True,4,True,3,True,3,True,6,True,3,True,3,True,3,True,6,True,3,True,3,True,3,True,6,True,3,True,3,True,3,True,6,True,3,True,3,True,3,True,7,True,4,True,4,True,4,True,7,True,4,True,4,True,4,True,7,True,4,True,4,True,4,True,8,True,4,True,4,True,4,True,7,True,4,True,4,True,4,3.428571428571428,2.8365650702760457,1.0,1.0,1.0,0.9990649276201901,1.0,0.9941219859449383
1811353.0,0.010270913962488836,3.428571428571429,True,10,True,6,True,5,True,3,True,10,True,5,True,3,False,0,True,7,True,5,True,2,False,0,True,7,True,4,True,2,False,0,True,8,True,3,True,2,False,0,True,6,True,2,True,1,False,0,True,5,True,2,False,0,False,0,True,5,True,2,False,0,False,0,True,6,True,1,False,0,False,0,True,6,False,0,False,0,False,0,True,6,False,0,False,0,False,0,3.428571428571428,1.0,0.5257458342201135,0.5257458342201135,0.36484717468324024,0.36484717468324024,0.13464745371360157,0.13464745371360157
790785.0,0.025007442691277165,3.4285714285714293,True,1,True,1,True,1,True,1,True,1,True,1,True,1,True,1,True,1,True,1,True,1,True,1,True,1,True,1,True,1,True,1,True,2,True,2,True,2,True,2,True,2,True,2,True,2,True,2,True,3,True,3,True,3,True,2,True,4,True,3,True,3,True,1,True,4,True,3,True,3,True,1,True,5,True,3,True,3,True,1,True,5,True,3,True,3,True,1,3.4285714285714284,3.4285714285714284,1.0,1.0,1.0,1.0,1.0,1.0
1731135.0,0.022476927657040787,3.4285714285714293,False,4,False,3,False,2,False,2,False,5,False,4,False,2,False,2,False,5,False,4,False,2,False,2,False,5,False,4,False,2,False,2,False,5,False,4,False,2,False,2,False,5,False,4,False,2,False,2,False,5,False,3,False,2,False,2,False,5,False,3,False,2,False,2,False,5,False,3,False,2,False,2,False,5,False,3,False,2,False,1,False,5,False,3,False,2,False,1,3.4285714285714284,0.0,1.0,0.0,1.0,0.0,1.0,0.0
751896.0,0.0011908306043465317,3.428571428571429,True,2,True,2,True,2,True,2,True,2,True,2,True,2,True,2,True,2,True,2,True,2,True,2,True,4,True,2,True,2,True,2,True,5,True,2,False,1,False,1,True,5,True,2,False,1,False,1,True,5,False,1,False,1,False,1,True,5,False,1,False,1,False,1,True,5,False,1,False,1,False,1,True,5,False,1,False,1,False,1,True,4,False,1,False,1,False,1,3.4285714285714284,1.0,1.0,0.379079533047787,1.0,0.25056013622513,1.0,0.25056013622513
32444.0,0.3752604941947008,3.4285714285714293,True,9,True,6,True,3,False,1,True,10,True,6,True,2,False,0,True,10,True,6,True,1,False,0,True,10,True,6,True,1,False,0,True,9,True,5,True,1,False,0,True,9,True,5,True,1,False,0,True,9,True,5,True,1,False,0,True,9,True,2,True,1,False,0,True,9,True,2,True,1,False,0,True,9,True,2,True,1,False,0,True,7,True,2,False,0,False,0,3.428571428571428,1.0,0.7041330937909105,0.7041330937909105,0.5937113289988196,0.5937113289988196,0.12829904737226164,0.02707999319242415
1817512.0,0.009824352485858886,3.4285714285714293,True,8,True,7,True,4,True,3,True,9,True,5,True,3,True,3,True,8,True,5,True,3,True,3,True,9,True,4,True,2,True,1,True,10,True,4,False,0,False,0,True,10,True,2,False,0,False,0,True,10,True,2,False,0,False,0,True,10,True,2,False,0,False,0,True,8,True,2,False,0,False,0,True,7,True,2,False,0,False,0,True,6,False,1,False,0,False,0,3.428571428571428,1.0,0.6905968425105891,0.5680911177820943,0.29059385382059805,0.29059385382059805,0.29059385382059805,0.29059385382059805
118.0,0.9980649002679369,0.859502232766611,True,9,True,4,False,1,False,0,True,8,True,3,False,0,False,0,True,8,True,2,False,0,False,0,True,6,True,2,False,0,False,0,True,4,False,1,False,0,False,0,True,4,False,1,False,0,False,0,True,2,False,1,False,0,False,0,True,2,False,0,False,0,False,0,True,2,False,0,False,0,False,0,True,2,False,0,False,0,False,0,True,2,False,0,False,0,False,0,0.7673303321142171,0.7673303321142171,0.40606563050854627,0.28097768460395345,0.13776660110790084,0.0884967399157525,0.0330647828843585,0.0015136431960136659
1675171.0,0.008633521881512354,3.428571428571429,True,10,True,4,True,2,True,1,True,9,True,4,True,1,True,1,True,7,True,4,True,1,True,1,True,8,True,3,True,1,False,0,True,7,True,2,True,1,False,0,True,7,True,2,True,1,False,0,True,6,True,2,True,1,False,0,True,6,True,2,True,1,False,0,True,6,True,2,True,1,False,0,True,6,True,2,True,1,False,0,True,6,True,2,True,1,False,0,3.4285714285714284,1.0,1.0,1.0,0.6527197662908327,0.6527197662908327,0.21739016530874225,0.21739016530874225
423896.0,0.13813635010419767,3.4037301597806358,True,7,True,6,True,5,True,3,True,7,True,5,True,5,True,3,True,7,True,5,True,5,True,3,True,11,True,6,True,3,True,2,True,11,True,6,True,3,True,2,True,11,True,5,True,3,True,2,True,12,True,5,True,3,True,1,True,11,True,4,True,3,True,1,True,10,True,3,True,3,True,1,True,9,True,3,True,3,True,1,True,8,True,3,True,2,True,1,3.074390082938819,1.9969513045035303,1.0,1.0,0.9081103360757065,0.9046295513020706,0.9046295513020706,0.9046295513020706
1815921.0,0.010568621613575468,3.4285714285714284,True,8,True,4,True,2,True,1,True,9,True,5,True,3,False,1,True,9,True,3,False,1,False,1,True,9,False,2,False,1,False,1,True,8,False,2,False,1,False,0,True,8,False,2,False,0,False,0,True,7,False,1,False,0,False,0,True,5,False,0,False,0,False,0,True,4,False,0,False,0,False,0,True,2,False,0,False,0,False,0,True,2,False,0,False,0,False,0,3.4285714285714284,0.8728523823949456,0.4204456536132613,0.22089175192623475,0.30592879487561453,0.17289220917822842,0.25961963732861565,0.11953509852216741
75195.0,0.9502828222685323,1.1766674745540848,True,6,True,5,True,3,True,1,True,5,True,4,True,2,True,1,True,5,True,3,True,2,False,0,True,5,True,2,True,2,False,0,True,4,True,2,True,1,False,0,True,3,True,2,True,1,False,0,True,2,True,2,False,0,False,0,True,2,True,2,False,0,False,0,True,2,True,2,False,0,False,0,True,2,True,2,False,0,False,0,True,2,True,2,False,0,False,0,0.96681115275702,0.96681115275702,0.6817140377599094,0.6817140377599094,0.3712045844083301,0.3712045844083301,0.18140323830209548,0.18140323830209548
1780853.0,0.007740398928252456,3.4285714285714284,True,11,True,8,True,4,True,1,True,9,True,7,True,4,True,1,True,9,True,7,True,3,True,1,True,8,True,6,True,3,True,1,True,8,True,5,True,2,True,1,True,7,True,5,True,1,True,1,True,7,True,3,True,1,True,1,True,7,True,3,True,1,True,1,True,7,True,3,True,1,True,1,True,7,True,3,False,0,False,0,True,7,False,2,False,0,False,0,3.4285714285714284,1.0,1.0,0.5823140241557043,0.5390631221827564,0.5390631221827564,0.5390631221827564,0.5390631221827564
334600.0,0.21747543911878536,3.4284188357423715,True,6,True,4,True,3,True,3,True,6,True,4,True,3,True,3,True,5,True,4,True,3,True,3,True,5,True,4,True,3,True,3,True,4,True,4,True,3,True,3,True,5,True,4,True,3,True,3,True,6,True,5,True,4,True,3,True,6,True,5,True,4,True,3,True,6,True,5,True,4,True,3,True,6,True,5,True,4,True,3,True,7,True,5,True,4,True,2,3.2579788634284172,1.3244235871392387,0.9968060207218461,0.9889239993003558,0.9889239993003558,0.9889239993003558,0.9819298002885822,0.9819298002885822
487655.0,0.46308425126525754,0.9979526966338291,True,12,True,4,False,1,False,0,True,12,True,4,False,0,False,0,True,10,True,3,False,0,False,0,True,7,True,2,False,0,False,0,True,5,True,2,False,0,False,0,True,4,False,0,False,0,False,0,True,4,False,0,False,0,False,0,True,3,False,0,False,0,False,0,True,2,False,0,False,0,False,0,True,1,False,0,False,0,False,0,False,0,False,0,False,0,False,0,0.5500647753969506,0.5500647753969506,0.31332942270829595,0.31332942270829595,0.1281355954282979,0.058504045126549435,0.0070337199663840265,0.0024725887780564877
442236.0,0.29874962786543613,3.0179225430200236,True,6,True,6,True,5,False,3,True,8,True,8,True,6,False,2,True,10,True,8,True,6,False,2,True,10,True,8,True,6,False,2,True,10,True,8,True,6,False,2,True,11,True,6,True,5,False,2,True,11,True,6,True,4,False,2,True,9,True,5,False,2,False,1,True,8,True,5,False,2,False,1,True,7,True,4,False,2,False,1,True,7,True,5,False,1,False,0,2.168165393437915,2.168165393437915,0.9851410081145913,0.9851410081145913,0.780357803159291,0.4006474455803972,0.5630252815281227,0.09999545278422012
272968.0,0.11908306043465317,2.5998095564201686,True,9,True,5,True,4,True,3,True,9,True,4,False,3,False,2,True,8,True,4,False,2,False,1,True,9,True,3,False,2,False,1,True,8,True,3,False,1,False,1,True,8,True,3,False,1,False,1,True,9,True,4,False,0,False,0,True,9,True,4,False,0,False,0,True,8,True,4,False,0,False,0,True,6,True,4,False,0,False,0,True,5,True,4,False,0,False,0,1.949581235585118,1.0,0.9349326769229507,0.7539943154528886,0.3733982524967434,0.13777042108299525,0.3733982524967434,0.13777042108299525
767038.0,0.10717475439118786,3.2712051010627055,True,7,True,4,True,3,True,3,True,7,True,4,True,3,True,3,True,8,True,4,True,3,True,3,True,9,True,3,True,2,True,2,True,10,True,3,True,2,True,2,True,11,True,4,True,2,True,2,True,10,True,4,True,2,True,2,True,10,True,4,True,2,True,2,True,8,True,4,True,2,True,2,True,5,True,4,True,2,True,2,True,5,True,4,True,2,True,2,2.8632762790451207,2.0420417520654777,1.0,1.0,0.9505026799008802,0.8506583656820461,0.9505026799008802,0.6247577409154554
1793782.0,0.00922893718368562,3.428571428571429,True,9,True,6,False,3,False,2,True,11,True,6,False,2,False,1,True,11,True,5,False,2,False,1,True,12,True,3,False,1,False,1,True,13,True,4,False,0,False,0,True,12,True,4,False,0,False,0,True,12,True,3,False,0,False,0,True,12,True,2,False,0,False,0,True,12,True,1,False,0,False,0,True,11,True,1,False,0,False,0,True,11,True,1,False,0,False,0,3.4285714285714284,1.034441787804556,0.6234988443934198,0.6234988443934198,0.2757740863787376,0.05383326351068288,0.2757740863787376,0.021601575194509736
303317.0,0.06028579934504317,3.4284836305714026,True,5,True,3,True,2,True,2,True,5,True,3,True,2,True,2,True,7,True,3,True,2,True,2,True,7,True,3,True,2,True,2,True,8,True,3,True,2,True,2,True,8,True,3,True,2,True,2,True,7,True,3,True,3,True,2,True,7,True,3,True,3,True,2,True,8,True,4,True,3,True,2,True,8,True,4,True,3,True,2,True,8,True,4,True,3,True,2,3.425992111925034,2.8940816051912965,1.0,1.0,1.0,1.0,0.9999473095051258,0.9985223316163656
251908.0,0.1003274784161953,2.936698254376722,False,3,False,3,False,2,False,2,False,4,False,2,False,2,False,2,False,5,False,2,False,2,False,1,False,5,False,2,False,2,False,1,False,5,False,2,False,2,False,1,False,5,False,2,False,2,False,1,False,3,False,2,False,2,False,1,False,3,False,2,False,2,False,1,False,3,False,2,False,2,False,1,False,3,False,2,False,2,False,1,False,4,False,3,False,2,False,1,1.1154209892113103,0.0,1.0,0.0,1.0,0.0,0.9942962478796875,0.0
1553.0,0.9998511461744567,1.9944580395489069,True,8,True,2,False,1,False,0,True,7,False,1,False,1,False,0,True,5,False,1,False,1,False,0,True,3,False,1,False,1,False,0,False,2,False,1,False,1,False,0,False,2,False,1,False,1,False,0,False,2,False,1,False,1,False,0,False,2,False,1,False,1,False,0,False,2,False,1,False,0,False,0,False,2,False,1,False,0,False,0,False,2,False,1,False,0,False,0,1.0702586540931656,0.27160729145514456,0.62665421329755,0.14005118203683706,0.4880677816524995,0.0005502077654861274,0.018631424516773062,0.0003819549286772847
7782.0,0.05939267639178327,1.6125056353228868,True,15,True,3,False,0,False,0,True,13,True,1,False,0,False,0,True,11,False,0,False,0,False,0,True,9,False,0,False,0,False,0,True,7,False,0,False,0,False,0,True,6,False,0,False,0,False,0,True,6,False,0,False,0,False,0,True,5,False,0,False,0,False,0,True,5,False,0,False,0,False,0,True,5,False,0,False,0,False,0,True,4,False,0,False,0,False,0,0.786005576130831,0.6053396462155586,0.18240961853493717,0.18240961853493717,0.09509467955839176,0.09509467955839176,0.04070230177752269,0.006592367197711272
807503.0,0.09973206311402202,3.427159960419767,True,8,True,5,True,5,True,2,True,8,True,5,True,5,True,2,True,7,True,5,True,5,True,2,True,7,True,5,True,5,True,2,True,7,True,5,True,5,True,2,True,7,True,5,True,5,True,2,True,7,True,5,True,5,True,2,True,8,True,6,True,5,True,2,True,8,True,6,True,5,True,2,True,6,True,6,True,5,True,2,True,7,True,6,True,4,True,2,3.37096556466302,1.0,1.0,1.0,0.9413137596226637,0.9413137596226637,0.6336130361155442,0.6214204482680954
1368.0,0.9998511461744567,0.9951601621771937,True,4,True,2,True,1,True,1,True,4,True,2,True,1,True,1,True,4,True,1,True,1,True,1,True,3,True,1,True,1,True,1,True,3,True,1,True,1,True,1,True,2,True,1,True,1,True,1,True,2,True,1,True,1,True,1,True,2,True,1,True,1,True,1,True,2,True,1,True,1,True,1,True,2,True,1,True,1,True,1,True,2,True,1,True,1,True,1,0.9892989646722118,0.9892989646722118,0.9476448668759041,0.9476448668759041,0.9259181915281042,0.9259181915281042,0.6478422810831623,0.6478422810831623
227025.0,0.08201845787436737,3.428571428571429,True,4,True,3,True,3,True,2,True,5,True,4,True,4,True,3,True,6,True,4,True,3,True,3,True,6,True,4,True,3,True,3,True,8,True,5,True,2,True,2,True,7,True,4,True,2,True,2,True,6,True,4,True,2,True,2,True,5,True,4,True,2,True,2,True,6,True,5,True,3,True,3,True,6,True,5,True,3,False,2,True,6,True,5,True,3,False,2,3.218824756469016,1.490718437540746,2.7239304832040805,0.989557234752214,1.0,0.8440617926351864,1.0,0.548619033302988
484622.0,0.0931824947901161,2.184659550976971,True,7,True,6,True,5,True,3,True,8,True,6,True,5,True,3,True,8,True,6,True,4,True,2,True,8,True,6,True,4,True,2,True,8,True,6,True,4,True,2,True,9,True,6,False,1,False,0,True,10,True,5,False,0,False,0,True,9,True,5,False,0,False,0,True,8,True,2,False,0,False,0,True,7,False,1,False,0,False,0,True,7,False,1,False,0,False,0,1.5865800607240688,1.352740741234822,0.8609766302457167,0.5154583398456171,0.3965382535089551,0.3453250470664796,0.3453250470664796,0.3453250470664796
74727.0,0.9714200654956833,3.4059473146548895,True,9,True,6,True,3,True,3,True,9,True,5,False,3,False,3,True,10,True,5,False,2,False,2,True,10,True,5,False,2,False,2,True,10,True,5,False,2,False,2,True,10,True,5,False,2,False,1,True,9,True,4,False,1,False,1,True,9,True,4,False,1,False,1,True,10,True,5,False,2,False,1,True,9,True,4,False,2,False,1,True,8,True,4,False,2,False,1,3.0495969989036507,1.2436479138132095,0.9678208002951076,0.6675545930580882,0.9677779477279553,0.1255414734933907,0.6272824013440423,0.1255414734933907
362327.0,0.15808276272700209,2.422968497840965,True,11,True,7,True,4,False,1,True,11,True,7,True,3,False,1,True,10,True,7,False,1,False,1,True,9,True,7,False,1,False,1,True,9,True,7,False,1,False,0,True,9,True,7,False,1,False,0,True,9,True,7,False,1,False,0,True,8,True,6,False,1,False,0,True,8,True,6,False,1,False,0,True,9,True,4,False,0,False,0,True,9,True,3,False,0,False,0,1.0,0.9319904818996673,0.6612293800122896,0.6612293800122896,0.5062945271115553,0.1808512095560767,0.259735235081407,0.017276721208247647
485160.0,0.15763620125037214,3.4009476220671964,True,9,True,5,True,4,True,3,True,10,True,4,True,3,True,3,True,12,True,4,True,3,True,3,True,14,True,5,True,4,True,1,True,13,True,5,True,4,True,1,True,13,True,5,True,3,True,1,True,12,True,4,True,2,True,1,True,11,True,3,True,2,True,1,True,11,True,3,True,2,True,1,True,10,True,3,True,2,True,1,True,11,True,3,True,2,False,0,3.2005930077245948,0.9066364914861916,0.9417894699058827,0.8007761340981409,0.9211706584781376,0.7925106467074889,0.5917645458579524,0.5917645458579524
339100.0,0.02322119678475737,3.4189995439374785,True,1,True,1,True,1,True,1,True,1,True,1,True,1,True,1,True,3,True,3,True,3,True,2,True,4,True,4,True,3,True,2,True,4,True,4,True,3,True,2,True,4,True,4,True,3,True,2,True,4,True,4,True,3,True,2,True,4,True,4,True,3,True,2,True,5,True,5,True,4,True,3,True,5,True,5,True,4,True,3,True,5,True,5,True,4,True,3,3.2729418176268976,3.1599650010095663,1.0,1.0,1.0,1.0,0.9864928422604797,0.8707898506289833
625568.0,0.0011908306043465317,3.4285714285714293,True,2,True,2,True,2,True,2,True,2,True,2,True,2,True,2,True,2,True,2,True,2,True,2,True,2,True,2,True,2,True,2,True,2,True,2,True,2,True,2,True,2,True,2,True,2,True,2,True,2,True,2,True,2,True,2,True,2,True,2,True,2,True,2,True,2,True,2,True,2,True,2,True,2,True,2,True,2,True,2,True,2,True,2,True,2,True,2,3.428571428571429,2.9276925178742204,1.0,1.0,1.0,1.0,1.0,1.0
335003.0,0.025900565644537063,3.428571428571429,True,2,True,2,True,2,True,2,True,2,True,2,True,2,True,2,True,2,True,2,True,2,True,2,True,2,True,2,True,2,True,2,True,2,True,2,True,2,True,2,True,3,True,3,True,3,True,3,True,3,True,3,True,3,True,3,True,4,True,3,True,3,True,3,True,4,True,3,True,3,True,3,True,4,True,3,True,3,True,3,True,3,True,3,True,3,True,3,3.428571428571429,3.428571428571429,2.834753180722528,1.0,1.0,1.0,1.0,1.0
302806.0,0.20303661804108367,1.4777136622864497,True,13,True,5,True,2,True,1,True,10,True,4,True,1,True,1,True,11,True,2,True,1,True,1,True,11,True,1,True,1,True,1,True,12,True,1,False,0,False,0,True,11,True,1,False,0,False,0,True,11,True,1,False,0,False,0,True,8,False,0,False,0,False,0,True,8,False,0,False,0,False,0,True,7,False,0,False,0,False,0,True,5,False,0,False,0,False,0,0.9207242812264956,0.7897973350974608,0.4106128500062804,0.4106128500062804,0.25269665460011986,0.25269665460011986,0.25269665460011986,0.25269665460011986
487813.0,0.015034236379874963,3.4285714285714293,True,2,True,2,True,2,True,2,True,2,True,2,True,2,True,2,True,2,True,2,True,2,True,2,True,2,True,2,True,2,True,2,True,2,True,2,True,2,True,2,True,2,True,2,True,2,True,2,True,2,True,2,True,2,True,2,True,2,True,2,True,2,True,2,True,2,True,2,True,2,True,2,True,2,True,2,True,2,True,2,True,2,True,2,True,2,True,2,3.428571428571429,3.428571428571428,1.0,1.0,1.0,1.0,1.0,1.0
10196.0,0.8273295623697529,2.3791419305648835,True,7,True,5,True,2,True,2,True,8,True,4,False,1,False,1,True,7,True,3,False,1,False,1,True,5,True,3,False,1,False,1,True,6,True,2,False,1,False,1,True,5,True,2,False,1,False,1,True,4,False,1,False,1,False,1,True,5,False,1,False,1,False,1,True,5,False,1,False,1,False,1,True,5,False,1,False,1,False,1,True,5,False,1,False,1,False,1,2.3083604203131434,1.0,0.7108346806952648,0.3914688423803625,0.6892465808173946,0.1328322908827139,0.6850891174134213,0.12068956749951268
1780960.0,0.01012206013694552,3.428571428571429,True,10,True,5,False,2,False,1,True,10,False,3,False,2,False,1,True,10,False,3,False,2,False,1,True,9,False,3,False,1,False,1,True,8,False,3,False,1,False,0,True,7,False,3,False,1,False,0,True,5,False,2,False,0,False,0,True,5,False,2,False,0,False,0,True,5,False,2,False,0,False,0,True,5,False,2,False,0,False,0,True,5,False,1,False,0,False,0,3.4285714285714284,0.9104816310168083,0.9520278745644598,0.10852130325814537,0.3616618728028125,0.07511127596439177,0.2941080952797312,0.07511127596439177
682759.0,0.055373623102113724,2.916900644163621,True,7,True,6,True,3,True,2,True,7,True,6,True,2,True,2,True,7,True,5,True,2,True,2,True,7,True,4,True,2,True,2,True,7,True,3,True,2,True,2,True,8,True,3,True,2,True,2,True,9,True,3,True,3,True,2,True,9,True,3,True,3,True,2,True,8,True,3,True,3,False,1,True,9,True,2,True,2,False,0,True,8,True,2,True,1,False,0,1.9377087903518027,1.0,1.0,1.0,1.0,1.0,0.5253576805930793,0.48896510252624975
1552198.0,0.0007442691277165823,3.428571428571429,True,1,True,1,True,1,True,1,True,1,True,1,True,1,True,1,True,1,True,1,True,1,True,1,True,1,True,1,True,1,True,1,True,1,True,1,True,1,True,1,True,1,True,1,True,1,True,1,True,1,True,1,True,1,True,1,True,1,True,1,True,1,True,1,True,1,True,1,True,1,True,1,True,1,True,1,True,1,True,1,True,1,True,1,True,1,True,1,3.428571428571429,2.7529116736232666,1.0,1.0,1.0,1.0,1.0,1.0
1602087.0,0.00029770765108663293,3.428571428571429,True,1,True,1,True,1,True,1,True,1,True,1,True,1,True,1,True,1,True,1,True,1,True,1,True,1,True,1,True,1,True,1,True,1,True,1,True,1,True,1,True,1,True,1,True,1,True,1,True,1,True,1,True,1,True,1,True,1,True,1,True,1,True,1,True,1,True,1,True,1,True,1,True,1,True,1,True,1,True,1,True,1,True,1,True,1,True,1,3.428571428571429,1.0,1.0,1.0,1.0,1.0,1.0,1.0
122.0,0.9998511461744567,0.6817248035653732,True,5,True,2,True,1,True,1,True,2,True,1,True,1,True,1,True,1,True,1,True,1,True,1,True,2,True,1,True,1,False,0,True,1,True,1,False,0,False,0,True,1,True,1,False,0,False,0,True,1,True,1,False,0,False,0,True,1,False,0,False,0,False,0,True,1,False,0,False,0,False,0,True,1,False,0,False,0,False,0,False,0,False,0,False,0,False,0,0.5780177039749816,0.5780177039749816,0.41447630931763346,0.41447630931763346,0.2687143465262204,0.2687143465262204,0.23005645184624368,0.23005645184624368
3271.0,0.9988091693956535,0.6533034867253006,True,7,True,3,True,2,False,0,True,6,True,2,True,2,False,0,True,5,True,2,True,1,False,0,True,3,True,2,False,0,False,0,True,3,True,1,False,0,False,0,True,3,True,1,False,0,False,0,True,2,False,0,False,0,False,0,True,2,False,0,False,0,False,0,False,0,False,0,False,0,False,0,False,0,False,0,False,0,False,0,False,0,False,0,False,0,False,0,0.4891311367754798,0.4814945246182163,0.35915856541499336,0.35915856541499336,0.21060206883498583,0.21060206883498583,0.026581274790386043,0.02021963277650106
1489910.0,0.007740398928252456,3.4285714285714293,True,2,True,2,True,2,True,2,True,2,True,2,True,2,True,2,True,2,True,2,True,2,True,2,True,2,True,2,True,2,True,2,True,2,True,2,True,2,True,2,True,2,True,2,True,2,True,2,True,2,True,2,True,2,True,2,True,2,True,2,True,2,True,2,True,2,True,2,True,2,True,2,True,2,True,2,True,2,True,2,True,2,True,2,True,2,True,2,3.428571428571428,1.0,1.0,1.0,1.0,1.0,1.0,0.7618990016306751
475413.0,0.008931229532598988,3.428571428571429,True,3,True,3,True,3,True,3,True,3,True,3,True,3,True,3,True,3,True,3,True,3,True,3,True,3,True,3,True,3,True,3,True,3,True,3,True,3,True,3,True,3,True,3,True,3,True,3,True,3,True,3,True,3,True,3,True,3,True,3,True,3,True,3,True,4,True,3,True,3,True,3,True,4,True,3,True,3,True,3,True,4,True,3,True,3,True,3,3.4285714285714284,3.0298434203129965,1.0,0.9977054024882233,1.0,0.7908517550725455,1.0,0.7212578267760876
121596.0,0.9997022923489134,1.3335721545588828,True,7,True,5,True,4,True,4,True,7,True,5,True,2,True,1,True,7,True,4,True,2,True,1,True,7,True,3,True,2,False,0,True,7,True,3,True,2,False,0,True,5,True,3,True,2,False,0,True,4,True,2,True,1,False,0,True,4,True,2,True,1,False,0,True,2,True,2,True,1,False,0,True,2,True,2,True,1,False,0,True,2,True,2,True,1,False,0,0.939952455588353,0.939952455588353,0.8430790643354552,0.8430790643354552,0.6968835161982707,0.6968835161982707,0.21878799823442158,0.21878799823442158
1610834.0,0.009080083358142305,3.4285714285714297,True,1,True,1,True,1,True,1,True,3,True,3,True,1,True,1,True,3,True,2,True,1,True,1,True,3,True,2,True,1,True,1,True,3,True,2,True,1,True,1,True,3,True,2,True,1,True,1,True,3,True,2,True,1,True,1,True,3,True,2,True,1,True,1,True,3,True,2,True,1,True,1,True,3,True,2,True,1,True,1,True,4,True,3,True,2,True,1,3.428571428571428,3.428571428571428,1.0,1.0,1.0,1.0,1.0,1.0
1536107.0,0.051801131289074126,3.4285714285714293,True,3,True,3,True,2,True,2,True,4,True,4,True,1,True,1,True,4,True,3,True,1,True,1,True,4,True,3,True,1,True,1,True,4,True,3,False,1,False,1,True,4,True,2,False,1,False,1,True,3,True,2,False,1,False,1,True,3,True,2,False,1,False,1,True,3,True,2,False,1,False,1,True,3,True,2,False,1,False,1,True,3,True,2,False,1,False,1,3.4285714285714284,2.605017617389112,1.0,0.6432741267396506,1.0,0.26574574886683683,1.0,0.26574574886683683
1732844.0,0.010717475439118785,3.428571428571429,True,10,True,5,True,3,True,2,True,13,True,4,True,1,False,0,True,13,True,2,True,1,False,0,True,11,True,2,True,1,False,0,True,9,True,1,True,1,False,0,True,9,True,1,True,1,False,0,True,8,True,1,False,0,False,0,True,7,True,1,False,0,False,0,True,6,True,1,False,0,False,0,True,5,True,1,False,0,False,0,True,5,False,0,False,0,False,0,3.4285714285714284,1.0,0.5977522911385674,0.5977522911385674,0.3711164704213364,0.3711164704213364,0.13774985302763068,0.13774985302763068
848885.0,0.006996129800535874,3.428571428571429,True,4,True,4,True,3,True,2,True,4,True,4,True,3,True,2,True,4,True,4,True,3,True,2,True,4,True,3,True,3,True,2,True,4,True,3,True,2,False,1,True,4,True,3,True,2,False,1,True,4,True,3,True,2,False,1,True,4,True,3,True,2,False,1,True,4,True,3,True,2,False,1,True,4,True,3,False,1,False,1,True,4,True,3,False,1,False,1,3.428571428571429,1.0,1.0,1.0,1.0,0.5402588317593564,1.0,0.2839474094475912
445351.0,0.11327776123846382,3.0698728818114303,True,6,True,6,True,5,True,4,True,6,True,6,True,5,True,4,True,6,True,6,True,5,True,4,True,6,True,6,True,5,True,3,True,6,True,6,True,5,True,3,True,6,True,6,True,5,True,3,True,6,True,6,True,5,True,3,True,6,True,6,True,5,True,3,True,6,True,6,True,5,True,2,True,6,True,6,True,5,True,2,True,8,True,5,True,5,True,2,2.341576021154141,1.0,1.9982789528769964,1.0,1.0,1.0,0.9773751351123752,0.7593532741919908
723827.0,0.1927657040785948,3.303057824157571,True,8,True,4,True,4,True,3,True,11,True,5,True,4,True,2,True,11,True,4,True,4,True,1,True,10,True,4,True,4,True,1,True,10,True,4,True,4,True,1,True,9,True,4,True,4,True,1,True,8,True,4,True,4,True,1,True,7,True,4,True,3,False,1,True,7,True,4,True,3,False,1,True,8,True,4,True,2,False,0,True,8,True,4,True,2,False,0,3.18008285824058,2.810152220377962,0.8327087852685944,0.647497719368215,0.82986689708208,0.6097663726999865,0.5383562121895852,0.40441993830616907
450863.0,0.9583209288478713,0.6618310002424023,True,7,False,1,False,0,False,0,True,7,False,0,False,0,False,0,True,6,False,0,False,0,False,0,False,2,False,0,False,0,False,0,False,2,False,0,False,0,False,0,False,1,False,0,False,0,False,0,False,0,False,0,False,0,False,0,False,0,False,0,False,0,False,0,False,0,False,0,False,0,False,0,False,0,False,0,False,0,False,0,False,0,False,0,False,0,False,0,0.36834578702521453,0.23786411624700513,0.1452038823510282,0.05867350711624767,0.09012454235775212,0.008527513971094513,0.07956378658603225,0.0033194251952241858
84111.0,0.9123250967549866,2.1727599030962947,True,9,True,6,True,2,True,1,True,9,True,4,True,1,True,1,True,7,True,3,True,1,True,1,True,7,True,3,True,1,True,1,True,7,True,3,True,2,True,2,True,6,True,2,True,2,True,2,True,6,True,2,True,2,False,1,True,5,True,2,True,1,False,0,True,5,True,1,True,1,False,0,True,4,True,1,True,1,False,0,True,2,True,1,True,1,False,0,1.4235210573689856,1.4235210573689856,0.924624483300168,0.924624483300168,0.7647677347583148,0.7647677347583148,0.4425806300686768,0.3717123686838071
1804797.0,0.011015183090205419,3.428571428571429,True,10,True,6,True,5,True,4,True,11,True,5,True,4,False,1,True,12,False,5,False,1,False,0,True,11,False,5,False,0,False,0,True,10,False,5,False,0,False,0,True,9,False,2,False,0,False,0,True,7,False,1,False,0,False,0,True,7,False,1,False,0,False,0,True,6,False,1,False,0,False,0,True,6,False,1,False,0,False,0,True,6,False,1,False,0,False,0,3.4285714285714284,1.0,0.8674026519469611,0.17946551385340936,0.2446162493895192,0.15201951359494942,0.15674940496429784,0.13561896495605943
6184.0,0.013396844298898482,2.523730422401519,True,10,True,6,True,4,False,1,True,10,True,6,True,3,False,1,True,10,True,5,True,3,False,1,True,10,True,4,True,3,False,1,True,8,True,4,True,3,False,1,True,8,True,4,True,3,False,1,True,8,True,4,True,3,False,1,True,8,True,4,True,3,False,1,True,8,True,4,True,2,False,1,True,8,True,4,True,2,False,1,True,8,True,3,True,2,False,1,1.4807057484348323,1.4807057484348323,1.0,1.0,0.7258403361344539,0.7258403361344539,0.6237290289781393,0.07471607890017938
624588.0,0.0379577255135457,3.428571428571429,True,3,True,2,True,2,True,2,True,4,True,3,True,2,True,2,True,5,True,4,True,3,True,3,True,6,True,4,True,3,True,2,True,5,True,3,True,3,True,2,True,5,True,3,True,3,True,2,True,6,True,4,True,3,True,3,True,6,True,4,True,3,True,3,True,9,True,4,True,3,True,3,True,8,True,4,True,3,True,3,True,7,True,4,True,3,False,2,3.428571428571428,1.0,1.0,1.0,1.0,1.0,1.0,0.5830514405188687
1560084.0,0.0005954153021732659,3.428571428571429,True,1,True,1,True,1,True,1,True,1,True,1,True,1,True,1,True,1,True,1,True,1,True,1,True,1,True,1,True,1,True,1,True,1,True,1,True,1,True,1,True,1,True,1,True,1,True,1,True,1,True,1,True,1,True,1,True,1,True,1,True,1,True,1,True,2,True,2,True,2,True,1,True,2,True,2,True,2,True,1,True,2,True,2,True,2,True,1,3.428571428571429,3.428571428571428,1.0,1.0,1.0,1.0,1.0,1.0
11204.0,0.17162846085144387,1.7086609653224196,True,11,True,6,True,4,True,3,True,10,True,5,True,4,True,3,True,10,True,4,True,2,True,2,True,10,True,4,True,2,True,1,True,9,True,4,True,1,True,1,True,9,True,3,True,1,True,1,True,9,True,2,True,1,True,1,True,8,True,2,True,1,True,1,True,4,True,1,True,1,True,1,True,4,True,1,True,1,True,1,True,4,True,1,True,1,True,1,1.0,1.0,1.0,1.0,1.0,1.0,0.9794917754907089,0.9794917754907089
1510226.0,0.002977076510866329,3.428571428571429,True,1,True,1,True,1,True,1,True,1,True,1,True,1,True,1,True,1,True,1,True,1,True,1,True,1,True,1,True,1,True,1,True,1,True,1,True,1,True,1,True,1,True,1,True,1,True,1,True,2,True,1,True,1,True,1,True,1,True,1,True,1,True,1,True,1,True,1,True,1,True,1,True,1,True,1,True,1,True,1,True,1,True,1,True,1,True,1,3.4285714285714284,3.4285714285714284,1.0,1.0,1.0,1.0,1.0,1.0
1804703.0,0.009377791009228937,3.428571428571429,True,8,True,6,True,4,True,2,True,9,True,6,True,3,True,2,True,8,True,5,True,3,True,2,True,8,True,5,True,3,True,2,True,8,True,5,True,3,True,2,True,7,True,4,True,3,True,2,True,7,True,4,True,3,True,2,True,7,True,3,True,3,True,2,True,7,True,3,True,3,True,2,True,5,True,3,True,2,True,2,True,5,True,3,True,2,True,1,3.4285714285714284,1.8961893858860084,1.0,1.0,0.8320717550324801,0.7573009672619049,0.7573009672619049,0.7573009672619049
137804.0,0.07115212860970527,3.4000990090242054,True,7,True,5,True,5,True,4,True,9,True,6,True,6,True,4,True,9,True,6,True,6,True,4,True,11,True,6,True,6,False,1,True,9,True,6,True,6,False,1,True,9,True,6,True,5,False,1,True,10,True,5,True,3,False,1,True,10,True,5,True,3,False,0,True,11,True,5,False,2,False,0,True,10,True,5,False,2,False,0,True,10,True,5,False,2,False,0,3.1918527534518795,1.9592656386635505,1.5740649338758261,1.0,0.7670086643175479,0.48490151905848494,0.43460325117639564,0.20210798315109796
1676343.0,0.011015183090205419,3.428571428571429,True,10,True,8,True,3,True,2,True,9,True,7,True,3,True,2,True,8,True,6,True,3,False,1,True,7,True,5,True,3,False,1,True,7,True,3,True,3,False,1,True,6,True,3,True,3,False,1,True,6,True,3,True,2,False,0,True,6,True,2,True,2,False,0,True,5,False,1,False,1,False,0,True,5,False,1,False,1,False,0,True,4,False,1,False,1,False,0,3.428571428571429,1.1177160448581689,1.0,0.49082326808274346,0.9840337468532419,0.49082326808274346,0.38970713825859615,0.16802653264695713
1647111.0,0.03423637987496279,3.428571428571429,True,3,True,2,True,2,True,2,True,3,True,2,True,2,True,2,True,3,True,2,True,2,True,2,True,3,True,2,True,2,True,2,True,3,True,2,True,2,True,2,True,4,True,3,True,3,True,2,True,4,True,3,True,3,True,2,True,3,True,3,True,3,True,2,True,3,True,3,True,3,True,2,True,3,True,3,True,3,True,2,True,3,True,3,True,3,True,2,3.428571428571428,0.9859475547284542,0.9878047953151111,0.9212749412384403,0.8478534883205845,0.8478534883205845,0.8073373816298445,0.681271243488189
1616299.0,0.0013396844298898482,3.428571428571429,True,1,True,1,True,1,True,1,True,1,True,1,True,1,True,1,True,2,True,2,True,2,True,2,True,2,True,2,True,2,True,2,True,2,True,2,True,2,True,2,True,2,True,2,True,2,True,2,True,2,True,2,True,2,True,2,True,2,True,2,True,2,True,2,True,2,True,2,True,2,True,2,True,2,True,2,True,2,True,2,True,2,True,2,True,2,True,2,3.428571428571429,3.428571428571429,1.0,1.0,1.0,1.0,1.0,1.0
782264.0,0.14781184876451325,3.32217210465368,True,9,True,7,True,6,True,5,True,10,True,6,True,5,True,4,True,10,True,6,True,5,True,3,True,11,True,6,True,4,True,2,True,11,True,6,True,4,True,2,True,11,True,6,True,4,True,1,True,11,True,6,True,4,True,1,True,10,True,6,True,4,False,0,True,10,True,6,True,4,False,0,True,10,True,6,True,3,False,0,True,10,True,6,True,2,False,0,3.0788487469811896,1.421155857279558,1.0499678705108506,0.9681948381943709,0.8262239773202742,0.6475086527619138,0.417403551272502,0.417403551272502
39630.0,0.0010419767788032153,3.428571428571429,True,1,True,1,True,1,True,1,True,1,True,1,True,1,True,1,True,1,True,1,True,1,True,1,True,1,True,1,True,1,True,1,True,1,True,1,True,1,True,1,True,1,True,1,True,1,True,1,True,1,True,1,True,1,True,1,True,1,True,1,True,1,True,1,True,1,True,1,True,1,True,1,True,1,True,1,True,1,True,1,True,1,True,1,True,1,True,1,3.428571428571429,3.428571428571429,1.0,1.0,1.0,1.0,1.0,1.0
1803510.0,0.013247990473355165,3.4285714285714284,True,13,True,6,True,2,False,0,True,13,True,4,False,1,False,0,True,12,True,3,False,1,False,0,True,10,True,3,False,1,False,0,True,9,True,3,False,1,False,0,True,8,False,1,False,1,False,0,True,7,False,1,False,1,False,0,True,7,False,1,False,1,False,0,True,6,False,1,False,1,False,0,True,6,False,1,False,1,False,0,True,5,False,1,False,1,False,0,3.4285714285714284,1.0,1.0,0.31514627709007104,1.0,0.1143728597683941,0.08383003268602203,0.08383003268602203
1584685.0,0.0005954153021732659,3.4285714285714293,True,1,True,1,True,1,True,1,True,1,True,1,True,1,True,1,True,1,True,1,True,1,True,1,True,1,True,1,True,1,True,1,True,1,True,1,True,1,True,1,True,1,True,1,True,1,True,1,True,1,True,1,True,1,True,1,True,1,True,1,True,1,True,1,True,1,True,1,True,1,True,1,True,1,True,1,True,1,True,1,True,1,True,1,True,1,True,1,3.4285714285714293,3.4285714285714293,1.0,1.0,1.0,1.0,1.0,1.0
1781410.0,0.011759452217922,3.428571428571429,True,11,True,4,False,1,False,0,True,11,True,3,False,1,False,0,True,9,True,1,False,0,False,0,True,8,False,0,False,0,False,0,True,6,False,0,False,0,False,0,True,5,False,0,False,0,False,0,True,4,False,0,False,0,False,0,False,2,False,0,False,0,False,0,False,1,False,0,False,0,False,0,False,1,False,0,False,0,False,0,False,1,False,0,False,0,False,0,3.4285714285714284,0.4379661296303927,0.2168906747956214,0.2168906747956214,0.18851099469561364,0.057122528840778675,0.03818042980255266,0.03818042980255266
1802752.0,0.00922893718368562,3.4285714285714293,True,5,True,2,True,2,True,2,True,6,True,2,True,1,True,1,True,4,True,2,True,1,True,1,True,3,True,2,True,1,True,1,True,4,True,3,True,2,True,2,True,4,True,3,True,2,True,2,True,4,True,3,True,2,True,2,True,5,True,3,True,2,True,2,True,5,True,3,True,2,True,2,True,5,True,3,True,2,True,2,True,5,True,3,True,2,True,2,3.428571428571429,1.4498121017373784,1.0166309969680758,1.0,1.0,1.0,0.8683847110786472,0.8683847110786472
211784.0,0.017713605239654658,3.4285714285714293,True,2,True,2,True,1,True,1,True,3,True,2,True,1,True,1,True,3,True,2,True,1,True,1,True,3,True,1,True,1,True,1,True,3,True,1,True,1,True,1,True,3,True,1,True,1,True,1,True,3,True,1,True,1,True,1,True,3,True,1,True,1,True,1,True,3,True,1,True,1,True,1,True,3,True,1,True,1,True,1,True,3,True,1,True,1,True,1,3.428571428571429,1.0,1.0,1.0,1.0,1.0,1.0,1.0
254743.0,0.14334623399821375,2.5332014956601325,True,9,True,7,False,5,False,2,True,10,True,8,False,5,False,2,True,10,True,7,False,3,False,1,True,11,True,6,False,2,False,1,True,11,True,6,False,2,False,1,True,9,True,5,False,2,False,1,True,9,True,5,False,2,False,1,True,9,True,5,False,2,False,1,True,9,True,4,False,1,False,1,True,9,True,4,False,1,False,1,True,9,True,4,False,1,False,1,2.3854172877780986,2.3854172877780986,0.8304000983274966,0.8304000983274966,0.7897564267403613,0.02332567849385406,0.7675755612474912,0.0041807847405647735
1790713.0,0.011461744566835368,3.4285714285714293,True,10,True,7,True,6,False,0,True,10,True,6,True,3,False,0,True,11,True,5,True,2,False,0,True,11,True,5,True,2,False,0,True,11,True,4,True,1,False,0,True,10,True,3,True,1,False,0,True,10,True,2,True,1,False,0,True,10,True,2,True,1,False,0,True,10,True,2,True,1,False,0,True,9,True,2,False,0,False,0,True,9,True,1,False,0,False,0,3.428571428571428,1.0,0.6001893540921523,0.6001893540921523,0.5345721899685925,0.5345721899685925,0.08017519570012475,0.05352665587346159
849128.0,0.22551354569812443,3.4285714285714297,True,7,True,3,True,2,True,2,True,6,True,3,True,2,True,2,True,6,True,3,True,2,True,2,True,5,True,3,True,2,True,2,True,4,True,3,True,2,True,2,True,3,True,3,True,2,True,2,True,3,True,3,True,2,True,2,True,3,True,2,True,2,True,2,True,3,True,2,True,2,True,2,True,3,True,2,True,2,True,2,True,3,True,2,True,2,True,2,3.428571428571428,2.692249198466303,1.0,0.9833963078829251,1.0,0.9833963078829251,1.0,0.9797851965441624
176934.0,0.06281631437927955,3.392357151024495,True,6,True,4,True,4,True,2,True,6,True,4,True,4,True,2,True,6,True,4,True,4,True,2,True,6,True,4,True,4,True,2,True,6,True,4,True,3,True,2,True,4,True,4,True,2,True,2,True,5,True,5,True,3,True,2,True,5,True,5,True,3,True,2,True,5,True,5,True,3,True,2,True,6,True,4,True,2,True,2,True,5,True,4,True,2,True,2,3.3446631317355884,2.7524090320786065,1.0,1.0,1.0,1.0,0.9804362174415899,0.7967742558985568
12926.0,0.650044656147663,1.6811457896327775,True,11,True,4,True,1,True,1,True,12,True,5,True,1,False,0,True,10,True,5,True,1,False,0,True,10,True,5,True,1,False,0,True,10,True,5,False,0,False,0,True,11,True,3,False,0,False,0,True,9,True,3,False,0,False,0,True,8,True,3,False,0,False,0,True,7,True,2,False,0,False,0,True,7,True,2,False,0,False,0,True,7,True,2,False,0,False,0,0.9833883534127359,0.9833883534127359,0.8062597342637605,0.8062597342637605,0.26900521364157925,0.26900521364157925,0.10836522627483546,0.10836522627483546
1631778.0,0.008038106579339089,3.428571428571429,True,7,True,6,True,5,True,3,True,10,True,8,True,3,False,0,True,11,True,6,True,3,False,0,True,12,True,4,False,0,False,0,True,12,True,4,False,0,False,0,True,11,True,2,False,0,False,0,True,11,True,2,False,0,False,0,True,11,True,2,False,0,False,0,True,10,True,2,False,0,False,0,True,7,True,2,False,0,False,0,True,7,True,2,False,0,False,0,3.428571428571429,1.432866116832614,1.0,1.0,0.23381076388888894,0.2208174178762413,0.13666838576585866,0.12987896096831222
612150.0,0.9605537362310211,3.1519549031497847,True,6,True,4,True,4,True,4,True,6,True,4,True,4,True,4,True,7,True,4,True,4,True,3,True,8,True,5,True,4,True,2,True,9,True,5,True,4,True,2,True,9,True,5,True,4,True,2,True,9,True,5,True,4,True,2,True,11,True,6,True,4,False,0,True,11,True,5,True,3,False,0,True,11,True,4,True,3,False,0,True,11,True,4,True,3,False,0,2.60828270177742,1.2943707355555196,0.8605859988255642,0.8605859988255642,0.8454938093186947,0.8454938093186947,0.4313259942332915,0.4220871077522582
1774073.0,0.008633521881512354,3.4285714285714284,True,8,True,5,True,4,True,3,True,9,True,6,True,3,True,2,True,8,True,5,True,3,True,2,True,10,True,5,True,3,True,1,True,10,True,4,True,3,True,1,True,10,True,3,False,2,False,0,True,10,True,3,False,2,False,0,True,9,True,3,False,2,False,0,True,6,True,3,False,2,False,0,True,6,True,3,False,2,False,0,True,6,True,3,False,2,False,0,3.4285714285714275,1.344388048423923,1.0,1.0,0.9946262126688223,0.3266478029294275,0.3266478029294275,0.3266478029294275
697168.0,0.0976481095564156,3.4285714285714275,True,6,True,4,True,3,True,3,True,6,True,4,True,3,True,3,True,6,True,4,True,3,True,3,True,5,True,4,True,3,True,3,True,5,True,4,True,3,True,2,True,6,True,5,True,4,False,2,True,6,True,5,True,4,False,2,True,6,True,5,True,4,False,2,True,6,True,5,True,4,False,2,True,7,True,5,True,4,False,1,True,6,True,5,True,3,False,1,3.4285714285714275,0.9918347789966659,3.3213524103677887,0.7776548303802596,1.0,0.7776548303802596,1.0,0.3066950041387845
605036.0,0.9997022923489134,2.8776119646101055,True,5,True,3,True,2,True,1,True,3,True,2,True,2,True,1,True,3,True,2,True,2,True,1,True,2,True,2,True,2,True,1,True,2,True,2,True,2,True,1,True,2,True,2,True,2,True,1,True,2,True,2,True,2,True,1,True,2,True,2,True,1,True,1,True,2,True,2,True,1,False,0,True,2,True,2,True,1,False,0,True,2,True,2,True,1,False,0,1.7525707082513855,0.8993023136971215,0.9672660489008018,0.804138309594899,0.6414823294401036,0.6414823294401036,0.47579650890725067,0.47579650890725067
210412.0,0.9353974397142006,0.6603331687247809,True,8,False,0,False,0,False,0,True,4,False,0,False,0,False,0,True,2,False,0,False,0,False,0,True,1,False,0,False,0,False,0,False,0,False,0,False,0,False,0,False,0,False,0,False,0,False,0,False,0,False,0,False,0,False,0,False,0,False,0,False,0,False,0,False,0,False,0,False,0,False,0,False,0,False,0,False,0,False,0,False,0,False,0,False,0,False,0,0.29071922147387386,0.29071922147387386,0.07132522010174157,0.06513710940669135,0.05760429475530107,0.0009003692852910216,0.05760429475530107,0.0009003692852910216
466805.0,0.17609407561774337,3.4272477760928433,True,6,True,5,True,5,True,5,True,7,True,5,True,5,True,5,True,8,True,5,True,5,True,4,True,9,True,5,True,4,True,3,True,9,True,4,True,4,True,3,True,11,True,5,True,4,True,3,True,9,True,5,True,4,True,3,True,8,True,5,True,4,True,3,True,8,True,5,True,4,True,2,True,8,True,5,True,4,True,2,True,8,True,5,True,3,True,2,3.289111334550265,3.289111334550265,0.9672462546720434,0.9514165538081859,0.9393680161566592,0.9393680161566592,0.9393680161566592,0.9393680161566592
557088.0,0.20125037213456387,1.5247006817545061,True,17,True,3,False,0,False,0,True,14,True,2,False,0,False,0,True,10,False,0,False,0,False,0,True,9,False,0,False,0,False,0,True,8,False,0,False,0,False,0,True,6,False,0,False,0,False,0,True,5,False,0,False,0,False,0,True,4,False,0,False,0,False,0,True,3,False,0,False,0,False,0,True,3,False,0,False,0,False,0,True,3,False,0,False,0,False,0,0.7776315492879599,0.6408098214947564,0.17866556520402685,0.17866556520402685,0.0620174312010568,0.0011118967192810575,0.017884306141075255,0.0009720761993565164
11.0,0.9998511461744567,1.5679797625404244,True,8,True,4,True,2,True,1,True,6,True,3,True,1,False,0,True,4,True,3,False,0,False,0,True,4,True,2,False,0,False,0,True,3,False,0,False,0,False,0,True,3,False,0,False,0,False,0,True,1,False,0,False,0,False,0,False,0,False,0,False,0,False,0,False,0,False,0,False,0,False,0,False,0,False,0,False,0,False,0,False,0,False,0,False,0,False,0,0.42581011703946614,0.42581011703946614,0.2758367321687046,0.2659734755747002,0.19722063226202335,0.19722063226202335,0.13802960563221106,0.13802960563221106
1739300.0,0.010419767788032152,3.428571428571429,True,8,True,5,True,2,True,2,True,9,True,6,True,2,True,1,True,9,True,5,True,2,True,1,True,10,True,5,False,2,False,0,True,9,True,5,False,2,False,0,True,10,True,3,False,2,False,0,True,10,True,3,False,2,False,0,True,10,True,3,False,2,False,0,True,8,False,2,False,2,False,0,True,6,False,1,False,1,False,0,True,6,False,1,False,1,False,0,3.428571428571429,0.9543909979667439,1.0,0.48662291771832417,0.722160575580771,0.2485348961108152,0.2485348961108152,0.2485348961108152
1789496.0,0.010419767788032152,3.428571428571429,True,9,True,6,True,4,True,2,True,12,True,4,True,4,False,1,True,12,True,4,True,3,False,1,True,11,True,3,False,1,False,1,True,10,False,1,False,0,False,0,True,10,False,0,False,0,False,0,True,10,False,0,False,0,False,0,True,9,False,0,False,0,False,0,True,7,False,0,False,0,False,0,True,7,False,0,False,0,False,0,True,6,False,0,False,0,False,0,3.4285714285714284,0.7587842909544108,0.3390827348300627,0.25541787215459366,0.2705568255484662,0.20235861699276345,0.2705568255484662,0.11636485580147553
663507.0,0.311848764513248,3.4285714285714293,True,7,True,5,True,3,True,2,True,7,True,5,True,3,True,2,True,6,True,5,True,3,True,2,True,7,True,6,True,4,True,2,True,7,True,6,True,4,True,2,True,7,True,6,True,4,True,2,True,7,True,4,True,4,True,2,True,8,True,5,True,4,True,2,True,8,True,4,True,4,True,2,True,8,True,4,True,4,True,2,True,10,True,3,True,3,True,2,3.428571428571428,3.428571428571428,1.0,1.0,1.0,1.0,1.0,1.0
1489667.0,0.0008931229532598987,3.4285714285714293,True,1,True,1,True,1,True,1,True,1,True,1,True,1,True,1,True,1,True,1,True,1,True,1,True,1,True,1,True,1,True,1,True,1,True,1,True,1,True,1,True,2,True,1,True,1,True,1,True,2,True,1,True,1,True,1,True,1,True,1,True,1,True,1,True,1,True,1,True,1,True,1,True,1,True,1,True,1,True,1,True,2,True,2,True,2,True,1,3.428571428571429,3.428571428571429,1.0,1.0,1.0,1.0,1.0,1.0
196131.0,0.6743078297112236,2.8566112115677034,True,13,True,6,True,4,False,1,True,14,True,5,True,3,False,1,True,16,True,5,True,2,False,0,True,16,True,4,True,2,False,0,True,16,True,3,True,2,False,0,True,14,True,2,True,2,False,0,True,13,True,2,False,0,False,0,True,12,True,2,False,0,False,0,True,11,True,2,False,0,False,0,True,10,True,2,False,0,False,0,True,10,True,1,False,0,False,0,1.613782582434606,1.246046552851351,0.9681993043427581,0.9681993043427581,0.3645024840603012,0.359864267339685,0.17023607742045538,0.02009384065396972
1552279.0,0.0008931229532598987,3.428571428571429,True,2,True,1,True,1,True,1,True,2,True,1,True,1,True,1,True,2,True,1,True,1,True,1,True,2,True,1,True,1,True,1,True,2,True,1,True,1,True,1,True,2,True,1,True,1,True,1,True,2,True,1,True,1,True,1,True,2,True,1,True,1,True,1,True,2,True,1,True,1,True,1,True,2,True,1,True,1,True,1,True,2,True,1,True,1,True,1,3.4285714285714284,1.2952323362416267,1.0,1.0,1.0,1.0,1.0,1.0
165515.0,0.07636201250372135,2.608850875282294,True,8,True,5,False,3,False,3,True,7,False,4,False,3,False,3,True,7,False,4,False,2,False,2,True,7,False,3,False,2,False,2,True,7,False,3,False,2,False,2,True,7,False,4,False,3,False,2,True,6,False,4,False,3,False,2,True,6,False,3,False,3,False,2,True,6,False,3,False,3,False,2,True,6,False,3,False,3,False,2,True,7,False,2,False,2,False,2,2.499927243350207,0.6277958411156711,0.8854933838052306,0.14419217752593155,0.8477136065810055,0.0755435448029036,0.8477136065810055,0.05018829155821783
769752.0,0.10285799345043167,2.120090977907546,True,15,True,5,False,1,False,0,True,15,True,3,False,1,False,0,True,11,True,3,False,1,False,0,True,11,True,3,False,0,False,0,True,9,True,2,False,0,False,0,True,8,True,1,False,0,False,0,True,7,True,1,False,0,False,0,True,7,True,1,False,0,False,0,True,7,True,1,False,0,False,0,True,6,True,1,False,0,False,0,True,6,True,1,False,0,False,0,0.9723173698156521,0.9723173698156521,0.6747313010011082,0.6747313010011082,0.2040159406122166,0.05009535502402925,0.07522814927772402,0.0371462668729125
299906.0,0.09184281036022626,3.2342388945664915,True,6,True,4,True,3,True,2,True,6,True,4,True,3,True,2,True,6,True,4,True,3,True,2,True,6,True,4,True,3,True,2,True,6,True,4,True,3,False,2,True,7,True,4,False,2,False,2,True,8,True,5,False,3,False,1,True,7,True,5,False,3,False,1,True,7,True,5,False,3,False,1,True,8,True,5,False,3,False,1,True,9,True,6,False,4,False,1,2.676785013549948,2.1886463396096985,0.9293768938018862,0.8901168705728201,0.8995669144062973,0.3329568981742895,0.6083886607987106,0.2765388482729472
433920.0,0.9160464423935695,2.4050979703002993,True,11,True,4,True,3,True,2,True,10,True,3,True,2,True,2,True,9,True,2,True,2,True,2,True,8,True,2,True,2,True,2,True,6,True,2,True,1,True,1,True,6,True,2,True,1,False,0,True,7,True,2,False,0,False,0,True,5,True,2,False,0,False,0,True,3,True,2,False,0,False,0,True,3,True,2,False,0,False,0,True,3,True,2,False,0,False,0,1.1109780974656662,1.1109780974656662,0.6472014376736003,0.6472014376736003,0.3797621628858007,0.3797621628858007,0.3430539001750064,0.3430539001750064
175742.0,0.8907412920512057,1.7322078233490772,True,11,True,6,True,5,True,3,True,13,True,6,True,3,False,1,True,13,True,5,False,2,False,1,True,13,True,5,False,2,False,1,True,12,True,4,False,1,False,0,True,12,True,4,False,0,False,0,True,11,True,3,False,0,False,0,True,9,True,2,False,0,False,0,True,8,True,1,False,0,False,0,True,5,True,1,False,0,False,0,True,3,True,1,False,0,False,0,1.0446598892629013,0.812429891381719,0.6935818805343065,0.6935818805343065,0.33034773636026205,0.162250802355227,0.2712634433676754,0.1364772158044338
1707263.0,0.0126525751711819,3.428571428571429,True,10,True,6,False,3,False,0,True,9,False,3,False,3,False,0,True,8,False,3,False,2,False,0,True,7,False,2,False,2,False,0,True,6,False,1,False,1,False,0,True,7,False,1,False,0,False,0,True,7,False,1,False,0,False,0,True,7,False,0,False,0,False,0,True,7,False,0,False,0,False,0,True,5,False,0,False,0,False,0,True,5,False,0,False,0,False,0,3.428571428571428,0.6045066575623079,0.44677173360447386,0.12830060934326332,0.33204254922086407,0.09135485866350512,0.08798731048501968,0.023552123552123612
1604303.0,0.004019053289669544,3.4285714285714293,True,1,True,1,True,1,True,1,True,1,True,1,True,1,True,1,True,2,True,2,True,2,True,2,True,2,True,2,True,2,True,2,True,2,True,2,True,2,True,2,True,2,True,2,True,2,True,2,True,2,True,2,True,2,True,2,True,2,True,2,True,2,True,2,True,2,True,2,True,2,True,2,True,3,True,3,True,1,True,1,True,3,True,1,True,1,True,1,3.428571428571429,3.4285714285714284,1.0,1.0,1.0,1.0,1.0,1.0
1776695.0,0.010866329264662102,3.428571428571429,True,8,True,6,True,4,False,3,True,10,True,6,True,3,False,1,True,11,True,3,False,1,False,1,True,11,True,3,False,1,False,1,True,10,True,3,False,1,False,1,True,10,True,3,False,1,False,0,True,9,True,3,False,1,False,0,True,9,True,3,False,1,False,0,True,9,True,3,False,1,False,0,True,7,False,2,False,1,False,0,True,6,False,1,False,1,False,0,3.428571428571429,0.6165140143323581,1.0,0.5429517671730346,1.0,0.17972733757827158,0.3410462776659959,0.07109563079444753
1370.0,0.9998511461744567,0.9958780346612213,True,13,True,4,False,0,False,0,True,10,True,3,False,0,False,0,True,8,True,1,False,0,False,0,True,8,True,1,False,0,False,0,True,6,False,0,False,0,False,0,True,6,False,0,False,0,False,0,True,4,False,0,False,0,False,0,True,4,False,0,False,0,False,0,True,4,False,0,False,0,False,0,True,2,False,0,False,0,False,0,True,2,False,0,False,0,False,0,0.9423768690614638,0.9423768690614638,0.2556780016551009,0.2556780016551009,0.04450507192318346,0.04450507192318346,0.030952643833747743,0.01124479019276234
181135.0,0.03408752604941947,3.3658242272732655,True,4,True,4,True,4,True,4,True,7,True,5,True,4,True,4,True,8,True,5,True,3,True,3,True,10,True,4,True,3,True,3,True,8,True,4,True,3,True,3,True,8,True,5,True,4,True,3,True,8,True,5,True,4,True,3,True,8,True,5,True,4,True,2,True,9,True,6,False,3,False,1,True,9,True,6,False,3,False,1,True,9,True,5,False,3,False,1,3.0068148432011244,1.0,1.2247019389876532,0.9827313754296161,1.2247019389876532,0.4905659044532799,0.9074034838507746,0.46937089287861905
1806900.0,0.011312890741292051,3.428571428571428,True,12,True,4,True,3,False,0,True,10,True,3,False,2,False,0,True,11,True,3,False,1,False,0,True,10,False,2,False,1,False,0,True,9,False,1,False,1,False,0,True,9,False,1,False,1,False,0,True,9,False,1,False,1,False,0,True,8,False,1,False,1,False,0,True,6,False,1,False,1,False,0,True,6,False,1,False,1,False,0,True,5,False,1,False,1,False,0,3.428571428571428,1.0,1.0,0.24441746606695058,0.6803856768082859,0.1275223517037119,0.09419309664380397,0.08099449508167145
696037.0,0.05090800833581423,3.2441736952709674,False,3,False,3,False,3,False,2,False,4,False,3,False,2,False,1,False,4,False,3,False,2,False,1,False,4,False,2,False,2,False,1,False,4,False,2,False,2,False,1,False,5,False,3,False,2,False,0,False,6,False,2,False,2,False,0,False,6,False,2,False,2,False,0,False,6,False,2,False,2,False,0,False,6,False,2,False,2,False,0,False,6,False,2,False,1,False,0,2.1943837906173598,0.0,1.0,0.0,1.0,0.0,0.300289632804031,0.0
156921.0,0.5602857993450432,2.6833863292898665,True,11,True,8,True,5,False,3,True,11,True,7,True,4,False,2,True,11,True,6,False,3,False,2,True,11,True,6,False,3,False,2,True,12,True,6,False,2,False,2,True,11,True,4,False,2,False,2,True,11,True,4,False,2,False,2,True,11,True,4,False,2,False,2,True,11,True,4,False,1,False,1,True,10,True,3,False,1,False,1,True,9,True,3,False,1,False,1,2.1743517367852436,1.8941090273799237,0.7745912699785973,0.6090283461820976,0.7338896626659274,0.18320177525511624,0.7338896626659274,0.08293328295295405
220165.0,0.002977076510866329,3.428571428571429,True,1,True,1,True,1,True,1,True,1,True,1,True,1,True,1,True,1,True,1,True,1,True,1,True,1,True,1,True,1,True,1,True,1,True,1,True,1,True,1,True,1,True,1,True,1,True,1,True,1,True,1,True,1,True,1,True,2,True,1,True,1,True,1,True,2,True,1,True,1,True,1,True,2,True,1,True,1,True,1,True,2,True,1,True,1,True,1,3.428571428571429,3.4285714285714284,1.0,1.0,1.0,1.0,1.0,1.0
1793818.0,0.009377791009228937,3.428571428571429,True,6,True,5,True,4,True,4,True,6,True,5,True,4,True,3,True,6,True,5,True,4,True,3,True,7,True,6,True,4,False,2,True,8,True,6,True,3,False,2,True,7,True,5,True,3,False,2,True,6,True,5,True,3,False,2,True,5,True,4,True,3,False,2,True,5,True,4,True,3,False,2,True,5,True,4,True,3,False,2,True,7,True,4,True,1,False,0,3.4285714285714275,1.2389721566508347,1.0,1.0,0.6129222251671231,0.6129222251671231,0.5725917485638324,0.20972707667137652
498991.0,0.12994938969931527,2.4007795888808108,True,12,True,5,True,3,True,1,True,11,True,3,True,3,True,1,True,10,True,3,True,2,True,1,True,10,True,2,True,2,True,1,True,9,True,2,True,2,True,1,True,6,True,2,True,1,False,0,False,6,False,2,False,0,False,0,False,6,False,1,False,0,False,0,False,5,False,1,False,0,False,0,False,4,False,1,False,0,False,0,False,3,False,1,False,0,False,0,1.752357512396489,0.393562812328238,0.7864168906518219,0.393562812328238,0.393562812328238,0.393562812328238,0.32049865944301664,0.32049865944301664
679525.0,0.43822566239952365,3.4142481499278783,True,10,True,4,True,3,True,3,True,9,True,5,True,3,True,3,True,8,True,5,True,3,False,2,True,8,True,5,True,3,False,2,True,8,True,5,True,3,False,2,True,8,True,5,True,3,False,2,True,7,True,5,True,3,False,2,True,7,True,5,True,3,False,2,True,9,True,5,True,3,False,1,True,8,True,5,True,3,False,1,True,8,True,5,True,3,False,1,3.285991657927107,1.85834117796718,2.829826338978448,0.7857843741238949,0.9994726503389254,0.6300915822626537,0.9994726503389254,0.19870990586007556
1787109.0,0.009973206311402203,3.428571428571429,True,8,True,5,True,4,True,2,True,9,True,4,True,3,False,0,True,7,True,3,True,3,False,0,True,7,True,3,True,3,False,0,True,8,True,2,True,2,False,0,True,8,True,1,True,1,False,0,True,8,True,1,True,1,False,0,True,9,False,1,False,0,False,0,True,9,False,1,False,0,False,0,True,9,False,1,False,0,False,0,True,8,False,1,False,0,False,0,3.428571428571428,1.0,1.0,0.4086197386689998,0.4086197386689998,0.4086197386689998,0.1452789766199895,0.11869066496427026
587344.0,0.04688895504614469,3.428571428571429,False,4,False,2,False,2,False,2,False,4,False,2,False,2,False,2,False,4,False,2,False,2,False,2,False,4,False,2,False,2,False,2,False,4,False,2,False,2,False,2,False,4,False,2,False,2,False,2,False,4,False,2,False,2,False,1,False,3,False,2,False,2,False,1,False,3,False,2,False,2,False,1,False,3,False,2,False,2,False,1,False,3,False,2,False,2,False,1,3.428571428571428,0.0,1.0,0.0,1.0,0.0,1.0,0.0
1703379.0,0.011164036915748734,3.428571428571429,True,11,True,5,False,3,False,2,True,12,True,4,False,1,False,1,True,10,False,3,False,1,False,1,True,9,False,2,False,1,False,1,False,7,False,1,False,1,False,1,False,7,False,2,False,0,False,0,False,6,False,1,False,0,False,0,False,5,False,1,False,0,False,0,False,5,False,1,False,0,False,0,False,4,False,0,False,0,False,0,False,3,False,0,False,0,False,0,3.428571428571429,0.28379540081667737,0.5265469422133983,0.15367926233954077,0.3176497531681002,0.0723964214366369,0.3176497531681002,0.0723964214366369
828022.0,0.04346531705864841,3.3853078533896577,True,4,True,3,True,3,True,3,True,4,True,3,True,3,True,3,True,6,True,5,True,3,True,3,True,6,True,5,True,3,True,3,True,6,True,5,True,3,True,3,True,8,True,5,True,3,True,3,True,9,True,6,True,4,True,3,True,9,True,6,True,4,True,3,True,8,True,6,True,4,True,3,True,7,True,6,True,4,True,3,True,7,True,6,True,4,True,3,2.8271702023558936,2.1373476601574577,0.998008976291639,0.998008976291639,0.9957385704935684,0.9957385704935684,0.9590181070188009,0.9590181070188009
1794371.0,0.00848466805596904,3.428571428571429,True,10,True,6,True,4,True,2,True,12,True,3,True,1,False,0,True,12,True,2,False,0,False,0,True,12,True,2,False,0,False,0,True,11,True,1,False,0,False,0,True,11,True,1,False,0,False,0,True,10,True,1,False,0,False,0,True,8,True,1,False,0,False,0,True,8,True,1,False,0,False,0,True,8,False,0,False,0,False,0,True,8,False,0,False,0,False,0,3.4285714285714284,1.8683017552016736,0.5034006440157693,0.5034006440157693,0.19250524071259273,0.19250524071259273,0.1454965357967668,0.1454965357967668
1786055.0,0.010419767788032152,3.428571428571429,True,6,True,6,True,5,False,1,True,6,True,6,True,5,False,1,True,9,True,6,True,2,False,0,True,9,True,4,False,1,False,0,True,8,True,3,False,1,False,0,True,8,False,2,False,1,False,0,True,8,False,1,False,0,False,0,True,8,False,1,False,0,False,0,True,7,False,1,False,0,False,0,True,7,False,1,False,0,False,0,True,6,False,1,False,0,False,0,3.428571428571429,0.7610669883717033,1.0,0.3315069870312657,0.3897049496410179,0.23179879275653928,0.18298891883797555,0.054895267116108364
191769.0,0.002232807383149747,3.428571428571429,True,2,True,2,True,2,True,1,True,3,True,2,True,2,False,0,True,3,True,2,True,2,False,0,True,3,True,2,True,2,False,0,True,3,True,2,True,2,False,0,True,3,True,2,True,2,False,0,True,3,True,2,True,2,False,0,True,3,True,2,True,2,False,0,True,3,True,2,True,2,False,0,True,3,True,2,True,2,False,0,True,3,True,2,True,2,False,0,3.4285714285714284,1.7011335683462716,1.0,1.0,1.0,1.0,0.13619344799264566,0.13619344799264566
667444.0,0.12652575171181898,3.408953388948339,True,5,True,4,True,3,True,3,True,6,True,4,True,3,True,3,True,6,True,4,True,3,True,3,True,8,True,5,True,4,True,4,True,8,True,5,True,4,True,4,True,9,True,5,True,3,True,3,True,9,True,4,True,3,True,3,True,11,True,5,True,4,True,3,True,12,True,5,False,3,False,2,True,12,True,5,False,3,False,2,True,12,True,5,False,3,False,2,3.2764074170738744,3.2764074170738744,0.9631352788409986,0.9162489491890279,0.8349228547572086,0.4612239270658085,0.6449528139622087,0.4612239270658085
319600.0,0.10717475439118786,1.0,False,2,False,1,False,1,False,1,False,1,False,1,False,1,False,1,False,1,False,1,False,1,False,1,False,1,False,1,False,1,False,1,False,1,False,1,False,1,False,1,False,1,False,1,False,1,False,1,False,1,False,1,False,1,False,1,False,1,False,1,False,1,False,1,False,1,False,1,False,1,False,1,False,1,False,1,False,1,False,1,False,1,False,1,False,1,False,1,1.0,0.0,1.0,0.0,1.0,0.0,0.7214257177235109,0.0
1806142.0,0.008633521881512354,3.428571428571429,True,10,True,5,True,3,True,2,True,10,True,5,True,3,True,2,True,10,True,5,True,3,True,1,True,9,True,5,True,3,True,1,True,10,True,4,True,2,True,1,True,10,True,4,True,2,False,0,True,8,True,4,True,2,False,0,True,7,True,4,True,2,False,0,True,7,True,2,True,2,False,0,True,5,True,2,True,2,False,0,True,4,True,2,True,2,False,0,3.428571428571429,1.7688638027537018,0.9193058878137608,0.9193058878137608,0.8433393114397435,0.8433393114397435,0.3347234482968555,0.3347234482968555
191587.0,0.9964275081869604,0.6767721742674107,True,9,True,4,False,0,False,0,True,6,False,0,False,0,False,0,False,3,False,0,False,0,False,0,False,3,False,0,False,0,False,0,False,3,False,0,False,0,False,0,False,1,False,0,False,0,False,0,False,1,False,0,False,0,False,0,False,0,False,0,False,0,False,0,False,0,False,0,False,0,False,0,False,0,False,0,False,0,False,0,False,0,False,0,False,0,False,0,0.4031045914035624,0.1797910970387143,0.14875058472043032,0.14875058472043032,0.0677485763381868,0.02599865404835359,0.02599865404835359,0.02599865404835359
42844.0,0.2567728490622209,3.2722865880200485,True,8,True,5,True,5,True,3,True,7,True,4,True,4,True,3,True,6,True,4,True,4,True,3,True,5,True,4,True,4,True,3,True,7,True,3,True,2,True,1,True,7,True,3,True,2,True,1,True,6,True,3,True,2,True,1,True,6,True,3,True,2,True,1,True,6,True,3,True,2,True,1,True,6,False,3,False,2,False,1,True,6,False,3,False,2,False,1,3.2082922694759617,1.2412917918029804,0.9707183571950495,0.516375182170753,0.9541591403552644,0.516375182170753,0.6138649335352486,0.516375182170753
1769475.0,0.013992259601071748,3.428571428571429,True,10,True,5,True,3,True,2,True,10,True,6,True,3,True,2,True,11,True,4,True,1,True,1,True,11,True,4,True,1,True,1,True,10,True,4,True,1,True,1,True,10,True,2,False,1,False,0,True,7,False,1,False,1,False,0,True,7,False,1,False,1,False,0,True,7,False,1,False,1,False,0,True,7,False,0,False,0,False,0,True,6,False,0,False,0,False,0,3.428571428571429,0.7459879604842984,0.515970922954519,0.3926763526395372,0.515970922954519,0.30509767363023854,0.30509767363023854,0.30509767363023854
1800011.0,0.009973206311402203,3.428571428571429,True,8,True,5,True,4,False,2,True,9,True,5,True,2,False,1,True,10,True,5,False,1,False,1,True,10,True,4,False,1,False,0,True,8,False,1,False,1,False,0,True,6,False,1,False,1,False,0,True,6,False,1,False,0,False,0,True,6,False,1,False,0,False,0,True,5,False,1,False,0,False,0,True,5,False,1,False,0,False,0,True,5,False,1,False,0,False,0,3.428571428571429,0.8034189443143976,1.0,0.2798538841585199,0.37762206148282107,0.18570812542352,0.24080702896192643,0.08911517087617714
1550585.0,0.0007442691277165823,3.4285714285714293,False,1,False,1,False,1,False,1,False,1,False,1,False,1,False,1,False,1,False,1,False,1,False,1,False,1,False,1,False,1,False,1,False,1,False,1,False,1,False,1,False,1,False,1,False,1,False,1,False,1,False,1,False,1,False,1,False,1,False,1,False,1,False,1,False,1,False,1,False,1,False,1,False,1,False,1,False,1,False,1,False,1,False,1,False,1,False,1,3.4285714285714284,0.0,1.0,0.0,1.0,0.0,1.0,0.0
1683043.0,0.10866329264662102,3.4285714285714293,True,4,True,3,True,2,True,2,True,5,True,4,True,2,False,1,True,5,True,4,True,2,False,1,True,4,True,4,False,1,False,1,True,4,True,4,False,1,False,1,True,4,True,4,False,1,False,1,True,4,True,4,False,1,False,1,True,4,True,4,False,1,False,1,True,4,True,4,False,1,False,1,True,5,True,4,False,1,False,0,True,5,False,3,False,1,False,0,3.4285714285714275,0.6780545823840968,0.8002923616707177,0.5772197311456185,0.6404111377374383,0.23986232472008903,0.5234007288500404,0.14242266531092962
484764.0,0.04361417088419172,3.428571428571429,True,2,True,2,True,1,True,1,True,2,True,2,True,1,True,1,True,2,True,2,True,1,True,1,True,3,True,2,True,1,True,1,True,3,True,2,True,1,True,1,True,3,True,1,True,1,True,1,True,4,True,2,True,2,True,2,True,4,True,2,True,2,True,2,True,5,True,3,True,2,True,2,True,6,True,4,True,3,True,3,True,6,True,4,True,3,True,3,3.4285714285714284,3.4285714285714275,1.0,1.0,1.0,1.0,1.0,1.0
1748994.0,0.00967549866031557,3.428571428571429,True,11,True,5,True,4,True,1,True,11,True,5,True,3,True,1,True,12,True,3,True,3,True,1,True,12,True,3,True,3,True,1,True,10,True,2,False,1,False,0,True,9,False,1,False,0,False,0,True,8,False,1,False,0,False,0,True,8,False,0,False,0,False,0,True,8,False,0,False,0,False,0,True,8,False,0,False,0,False,0,True,8,False,0,False,0,False,0,3.428571428571428,1.0,0.42133167317675646,0.31591714071052923,0.30026429085068024,0.29492503331134146,0.28344251086261274,0.28344251086261274
1805322.0,0.009526644834772254,3.428571428571429,True,7,True,5,True,4,True,2,True,7,True,4,True,2,True,2,True,10,True,5,True,2,True,2,True,11,True,5,True,2,False,1,True,11,True,4,True,2,False,1,True,10,True,4,True,2,False,1,True,10,True,4,False,1,False,1,True,10,True,4,False,0,False,0,True,8,True,2,False,0,False,0,True,8,True,2,False,0,False,0,True,7,True,2,False,0,False,0,3.428571428571428,1.3683254301339003,0.7229514867451359,0.6928571428571428,0.4098555377207063,0.35197934595524955,0.4098555377207063,0.24509356458238254
376293.0,0.4547484370348318,1.719132165491076,True,15,True,4,True,1,False,0,True,14,True,3,False,0,False,0,True,12,True,2,False,0,False,0,True,11,True,1,False,0,False,0,True,10,True,1,False,0,False,0,True,8,True,1,False,0,False,0,True,9,False,0,False,0,False,0,True,7,False,0,False,0,False,0,True,5,False,0,False,0,False,0,True,4,False,0,False,0,False,0,True,4,False,0,False,0,False,0,0.9571166978073457,0.8019375074138844,0.36694577202943635,0.36694577202943635,0.12833197865505377,0.12833197865505377,0.06414085631318855,0.014901444904960244
426488.0,0.13888061923191425,2.889245689770056,True,9,True,5,True,3,True,3,True,9,True,5,True,3,True,3,True,8,True,5,True,3,True,3,True,9,True,5,True,3,True,3,True,10,True,3,True,2,True,2,True,10,True,3,True,2,True,2,True,10,True,3,False,1,False,1,True,9,True,2,False,1,False,1,True,8,False,1,False,1,False,1,True,8,False,2,False,0,False,0,True,8,False,2,False,0,False,0,2.0411004688108174,2.0006397139227623,0.9743632688388462,0.4797308144813764,0.5355466114176284,0.3597697132459151,0.5355466114176284,0.3597697132459151
1749753.0,0.011164036915748734,3.428571428571429,True,13,True,5,False,1,False,1,True,13,True,3,False,1,False,0,True,13,True,3,False,1,False,0,True,12,True,2,False,0,False,0,True,8,False,1,False,0,False,0,True,7,False,0,False,0,False,0,True,6,False,0,False,0,False,0,True,6,False,0,False,0,False,0,True,5,False,0,False,0,False,0,True,4,False,0,False,0,False,0,True,4,False,0,False,0,False,0,3.4285714285714284,0.7516037400875843,0.30938789216156587,0.25706996581987956,0.22225733683510768,0.050252021244206926,0.13847727247462677,0.050252021244206926
1495966.0,0.17222387615361714,3.197280938875651,True,8,True,7,True,5,True,4,True,11,True,5,True,4,True,3,True,12,True,4,True,4,True,3,True,13,True,4,True,2,True,2,True,13,True,5,True,2,True,1,True,14,True,5,True,1,True,1,True,14,True,3,True,1,True,1,True,11,True,3,True,1,True,1,True,10,True,3,True,1,True,1,True,10,True,3,True,1,True,1,True,10,True,3,True,1,True,1,2.2525613252148466,2.2525613252148466,0.9857364205329661,0.9857364205329661,0.9471266902200772,0.9471266902200772,0.9471266902200772,0.9471266902200772
318186.0,0.1120869306341173,3.4285714285714293,True,8,True,5,True,4,True,3,True,10,True,6,True,3,False,2,True,11,False,4,False,2,False,2,True,12,False,3,False,2,False,1,True,11,False,3,False,1,False,1,True,10,False,3,False,1,False,1,True,10,False,3,False,1,False,1,True,11,False,3,False,1,False,1,True,10,False,3,False,1,False,1,True,10,False,2,False,1,False,1,True,9,False,2,False,1,False,1,3.428571428571428,0.7942332912119138,2.701966107564411,0.19204330006903442,1.0,0.19204330006903442,0.7244637128188394,0.11107417112365336
474746.0,0.0020839535576064306,2.2545832314837444,False,2,False,1,False,1,False,1,False,2,False,1,False,1,False,1,False,3,False,2,False,1,False,1,False,3,False,2,False,1,False,1,False,3,False,2,False,1,False,1,False,3,False,2,False,1,False,0,False,3,False,2,False,1,False,0,False,3,False,2,False,1,False,0,False,3,False,1,False,1,False,0,False,3,False,1,False,1,False,0,False,2,False,1,False,1,False,0,1.0,0.0,1.0,0.0,1.0,0.0,0.3190433501953,0.0
1800201.0,0.01012206013694552,3.428571428571428,True,8,True,5,True,4,False,2,True,11,True,7,True,3,False,1,True,10,True,6,True,2,False,1,True,10,True,5,True,2,False,1,True,10,True,4,False,1,False,1,True,10,True,4,False,1,False,1,True,10,True,4,False,1,False,1,True,10,False,2,False,1,False,1,True,9,False,1,False,1,False,1,True,7,False,1,False,1,False,1,True,7,False,1,False,1,False,1,3.428571428571428,1.2184993883376372,1.0,0.40241499157977706,1.0,0.26167603700916364,0.7446359479423145,0.06384079464716831
293838.0,0.668353676689491,1.6145539738364507,True,8,True,4,True,4,True,3,True,8,True,5,True,3,True,2,True,7,True,5,True,3,True,2,True,8,False,4,False,3,False,1,True,7,False,2,False,1,False,1,True,6,False,2,False,1,False,1,False,6,False,1,False,1,False,1,False,5,False,1,False,1,False,1,False,4,False,1,False,0,False,0,False,4,False,0,False,0,False,0,False,3,False,0,False,0,False,0,1.4090116880513208,0.3550547262657057,0.5035208730315096,0.20337486561241178,0.4504225011394594,0.20042840814938126,0.4504225011394594,0.20042840814938126
756220.0,0.9697826734147068,1.773319691921252,True,11,True,4,True,2,True,1,True,11,True,3,True,2,False,0,True,11,True,3,True,1,False,0,True,11,True,3,True,1,False,0,True,8,True,3,True,1,False,0,True,6,True,3,False,0,False,0,True,6,True,2,False,0,False,0,True,5,True,2,False,0,False,0,True,5,False,0,False,0,False,0,True,3,False,0,False,0,False,0,True,2,False,0,False,0,False,0,1.313331752851832,1.313331752851832,0.4711356856731016,0.45317413696393416,0.30151807806124475,0.30151807806124475,0.12595405185404965,0.12595405185404965
1714479.0,0.009824352485858886,3.4285714285714293,True,7,True,4,True,2,True,2,True,11,True,4,True,2,False,0,True,10,True,4,True,2,False,0,True,11,True,2,False,0,False,0,True,10,True,2,False,0,False,0,True,10,True,2,False,0,False,0,True,9,True,2,False,0,False,0,True,9,True,2,False,0,False,0,True,9,False,1,False,0,False,0,True,7,False,1,False,0,False,0,True,4,False,1,False,0,False,0,3.4285714285714284,0.7935788615546923,0.8632228719948019,0.47113719859803216,0.2129208371246588,0.20515128178958789,0.11733264734465221,0.10919583727530746
97179.0,0.8754093480202442,2.0482548069962627,True,11,True,6,True,3,True,3,True,9,True,6,True,3,True,1,True,10,True,7,False,2,False,0,True,9,True,4,False,2,False,0,True,9,False,3,False,2,False,0,True,10,False,2,False,1,False,0,True,9,False,2,False,1,False,0,True,7,False,1,False,0,False,0,True,5,False,0,False,0,False,0,False,5,False,0,False,0,False,0,False,5,False,0,False,0,False,0,1.5604399631204688,0.5195025989856237,0.48371413980327543,0.28729261444808113,0.4073018227195947,0.17076306286160395,0.17076306286160395,0.17076306286160395
88152.0,0.09898779398630544,2.8717177999194283,True,9,True,5,True,3,True,3,True,8,True,4,True,3,True,3,True,8,True,4,True,3,True,3,True,9,True,3,True,2,True,2,True,8,True,3,True,2,True,2,True,8,True,3,True,2,True,2,True,8,True,4,True,2,False,1,True,8,True,4,True,2,False,1,True,8,True,4,False,1,False,1,True,8,True,4,False,1,False,1,True,9,True,5,False,1,False,1,2.3822176204043224,1.0,1.0,1.0,0.8521948984158981,0.46666001875506047,0.834539582634995,0.360997231020034
347498.0,0.03914855611789223,3.4285714285714293,True,7,True,4,True,4,True,4,True,7,True,4,True,4,True,4,True,8,True,5,True,5,True,4,True,7,True,5,True,5,False,3,True,8,True,4,True,4,False,3,True,8,True,4,True,4,False,3,True,10,True,5,True,3,False,2,True,10,True,4,True,3,False,2,True,8,True,4,True,3,False,2,True,8,True,4,True,3,False,2,True,7,True,4,True,3,False,2,3.3803524354505834,1.0175868531065304,1.0,1.0,1.0,0.9993797455016306,1.0,0.20338150116525683
210123.0,0.15123548675200954,3.3621718925071384,True,9,True,6,True,5,True,5,True,11,True,6,False,3,False,3,True,12,True,6,False,2,False,2,True,11,True,4,False,2,False,2,True,11,True,4,False,2,False,1,True,11,True,4,False,2,False,1,True,9,True,4,False,2,False,1,True,9,True,4,False,1,False,1,True,9,True,2,False,1,False,1,True,8,True,2,False,1,False,1,True,8,True,2,False,1,False,1,3.0630029823718226,2.6409217288658278,0.9994097414744253,0.9994097414744253,0.9951371633359091,0.1468370144753417,0.9922206849282225,0.13550427505659857
1730925.0,0.009973206311402203,3.4285714285714293,True,8,True,5,True,3,True,2,True,9,True,6,True,3,True,1,True,9,True,5,True,3,True,1,True,10,True,3,True,2,False,0,True,9,True,3,True,1,False,0,True,8,True,3,True,1,False,0,True,8,True,3,False,0,False,0,True,8,True,3,False,0,False,0,True,6,True,3,False,0,False,0,True,6,True,3,False,0,False,0,True,5,True,3,False,0,False,0,3.4285714285714284,1.0,0.8291127274898258,0.8291127274898258,0.3622857142857142,0.3622857142857142,0.20842874444071277,0.20842874444071277
1604957.0,0.8934206609109854,2.631002106639546,True,11,False,3,False,3,False,1,True,9,False,3,False,1,False,1,True,6,False,2,False,1,False,1,True,6,False,1,False,1,False,1,False,4,False,1,False,1,False,1,False,3,False,1,False,1,False,1,False,2,False,1,False,1,False,1,False,1,False,1,False,1,False,1,False,1,False,1,False,1,False,1,False,1,False,1,False,1,False,1,False,1,False,1,False,1,False,1,2.590325047944291,0.25852224340839897,0.7449891675700057,0.08092446295583669,0.6581980074436609,0.08092446295583669,0.6247652629583114,0.013477195868119933
482423.0,0.5077403989282524,2.8534374274794367,True,8,True,5,True,4,False,2,True,7,True,4,True,4,False,2,True,7,True,4,True,4,False,2,True,5,True,4,False,2,False,2,True,5,True,4,False,2,False,2,True,6,True,4,False,2,False,2,True,7,True,4,False,2,False,1,True,8,True,4,False,2,False,1,True,8,True,4,False,2,False,1,True,7,True,4,False,2,False,1,True,8,False,2,False,1,False,0,2.0923768641449656,0.6387837834541669,0.825687441556811,0.5736320198412629,0.6490227697317698,0.20367982519949349,0.5557880490046618,0.04660037167306304
1779305.0,0.00967549866031557,3.428571428571429,True,8,True,5,True,5,True,1,True,8,True,4,True,4,True,1,True,8,True,4,True,3,True,1,True,8,True,4,True,2,True,1,True,11,True,3,True,2,True,1,True,9,True,3,True,2,True,1,True,9,True,3,True,2,True,1,True,10,True,4,False,1,False,0,True,8,True,3,False,1,False,0,True,6,True,3,False,1,False,0,True,5,True,3,False,1,False,0,3.428571428571429,1.747181019150075,1.0,1.0,1.0,0.4373521692641674,0.4373521692641674,0.4373521692641674
328511.0,0.016225066984221496,3.428571428571429,False,3,False,2,False,2,False,2,False,3,False,2,False,2,False,1,False,3,False,2,False,2,False,1,False,3,False,2,False,2,False,1,False,3,False,2,False,2,False,1,False,3,False,2,False,2,False,1,False,3,False,2,False,2,False,1,False,3,False,2,False,2,False,1,False,3,False,2,False,2,False,1,False,3,False,2,False,2,False,1,False,3,False,2,False,2,False,1,3.4285714285714284,0.0,1.0,0.0,1.0,0.0,1.0,0.0
1837076.0,0.010866329264662102,3.4285714285714293,True,11,True,5,True,3,True,2,True,11,True,4,True,2,True,2,True,10,True,3,True,2,True,2,True,8,True,3,False,1,False,1,True,7,True,3,False,1,False,1,True,7,True,3,False,1,False,0,True,7,True,3,False,0,False,0,True,7,True,2,False,0,False,0,True,7,True,1,False,0,False,0,True,6,True,1,False,0,False,0,True,5,True,1,False,0,False,0,3.4285714285714284,1.0768134304719672,1.0,1.0,0.37897141039043686,0.22019233623222823,0.335263106827517,0.21176420731448914
222414.0,0.051652277463530814,3.4007537047902714,True,2,True,2,True,2,True,2,True,2,True,2,True,2,True,2,True,2,True,2,True,2,True,2,True,5,True,5,True,3,True,3,True,5,True,3,True,3,True,3,True,5,True,3,False,2,False,1,True,6,True,4,False,3,False,2,True,7,True,5,False,3,False,2,True,6,True,5,False,3,False,2,True,7,True,6,False,3,False,2,True,8,True,5,False,2,False,2,3.3945113263191358,1.368381897412246,1.0,0.86387870357989,0.9832198175984389,0.32974350078528963,0.6571720844695262,0.328115467351796
73422.0,0.9889848169097946,0.5881012551211362,True,8,True,3,False,0,False,0,True,4,False,0,False,0,False,0,True,4,False,0,False,0,False,0,False,2,False,0,False,0,False,0,False,1,False,0,False,0,False,0,False,1,False,0,False,0,False,0,False,0,False,0,False,0,False,0,False,0,False,0,False,0,False,0,False,0,False,0,False,0,False,0,False,0,False,0,False,0,False,0,False,0,False,0,False,0,False,0,0.3699986416091212,0.23381026975451408,0.11528916237097513,0.11528916237097513,0.08451801150969282,0.010918315618402792,0.07672885170394983,0.0007950863662565057
1796080.0,0.011908306043465317,3.428571428571429,True,13,True,5,True,3,False,0,True,11,True,5,True,2,False,0,True,10,True,5,True,2,False,0,True,9,True,4,False,1,False,0,True,9,True,3,False,1,False,0,True,8,True,2,False,1,False,0,True,8,True,2,False,1,False,0,True,8,False,1,False,1,False,0,True,7,False,1,False,1,False,0,True,5,False,1,False,1,False,0,True,4,False,1,False,1,False,0,3.4285714285714284,0.7387301587301587,1.0,0.40891980360065466,1.0,0.22569796240009007,0.09142938612570786,0.03422789193427193
1531823.0,0.022923489133670736,3.428571428571429,True,1,True,1,True,1,True,1,True,1,True,1,True,1,True,1,True,2,True,2,True,1,True,1,True,2,True,2,True,1,True,1,True,2,True,2,True,1,True,1,True,2,True,2,True,1,True,1,True,2,True,2,True,1,True,1,True,3,True,2,True,1,True,1,True,3,True,2,True,1,True,1,True,3,True,2,True,1,True,1,True,3,True,2,True,1,True,1,3.4285714285714284,3.428571428571428,1.0,1.0,1.0,1.0,1.0,1.0
162142.0,0.15019350997320632,2.9250753405144887,True,9,True,5,True,3,True,2,True,12,True,5,True,3,False,1,True,13,True,5,True,3,False,0,True,13,True,5,True,3,False,0,True,13,True,4,True,2,False,0,True,13,True,4,True,2,False,0,True,12,True,3,True,2,False,0,True,10,True,2,False,1,False,0,True,10,True,2,False,0,False,0,True,8,True,2,False,0,False,0,True,8,True,2,False,0,False,0,1.539362904573464,1.0,0.6824037829881521,0.6824037829881521,0.4644192926526996,0.44895496501601345,0.16430196980894324,0.11261462336803002
101925.0,0.0805299196189342,3.4285714285714293,True,7,True,5,True,4,True,3,True,5,True,5,True,4,True,3,True,5,True,5,True,4,True,3,True,5,True,5,True,4,True,3,True,5,True,5,True,4,True,3,True,5,True,5,True,4,True,3,True,5,True,5,True,4,True,3,True,5,True,4,True,4,True,3,True,5,True,4,True,4,True,3,True,5,True,4,True,4,True,2,True,5,True,4,True,4,True,2,3.428571428571429,3.428571428571429,1.1753510677010144,1.0,1.0,1.0,1.0,1.0
370378.0,0.11818993748139327,2.4989551372679553,False,4,False,3,False,3,False,2,False,5,False,3,False,2,False,2,False,5,False,3,False,2,False,2,False,5,False,3,False,2,False,2,False,6,False,3,False,2,False,1,False,6,False,3,False,1,False,1,False,6,False,3,False,1,False,1,False,6,False,3,False,1,False,1,False,6,False,3,False,1,False,1,False,7,False,1,False,1,False,1,False,5,False,1,False,1,False,1,1.0079937705365725,0.0,1.0,0.0,1.0,0.0,0.961242347184527,0.0
1580.0,0.9998511461744567,2.3653585350337574,True,6,True,5,False,3,False,1,True,6,True,5,False,3,False,1,True,5,True,3,False,2,False,0,True,4,True,3,False,2,False,0,True,3,True,3,False,2,False,0,True,3,True,3,False,1,False,0,True,3,True,3,False,1,False,0,True,3,True,3,False,1,False,0,True,3,True,3,False,1,False,0,True,3,True,3,False,1,False,0,True,3,True,3,False,0,False,0,1.6818339855060682,1.5282923434128515,0.9301869794735483,0.7756637896667335,0.5590304375781174,0.06339029996766138,0.15248366694265475,0.000516961484753878
1783666.0,0.011759452217922,3.428571428571429,True,10,True,5,True,3,True,1,True,11,True,4,True,2,False,0,True,11,True,4,True,2,False,0,True,11,True,2,True,1,False,0,True,12,True,1,False,0,False,0,True,12,True,1,False,0,False,0,True,12,False,0,False,0,False,0,True,12,False,0,False,0,False,0,True,9,False,0,False,0,False,0,True,8,False,0,False,0,False,0,True,6,False,0,False,0,False,0,3.4285714285714284,1.0,0.3721212284555365,0.3721212284555365,0.29270873661117564,0.29270873661117564,0.11419835712172233,0.11419835712172233
1804627.0,0.009080083358142305,3.4285714285714293,True,6,True,4,True,4,True,4,True,8,True,3,True,2,True,2,True,8,True,3,True,2,True,2,True,8,True,3,True,2,True,2,True,8,True,3,True,2,True,2,True,7,True,2,True,2,True,2,True,7,True,2,True,2,True,2,True,8,True,3,True,1,True,1,True,8,True,4,True,1,True,1,True,8,True,3,True,1,True,1,True,8,True,2,True,1,True,1,3.428571428571429,2.1203717326271394,1.0,1.0,0.6294513156802523,0.6294513156802523,0.6294513156802523,0.6294513156802523
229163.0,0.002232807383149747,3.4285714285714293,True,2,True,2,True,2,True,2,True,2,True,2,True,2,True,2,True,2,True,2,True,2,True,2,True,2,True,2,True,2,True,2,True,2,True,2,True,2,True,2,True,2,True,2,True,2,True,2,True,2,True,2,True,2,True,2,True,3,True,3,True,3,True,3,True,3,True,3,True,3,True,3,True,3,True,3,True,3,True,3,True,3,True,3,True,3,True,3,3.428571428571429,3.428571428571429,1.0,1.0,1.0,1.0,1.0,1.0
676318.0,0.135456981244418,2.8324877236585277,True,6,True,4,True,4,True,4,True,8,True,5,True,5,True,4,True,8,True,5,True,5,True,4,True,9,True,6,True,4,True,3,True,9,True,6,True,4,True,2,True,9,True,5,True,4,True,2,True,9,True,5,True,4,False,1,True,9,True,5,True,4,False,1,True,8,True,5,True,4,False,1,True,9,True,4,True,3,False,1,True,9,True,4,True,3,False,1,1.972622273072177,0.9750069202529712,0.9854186144255959,0.9730640444199551,0.8655375613087044,0.8105313884845973,0.6922390410332855,0.3589077761328312
1726261.0,0.010717475439118785,3.428571428571429,True,6,True,5,True,5,True,3,True,7,True,5,True,3,True,2,True,10,True,5,True,3,True,3,True,8,True,5,True,3,True,3,True,8,True,4,True,3,True,2,True,7,True,4,True,2,True,1,True,8,True,4,False,1,False,0,True,8,True,4,False,1,False,0,True,7,True,4,False,1,False,0,True,8,False,1,False,0,False,0,True,8,False,1,False,0,False,0,3.4285714285714284,0.9314520352795759,1.0,0.5032175032175032,0.5196368848542761,0.3505536651479324,0.3505536651479324,0.3505536651479324
10396.0,0.9995534385233701,2.530494362903236,True,7,True,4,True,4,True,3,True,6,True,4,True,3,True,3,True,7,True,5,True,4,True,2,True,7,True,5,True,4,True,2,True,7,True,6,True,3,True,2,True,9,True,4,True,2,True,2,True,9,True,4,True,2,True,2,True,8,True,4,True,2,True,2,True,10,True,3,True,2,False,1,True,11,True,1,True,1,False,0,True,9,True,1,True,1,False,0,1.7800963487139683,1.7800963487139683,0.8505187106032903,0.8505187106032903,0.8171399103159735,0.8171399103159735,0.5029308821982829,0.46055349026866615
553079.0,0.003274784161952962,2.6020653684635273,False,2,False,2,False,2,False,1,False,2,False,2,False,2,False,1,False,2,False,2,False,2,False,1,False,4,False,3,False,2,False,0,False,5,False,2,False,2,False,0,False,4,False,2,False,2,False,0,False,4,False,2,False,2,False,0,False,4,False,2,False,2,False,0,False,5,False,2,False,1,False,0,False,4,False,1,False,1,False,0,False,4,False,1,False,1,False,0,1.7256123460286,0.0,1.0,0.0,1.0,0.0,0.24921325480679124,0.0
430173.0,0.20735337898183984,1.7882065808175562,True,10,True,4,True,2,False,1,True,12,False,4,False,2,False,0,True,11,False,4,False,2,False,0,True,11,False,3,False,1,False,0,True,10,False,3,False,1,False,0,True,8,False,2,False,1,False,0,True,7,False,1,False,0,False,0,True,6,False,1,False,0,False,0,True,5,False,1,False,0,False,0,True,5,False,0,False,0,False,0,False,3,False,0,False,0,False,0,1.1516360599952966,0.555040541143892,0.5395246875695553,0.10769739560197733,0.3594758547647333,0.10769739560197733,0.12198630812471595,0.026440569407386663
178.0,0.13143792795474843,1.253348547937594,False,5,False,2,False,1,False,1,False,4,False,2,False,1,False,1,False,4,False,1,False,1,False,1,False,3,False,1,False,1,False,1,False,3,False,1,False,1,False,1,False,2,False,1,False,1,False,1,False,2,False,1,False,1,False,1,False,2,False,1,False,1,False,1,False,2,False,1,False,1,False,1,False,2,False,1,False,1,False,1,False,2,False,1,False,1,False,1,1.0,0.0,1.0,0.0,1.0,0.0,0.8951773848020864,0.0
1566743.0,0.03587377195593927,3.428571428571429,True,4,True,3,True,2,True,2,True,5,True,3,True,2,True,2,True,6,True,4,True,3,True,2,True,7,True,3,True,3,True,2,True,6,True,3,True,3,True,2,True,5,True,3,True,3,True,2,True,5,True,3,True,3,False,1,True,4,True,3,True,3,False,1,True,4,True,2,True,2,False,1,True,4,True,2,True,2,False,1,True,4,True,2,True,2,False,1,3.4285714285714284,0.9980998729062032,1.0,0.688852136417816,1.0,0.688852136417816,1.0,0.39833273763921284
335577.0,0.1562965168204823,3.4216942687238125,True,7,True,6,True,5,True,5,True,7,True,5,True,5,True,5,True,7,True,5,True,5,True,5,True,8,True,5,True,5,True,5,True,8,True,5,True,5,True,5,True,8,True,5,True,5,True,5,True,8,True,5,True,5,True,5,True,9,True,5,True,5,True,5,True,9,True,5,True,5,True,5,True,9,True,5,True,5,True,5,True,9,True,5,True,5,True,5,3.416960094534326,2.204886315787217,0.9813695100386836,0.9673789395171438,0.9756092983592946,0.924977294774027,0.9192313738245691,0.9192313738245691
1804229.0,0.011461744566835368,3.428571428571429,True,11,True,6,True,4,False,1,True,11,True,5,False,2,False,0,True,11,True,3,False,1,False,0,True,12,True,2,False,1,False,0,True,10,True,2,False,0,False,0,True,9,False,1,False,0,False,0,True,5,False,1,False,0,False,0,True,5,False,1,False,0,False,0,False,3,False,1,False,0,False,0,False,3,False,1,False,0,False,0,False,3,False,1,False,0,False,0,3.4285714285714284,0.4729842178751252,0.6745683029309285,0.33317464095850174,0.29326255183160344,0.11641090544745032,0.10450303154165823,0.09396700860115498
411578.0,0.17490324501339685,1.5253565396808595,True,11,True,4,False,1,False,1,True,12,True,5,False,2,False,0,True,12,True,4,False,2,False,0,True,11,False,2,False,1,False,0,True,10,False,2,False,1,False,0,True,8,False,1,False,0,False,0,True,7,False,0,False,0,False,0,True,5,False,0,False,0,False,0,True,5,False,0,False,0,False,0,True,5,False,0,False,0,False,0,True,4,False,0,False,0,False,0,0.8862404757094878,0.6339521913727154,0.3808801995494483,0.23877953051719517,0.32267447292173634,0.008175827671820375,0.12304588429818324,0.008175827671820375
125740.0,0.9449240845489729,3.3410355230562865,True,6,True,5,True,4,True,4,True,7,True,5,True,3,True,3,True,7,True,5,True,3,True,3,True,7,True,5,True,3,True,3,True,9,True,6,True,3,False,2,True,10,True,6,True,3,False,2,True,12,True,3,True,3,False,2,True,12,True,3,True,3,False,2,True,12,True,3,True,3,False,2,True,11,True,3,True,3,False,2,True,11,True,3,True,3,False,2,3.125202224106798,1.947477129919961,0.9876582501359571,0.7264405810322326,0.986359479352047,0.6689571365191009,0.9751671861848791,0.29335550244916686
619502.0,0.00044656147662994937,3.428571428571429,True,1,True,1,True,1,True,1,True,1,True,1,True,1,True,1,True,1,True,1,True,1,True,1,True,1,True,1,True,1,True,1,True,1,True,1,True,1,True,1,True,1,True,1,True,1,True,1,True,1,True,1,True,1,True,1,True,1,True,1,True,1,True,1,True,1,True,1,True,1,True,1,True,1,True,1,True,1,True,1,True,1,True,1,True,1,True,1,3.428571428571429,3.428571428571429,1.0,1.0,1.0,1.0,1.0,1.0
230535.0,0.9604048824054778,0.5059158424169624,True,8,True,2,False,1,False,0,True,3,False,0,False,0,False,0,True,3,False,0,False,0,False,0,True,2,False,0,False,0,False,0,True,2,False,0,False,0,False,0,False,1,False,0,False,0,False,0,False,0,False,0,False,0,False,0,False,0,False,0,False,0,False,0,False,0,False,0,False,0,False,0,False,0,False,0,False,0,False,0,False,0,False,0,False,0,False,0,0.3719832079043582,0.3058192989195944,0.13627864534593034,0.13000579439062326,0.1314112223517349,0.0609315398161997,0.09210441809828318,0.04145754372607083
473818.0,0.9864543018755582,0.4506764198415629,True,4,True,1,False,0,False,0,True,3,True,1,False,0,False,0,True,2,False,0,False,0,False,0,True,1,False,0,False,0,False,0,True,1,False,0,False,0,False,0,True,1,False,0,False,0,False,0,False,0,False,0,False,0,False,0,False,0,False,0,False,0,False,0,False,0,False,0,False,0,False,0,False,0,False,0,False,0,False,0,False,0,False,0,False,0,False,0,0.3585904732000119,0.3585904732000119,0.16978178715778497,0.16978178715778497,0.032193593389813126,0.032193593389813126,0.032193593389813126,0.032193593389813126
666120.0,0.007442691277165823,3.428571428571429,True,3,True,2,True,2,True,2,True,3,True,2,True,2,True,2,True,3,True,2,True,2,True,2,True,3,True,2,True,2,True,2,True,3,True,2,True,2,True,2,True,3,True,2,True,2,True,2,True,3,True,2,True,2,True,2,True,3,True,2,True,2,True,2,True,4,True,3,True,3,True,2,True,4,True,3,True,3,True,2,True,4,True,3,True,2,True,2,3.428571428571429,3.4285714285714284,1.0,1.0,1.0,1.0,1.0,1.0
497796.0,0.18413218219708247,3.416950689150733,True,7,True,6,True,5,True,5,True,7,True,6,True,5,True,5,True,9,True,7,True,6,True,4,True,9,True,7,True,6,True,3,True,10,True,7,True,5,True,3,True,10,True,7,True,5,True,3,True,12,True,6,True,4,True,2,True,12,True,6,True,4,True,2,True,10,True,6,True,4,True,2,True,10,True,6,True,4,True,2,True,9,True,6,True,4,True,2,3.296700828353717,3.1533702327099054,2.460614334086542,1.0,0.9245086352692395,0.9245086352692395,0.8969405509817396,0.6006063847667267
1865632.0,0.45698124441798155,3.4285714285714297,True,6,False,1,False,1,False,0,True,4,False,1,False,1,False,0,True,4,False,1,False,1,False,0,False,1,False,1,False,1,False,0,False,1,False,1,False,1,False,0,False,1,False,1,False,1,False,0,False,1,False,1,False,0,False,0,False,1,False,1,False,0,False,0,False,1,False,1,False,0,False,0,False,1,False,1,False,0,False,0,False,1,False,1,False,0,False,0,3.428571428571428,0.21910317472696167,1.180346323468799,0.05166854821187368,0.3595201126122406,0.04788187417660567,0.007120059001777801,0.007120059001777801
11254.0,0.9925573087228342,3.313167985594789,True,6,True,6,True,3,True,3,True,7,True,6,True,4,True,3,True,7,True,5,True,4,True,3,True,8,True,6,True,4,True,3,True,8,True,6,True,4,True,2,True,9,True,7,True,4,True,1,True,9,True,7,True,4,True,1,True,11,True,6,True,2,True,1,True,10,True,5,True,2,True,1,True,10,True,5,True,2,True,1,True,11,True,5,True,2,False,0,3.0191081779788758,3.0191081779788758,0.9635632707895182,0.9635632707895182,0.9486982769181724,0.9486982769181724,0.5880332107048628,0.5880332107048628
532881.0,0.138285203929741,2.65845742911117,True,10,True,7,False,4,False,3,True,12,True,7,False,3,False,1,True,12,True,5,False,3,False,1,True,12,True,6,False,2,False,0,True,12,True,6,False,2,False,0,True,12,True,4,False,2,False,0,True,12,True,4,False,2,False,0,True,13,True,3,False,1,False,0,True,13,True,3,False,1,False,0,True,13,True,3,False,1,False,0,True,13,True,3,False,1,False,0,2.0709197015792378,1.7647715041246241,0.9477540825775759,0.7956659428793418,0.6269065837165758,0.07984604424317145,0.23018599776418064,0.06001258268565289
215374.0,0.4365882703185472,2.9691128089464316,True,10,True,7,True,3,True,3,True,11,True,8,True,3,True,3,True,11,True,7,True,3,True,3,True,12,True,7,True,3,True,2,True,13,True,7,True,3,True,2,True,13,True,6,True,3,True,1,True,13,True,6,True,3,True,1,True,13,True,5,True,3,True,1,True,13,True,5,True,3,True,1,True,12,True,5,True,3,True,1,True,11,True,4,True,3,True,1,2.3571187005172534,1.4894041418664368,0.9891471275670272,0.9891471275670272,0.9536243271645214,0.9536243271645214,0.9474664734656844,0.9474664734656844
1606746.0,0.27195593926763917,3.4285714285714297,True,4,True,1,True,1,True,1,True,3,True,1,True,1,True,1,True,2,True,1,True,1,True,1,True,1,True,1,True,1,False,0,True,1,True,1,True,1,False,0,True,1,True,1,True,1,False,0,True,1,True,1,True,1,False,0,True,1,True,1,True,1,False,0,True,1,True,1,True,1,False,0,True,1,True,1,True,1,False,0,True,1,True,1,True,1,False,0,3.428571428571428,1.1332383474770267,1.4804904878526042,0.8416117242126285,0.8416117242126285,0.8416117242126285,0.20627644064398426,0.20627644064398426
497120.0,0.114766299493897,2.8165706047788097,False,5,False,4,False,3,False,1,False,6,False,4,False,3,False,1,False,7,False,4,False,3,False,0,False,6,False,4,False,2,False,0,False,4,False,4,False,2,False,0,False,4,False,3,False,2,False,0,False,4,False,3,False,2,False,0,False,4,False,3,False,1,False,0,False,5,False,1,False,1,False,0,False,5,False,1,False,1,False,0,False,4,False,1,False,1,False,0,1.6295816574337625,0.0,1.0,0.0,1.0,0.0,0.15755358172618228,0.0
620676.0,0.09556415599880917,3.2035973189264677,True,8,True,6,True,5,True,3,True,8,True,6,True,5,True,3,True,8,True,6,True,4,True,3,True,8,True,6,True,4,True,2,True,10,True,7,True,4,False,1,True,9,True,7,True,4,False,1,True,10,True,5,True,4,False,1,True,12,True,4,True,4,False,1,True,11,True,4,True,4,False,1,True,11,True,4,True,4,False,1,True,10,True,4,True,3,False,1,2.9956100227572966,1.0,1.0,1.0,0.900663124764343,0.900663124764343,0.6493069382645863,0.2602073147889019
1537106.0,0.015480797856504911,3.4284785575431607,True,8,True,6,True,3,True,3,True,8,True,6,True,3,True,3,True,7,True,6,True,3,True,3,True,7,True,6,True,3,True,3,True,8,True,5,True,2,True,2,True,8,True,4,True,2,True,2,True,8,True,4,True,2,True,2,True,9,True,5,True,3,False,2,True,9,True,5,True,3,False,2,True,9,True,5,True,3,False,2,True,9,True,5,True,3,False,2,3.4278583104093365,1.0,1.0,1.0,0.9966178288770263,0.9966178288770263,0.6174886287723104,0.430248837816406
189981.0,0.953408752604942,2.213560933133409,True,7,True,5,True,5,True,4,True,7,True,5,True,5,False,3,True,9,True,6,True,6,False,3,True,8,True,6,True,6,False,3,True,8,True,6,True,6,False,2,True,8,True,6,True,6,False,2,True,8,True,6,True,5,False,2,True,9,True,5,False,3,False,2,True,9,True,5,False,2,False,1,True,9,True,3,False,1,False,0,True,9,True,3,False,1,False,0,1.9834706751889788,0.824428696265638,0.9317385778803159,0.6168084755907205,0.9018946922576544,0.42112558248873666,0.5026302813682534,0.11742712014156483
512788.0,0.9679964275081869,2.283697077129644,True,11,True,6,False,3,False,2,True,11,True,5,False,3,False,2,True,10,True,5,False,3,False,2,True,12,True,5,False,3,False,0,True,10,True,5,False,3,False,0,True,9,True,4,False,2,False,0,True,8,True,3,False,1,False,0,True,8,True,3,False,0,False,0,True,7,True,2,False,0,False,0,True,7,True,2,False,0,False,0,True,5,True,1,False,0,False,0,1.7022756733881768,0.7447663657505026,0.620961250864608,0.620961250864608,0.4272391632694722,0.07880161969755178,0.22190673823545157,0.024858473619547537
47839.0,0.27448645430187557,2.5703875983509055,True,7,True,6,True,4,True,4,True,12,True,5,True,3,False,2,True,13,True,5,True,2,False,1,True,14,True,4,True,2,False,1,True,12,True,3,True,2,False,1,True,12,True,3,True,2,False,1,True,12,True,2,True,2,False,1,True,12,True,2,True,2,False,1,True,11,True,2,True,2,False,1,True,11,True,2,True,2,False,1,True,10,True,2,True,2,False,1,1.7803843537843231,0.9736414709046171,0.948900286789783,0.948900286789783,0.9149273917253428,0.9149273917253428,0.705136901330052,0.1186425622797903
1805148.0,0.010568621613575468,3.4285714285714284,True,9,True,4,True,3,True,2,True,10,True,4,True,2,True,1,True,7,True,4,True,2,True,1,True,9,True,4,False,0,False,0,True,9,True,4,False,0,False,0,True,8,True,2,False,0,False,0,True,7,True,2,False,0,False,0,True,6,False,1,False,0,False,0,True,5,False,1,False,0,False,0,True,4,False,1,False,0,False,0,True,2,False,1,False,0,False,0,3.4285714285714284,0.6326576612838305,0.7024371953505812,0.4220108552458237,0.22010543347773892,0.2123113311551643,0.2123113311551643,0.2123113311551643
101.0,0.20333432569217028,2.0443118532418816,True,9,True,5,True,3,True,3,True,8,True,6,False,2,False,2,True,8,True,6,False,2,False,1,True,8,True,4,False,2,False,1,True,7,True,4,False,2,False,1,True,7,True,3,False,2,False,1,True,8,True,4,False,0,False,0,True,9,True,3,False,0,False,0,True,8,True,2,False,0,False,0,True,8,True,2,False,0,False,0,True,8,False,1,False,0,False,0,1.3033588365579483,1.3033588365579483,0.6611948060186358,0.583294410974762,0.3856353044983631,0.12179138734919383,0.3707310755383341,0.12179138734919383
1790508.0,0.030961595713009823,3.428571428571429,True,7,True,4,True,4,False,2,True,7,False,2,False,2,False,2,True,6,False,2,False,2,False,2,True,7,False,2,False,2,False,1,True,7,False,2,False,2,False,1,True,7,False,2,False,1,False,1,True,6,False,2,False,1,False,1,True,5,False,2,False,1,False,1,True,5,False,1,False,1,False,1,True,5,False,1,False,1,False,1,True,4,False,1,False,1,False,1,3.428571428571428,0.7688265905657211,0.9993322264819341,0.127057458850823,0.9879773248649161,0.127057458850823,0.7475344464564946,0.04530265056580846
1629734.0,0.22670437630247098,3.4285714285714293,True,9,True,6,True,4,True,3,True,10,True,5,True,4,True,3,True,12,True,7,True,5,True,2,True,10,True,7,True,4,True,2,True,10,True,5,True,4,True,2,True,10,True,5,True,4,True,2,True,10,True,5,True,4,True,2,True,10,True,4,True,3,True,1,True,8,True,4,True,3,True,1,True,8,True,4,True,3,True,1,True,7,True,4,True,3,True,1,3.428571428571428,1.0,2.1992693136581005,1.0,1.0,1.0,0.8658228774117617,0.8658228774117617
38475.0,0.14334623399821375,3.4271917450732454,True,6,True,6,True,5,True,5,True,6,True,6,True,5,True,5,True,7,True,6,True,5,True,5,True,9,True,6,True,6,True,3,True,8,True,6,True,6,True,3,True,8,True,6,True,6,True,3,True,8,True,6,True,6,True,3,True,11,True,6,True,5,True,2,True,11,True,5,True,5,True,2,True,11,True,5,True,5,True,2,True,12,True,5,True,4,True,1,2.0888059663914165,1.0,1.4425590836784017,0.9626991164608605,0.8858645479311793,0.8858645479311793,0.6371705308172706,0.6371705308172706
781973.0,0.740845489729086,2.6936999491478297,True,9,True,6,True,3,True,2,True,7,True,4,True,3,True,2,True,9,True,3,True,2,False,1,True,7,True,3,True,2,False,1,True,7,True,2,True,2,False,1,True,8,True,2,True,2,False,0,True,6,True,2,True,2,False,0,True,5,True,2,True,1,False,0,True,4,True,1,True,1,False,0,True,4,True,1,True,1,False,0,True,4,True,1,True,1,False,0,2.60597037263301,2.60597037263301,0.8527068838791834,0.8527068838791834,0.7519462608494735,0.7519462608494735,0.3098054261499056,0.17279114114306093
398874.0,0.0787436737124144,3.3815182663160908,True,4,True,3,True,3,True,3,True,5,True,4,True,3,True,2,True,6,True,4,True,3,True,2,True,8,True,6,True,5,True,4,True,9,True,6,True,5,True,4,True,11,True,5,True,4,True,3,True,9,True,5,True,4,False,2,True,10,True,4,True,3,False,1,True,10,True,4,True,3,False,1,True,9,True,4,True,2,False,1,True,9,True,4,True,2,False,1,3.222792653326363,2.022669846292712,1.0,1.0,0.96538138119512,0.9592984835688639,0.9311875234746685,0.3717316115362271
658688.0,0.05671330753200357,3.3111541202844412,True,6,True,5,True,4,True,4,True,7,True,6,True,5,True,5,True,7,True,6,True,5,True,5,True,7,True,6,True,5,True,4,True,9,True,8,True,6,False,2,True,9,True,8,True,6,False,2,True,9,True,8,True,6,False,1,True,9,True,8,True,6,False,1,True,9,True,8,True,6,False,1,True,9,True,8,True,6,False,1,True,9,True,8,True,6,False,1,3.0897686869622643,1.0,1.0,1.0,0.9953545275928098,0.9613149967872074,0.9131539691116091,0.25536981109402446
777928.0,0.7762727002083953,0.7387606283151562,True,8,True,4,True,2,False,0,True,7,True,2,False,1,False,0,True,5,False,1,False,0,False,0,True,2,False,1,False,0,False,0,True,2,False,0,False,0,False,0,True,1,False,0,False,0,False,0,True,1,False,0,False,0,False,0,True,1,False,0,False,0,False,0,True,1,False,0,False,0,False,0,False,0,False,0,False,0,False,0,False,0,False,0,False,0,False,0,0.5040934730288248,0.5040934730288248,0.25851173845758724,0.16251243427082396,0.1528442675520766,0.1226023385383037,0.05927105836373574,0.05927105836373574
151800.0,0.19857100327478416,3.4285714285714297,True,5,True,3,True,1,True,1,True,7,True,4,True,1,True,1,True,6,True,3,True,1,True,1,True,6,True,3,True,1,True,1,True,6,True,3,True,1,True,1,True,6,True,3,True,1,True,1,True,6,True,3,True,1,True,1,True,6,True,3,True,1,True,1,True,6,True,3,True,1,True,1,True,6,True,3,True,1,True,1,True,6,True,4,True,2,True,2,3.4285714285714284,3.428571428571428,1.0,1.0,1.0,1.0,1.0,1.0
536473.0,0.011015183090205419,3.4285714285714293,True,1,True,1,True,1,False,0,True,2,False,0,False,0,False,0,True,2,False,0,False,0,False,0,True,2,False,0,False,0,False,0,True,2,False,0,False,0,False,0,True,2,False,0,False,0,False,0,True,2,False,0,False,0,False,0,True,2,False,0,False,0,False,0,True,2,False,0,False,0,False,0,True,2,False,0,False,0,False,0,True,2,False,0,False,0,False,0,3.4285714285714275,3.4285714285714275,0.1290301219730066,0.1290301219730066,0.1290301219730066,0.1290301219730066,0.0,0.0
1602557.0,0.026793688597796964,3.4285714285714293,True,4,True,4,True,2,True,2,True,5,True,5,True,3,True,3,True,6,True,6,True,3,True,3,True,6,True,6,True,3,True,3,True,6,True,5,True,3,True,3,True,6,True,5,True,3,True,3,True,7,True,4,True,3,True,3,True,6,True,4,True,3,True,3,True,6,True,4,True,3,True,3,True,6,True,4,True,3,True,3,True,6,True,3,True,3,True,3,3.428571428571428,3.428571428571428,1.0,1.0,1.0,1.0,1.0,1.0
294385.0,0.0614766299493897,2.2668880695586844,False,5,False,3,False,3,False,0,False,5,False,3,False,3,False,0,False,5,False,3,False,3,False,0,False,5,False,3,False,2,False,0,False,5,False,3,False,1,False,0,False,5,False,3,False,1,False,0,False,5,False,3,False,1,False,0,False,4,False,3,False,1,False,0,False,4,False,3,False,1,False,0,False,4,False,3,False,1,False,0,False,4,False,2,False,1,False,0,1.0,0.0,1.0,0.0,1.0,0.0,0.04703183033291724,0.0
1629858.0,0.0008931229532598987,3.428571428571429,True,1,True,1,True,1,True,1,True,1,True,1,True,1,True,1,True,1,True,1,True,1,True,1,True,1,True,1,True,1,True,1,True,2,True,2,True,2,True,2,True,2,True,2,True,2,True,2,True,2,True,2,True,2,True,1,True,2,True,2,True,2,True,1,True,2,True,2,True,2,True,1,True,2,True,2,True,2,True,1,True,2,True,2,True,2,True,1,3.428571428571429,3.428571428571429,1.0,1.0,1.0,1.0,1.0,1.0
845553.0,0.08425126525751712,3.3896837624934295,True,10,True,7,True,5,True,2,True,9,True,7,True,5,True,2,True,10,True,6,True,3,True,1,True,10,True,6,True,3,True,1,True,9,True,6,True,3,True,1,True,9,True,6,True,3,True,1,True,9,True,5,True,3,True,1,True,9,True,5,True,3,True,1,True,11,True,7,True,3,True,1,True,11,True,7,True,3,True,1,True,11,True,7,True,3,True,1,3.1831740194779083,1.0,1.3024459285766508,1.0,0.8753355303429031,0.8753355303429031,0.8753355303429031,0.8753355303429031
1541134.0,0.007740398928252456,3.4285714285714293,True,3,True,3,True,2,True,2,True,3,True,3,True,2,True,2,True,3,True,3,True,2,True,2,True,3,True,2,True,2,True,2,True,3,True,2,True,2,True,2,True,3,True,2,True,2,True,2,True,3,True,2,True,2,True,2,True,3,True,2,True,2,True,2,True,3,True,2,True,2,True,2,True,3,True,2,True,2,True,2,True,3,True,2,True,2,True,2,3.428571428571428,3.4182057104419292,1.0,1.0,1.0,1.0,1.0,1.0
287377.0,0.0023816612086930635,3.4285714285714293,True,1,True,1,True,1,True,1,True,1,True,1,True,1,True,1,True,1,True,1,True,1,True,1,True,1,True,1,True,1,True,1,True,1,True,1,True,1,True,1,True,1,True,1,True,1,True,1,True,1,True,1,True,1,True,1,True,1,True,1,True,1,True,1,True,2,True,1,True,1,True,1,True,2,True,1,True,1,True,1,True,2,True,1,True,1,True,1,3.4285714285714293,3.4285714285714284,1.0,1.0,1.0,1.0,1.0,1.0
10809.0,0.08380470378088717,3.4285714285714293,True,8,True,4,True,4,True,3,True,7,True,4,True,3,True,3,True,7,True,3,True,2,True,2,True,8,True,4,True,2,True,2,True,8,True,4,True,2,True,2,True,8,True,4,True,2,True,2,True,8,True,4,True,2,True,2,True,7,True,4,True,2,True,2,True,7,True,3,True,2,True,2,True,7,True,3,True,2,True,2,True,6,True,3,True,2,True,2,3.428571428571428,1.9058310980084259,1.0,1.0,1.0,1.0,1.0,1.0
710570.0,0.743673712414409,1.843293385307625,True,10,True,4,True,2,False,0,True,9,True,3,False,0,False,0,True,7,True,3,False,0,False,0,True,6,True,3,False,0,False,0,True,6,True,2,False,0,False,0,True,5,True,2,False,0,False,0,True,4,True,2,False,0,False,0,True,4,True,1,False,0,False,0,True,4,True,1,False,0,False,0,True,2,False,0,False,0,False,0,True,2,False,0,False,0,False,0,1.0,1.0,0.5338608300392365,0.5338608300392365,0.12445874108608061,0.12445874108608061,0.05595180193723767,0.011150831807038632
556848.0,0.1781780291753498,3.428571428571429,True,4,True,4,True,4,True,4,True,6,True,5,True,5,True,4,True,5,True,5,True,5,True,4,True,6,True,4,True,4,True,4,True,6,True,4,True,4,True,4,True,7,True,5,True,5,True,4,True,6,True,5,True,5,True,4,True,7,True,5,True,5,True,4,True,7,True,5,True,5,True,4,True,7,True,5,True,5,True,4,True,7,True,5,True,5,True,3,3.403288859060202,3.2654617593613975,1.0,1.0,1.0,1.0,0.9934542187945502,0.9934542187945502
1702900.0,0.009973206311402203,3.428571428571428,True,7,True,6,True,4,True,2,True,9,True,6,True,3,True,1,True,10,True,4,True,2,True,1,True,11,True,3,True,2,False,0,True,10,True,2,True,2,False,0,True,9,True,2,True,2,False,0,True,9,False,1,False,1,False,0,True,9,False,1,False,1,False,0,True,6,False,1,False,1,False,0,True,6,False,1,False,1,False,0,True,6,False,1,False,1,False,0,3.428571428571428,0.9935626503673839,1.0,0.3538396947507501,1.0,0.3538396947507501,0.22012920685035078,0.22012920685035078
479987.0,0.13873176540637094,3.211494686184034,True,8,True,4,True,4,True,4,True,10,True,6,True,5,True,2,True,11,True,5,True,4,True,2,True,11,True,5,True,4,True,2,True,11,True,4,True,3,True,2,True,11,True,4,True,2,True,2,True,12,True,5,True,2,True,2,True,12,True,4,True,2,True,2,True,12,True,3,True,1,False,0,True,12,True,3,True,1,False,0,True,12,True,3,True,1,False,0,1.6669542372708568,1.0,0.8979707749429742,0.8979707749429742,0.8352404861916681,0.8352404861916681,0.4607482490384553,0.4607482490384553
1801124.0,0.012354867520095266,3.4285714285714284,True,10,True,5,True,3,False,1,True,11,False,4,False,2,False,1,True,12,False,2,False,1,False,0,True,12,False,1,False,0,False,0,True,10,False,0,False,0,False,0,True,8,False,0,False,0,False,0,True,8,False,0,False,0,False,0,True,6,False,0,False,0,False,0,True,6,False,0,False,0,False,0,True,6,False,0,False,0,False,0,True,6,False,0,False,0,False,0,3.428571428571428,1.0,0.25053421587533214,0.14088556641748137,0.21352313167259782,0.13886201192296896,0.18975547406018184,0.0211468467837894
1797502.0,0.008782375707055671,3.4285714285714284,True,8,True,5,True,4,True,3,True,9,True,5,True,3,False,2,True,11,False,3,False,1,False,1,True,9,False,3,False,1,False,1,True,8,False,3,False,1,False,1,False,6,False,3,False,1,False,1,False,5,False,3,False,1,False,1,False,5,False,2,False,1,False,1,False,6,False,1,False,1,False,1,False,5,False,1,False,1,False,1,False,4,False,1,False,1,False,1,3.4285714285714284,0.3367035034093582,1.0,0.18186558811558814,1.0,0.15490742210612907,0.7981638614550007,0.10940456623527299
60027.0,0.9620422744864543,3.0043642541475752,True,9,True,5,True,3,False,2,True,9,False,4,False,2,False,2,True,8,False,2,False,2,False,2,True,8,False,2,False,2,False,2,True,8,False,2,False,2,False,1,False,6,False,2,False,2,False,1,False,6,False,2,False,2,False,1,False,6,False,2,False,2,False,1,False,6,False,2,False,2,False,1,False,6,False,2,False,2,False,1,False,6,False,2,False,1,False,1,1.7257563722436324,0.31782389390370874,0.9993057918657346,0.14460429701974784,0.9962210645538444,0.12673402822875054,0.7103281080358833,0.025384200671300462
1681669.0,0.01012206013694552,3.4285714285714293,True,9,True,5,True,3,False,2,True,9,True,6,True,3,False,0,True,10,True,4,True,3,False,0,True,11,True,3,True,3,False,0,True,10,True,2,True,2,False,0,True,9,True,2,True,2,False,0,True,9,True,2,True,2,False,0,True,9,True,2,True,2,False,0,True,8,True,2,True,2,False,0,True,8,True,2,False,1,False,0,True,7,True,2,False,0,False,0,3.4285714285714284,1.0,1.0,0.6390644753476613,0.5570076611086074,0.5341044598139757,0.13230095943443856,0.08696828610616096
423393.0,0.04688895504614469,3.428571428571429,True,2,True,2,True,2,True,2,True,3,True,3,True,3,True,3,True,5,True,3,True,3,True,3,True,5,True,3,True,3,True,3,True,5,True,3,True,3,True,3,True,5,True,3,True,3,True,3,True,6,True,4,True,4,True,3,True,6,True,4,True,4,True,3,True,6,True,4,True,4,True,3,True,7,True,5,True,5,True,4,True,6,True,5,True,5,True,4,3.428571428571428,3.277411441677722,1.0,1.0,1.0,1.0,1.0,1.0
811185.0,0.9729086037511164,2.416563370554709,True,8,False,3,False,2,False,1,True,8,False,3,False,2,False,1,True,6,False,3,False,2,False,1,True,5,False,3,False,2,False,1,True,5,False,3,False,2,False,1,True,6,False,3,False,2,False,0,True,6,False,3,False,2,False,0,True,6,False,2,False,1,False,0,True,5,False,2,False,1,False,0,True,4,False,2,False,1,False,0,False,2,False,2,False,0,False,0,1.7818196365592156,0.5997249660542286,0.7861434162106791,0.07097928325389112,0.5541734339381863,0.003415728292242865,0.3339643928633403,0.001259169445675349
195100.0,0.9953855314081572,2.1255578701075626,True,11,True,7,True,4,False,2,True,11,True,7,True,4,False,2,True,10,True,7,True,4,False,2,True,10,True,7,True,4,False,1,True,11,True,6,True,3,False,1,True,10,True,6,True,3,False,1,True,10,True,6,True,3,False,1,True,11,False,5,False,1,False,1,True,10,False,3,False,1,False,1,True,8,False,2,False,1,False,1,True,8,False,2,False,1,False,1,1.3604805389768924,0.7665059827741497,0.7816864509201685,0.4303217907257525,0.718446279542883,0.4303217907257525,0.6261340831028627,0.017940755664906244
1806990.0,0.00922893718368562,3.4285714285714284,True,7,True,5,True,3,True,2,True,7,True,5,True,3,True,2,True,8,True,4,True,2,True,1,True,6,True,4,True,2,True,1,True,6,True,4,True,2,True,1,True,6,True,4,True,2,True,1,True,6,True,4,True,2,True,1,True,5,True,4,True,2,True,1,True,5,True,4,True,2,True,1,True,6,True,3,True,1,True,1,True,6,True,3,True,1,True,1,3.4285714285714284,3.428571428571428,1.0967689339384223,1.0,1.0,1.0,1.0,1.0
1756032.0,0.008335814230425722,3.4285714285714284,True,7,True,5,True,4,True,3,True,11,True,5,True,3,True,1,True,11,True,6,True,4,True,1,True,10,True,6,True,3,True,1,True,12,True,4,True,2,False,0,True,12,True,4,True,2,False,0,True,10,True,4,True,2,False,0,True,10,True,4,True,2,False,0,True,10,True,4,True,2,False,0,True,10,False,3,False,1,False,0,True,9,False,3,False,1,False,0,3.4285714285714284,0.6327396321863307,1.0,0.5300852667862685,1.0,0.508235907688296,0.27756851936916244,0.27756851936916244
363446.0,0.9839237868413219,0.6916578360829172,True,9,True,3,False,0,False,0,True,6,True,1,False,0,False,0,True,4,False,0,False,0,False,0,True,1,False,0,False,0,False,0,True,1,False,0,False,0,False,0,True,1,False,0,False,0,False,0,True,1,False,0,False,0,False,0,False,0,False,0,False,0,False,0,False,0,False,0,False,0,False,0,False,0,False,0,False,0,False,0,False,0,False,0,False,0,False,0,0.43770149095581007,0.43770149095581007,0.1543641359762646,0.1543641359762646,0.03966687930143799,0.0062835733723996335,0.01731174170354187,0.00375656172799961
1532026.0,0.2639178326883001,3.4285714285714293,True,7,True,5,True,2,True,2,True,7,True,4,True,2,True,2,True,6,True,4,True,2,True,2,True,5,True,4,True,2,True,2,True,4,True,3,True,2,True,2,True,4,True,2,True,2,True,2,True,4,True,2,True,2,True,2,True,5,True,3,True,3,True,2,True,4,True,3,True,3,True,2,True,4,True,3,True,3,True,2,True,4,True,3,True,3,True,2,3.428571428571428,3.428571428571428,1.0,1.0,1.0,1.0,1.0,1.0
1551785.0,0.0008931229532598987,3.4285714285714284,True,1,True,1,True,1,True,1,True,1,True,1,True,1,True,1,True,1,True,1,True,1,True,1,True,1,True,1,True,1,True,1,True,1,True,1,True,1,True,1,True,1,True,1,True,1,True,1,True,1,True,1,True,1,True,1,True,1,True,1,True,1,True,1,True,1,True,1,True,1,True,1,True,1,True,1,True,1,True,1,True,1,True,1,True,1,True,1,3.4285714285714284,3.4285714285714284,1.0,1.0,1.0,1.0,1.0,1.0
1530904.0,0.0561178922298303,3.4285714285714293,True,2,True,2,True,2,True,2,True,2,True,2,True,2,True,2,True,2,True,2,True,2,True,2,True,3,True,3,True,3,True,2,True,3,True,3,True,3,True,2,True,3,True,3,True,3,True,2,True,4,True,4,True,4,True,2,True,4,True,4,True,4,True,2,True,5,True,4,True,4,True,2,True,5,True,4,True,4,True,2,True,5,True,4,True,4,True,2,3.428571428571429,3.428571428571429,1.0698113629027097,1.0698113629027097,1.0,1.0,1.0,1.0
609094.0,0.10881214647216433,2.821973857180017,True,7,True,5,True,4,True,4,True,7,True,5,True,4,True,4,True,7,True,5,True,4,True,4,True,9,True,5,True,3,True,2,True,9,True,5,True,3,True,2,True,9,True,5,True,3,True,2,True,9,True,5,True,3,True,2,True,11,True,4,True,2,True,1,True,10,True,4,True,2,True,1,True,12,True,5,True,2,False,0,True,11,True,5,True,2,False,0,2.676103461923827,2.676103461923827,0.9226803181371747,0.9226803181371747,0.7570838887297371,0.6310430808119623,0.5278812852333044,0.5278812852333044
91097.0,0.19484965763620124,3.3892609030470706,True,4,True,3,True,3,True,3,True,6,True,5,True,4,True,4,True,6,True,5,True,4,True,4,True,7,True,6,True,5,True,5,True,7,True,6,True,5,True,3,True,8,True,6,True,4,True,2,True,8,True,6,True,2,True,2,True,9,True,5,True,2,True,2,True,9,True,5,True,2,True,2,True,9,True,5,True,2,True,2,True,10,True,5,True,2,True,2,3.1194158745291682,3.0674479579774108,0.9997540696348417,0.9997540696348417,0.9886244136756521,0.9886244136756521,0.8786145839644918,0.6981542199059799
594703.0,0.05641559988091694,3.4285714285714293,True,3,True,3,True,2,True,2,True,4,True,4,True,3,True,2,True,5,True,5,True,3,True,3,True,5,True,5,True,3,True,3,True,6,True,5,True,3,True,3,True,6,True,4,True,3,True,3,True,6,True,4,True,3,True,3,True,7,True,4,True,3,True,3,True,7,True,4,True,3,True,3,True,7,True,4,True,3,True,3,True,9,True,4,True,3,True,3,3.428571428571428,3.428571428571428,1.447112080186066,1.0,1.0,1.0,1.0,1.0
1512833.0,0.10345340875260495,1.0,False,2,False,2,False,1,False,1,False,2,False,1,False,1,False,1,False,2,False,1,False,1,False,1,False,2,False,1,False,1,False,0,False,2,False,1,False,1,False,0,False,2,False,1,False,1,False,0,False,1,False,1,False,1,False,0,False,1,False,1,False,1,False,0,False,1,False,1,False,1,False,0,False,1,False,1,False,1,False,0,False,1,False,1,False,1,False,0,1.0,0.0,1.0,0.0,1.0,0.0,0.20704936957575865,0.0
593983.0,0.11625483774933015,2.7721652000462758,False,4,False,3,False,2,False,1,False,3,False,3,False,2,False,1,False,4,False,4,False,3,False,1,False,5,False,3,False,2,False,1,False,5,False,3,False,2,False,1,False,5,False,3,False,2,False,1,False,5,False,3,False,2,False,1,False,4,False,2,False,2,False,1,False,4,False,2,False,2,False,1,False,4,False,2,False,2,False,1,False,4,False,2,False,2,False,1,2.0953835262953406,0.0,1.0,0.0,1.0,0.0,0.6571412918446795,0.0
1494615.0,0.02366775826138732,3.4285714285714293,True,3,True,2,True,1,True,1,True,3,True,2,True,1,True,1,True,2,True,2,True,1,True,1,True,2,True,2,True,1,True,1,True,2,True,2,True,1,True,1,True,2,True,2,True,1,True,1,True,2,True,2,True,1,True,1,True,2,True,2,True,1,True,1,True,2,True,2,True,1,True,1,True,2,True,2,True,1,True,1,True,2,True,2,True,1,True,1,3.4285714285714284,3.4285714285714284,1.6274244398475757,1.0,1.0,1.0,1.0,1.0
32994.0,0.09303364096457278,3.4285714285714293,True,5,True,3,True,3,True,2,True,6,True,4,True,4,True,3,True,7,True,5,True,4,True,3,True,7,True,5,True,4,True,3,True,7,True,5,True,4,True,2,True,7,True,5,True,4,True,2,True,7,True,5,True,4,True,2,True,7,True,5,True,4,True,2,True,8,True,5,True,4,True,2,True,8,True,5,True,4,True,2,True,8,True,5,True,4,True,2,3.428571428571428,3.428571428571428,1.0,1.0,1.0,1.0,1.0,1.0
1780314.0,0.009377791009228937,3.4285714285714284,True,10,True,8,True,4,False,0,True,11,True,6,True,3,False,0,True,11,True,5,True,2,False,0,True,11,True,5,True,2,False,0,True,10,True,5,True,2,False,0,True,10,True,4,False,0,False,0,True,9,True,3,False,0,False,0,True,9,False,2,False,0,False,0,True,9,False,1,False,0,False,0,True,7,False,1,False,0,False,0,True,6,False,1,False,0,False,0,3.428571428571428,1.0,0.6228066921393329,0.4262744661302447,0.320054945054945,0.320054945054945,0.09655077830350417,0.0761381475667189
1774.0,0.9815421256326288,0.9400811684758402,True,10,True,5,True,2,False,0,True,9,True,5,True,2,False,0,True,8,True,5,False,1,False,0,True,7,True,4,False,1,False,0,True,6,True,4,False,1,False,0,True,4,True,4,False,1,False,0,True,4,True,2,False,1,False,0,True,3,True,2,False,1,False,0,True,2,False,1,False,1,False,0,True,2,False,1,False,1,False,0,True,2,False,1,False,1,False,0,0.9204787534306168,0.8343822444160168,0.8770096197844509,0.4902794274785506,0.8530283921337242,0.16758238678557832,0.09798611629264575,0.009321980734860234
1582851.0,0.26272700208395355,3.4285714285714297,True,4,True,3,False,1,False,0,True,3,True,3,False,1,False,0,True,3,True,3,False,0,False,0,True,3,True,3,False,0,False,0,True,3,True,3,False,0,False,0,True,3,True,3,False,0,False,0,True,3,False,2,False,0,False,0,True,3,False,2,False,0,False,0,True,3,False,0,False,0,False,0,True,3,False,0,False,0,False,0,True,3,False,0,False,0,False,0,3.428571428571428,0.8238205952793173,0.4860006872258876,0.3605629572629673,0.1685015612101179,0.023676610220989908,0.06966035262021851,0.023676610220989908
1801944.0,0.008931229532598988,3.428571428571429,True,10,True,4,True,4,False,2,True,10,True,4,True,3,False,0,True,9,True,4,True,2,False,0,True,11,True,3,False,0,False,0,True,9,True,2,False,0,False,0,True,8,True,2,False,0,False,0,True,7,False,1,False,0,False,0,True,7,False,1,False,0,False,0,True,7,False,1,False,0,False,0,False,4,False,1,False,0,False,0,False,3,False,1,False,0,False,0,3.428571428571429,0.5141348088531189,1.0,0.36082474226804134,0.2290946013389093,0.2002411091018686,0.14829011940183168,0.0213422909880566
271079.0,0.35739803512950286,2.5748338798940615,True,11,True,7,True,5,True,2,True,11,True,6,True,5,True,2,True,11,True,6,True,3,True,2,True,10,True,6,True,3,True,2,True,8,True,5,True,3,True,1,True,8,True,5,True,2,True,1,True,7,True,5,True,2,True,1,True,7,True,5,True,2,True,1,True,7,True,5,True,2,True,1,True,7,True,5,True,2,True,1,True,6,True,4,True,2,True,1,1.742606287287065,1.0,1.0,1.0,0.8017910640973621,0.8017910640973621,0.8017910640973621,0.8017910640973621
210628.0,0.11804108365584995,2.329407822145052,False,3,False,3,False,3,False,2,False,3,False,3,False,3,False,2,False,3,False,3,False,3,False,2,False,3,False,3,False,3,False,2,False,3,False,3,False,2,False,2,False,4,False,3,False,2,False,2,False,4,False,3,False,2,False,1,False,4,False,3,False,2,False,1,False,5,False,2,False,1,False,1,False,5,False,2,False,1,False,1,False,5,False,2,False,1,False,1,1.0,0.0,1.0,0.0,1.0,0.0,0.7649147059015236,0.0
1792304.0,0.007293837451622507,3.4285714285714293,True,8,True,5,True,3,True,2,True,8,True,5,True,3,True,2,True,8,True,5,True,3,True,1,True,9,True,5,True,3,True,2,True,8,True,5,True,3,False,1,True,8,True,5,True,3,False,1,True,8,True,5,True,2,False,0,True,8,True,4,True,2,False,0,True,8,True,4,True,2,False,0,True,7,True,4,True,1,False,0,True,6,True,2,True,1,False,0,3.4285714285714284,1.0,0.9749877813874593,0.9749877813874593,0.9749877813874593,0.9749877813874593,0.35467794170564954,0.28225447938612597
105230.0,0.11178922298303066,3.2247502318903205,True,5,True,5,True,4,True,3,True,5,True,5,True,4,True,3,True,5,True,5,True,4,True,3,True,6,True,5,True,4,True,3,True,7,True,6,True,5,True,3,True,8,True,7,True,5,True,2,True,10,True,6,True,5,True,2,True,10,True,6,True,5,True,2,True,10,True,6,True,5,True,2,True,10,True,6,True,5,True,2,True,10,True,5,True,5,True,1,2.438172985335623,1.0,1.0540301452709284,1.0,1.0,1.0,0.764505668195657,0.764505668195657
379493.0,0.9995534385233701,0.8613967351330486,True,10,True,2,False,1,False,0,True,6,True,2,False,0,False,0,True,3,True,1,False,0,False,0,True,3,False,0,False,0,False,0,True,2,False,0,False,0,False,0,True,2,False,0,False,0,False,0,True,1,False,0,False,0,False,0,False,0,False,0,False,0,False,0,False,0,False,0,False,0,False,0,False,0,False,0,False,0,False,0,False,0,False,0,False,0,False,0,0.413279612174873,0.413279612174873,0.22106335515937803,0.22106335515937803,0.1020675121620875,0.009857863931454406,0.011459794386484472,0.009857863931454406
2022235.0,0.3111044953855314,3.4285714285714293,True,3,True,2,True,1,False,0,True,2,True,2,True,1,False,0,True,2,True,2,True,1,False,0,True,2,True,2,True,1,False,0,True,2,True,2,True,1,False,0,True,2,True,2,True,1,False,0,True,2,True,2,False,0,False,0,True,2,True,2,False,0,False,0,True,2,True,2,False,0,False,0,True,2,True,2,False,0,False,0,True,2,True,2,False,0,False,0,3.4285714285714275,0.6520927059878285,1.688706993354424,0.6200026785328119,0.3963422889929567,0.3963422889929567,0.0019341036799024193,0.0019341036799024193
821084.0,0.21658231616552545,2.511207534354116,True,11,True,5,True,2,True,1,True,11,True,6,True,3,True,1,True,11,True,4,True,1,True,1,True,10,True,4,True,1,True,1,True,10,True,2,False,0,False,0,True,8,True,2,False,0,False,0,True,8,True,2,False,0,False,0,True,7,True,2,False,0,False,0,True,6,True,2,False,0,False,0,True,4,True,1,False,0,False,0,True,4,True,1,False,0,False,0,1.0449841193994076,1.0,1.0,1.0,0.28065866309605253,0.28065866309605253,0.28065866309605253,0.28065866309605253
147238.0,0.4084548972908604,2.971042138834728,True,10,True,8,True,4,True,4,True,12,True,5,False,3,False,3,True,9,False,3,False,3,False,1,True,9,False,3,False,3,False,1,True,10,False,3,False,2,False,0,True,10,False,3,False,2,False,0,True,10,False,3,False,2,False,0,True,8,False,3,False,1,False,0,True,7,False,3,False,1,False,0,False,6,False,2,False,1,False,0,False,5,False,2,False,1,False,0,1.4528391738138766,0.5166761162798278,0.9273442870625492,0.16138290846537987,0.7146021939700317,0.10943564274083815,0.26737585626717214,0.10943564274083815
1520617.0,0.01220601369455195,3.428571428571429,True,10,True,6,True,2,True,1,True,11,True,3,False,0,False,0,True,11,True,1,False,0,False,0,True,9,True,1,False,0,False,0,True,9,True,1,False,0,False,0,True,9,True,1,False,0,False,0,True,8,True,1,False,0,False,0,True,8,True,1,False,0,False,0,True,7,True,1,False,0,False,0,True,5,True,1,False,0,False,0,True,5,True,1,False,0,False,0,3.4285714285714284,1.0,0.8363825443900936,0.8363825443900936,0.1402799742283137,0.1402799742283137,0.11048036644090357,0.11048036644090357
1799087.0,0.011461744566835368,3.428571428571429,True,12,True,4,False,2,False,1,True,12,True,2,False,1,False,1,True,9,False,1,False,1,False,1,True,5,False,1,False,1,False,1,True,4,False,1,False,1,False,1,True,4,False,1,False,1,False,1,True,4,False,1,False,1,False,0,True,2,False,1,False,1,False,0,True,2,False,1,False,1,False,0,True,2,False,1,False,1,False,0,True,3,False,1,False,0,False,0,3.428571428571429,0.6224572420061142,1.0,0.1945569436565836,0.5928055992621127,0.09351605126253028,0.3727092793107463,0.04619713196587411
232476.0,0.23340279845192022,2.142676559953186,True,10,False,2,False,1,False,0,True,10,False,1,False,1,False,0,True,9,False,1,False,0,False,0,True,8,False,1,False,0,False,0,True,7,False,1,False,0,False,0,True,6,False,1,False,0,False,0,True,6,False,1,False,0,False,0,True,5,False,1,False,0,False,0,False,4,False,1,False,0,False,0,False,4,False,0,False,0,False,0,False,4,False,0,False,0,False,0,1.9419235883903847,0.45129227178693687,0.5362870751391676,0.07819267303603919,0.1934895862679291,0.03492071558436015,0.015822028024995185,0.008352126226868883
336915.0,0.10866329264662102,3.379272478380357,True,5,True,4,True,4,True,3,True,8,True,6,True,6,True,3,True,9,True,5,True,4,True,3,True,10,True,5,True,3,False,2,True,10,True,5,True,3,False,2,True,10,True,5,True,3,False,2,True,10,True,5,True,3,False,1,True,10,True,5,True,3,False,1,True,10,True,5,True,3,False,1,True,10,True,4,True,2,False,1,True,10,True,4,True,2,False,1,2.9662955829558135,1.630867774163937,0.9769733259345513,0.9769733259345513,0.8675350084736141,0.7189760031120316,0.7055195386709835,0.24156153678381218
1656.0,0.9203632033343256,1.5448139999685915,True,10,True,5,True,2,False,1,True,10,True,3,True,2,False,1,True,9,True,3,True,2,False,0,True,6,True,3,False,1,False,0,True,6,True,3,False,1,False,0,True,3,True,3,False,1,False,0,True,3,True,3,False,1,False,0,True,3,True,3,False,0,False,0,True,4,True,2,False,0,False,0,True,3,True,2,False,0,False,0,True,3,True,2,False,0,False,0,1.017805214992622,1.017805214992622,0.7528722043685738,0.7528722043685738,0.42150928933484094,0.20510745537649405,0.16273454277406887,0.03983066983130588
23518.0,0.0010419767788032153,3.428571428571429,False,1,False,1,False,1,False,1,False,1,False,1,False,1,False,1,False,1,False,1,False,1,False,1,False,1,False,1,False,1,False,1,False,1,False,1,False,1,False,1,False,1,False,1,False,1,False,1,False,1,False,1,False,1,False,1,False,1,False,1,False,1,False,1,False,1,False,1,False,1,False,1,False,1,False,1,False,1,False,1,False,1,False,1,False,1,False,1,3.428571428571429,0.0,1.0,0.0,1.0,0.0,1.0,0.0
783360.0,0.1437927954748437,2.8337369715779333,True,7,True,5,True,3,True,2,True,7,True,5,True,3,True,2,True,8,True,7,True,4,True,3,True,9,True,6,True,4,True,3,True,9,True,6,True,3,True,3,True,9,True,6,True,3,True,3,True,11,True,4,True,3,True,1,True,10,True,4,True,3,True,1,True,11,True,4,True,2,True,1,True,10,True,4,True,2,True,1,True,10,True,4,True,2,True,1,2.1265704434130095,2.1265704434130095,0.9634781185298834,0.9634781185298834,0.8051076667614252,0.8051076667614252,0.6917149068696088,0.6917149068696088
70932.0,0.09214051801131289,1.6425680221080685,False,6,False,4,False,2,False,1,False,5,False,3,False,2,False,1,False,5,False,3,False,2,False,1,False,5,False,3,False,2,False,1,False,5,False,3,False,2,False,1,False,6,False,3,False,2,False,0,False,5,False,3,False,1,False,0,False,5,False,3,False,1,False,0,False,4,False,3,False,1,False,0,False,3,False,3,False,1,False,0,False,3,False,2,False,1,False,0,1.0,0.0,1.0,0.0,1.0,0.0,0.32975134091844066,0.0
218798.0,0.4106877046740101,3.4285714285714293,True,5,True,4,True,3,True,1,True,7,True,4,True,3,True,1,True,7,True,4,True,3,True,1,True,6,True,3,True,3,True,1,True,5,True,3,True,3,True,1,True,5,True,3,True,3,True,1,True,4,True,3,True,3,True,1,True,4,True,3,True,3,True,1,True,4,True,3,True,3,True,1,True,4,True,3,True,3,True,1,True,4,True,3,True,3,True,1,3.428571428571428,3.428571428571428,1.0,1.0,1.0,1.0,1.0,1.0
1644164.0,0.017118189937481394,3.4285714285714293,True,3,True,2,True,2,True,2,True,4,True,3,True,3,True,3,True,5,True,3,True,3,True,3,True,4,True,3,True,3,True,3,True,4,True,3,True,3,True,3,True,4,True,3,True,3,True,3,True,5,True,4,True,4,True,3,True,7,True,6,True,3,True,2,True,7,True,6,True,3,True,2,True,8,True,5,True,2,True,2,True,8,True,5,True,2,True,2,3.428571428571429,3.428571428571428,1.0,1.0,1.0,1.0,1.0,1.0
1640670.0,0.010419767788032152,3.428571428571429,True,4,True,4,True,3,True,3,True,6,True,5,True,4,True,3,True,8,True,4,True,3,True,3,True,8,True,4,True,3,True,3,True,8,True,3,True,2,True,2,True,8,True,3,True,1,True,1,True,8,True,2,True,1,True,1,True,7,True,2,True,1,True,1,True,7,True,2,True,1,True,1,True,7,True,2,True,1,True,1,True,6,True,2,True,1,True,1,3.4285714285714284,3.4285714285714284,1.0,1.0,1.0,1.0,1.0,1.0
511124.0,0.8745162250669842,1.9942158130440957,True,9,True,7,True,3,True,2,True,10,True,5,True,3,True,2,True,8,True,4,True,3,True,1,True,8,True,4,True,3,True,1,True,9,True,4,False,2,False,0,True,9,False,3,False,1,False,0,True,8,False,2,False,0,False,0,True,5,False,1,False,0,False,0,True,5,False,0,False,0,False,0,False,5,False,0,False,0,False,0,False,5,False,0,False,0,False,0,1.5361781435344957,0.5061674589753427,0.48754676983029704,0.33470130244381885,0.393507584610206,0.25536478639525984,0.25536478639525984,0.25536478639525984
1774387.0,0.011908306043465317,3.428571428571428,True,8,True,3,False,1,False,1,True,5,False,1,False,1,False,1,True,4,False,1,False,1,False,1,True,5,False,1,False,1,False,1,True,4,False,1,False,1,False,1,True,5,False,2,False,1,False,1,True,5,False,2,False,1,False,1,True,5,False,2,False,1,False,1,True,5,False,1,False,1,False,1,False,4,False,1,False,1,False,1,False,4,False,1,False,1,False,1,3.428571428571428,0.5265981462300481,1.2400541271989174,0.11433036787689357,1.0226690321308889,0.06564727523568636,1.0,0.06564727523568636
546509.0,0.0017862459065197975,3.428571428571429,True,1,True,1,True,1,True,1,True,3,True,2,True,2,True,2,True,3,True,2,True,2,True,2,True,3,True,2,True,2,True,2,True,3,True,2,True,2,True,2,True,3,True,2,True,2,True,2,True,3,True,2,True,2,True,2,True,3,True,2,True,2,True,2,True,3,True,2,True,2,True,2,True,3,True,2,True,2,True,2,True,3,True,2,True,2,True,2,3.4285714285714284,2.845938536770093,1.0,1.0,1.0,1.0,1.0,1.0
515852.0,0.13992259601071746,3.395225985507967,True,6,True,5,True,5,True,4,True,7,True,5,True,4,True,4,True,8,True,5,True,4,True,4,True,9,True,6,True,3,True,3,True,9,True,5,True,3,True,3,True,9,True,5,True,3,True,3,True,9,True,5,True,3,True,3,True,10,True,6,True,4,True,3,True,11,True,7,False,3,False,2,True,10,True,6,False,3,False,1,True,10,True,6,False,2,False,1,3.2181469966512863,1.8110543667374421,1.1508696288119975,0.9829901751664442,0.9442589907719866,0.45876481586989565,0.6037697723897741,0.45876481586989565
1620676.0,0.36141708841917236,3.4285714285714293,True,10,True,5,True,3,False,2,True,9,True,5,False,2,False,2,True,10,False,3,False,2,False,2,True,8,False,3,False,2,False,2,True,8,False,3,False,2,False,2,True,8,False,3,False,2,False,2,True,8,False,3,False,2,False,2,True,9,False,3,False,1,False,0,True,8,False,3,False,0,False,0,True,8,False,3,False,0,False,0,True,8,False,1,False,0,False,0,3.194831433710168,0.6874138091400912,0.8576521772362299,0.19660901735478084,0.45139862196520353,0.11582604659315605,0.4212578136697655,0.044509603631352604
528176.0,0.12235784459660613,3.0039585859156905,True,10,True,5,True,3,True,2,True,10,True,5,True,3,True,2,True,11,True,4,True,3,True,2,True,11,True,4,True,3,True,2,True,11,True,4,True,3,True,2,True,11,True,4,True,3,True,2,True,11,True,4,True,3,True,2,True,10,True,4,True,3,True,2,True,10,True,4,True,3,True,2,True,10,True,4,True,2,True,2,True,8,True,2,True,2,True,2,2.0282895146093574,2.0282895146093574,0.9780875004136257,0.9780875004136257,0.8905001149763128,0.8905001149763128,0.852051987037728,0.852051987037728
789372.0,0.12072045251562966,2.024017827523665,False,4,False,4,False,3,False,2,False,5,False,4,False,2,False,1,False,5,False,4,False,2,False,1,False,5,False,3,False,2,False,1,False,6,False,3,False,2,False,1,False,6,False,3,False,2,False,1,False,6,False,3,False,1,False,1,False,6,False,3,False,1,False,1,False,5,False,3,False,1,False,1,False,5,False,3,False,1,False,0,False,5,False,3,False,1,False,0,1.0484408607457825,0.0,1.0,0.0,1.0,0.0,0.5410621067321157,0.0
29646.0,0.29413515927359335,3.2742523733027538,True,5,True,4,True,3,True,3,True,4,True,4,True,3,True,3,True,4,True,4,True,3,True,3,True,5,True,5,True,2,True,2,True,6,True,6,True,3,False,2,True,6,True,6,True,3,False,2,True,6,True,6,False,2,False,2,True,6,True,6,False,2,False,2,True,6,True,6,False,2,False,2,True,7,True,6,False,3,False,3,True,8,True,7,False,2,False,2,3.175100915141623,2.91536792874666,0.9116642964936151,0.6329903411852794,0.9013179185236972,0.35642690436077185,0.9013179185236972,0.2657271257071628
20.0,0.9822863947603453,2.413241350169401,True,6,True,4,True,1,True,1,True,6,True,3,True,1,True,1,True,6,True,1,True,1,True,1,True,3,True,1,True,1,True,1,True,4,True,2,True,2,True,2,True,5,True,1,True,1,True,1,True,4,True,1,True,1,True,1,True,3,True,1,True,1,True,1,True,3,True,1,True,1,True,1,True,3,True,1,True,1,True,1,True,2,True,1,True,1,True,1,2.3299125768486837,0.8018105409172438,0.7448284939350727,0.7448284939350727,0.6585132650169656,0.6585132650169656,0.6128455494437138,0.6128455494437138
170487.0,0.9873474248288181,0.8512314092652549,True,10,False,2,False,1,False,0,True,6,False,1,False,1,False,0,False,2,False,1,False,1,False,0,False,1,False,1,False,1,False,0,False,1,False,1,False,1,False,0,False,1,False,1,False,0,False,0,False,1,False,1,False,0,False,0,False,1,False,1,False,0,False,0,False,2,False,0,False,0,False,0,False,1,False,0,False,0,False,0,False,1,False,0,False,0,False,0,0.649731680107177,0.1851525410592464,0.47307449117636874,0.09356048590248375,0.3074171930232318,0.05241162402877885,0.0763277499668096,0.026249412152157956
1512545.0,0.00848466805596904,3.4285714285714293,True,1,True,1,True,1,True,1,True,1,True,1,True,1,True,1,True,1,True,1,True,1,True,1,True,2,True,2,True,2,True,2,True,2,True,2,True,2,True,2,True,2,True,2,True,2,True,2,True,3,True,3,True,2,True,1,True,3,True,3,True,2,True,1,True,3,True,3,True,2,True,1,True,3,True,3,True,2,True,1,True,3,True,3,True,2,True,1,3.4285714285714284,3.393724097098875,1.0,1.0,1.0,1.0,1.0,1.0
1859462.0,0.03959511759452218,3.4285714285714293,True,3,True,2,True,2,True,2,True,3,True,2,True,2,True,2,True,3,True,2,True,2,True,2,True,3,True,2,True,2,True,2,True,3,True,2,True,2,True,2,True,4,True,3,True,2,True,2,True,4,True,3,True,2,True,2,True,4,True,3,True,2,True,2,True,4,True,3,True,2,True,2,True,4,True,3,True,2,True,2,True,4,True,3,True,2,True,2,3.428571428571429,3.428571428571429,1.0,1.0,1.0,1.0,1.0,1.0
1783487.0,0.00922893718368562,3.4285714285714284,True,10,True,6,True,3,True,1,True,9,True,5,True,1,False,0,True,9,True,5,True,1,False,0,True,10,False,4,False,0,False,0,True,8,False,3,False,0,False,0,True,8,False,2,False,0,False,0,True,7,False,1,False,0,False,0,True,7,False,1,False,0,False,0,True,6,False,1,False,0,False,0,True,7,False,0,False,0,False,0,True,7,False,0,False,0,False,0,3.4285714285714284,1.0,0.508796196239464,0.23704541315038558,0.23704541315038558,0.23704541315038558,0.13789959029552665,0.13789959029552665
296195.0,0.9828818100625186,0.5263284873103659,True,4,True,1,False,0,False,0,True,3,False,0,False,0,False,0,True,3,False,0,False,0,False,0,False,1,False,0,False,0,False,0,False,0,False,0,False,0,False,0,False,0,False,0,False,0,False,0,False,0,False,0,False,0,False,0,False,0,False,0,False,0,False,0,False,0,False,0,False,0,False,0,False,0,False,0,False,0,False,0,False,0,False,0,False,0,False,0,0.27755756882088806,0.2208566514895472,0.1313919850019302,0.1313919850019302,0.02507139165421927,0.0010955038457348078,0.0011205360089774482,0.0010955038457348078
774906.0,0.03125930336409646,3.4285714285714293,True,8,True,5,True,3,True,2,True,8,True,5,True,3,True,2,True,8,True,4,True,3,True,2,True,7,True,4,True,3,True,2,True,7,True,4,True,3,True,2,True,7,True,4,True,3,True,2,True,7,True,4,True,3,True,2,True,5,True,3,True,3,True,2,True,5,True,3,True,3,True,2,True,4,True,3,True,3,False,1,True,4,True,3,True,2,False,1,3.4285714285714284,1.0,1.0,1.0,1.0,1.0,1.0,0.5434923320583758
1610935.0,0.00029770765108663293,3.4285714285714284,True,1,True,1,True,1,True,1,True,1,True,1,True,1,True,1,True,1,True,1,True,1,True,1,True,1,True,1,True,1,True,1,True,1,True,1,True,1,True,1,True,1,True,1,True,1,True,1,True,1,True,1,True,1,True,1,True,1,True,1,True,1,True,1,True,1,True,1,True,1,True,1,True,1,True,1,True,1,True,1,True,1,True,1,True,1,True,1,3.428571428571428,1.0,1.0,1.0,1.0,1.0,0.6824839486356341,0.6824839486356341
641515.0,0.067728490622209,3.4285714285714293,True,4,True,4,True,3,True,3,True,4,True,4,True,3,True,3,True,5,True,5,True,3,True,3,True,5,True,5,True,3,True,3,True,6,True,5,True,2,True,2,True,6,True,4,True,2,True,2,True,6,True,4,True,2,True,2,True,5,True,4,True,2,True,2,True,6,True,5,True,3,False,2,True,6,True,4,True,3,False,2,True,6,True,4,True,3,False,2,3.428571428571428,1.7411403595423642,1.0,1.0,1.0,0.9374637140747694,1.0,0.4988210647757784
790821.0,0.18145281333730276,2.208463587213064,True,11,True,6,True,3,True,2,True,10,True,4,False,1,False,1,True,10,True,4,False,1,False,1,True,8,True,3,False,1,False,0,True,6,True,3,False,1,False,0,True,5,True,3,False,1,False,0,True,5,True,3,False,0,False,0,True,6,True,2,False,0,False,0,True,6,True,2,False,0,False,0,True,6,True,1,False,0,False,0,True,6,True,1,False,0,False,0,1.9277023045224968,0.9513420667932547,0.6022567803947527,0.6022567803947527,0.3980315695292414,0.1257946058233657,0.24362626623466266,0.1257946058233657
1803635.0,0.011312890741292051,3.428571428571429,True,10,True,6,True,4,False,0,True,10,True,6,False,1,False,0,True,10,True,4,False,1,False,0,True,11,True,2,False,1,False,0,True,9,False,1,False,1,False,0,True,6,False,1,False,1,False,0,True,6,False,1,False,1,False,0,True,6,False,1,False,1,False,0,True,5,False,1,False,1,False,0,True,5,False,1,False,0,False,0,False,3,False,1,False,0,False,0,3.4285714285714284,0.5565859792518076,0.8444375581035016,0.29806263341349404,0.5063863529210064,0.12668717328089021,0.08949180617010345,0.04099378881987572
1599657.0,0.00044656147662994937,3.4285714285714293,True,1,True,1,True,1,True,1,True,1,True,1,True,1,True,1,True,1,True,1,True,1,True,1,True,1,True,1,True,1,True,1,True,1,True,1,True,1,True,1,True,2,True,2,True,1,False,0,True,2,True,2,True,1,False,0,True,2,True,2,True,1,False,0,True,2,True,2,True,1,False,0,True,2,True,2,True,1,False,0,True,2,True,2,True,1,False,0,3.428571428571429,1.0,1.0,1.0,1.0,1.0,0.30355093191466104,0.30355093191466104
519492.0,0.10925870794879429,3.1312672842425346,True,8,True,8,True,5,True,5,True,8,True,8,True,5,True,5,True,9,True,8,True,5,True,4,True,9,True,6,True,5,False,3,True,10,True,6,True,5,False,1,True,10,True,6,True,5,False,1,True,10,True,6,False,2,False,1,True,10,True,5,False,2,False,1,True,10,True,5,False,2,False,1,True,10,True,5,False,2,False,1,True,8,True,5,False,2,False,1,1.755903543111039,1.0,0.8433046668878614,0.7029430172989736,0.6892831437207967,0.3784583727786553,0.6747900835419893,0.2036706131459111
650373.0,0.41574873474248286,3.358160311891273,True,7,True,6,True,5,True,3,True,10,True,5,True,3,True,3,True,10,True,5,True,3,True,3,True,8,True,5,True,3,True,3,True,7,True,4,True,3,True,3,True,6,True,4,True,3,True,3,True,6,True,4,True,3,True,3,True,6,True,4,True,3,True,2,True,7,True,5,False,2,False,1,True,7,True,5,False,2,False,1,True,8,True,5,False,1,False,0,2.938623178745964,2.938623178745964,1.8823965995012097,1.8823965995012097,0.9265408790860916,0.4695484235277422,0.5556675918308737,0.4684110162532436
1566851.0,0.00461446859184281,3.4285714285714293,True,1,True,1,True,1,True,1,True,1,True,1,True,1,True,1,True,1,True,1,True,1,True,1,True,2,True,2,True,2,True,2,True,2,True,2,True,2,True,2,True,2,True,2,True,2,True,2,True,2,True,2,True,2,True,2,True,2,True,2,True,2,True,2,True,2,True,2,True,2,True,2,True,2,True,2,True,2,True,2,True,2,True,2,True,2,True,2,3.4285714285714293,3.428571428571428,1.0,1.0,1.0,1.0,1.0,1.0
1810816.0,0.010568621613575468,3.428571428571429,True,10,True,5,True,2,False,1,True,9,True,3,True,1,False,0,True,7,True,3,True,1,False,0,True,7,True,3,True,1,False,0,True,6,True,3,True,1,False,0,True,6,True,2,True,1,False,0,True,5,True,2,True,1,False,0,True,4,True,2,True,1,False,0,True,4,True,2,True,1,False,0,True,4,True,2,True,1,False,0,True,3,True,2,True,1,False,0,3.4285714285714284,1.0,1.0,1.0,1.0,1.0,0.12305287835373799,0.05606955028442624
390980.0,0.08901458767490325,3.1345845180261565,True,7,True,6,True,5,True,4,True,12,True,7,False,3,False,1,True,12,True,6,False,2,False,1,True,9,True,5,False,2,False,1,True,9,True,5,False,2,False,1,True,9,True,5,False,2,False,1,True,10,True,5,False,2,False,0,True,10,True,5,False,1,False,0,True,10,True,4,False,1,False,0,True,8,True,4,False,1,False,0,True,8,True,4,False,1,False,0,1.9899415830147704,1.3767213493098458,0.9987271811503864,0.9303623451617987,0.6318300995093823,0.12832907921768197,0.37115703068736255,0.12492084476353073
11363.0,0.0976481095564156,3.304007653106228,True,7,True,4,True,4,True,4,True,8,True,4,True,4,True,4,True,9,True,4,True,4,True,4,True,9,True,4,True,4,True,4,True,8,True,5,True,4,True,3,True,9,True,5,True,4,False,2,True,9,True,5,True,4,False,1,True,9,True,5,True,4,False,1,True,10,True,5,True,3,False,1,True,9,True,4,True,2,False,1,True,9,True,4,True,2,False,1,3.0671252684387493,1.0,0.9934262421389749,0.9184280028635953,0.9529320253645038,0.8590057872637767,0.9154018963619092,0.3246131869580651
1594338.0,0.011015183090205419,3.428571428571429,True,7,True,5,True,4,True,3,True,9,True,5,True,4,True,2,True,8,True,5,True,4,True,2,True,9,True,5,True,3,True,2,True,10,True,5,False,1,False,1,True,10,True,4,False,1,False,1,True,10,True,3,False,1,False,1,True,10,True,3,False,1,False,1,True,9,True,2,False,1,False,1,True,9,True,2,False,1,False,1,True,8,True,2,False,1,False,1,3.4285714285714284,0.6689224912763032,0.706330240947737,0.6689224912763032,0.706330240947737,0.2536588384541601,0.7052182673861738,0.25186823119260127
1810540.0,0.010419767788032152,3.428571428571429,True,11,True,4,True,4,True,2,True,11,True,4,True,2,True,2,True,12,True,3,True,2,False,1,True,10,False,2,False,1,False,0,True,9,False,1,False,1,False,0,True,7,False,1,False,1,False,0,True,6,False,1,False,1,False,0,True,5,False,1,False,1,False,0,True,5,False,1,False,1,False,0,True,5,False,1,False,1,False,0,True,4,False,1,False,1,False,0,3.428571428571429,0.690190651906519,0.8746638190159787,0.21185103902338673,0.6359736632083,0.21185103902338673,0.24630885873902625,0.1780929371528975
294201.0,0.1364989580232212,1.9556082975369127,True,10,True,5,False,3,False,2,True,11,True,5,False,3,False,1,True,11,True,5,False,3,False,1,True,10,True,4,False,2,False,1,True,10,True,4,False,2,False,1,True,11,True,4,False,2,False,1,True,10,True,4,False,2,False,0,True,9,True,4,False,1,False,0,True,9,True,4,False,0,False,0,True,9,True,4,False,0,False,0,True,8,False,2,False,0,False,0,0.9350307868401078,0.9350307868401078,0.7884537014515081,0.5690078018307732,0.4668949814599644,0.03744013001335594,0.38611204293678675,0.023921653014727044
1670492.0,0.3122953259898779,3.4285714285714293,True,5,True,2,True,1,True,1,True,3,True,2,True,1,True,1,True,3,True,2,True,1,True,1,True,2,True,2,True,1,True,1,True,2,True,2,True,1,False,0,True,2,True,2,True,1,False,0,True,2,True,2,True,1,False,0,True,2,True,2,True,1,False,0,True,2,True,2,True,1,False,0,True,2,True,2,True,1,False,0,True,2,True,2,True,1,False,0,3.4285714285714275,0.7590095377747539,1.734984639491821,0.7295252022534212,0.6331131629188573,0.6331131629188573,0.26771799028647,0.26771799028647
142212.0,0.4331646323310509,2.1591024467104836,True,7,True,5,True,5,True,4,True,10,True,6,True,4,True,2,True,11,True,7,True,4,True,1,True,10,True,7,True,3,True,1,True,10,True,6,True,2,True,1,True,10,True,6,True,1,True,1,True,11,True,6,False,0,False,0,True,10,True,6,False,0,False,0,True,11,True,5,False,0,False,0,True,9,True,5,False,0,False,0,True,8,True,4,False,0,False,0,1.0,0.8325764375479935,0.9470294169643639,0.719011373141323,0.38949767862489837,0.38949767862489837,0.3867080549632694,0.3867080549632694
1523377.0,0.0055075915451027095,3.428571428571429,True,2,True,2,True,1,True,1,True,2,True,2,True,1,True,1,True,2,True,2,True,1,True,1,True,2,True,2,True,1,True,1,True,2,True,2,True,1,True,1,True,2,True,2,True,1,True,1,True,2,True,2,True,1,True,1,True,2,True,2,True,1,True,1,True,2,True,2,True,1,True,1,True,2,True,2,True,1,True,1,True,2,True,2,True,1,True,1,3.428571428571429,3.428571428571429,1.0,1.0,1.0,1.0,1.0,1.0
1842991.0,0.7715093777910093,3.4285714285714293,True,10,False,3,False,3,False,1,True,7,False,3,False,3,False,0,True,6,False,3,False,1,False,0,True,6,False,3,False,1,False,0,False,5,False,2,False,1,False,0,False,5,False,1,False,1,False,0,False,3,False,1,False,1,False,0,False,3,False,1,False,0,False,0,False,2,False,1,False,0,False,0,False,2,False,1,False,0,False,0,False,2,False,1,False,0,False,0,3.4285714285714275,0.25816725071763,1.0313102785304005,0.04298481397550654,0.421029885951884,0.01622829637270083,0.10099551833519978,0.0009482526820612841
722293.0,0.07651086632926467,1.6344583017813525,True,11,True,5,True,3,False,1,True,11,False,4,False,2,False,1,True,11,False,3,False,2,False,1,True,13,False,2,False,2,False,0,True,9,False,1,False,1,False,0,True,8,False,1,False,1,False,0,True,6,False,1,False,1,False,0,True,3,False,1,False,1,False,0,True,3,False,1,False,1,False,0,True,3,False,1,False,0,False,0,True,3,False,1,False,0,False,0,1.3222373455222571,1.0,0.6385720823840919,0.12283478748119347,0.5443486351186348,0.12186044171025855,0.20694505278759334,0.07541912250735894
1591596.0,0.27895206906817505,3.4285714285714293,True,7,True,6,True,4,True,4,True,8,True,7,True,3,True,3,True,9,True,6,True,3,False,2,True,8,True,6,True,3,False,2,True,9,True,5,True,3,False,2,True,8,True,5,True,3,False,2,True,8,True,5,True,3,False,2,True,8,True,5,True,3,False,2,True,8,True,4,True,3,False,1,True,8,True,4,True,3,False,1,True,8,False,3,False,2,False,1,3.428571428571428,0.8379584526287946,2.4009108913166197,0.5563167232064002,0.877600311952581,0.5563167232064002,0.7359796054825554,0.1602124137190535
838232.0,0.045102709139624886,3.428230976372236,True,7,True,5,True,5,True,2,True,7,True,5,True,5,True,2,True,7,True,5,True,5,True,2,True,7,True,5,True,5,True,2,True,8,True,6,True,6,True,3,True,7,True,6,True,6,True,3,True,7,True,6,True,6,True,2,True,7,True,6,True,6,True,2,True,8,True,6,True,6,True,1,True,8,True,6,True,6,True,1,True,10,True,6,True,6,True,1,3.394455980285142,2.6336491292951343,1.0,1.0,0.9995637464313205,0.9995637464313205,0.9993628170575348,0.9993628170575348
695.0,0.0244120273891039,3.4285714285714293,True,8,True,4,True,4,True,4,True,8,True,4,True,4,True,4,True,8,True,4,True,2,True,2,True,8,True,4,True,2,True,2,True,8,True,4,True,2,True,2,True,6,True,3,True,2,True,2,True,5,True,3,True,2,True,1,True,6,True,3,True,1,True,1,True,5,True,3,True,1,True,1,True,4,True,1,True,1,True,1,True,3,True,1,True,1,True,1,3.4285714285714293,3.4285714285714293,1.0,1.0,1.0,1.0,1.0,1.0
476311.0,0.13352188151235486,3.1011985276264147,False,5,False,4,False,3,False,2,False,5,False,4,False,3,False,2,False,5,False,4,False,3,False,2,False,5,False,4,False,3,False,2,False,5,False,4,False,3,False,2,False,5,False,4,False,3,False,2,False,4,False,4,False,2,False,2,False,4,False,4,False,2,False,2,False,5,False,4,False,2,False,1,False,6,False,3,False,1,False,1,False,6,False,3,False,1,False,1,2.39929944226239,0.0,1.0,0.0,1.0,0.0,0.676750270993752,0.0
14471.0,0.0596903840428699,3.428571428571429,True,4,True,3,True,3,True,2,True,4,True,3,True,2,True,2,True,4,True,3,True,2,True,2,True,4,True,3,True,2,True,2,True,5,True,4,True,3,True,3,True,5,True,4,True,3,True,3,True,5,True,4,True,3,True,3,True,6,True,4,True,3,False,2,True,6,True,4,True,3,False,2,True,7,True,4,True,3,False,2,True,5,True,4,True,3,False,2,3.428571428571428,1.0,1.3008533076197302,1.0,1.0,1.0,1.0,0.4002596885596685
10256.0,0.9998511461744567,0.9549775138317209,True,8,True,4,True,1,False,0,True,6,True,3,False,0,False,0,True,6,True,3,False,0,False,0,True,4,True,2,False,0,False,0,True,4,True,2,False,0,False,0,True,4,False,0,False,0,False,0,True,4,False,0,False,0,False,0,True,3,False,0,False,0,False,0,True,2,False,0,False,0,False,0,True,2,False,0,False,0,False,0,True,2,False,0,False,0,False,0,0.749366174668772,0.6817304916393142,0.3328158425212186,0.323780218837421,0.13651483520423913,0.13651483520423913,0.010345001135160802,0.010345001135160802
358041.0,0.021732658529324204,3.4285714285714293,True,4,True,4,True,3,True,2,True,4,True,4,True,3,True,2,True,4,True,4,True,3,True,2,True,4,True,4,True,3,True,2,True,4,True,4,True,3,True,2,True,4,True,3,True,2,True,2,True,4,True,3,True,2,True,2,True,4,True,3,True,2,True,2,True,4,True,3,True,2,True,2,True,4,True,3,True,2,True,2,True,4,True,3,True,2,True,2,3.4285714285714284,3.2106417581207145,2.4012038379586103,2.4012038379586103,1.0,1.0,1.0,1.0
11799.0,0.012950282822268532,3.4284577231706823,True,2,True,2,True,2,True,2,True,3,True,2,True,2,True,2,True,3,True,2,True,2,True,2,True,4,True,3,True,3,True,3,True,5,True,4,True,4,True,4,True,6,True,5,True,5,True,4,True,6,True,5,True,4,True,4,True,6,True,5,True,4,True,3,True,7,True,5,True,4,True,2,True,9,True,7,True,5,False,2,True,8,True,7,True,5,False,2,3.42809552601801,3.42809552601801,1.0,1.0,1.0,0.998333019654236,0.9995932583245009,0.5323498964803312
58559.0,0.10925870794879429,2.1128831844384375,False,5,False,2,False,2,False,2,False,4,False,2,False,2,False,2,False,4,False,2,False,2,False,2,False,4,False,2,False,2,False,2,False,4,False,2,False,2,False,2,False,4,False,2,False,2,False,2,False,5,False,3,False,2,False,1,False,4,False,3,False,2,False,1,False,4,False,3,False,2,False,1,False,4,False,3,False,2,False,1,False,4,False,3,False,2,False,1,1.048294746369225,0.0,1.0,0.0,1.0,0.0,0.8769139559701198,0.0
1783861.0,0.01012206013694552,3.428571428571429,True,8,True,5,False,2,False,0,True,8,False,2,False,2,False,0,True,8,False,1,False,1,False,0,True,8,False,1,False,0,False,0,True,8,False,1,False,0,False,0,True,6,False,0,False,0,False,0,True,5,False,0,False,0,False,0,True,4,False,0,False,0,False,0,True,4,False,0,False,0,False,0,True,4,False,0,False,0,False,0,True,4,False,0,False,0,False,0,3.4285714285714284,1.0,0.3456378981985452,0.11006551518761169,0.2208366756605654,0.09009231940611023,0.09663645776624918,0.09009231940611023
837101.0,0.21762429294432867,3.318938784820494,True,4,True,3,True,3,True,2,True,6,True,5,True,5,True,3,True,5,True,5,True,5,True,3,True,5,True,5,True,5,True,3,True,5,True,5,True,5,True,3,True,8,True,4,True,4,True,3,True,9,True,3,True,3,True,3,True,8,True,3,True,3,True,3,True,9,True,3,True,2,True,2,True,9,True,2,True,2,True,2,True,8,True,2,True,2,True,2,2.7295472547928887,2.7295472547928887,0.929316673122011,0.929316673122011,0.929316673122011,0.929316673122011,0.8077011680812626,0.78656879800179
355502.0,0.10702590056564454,2.608641899871742,False,4,False,3,False,3,False,2,False,3,False,3,False,3,False,1,False,3,False,3,False,3,False,1,False,3,False,3,False,3,False,1,False,4,False,4,False,3,False,0,False,4,False,4,False,3,False,0,False,4,False,4,False,3,False,0,False,5,False,3,False,2,False,0,False,5,False,3,False,2,False,0,False,5,False,3,False,2,False,0,False,5,False,3,False,2,False,0,1.4952717302506502,0.0,1.0,0.0,1.0,0.0,0.2724288919535094,0.0
119651.0,0.9894313783864245,0.4347246872403703,True,7,False,0,False,0,False,0,False,3,False,0,False,0,False,0,False,1,False,0,False,0,False,0,False,1,False,0,False,0,False,0,False,1,False,0,False,0,False,0,False,0,False,0,False,0,False,0,False,0,False,0,False,0,False,0,False,0,False,0,False,0,False,0,False,0,False,0,False,0,False,0,False,0,False,0,False,0,False,0,False,0,False,0,False,0,False,0,0.34669586433261457,0.1463372714825185,0.09829012246707708,0.08223090510454466,0.03920977172036724,0.03920977172036724,0.005332752310697617,0.002245064881754591
1795560.0,0.010419767788032152,3.428571428571429,True,8,True,7,True,3,False,1,True,10,True,5,False,2,False,1,True,10,True,4,False,2,False,1,True,9,True,4,False,2,False,1,True,7,True,4,False,2,False,1,True,8,True,3,False,1,False,1,True,8,True,3,False,1,False,1,True,8,True,3,False,1,False,1,True,7,True,2,False,1,False,1,True,8,True,2,False,1,False,0,True,7,True,2,False,1,False,0,3.428571428571429,1.053095536193372,0.8237031391416185,0.8237031391416185,0.6369631878207005,0.1139606043220501,0.5484018787948219,0.09672890635967987
476751.0,0.8751116403691575,2.171662697189477,True,5,True,4,True,3,True,3,True,7,True,6,True,5,True,5,True,7,True,6,True,5,True,4,True,7,True,6,True,4,False,3,True,8,True,6,True,3,False,2,True,9,True,5,True,2,False,1,True,9,True,5,True,2,False,1,True,8,True,4,False,1,False,1,True,7,True,4,False,1,False,1,True,7,True,3,False,1,False,1,True,8,True,2,False,0,False,0,1.7415157499142633,1.4404205047143168,0.6368918620682312,0.6222464253590088,0.5511362298669141,0.4307432330148904,0.550779415616292,0.24900690451299148
1709568.0,0.009080083358142305,3.4285714285714284,True,7,True,4,True,3,False,2,True,7,True,4,True,3,False,2,True,7,True,3,False,2,False,2,True,6,True,3,False,2,False,2,True,5,True,4,False,2,False,1,True,5,True,4,False,1,False,1,True,5,True,3,False,1,False,1,True,5,True,3,False,1,False,1,True,5,True,3,False,1,False,1,True,5,True,2,False,1,False,1,True,5,False,1,False,1,False,1,3.4285714285714284,0.7022809123649459,1.0,0.5941691920971645,1.0,0.15344381434785,0.8499571838117577,0.08666428649043012
1550502.0,0.00044656147662994937,3.428571428571429,True,1,True,1,True,1,True,1,True,1,True,1,True,1,True,1,True,1,True,1,True,1,True,1,True,1,True,1,True,1,True,1,True,1,True,1,True,1,True,1,True,1,True,1,True,1,True,1,True,1,True,1,True,1,True,1,True,1,True,1,True,1,True,1,True,1,True,1,True,1,True,1,True,1,True,1,True,1,True,1,True,1,True,1,True,1,True,1,3.428571428571429,3.428571428571429,1.0,1.0,1.0,1.0,1.0,1.0
1801145.0,0.012057159869008634,3.4285714285714293,True,10,True,4,True,3,False,1,True,10,False,2,False,1,False,0,True,10,False,1,False,1,False,0,True,8,False,1,False,1,False,0,False,6,False,1,False,1,False,0,False,5,False,1,False,1,False,0,False,6,False,1,False,0,False,0,False,4,False,1,False,0,False,0,False,4,False,0,False,0,False,0,False,4,False,0,False,0,False,0,False,4,False,0,False,0,False,0,3.4285714285714284,0.2693282876064333,0.4535720599005025,0.11600556091216901,0.3789198606271776,0.11600556091216901,0.10511303112794414,0.05986027310257226
1567704.0,0.014438821077701697,3.4285714285714293,True,1,True,1,True,1,True,1,True,1,True,1,True,1,True,1,True,1,True,1,True,1,True,1,True,1,True,1,True,1,True,1,True,1,True,1,True,1,True,1,True,2,True,2,True,1,False,0,True,2,True,2,True,1,False,0,True,2,True,2,True,1,False,0,True,2,True,2,True,1,False,0,True,2,True,2,True,1,False,0,True,2,True,2,True,1,False,0,3.4285714285714275,1.0,1.0,1.0,1.0,1.0,0.30738962871593145,0.30738962871593145
502760.0,0.11149151533194403,2.6328807494167386,False,5,False,2,False,2,False,2,False,4,False,2,False,2,False,2,False,4,False,2,False,2,False,2,False,3,False,2,False,2,False,2,False,3,False,2,False,2,False,2,False,4,False,3,False,2,False,1,False,4,False,2,False,2,False,1,False,4,False,2,False,2,False,1,False,4,False,2,False,2,False,1,False,4,False,2,False,2,False,1,False,4,False,2,False,2,False,1,1.0,0.0,1.0,0.0,1.0,0.0,0.8358892786020324,0.0
406306.0,0.9629353974397142,3.2023956081723686,True,7,True,6,True,4,True,2,True,10,True,7,False,4,False,3,True,9,True,6,False,4,False,3,True,10,True,5,False,3,False,2,True,11,True,6,False,3,False,1,True,11,True,5,False,3,False,1,True,12,True,5,False,2,False,1,True,12,True,5,False,2,False,0,True,12,True,5,False,2,False,0,True,10,True,4,False,1,False,0,True,9,True,4,False,1,False,0,2.6690732098504,0.99121135000284,0.982532348387381,0.982532348387381,0.7410718188827461,0.1403177390835929,0.4145581903169338,0.1403177390835929
1784961.0,0.010866329264662102,3.428571428571429,True,8,True,6,True,5,True,1,True,8,True,5,True,2,True,1,True,8,True,5,True,1,True,1,True,9,True,5,True,1,True,1,True,10,True,4,True,1,True,1,True,8,True,2,True,1,False,0,True,7,True,2,True,1,False,0,True,7,True,2,True,1,False,0,True,6,True,1,True,1,False,0,True,6,True,1,True,1,False,0,True,5,True,1,False,0,False,0,3.428571428571429,1.0,1.0,1.0,0.5537159780002822,0.5537159780002822,0.30491342831272994,0.30491342831272994
1489157.0,0.01935099732063114,3.4285714285714293,True,2,True,2,True,2,True,1,True,2,True,2,True,2,True,1,True,2,True,2,True,2,True,1,True,2,True,2,True,2,True,1,True,2,True,2,True,2,True,1,True,2,True,2,True,2,True,1,True,2,True,2,True,2,True,1,True,2,True,2,True,2,True,1,True,3,True,3,True,3,True,2,True,3,True,3,True,3,True,2,True,3,True,3,True,3,True,2,3.4285714285714284,3.428571428571428,1.0,1.0,1.0,1.0,1.0,1.0
537892.0,0.0007442691277165823,3.4285714285714284,False,1,False,1,False,1,False,1,False,1,False,1,False,1,False,1,False,1,False,1,False,1,False,1,False,1,False,1,False,1,False,1,False,1,False,1,False,1,False,1,False,1,False,1,False,1,False,1,False,1,False,1,False,1,False,1,False,1,False,1,False,1,False,1,False,1,False,1,False,1,False,1,False,1,False,1,False,1,False,1,False,1,False,1,False,1,False,1,3.4285714285714284,0.0,1.0,0.0,1.0,0.0,1.0,0.0
1718500.0,0.009824352485858886,3.428571428571429,True,9,True,6,True,3,False,1,True,9,True,5,False,2,False,0,True,8,True,4,False,1,False,0,True,8,True,3,False,1,False,0,True,6,True,2,False,1,False,0,True,4,True,2,False,1,False,0,True,4,True,2,False,1,False,0,True,4,True,2,False,1,False,0,True,4,False,1,False,1,False,0,True,3,False,1,False,1,False,0,True,3,False,1,False,1,False,0,3.428571428571429,1.0,1.0,0.4789260992454975,1.0,0.14974510313798295,0.11959437748002896,0.06036250500860297
1608066.0,0.0005954153021732659,3.428571428571429,True,1,True,1,True,1,True,1,True,1,True,1,True,1,True,1,True,1,True,1,True,1,True,1,True,1,True,1,True,1,True,1,True,1,True,1,True,1,True,1,True,1,True,1,True,1,True,1,True,1,True,1,True,1,True,1,True,1,True,1,True,1,True,1,True,1,True,1,True,1,True,1,True,1,True,1,True,1,True,1,True,1,True,1,True,1,True,1,3.428571428571429,3.428571428571428,1.0,1.0,1.0,1.0,1.0,1.0
149658.0,0.09571300982435249,1.7461833133008924,False,7,False,3,False,2,False,1,False,8,False,3,False,1,False,0,False,8,False,3,False,1,False,0,False,8,False,2,False,1,False,0,False,7,False,2,False,1,False,0,False,6,False,2,False,1,False,0,False,6,False,2,False,1,False,0,False,6,False,1,False,1,False,0,False,6,False,1,False,1,False,0,False,5,False,1,False,1,False,0,False,4,False,1,False,1,False,0,1.0,0.0,1.0,0.0,1.0,0.0,0.12493889180478267,0.0
190755.0,0.09571300982435249,3.0067921984831454,True,7,True,4,True,4,True,3,True,9,True,4,True,3,True,2,True,6,True,4,True,3,True,2,True,9,True,5,True,4,True,2,True,10,True,4,True,3,True,2,True,9,True,5,True,3,False,1,True,9,True,5,True,3,False,1,True,8,True,4,True,2,False,1,True,7,True,4,True,2,False,1,True,7,True,3,True,2,False,1,True,6,True,3,True,2,False,1,2.0199130070021765,1.0,0.7902918261604047,0.7902918261604047,0.7902918261604047,0.7902918261604047,0.6931241712270568,0.33223435148854147
270281.0,0.05626674605537362,3.390951402520777,True,4,True,4,True,4,True,4,True,5,True,5,True,4,True,4,True,6,True,6,True,5,True,4,True,6,True,6,True,5,True,4,True,8,True,7,True,6,True,3,True,8,True,7,True,6,True,3,True,8,True,6,True,6,True,3,True,9,True,5,True,5,True,3,True,11,True,5,True,5,True,2,True,12,True,6,True,5,True,2,True,12,True,6,True,5,True,2,3.228476730665357,1.870933656827928,0.9991348785930629,0.9933328922907151,0.977182540129171,0.977182540129171,0.9537440537512071,0.9537440537512071
471658.0,0.5053587377195594,3.283637476085535,True,4,True,4,True,4,True,4,True,4,True,4,True,4,True,4,True,4,True,4,True,4,True,4,True,4,True,4,True,4,True,4,True,5,True,5,True,5,True,4,True,5,True,5,True,4,True,3,True,5,True,5,True,4,True,3,True,7,True,6,True,5,True,3,True,7,True,6,True,4,True,3,True,7,True,6,True,4,True,3,True,8,True,5,True,3,True,3,3.1893410423300486,2.567487327342037,0.9788270193800289,0.9369892840575919,0.9745215924333442,0.9369892840575919,0.8876228223001171,0.8876228223001171
210046.0,0.10985412325096755,2.96632277620568,True,4,True,3,True,3,True,2,True,4,True,4,True,4,True,2,True,6,True,5,True,5,True,4,True,5,True,5,True,5,True,4,True,6,True,6,True,6,True,4,True,6,True,6,True,6,True,2,True,7,True,7,True,5,False,2,True,7,True,7,True,5,False,2,True,8,True,7,True,3,False,1,True,8,True,7,True,3,False,1,True,8,True,6,True,3,False,0,2.7039345916906736,0.9962246508597775,0.9744188538333569,0.899064616848593,0.7214707025741537,0.7214707025741537,0.5856067263011107,0.35068650739639945
526150.0,0.005954153021732658,3.4285714285714293,True,2,True,2,True,2,True,2,True,3,True,3,True,3,True,3,True,3,True,3,True,3,True,3,True,3,True,3,True,3,True,2,True,3,True,3,True,3,True,2,True,3,True,3,True,3,True,2,True,3,True,3,True,3,True,2,True,4,True,4,True,4,True,3,True,4,True,4,True,4,True,3,True,4,True,4,True,4,True,3,True,4,True,4,True,4,True,3,3.428571428571429,3.4285714285714284,1.0,1.0,1.0,1.0,1.0,1.0
6794.0,0.9072640666865138,0.6401703392595598,True,9,True,4,False,1,False,1,True,6,False,1,False,0,False,0,True,4,False,0,False,0,False,0,True,3,False,0,False,0,False,0,True,2,False,0,False,0,False,0,True,2,False,0,False,0,False,0,False,1,False,0,False,0,False,0,False,0,False,0,False,0,False,0,False,0,False,0,False,0,False,0,False,0,False,0,False,0,False,0,False,0,False,0,False,0,False,0,0.4371289052441347,0.35011083583257263,0.17690467540674049,0.1479809657163253,0.11965794609438968,0.037030777369656105,0.11965794609438968,0.008651434699136963
204269.0,0.12265555224769277,3.388262646522205,True,4,True,4,True,3,True,3,True,4,True,4,True,3,True,3,True,5,True,5,True,4,True,3,True,7,True,5,True,3,True,2,True,7,True,5,True,3,True,2,True,9,True,7,True,5,True,4,True,9,True,7,True,5,True,2,True,10,True,7,True,4,True,2,True,10,True,5,True,4,True,2,True,10,True,5,True,4,True,2,True,10,True,5,True,3,True,1,3.089774085851598,3.089774085851598,0.9779905372100718,0.8016440597309847,0.7737701267414028,0.7737701267414028,0.6424217402978474,0.6424217402978474
109544.0,0.9998511461744567,0.6793001690735575,True,7,True,3,True,1,False,0,True,4,True,3,False,0,False,0,True,4,True,2,False,0,False,0,True,3,True,2,False,0,False,0,True,4,True,1,False,0,False,0,True,3,True,1,False,0,False,0,True,2,False,0,False,0,False,0,True,1,False,0,False,0,False,0,True,1,False,0,False,0,False,0,False,0,False,0,False,0,False,0,False,0,False,0,False,0,False,0,0.5128745597112655,0.5128745597112655,0.3937755395911126,0.3937755395911126,0.11879944587824576,0.11879944587824576,0.017844531921939164,0.017844531921939164
1776564.0,0.009824352485858886,3.4285714285714284,True,8,True,6,True,6,False,2,True,9,True,6,False,4,False,2,True,9,True,5,False,2,False,2,True,9,False,2,False,2,False,2,True,9,False,2,False,2,False,1,True,9,False,2,False,2,False,1,True,9,False,2,False,1,False,1,True,9,False,1,False,1,False,1,True,8,False,1,False,1,False,1,True,7,False,1,False,1,False,1,True,7,False,1,False,1,False,1,3.4285714285714284,0.6350896166368134,1.0,0.21720598569239807,1.0,0.10796612827348286,0.6681534344335415,0.08679907111190507
96345.0,0.1364989580232212,3.428571428571429,True,8,True,7,True,7,True,5,True,8,True,7,True,7,True,5,True,8,True,7,True,7,True,5,True,10,True,7,True,5,True,4,True,9,True,6,True,5,True,4,True,9,True,6,True,5,True,4,True,9,True,6,True,5,True,3,True,9,True,5,True,4,True,3,True,10,True,6,False,3,False,1,True,10,True,5,False,3,False,1,True,10,True,5,False,3,False,1,2.5891281667108235,2.0944577809492673,1.0,0.6162797480649022,1.0,0.4520720459719372,1.0,0.4520720459719372
748237.0,0.12220899077106281,3.1678833254719043,True,10,True,6,True,3,False,2,True,10,True,5,True,2,False,1,True,8,True,4,False,2,False,1,True,7,True,4,False,2,False,1,True,7,True,3,False,2,False,1,True,6,True,3,False,1,False,1,True,7,True,3,False,1,False,0,True,7,True,3,False,1,False,0,True,6,True,3,False,1,False,0,True,5,True,3,False,1,False,0,True,5,False,2,False,1,False,0,2.4361970265648143,0.9272549050715699,0.9637039703388992,0.5838848785032671,0.7778833279577084,0.19484358150565861,0.3707429550803641,0.0386697046901895
519904.0,0.1545102709139625,3.4285714285714293,True,8,True,6,True,5,True,3,True,8,True,6,True,5,True,3,True,8,True,6,True,5,True,3,True,8,True,6,True,5,True,3,True,9,True,6,True,5,True,4,True,9,True,6,True,5,True,4,True,9,True,6,True,5,True,3,True,9,True,6,True,5,True,3,True,10,True,6,True,4,True,2,True,9,True,5,True,4,True,2,True,9,True,5,True,4,True,2,2.7935362364858487,2.7935362364858487,1.0,1.0,1.0,1.0,1.0,1.0
1591154.0,0.010419767788032152,3.428571428571429,True,10,True,5,True,4,True,2,True,11,True,5,True,4,True,2,True,11,True,5,True,3,True,1,True,10,True,3,True,3,True,1,True,11,True,2,True,2,False,0,True,10,True,2,True,2,False,0,True,9,True,2,True,2,False,0,True,9,True,2,True,2,False,0,True,10,True,2,False,1,False,0,True,9,True,2,False,1,False,0,True,9,True,2,False,1,False,0,3.428571428571429,1.2401095642843023,1.0,1.0,1.0,0.4823173880611289,0.28288801805011277,0.28288801805011277
1653271.0,0.011610598392378685,3.428571428571429,True,11,False,3,False,1,False,1,True,11,False,2,False,1,False,1,True,11,False,2,False,0,False,0,True,10,False,2,False,0,False,0,True,10,False,1,False,0,False,0,True,8,False,1,False,0,False,0,True,6,False,0,False,0,False,0,True,5,False,0,False,0,False,0,True,5,False,0,False,0,False,0,True,5,False,0,False,0,False,0,False,4,False,0,False,0,False,0,3.4285714285714284,0.5687561776226678,0.36503725003267534,0.06518190486965234,0.1698081023454158,0.06518190486965234,0.1698081023454158,0.025074400561331048
389884.0,0.09124739505805299,3.414356102849199,False,4,False,3,False,2,False,1,False,5,False,4,False,2,False,1,False,5,False,4,False,2,False,1,False,5,False,4,False,2,False,1,False,5,False,4,False,2,False,1,False,5,False,4,False,2,False,1,False,5,False,4,False,2,False,1,False,5,False,3,False,2,False,1,False,5,False,3,False,2,False,1,False,4,False,3,False,2,False,1,False,4,False,3,False,2,False,1,2.9774703583088806,0.0,1.8118260138494966,0.0,1.0,0.0,0.9305772906002475,0.0
1812006.0,0.009526644834772254,3.428571428571429,True,9,False,4,False,4,False,2,True,9,False,3,False,2,False,1,True,9,False,3,False,1,False,1,True,9,False,2,False,1,False,1,True,9,False,2,False,0,False,0,True,8,False,2,False,0,False,0,True,8,False,2,False,0,False,0,True,7,False,2,False,0,False,0,True,6,False,2,False,0,False,0,True,6,False,1,False,0,False,0,True,5,False,1,False,0,False,0,3.428571428571429,0.8033705333673791,1.7099440594472737,0.08935273841440067,0.27590733590733596,0.08935273841440067,0.27590733590733596,0.06018671173027781
741902.0,0.08157189639773742,3.359287321823827,True,4,True,4,True,4,True,3,True,5,True,4,True,4,True,3,True,5,True,4,True,4,True,3,True,5,True,4,True,4,True,3,True,5,True,4,True,4,True,3,True,6,True,4,True,4,True,3,True,7,True,4,True,4,True,3,True,8,True,5,True,4,True,3,True,10,True,5,True,4,True,3,True,9,True,4,True,4,False,2,True,9,True,4,True,3,False,1,3.1413275652143935,2.3142863436424266,0.9080388919558171,0.7936724188383419,0.8274589706870357,0.7887420850513212,0.8029910702429264,0.5434489104009679
651026.0,0.0949687406966359,3.4051944768878037,True,6,True,5,True,5,True,4,True,7,True,6,True,5,True,4,True,7,True,6,True,5,True,4,True,8,True,6,True,5,True,4,True,9,True,7,True,4,True,3,True,8,True,6,True,4,True,3,True,9,True,7,True,5,True,4,True,11,True,6,True,5,True,2,True,11,True,6,True,5,True,2,True,11,True,6,True,5,True,2,True,11,True,6,True,5,True,2,3.387945050113297,2.8187352664929892,1.1729301792866555,0.992925023671301,0.9929201110500379,0.9929201110500379,0.9929201110500379,0.9929201110500379
1771665.0,0.009973206311402203,3.428571428571429,True,10,True,5,True,4,True,2,True,9,True,5,True,3,True,1,True,10,True,4,True,2,False,0,True,10,True,4,True,2,False,0,True,10,True,3,True,1,False,0,True,10,True,2,True,1,False,0,True,10,True,2,True,1,False,0,True,9,True,2,True,1,False,0,True,7,True,1,True,1,False,0,True,7,True,1,True,1,False,0,True,6,True,1,True,1,False,0,3.4285714285714284,1.0,0.7815049272335705,0.7815049272335705,0.6132721129688988,0.6132721129688988,0.15438348879070532,0.15438348879070532
117343.0,0.1890443584400119,3.3159900138726854,True,5,True,4,True,2,True,2,True,6,True,3,True,2,True,2,True,7,True,4,True,3,True,3,True,8,True,5,True,3,True,3,True,8,True,5,True,3,True,3,True,8,True,4,True,3,True,3,True,8,True,4,True,3,True,3,True,8,True,4,True,3,True,3,True,9,True,5,True,3,True,3,True,9,True,5,True,3,True,3,True,11,True,8,True,2,False,0,2.731187783082437,2.731187783082437,1.9329489556171526,1.9329489556171526,0.8105138954794057,0.8105138954794057,0.594315274433617,0.552736243741898
1584792.0,0.011610598392378685,3.428571428571429,True,8,True,5,True,4,True,2,True,9,True,5,True,3,False,0,True,9,True,4,True,3,False,0,True,10,True,3,True,3,False,0,True,11,True,2,True,2,False,0,True,12,False,0,False,0,False,0,True,8,False,0,False,0,False,0,True,7,False,0,False,0,False,0,True,6,False,0,False,0,False,0,True,5,False,0,False,0,False,0,True,5,False,0,False,0,False,0,3.428571428571429,0.8227898478626603,0.3214994800037818,0.3214994800037818,0.3214994800037818,0.3214994800037818,0.135624972770444,0.1332617730038656
18264.0,0.10866329264662102,2.4317493477637853,False,4,False,3,False,2,False,1,False,4,False,3,False,2,False,1,False,4,False,3,False,2,False,1,False,4,False,3,False,2,False,1,False,4,False,3,False,2,False,1,False,6,False,4,False,2,False,0,False,6,False,4,False,2,False,0,False,7,False,3,False,2,False,0,False,7,False,3,False,2,False,0,False,7,False,3,False,2,False,0,False,6,False,2,False,2,False,0,1.4892763260182826,0.0,1.0,0.0,1.0,0.0,0.33355489346525774,0.0
1509561.0,0.0055075915451027095,3.428571428571429,True,1,True,1,True,1,True,1,True,1,True,1,True,1,True,1,True,1,True,1,True,1,True,1,True,3,True,2,True,1,True,1,True,4,True,2,True,1,True,1,True,4,True,2,True,1,True,1,True,4,True,2,True,1,True,1,True,4,True,2,True,1,True,1,True,4,True,2,True,1,True,1,True,4,True,1,True,1,True,1,True,4,True,1,True,1,True,1,3.4285714285714284,2.870517897508007,1.0,1.0,1.0,1.0,1.0,1.0
1993833.0,0.4982137540934802,3.4285714285714297,True,5,True,5,True,3,False,1,True,5,True,4,True,3,False,1,True,5,True,4,False,2,False,0,True,5,True,3,False,1,False,0,True,4,True,3,False,1,False,0,True,4,True,3,False,1,False,0,True,4,False,2,False,1,False,0,False,2,False,2,False,1,False,0,False,2,False,2,False,1,False,0,False,2,False,2,False,1,False,0,False,2,False,2,False,1,False,0,3.428571428571428,0.4439935838697942,1.2668453814223841,0.3997333975698711,0.7511675898097918,0.1807785548429899,0.16836667266025365,0.013661054826040162
148765.0,0.013992259601071748,3.428571428571429,True,2,True,2,True,2,True,2,True,3,True,3,True,2,True,2,True,3,True,3,True,2,True,2,True,4,True,3,True,2,False,1,True,5,True,4,True,2,False,1,True,7,True,5,True,3,False,2,True,8,True,4,True,3,False,2,True,8,True,4,True,3,False,2,True,8,True,4,True,3,False,2,True,8,True,4,True,3,False,2,True,8,True,4,True,3,False,2,3.428571428571428,1.0,1.2260186508014173,1.0,1.0,1.0,1.0,0.21817494890756758
32493.0,0.17683834474545995,3.4285714285714284,True,13,True,7,True,5,False,1,True,13,True,7,True,5,False,1,True,12,True,7,True,5,False,0,True,12,True,7,True,4,False,0,True,12,True,7,True,4,False,0,True,13,True,6,True,4,False,0,True,12,True,6,True,4,False,0,True,12,True,6,False,2,False,0,True,12,True,5,False,2,False,0,True,11,True,4,False,1,False,0,True,11,True,4,False,1,False,0,3.2762751090881954,1.1207046089672184,1.0,0.6764137472886312,0.8162292013308412,0.4265665386243344,0.15504977044711354,0.020285070388775753
1569842.0,0.021732658529324204,3.428571428571429,True,6,True,6,True,4,True,4,True,7,True,4,True,3,True,3,True,7,True,4,True,2,True,2,True,7,True,3,True,2,True,2,True,7,True,3,True,2,True,2,True,8,True,4,True,3,False,1,True,8,True,3,True,3,False,1,True,8,True,3,True,2,False,0,True,8,True,3,True,2,False,0,True,9,True,2,False,1,False,0,True,8,True,2,False,1,False,0,3.4285714285714284,1.0,0.840335324298813,0.7085361534882751,0.8152977954007115,0.54433505221263,0.4416527655964275,0.34065453333425916
607197.0,0.208841917237273,3.0717015687991154,True,12,True,5,True,4,True,2,True,11,True,5,True,4,False,1,True,9,True,5,True,4,False,1,True,8,True,5,True,4,False,0,True,8,True,5,True,3,False,0,True,8,True,5,True,3,False,0,True,7,True,5,True,3,False,0,True,7,True,5,True,3,False,0,True,7,True,4,True,3,False,0,True,7,True,3,True,3,False,0,True,7,True,3,True,3,False,0,2.3827587313472747,1.1317686726159968,0.9112643424037595,0.7718312802301323,0.7935848083107231,0.714105373326634,0.21637998619435964,0.13016048991658752
10703.0,0.30991366478118487,3.4285714285714293,False,4,False,2,False,2,False,2,False,4,False,2,False,2,False,2,False,4,False,2,False,2,False,2,False,4,False,2,False,2,False,2,False,4,False,2,False,2,False,2,False,4,False,2,False,2,False,2,False,4,False,2,False,2,False,2,False,4,False,2,False,2,False,2,False,4,False,2,False,2,False,2,False,4,False,2,False,2,False,2,False,4,False,2,False,2,False,2,3.428571428571428,0.0,1.0,0.0,1.0,0.0,1.0,0.0
482558.0,0.523072342959214,3.3104703215060116,True,10,True,5,False,3,False,3,True,10,False,3,False,3,False,3,True,9,False,3,False,3,False,3,True,9,False,3,False,2,False,2,True,7,False,3,False,2,False,2,True,7,False,3,False,2,False,2,True,7,False,3,False,2,False,2,True,7,False,3,False,2,False,1,True,6,False,3,False,2,False,1,True,6,False,3,False,2,False,1,False,5,False,3,False,2,False,1,3.0191366677889793,0.5916741892652166,1.1025737792492845,0.1102459130153309,0.9486357682270081,0.09489379710095819,0.9062291115121911,0.01712938314169115
1710206.0,0.008782375707055671,3.4285714285714293,True,8,True,3,True,2,True,2,True,9,True,4,True,2,True,2,True,9,False,2,False,1,False,1,True,9,False,2,False,1,False,1,True,7,False,1,False,1,False,1,True,7,False,1,False,1,False,1,True,8,False,1,False,0,False,0,True,6,False,1,False,0,False,0,True,6,False,1,False,0,False,0,True,6,False,1,False,0,False,0,True,5,False,1,False,0,False,0,3.428571428571429,1.0,1.0,0.1942822211791418,0.37925599589829284,0.16623919612114402,0.37925599589829284,0.163070405342333
1797896.0,0.010270913962488836,3.428571428571428,True,7,True,4,True,3,False,2,True,7,True,4,True,3,False,1,True,6,True,3,True,3,False,1,True,6,True,2,True,2,False,1,True,6,True,2,True,2,False,1,True,5,True,2,True,2,False,1,True,6,False,1,False,1,False,1,True,5,False,1,False,1,False,1,True,5,False,1,False,1,False,0,True,4,False,1,False,1,False,0,True,4,False,1,False,1,False,0,3.428571428571428,1.0,1.0,0.3596393548618844,1.0,0.3596393548618844,0.4572691995307283,0.047484960962498345
1777860.0,0.010419767788032152,3.428571428571429,True,7,True,6,True,4,True,2,True,8,True,6,True,4,True,1,True,8,True,6,True,4,True,1,True,9,True,6,True,3,False,0,True,9,True,6,False,1,False,0,True,9,True,6,False,0,False,0,True,9,True,6,False,0,False,0,True,9,True,5,False,0,False,0,True,9,True,5,False,0,False,0,True,8,True,4,False,0,False,0,True,8,True,3,False,0,False,0,3.4285714285714284,1.0,1.0,0.6317853979501453,0.33574187118475146,0.28185328185328185,0.20989058718898024,0.20989058718898024
1802049.0,0.00848466805596904,3.428571428571429,True,7,True,4,True,3,True,2,True,10,True,6,False,3,False,2,True,11,True,6,False,3,False,1,True,11,True,6,False,3,False,1,True,11,True,6,False,2,False,1,True,9,True,5,False,2,False,1,True,9,True,4,False,2,False,1,True,9,True,4,False,1,False,1,True,7,True,4,False,1,False,1,True,6,True,4,False,1,False,1,True,6,True,4,False,1,False,1,3.428571428571429,1.4126857142857143,1.0,0.8367606337101094,0.8019102001971381,0.13935782151340328,0.8019102001971381,0.13935782151340328
1800585.0,0.010568621613575468,3.428571428571429,True,10,True,5,True,3,True,2,True,9,True,5,True,2,True,1,True,9,True,3,True,2,True,1,True,8,True,3,True,2,True,1,True,9,True,3,False,1,False,0,True,9,True,3,False,1,False,0,True,8,True,2,False,1,False,0,True,9,True,1,False,0,False,0,True,9,True,1,False,0,False,0,True,8,True,1,False,0,False,0,True,8,True,1,False,0,False,0,3.428571428571428,1.0,0.6755934904789868,0.6755934904789868,0.43444196075775027,0.26203045685279186,0.26203045685279186,0.26203045685279186
67484.0,0.9846680559690384,1.5747931365587566,True,7,True,3,False,1,False,1,True,4,False,1,False,1,False,1,True,4,False,1,False,1,False,1,False,2,False,1,False,1,False,1,False,1,False,1,False,1,False,1,False,1,False,1,False,1,False,1,False,1,False,1,False,1,False,1,False,2,False,1,False,1,False,0,False,1,False,1,False,0,False,0,False,2,False,0,False,0,False,0,False,1,False,0,False,0,False,0,1.1705232912875139,0.24178038828971263,0.5010825775952201,0.11678054237430359,0.47054041547188613,0.022254587756558704,0.434987219528304,0.007983081419705851
483796.0,0.947305745757666,3.415733687674525,True,5,True,2,False,1,False,1,True,4,False,1,False,1,False,1,True,4,False,1,False,1,False,1,False,1,False,1,False,1,False,1,False,1,False,1,False,1,False,1,False,1,False,1,False,1,False,1,False,1,False,1,False,1,False,1,False,1,False,1,False,1,False,1,False,1,False,1,False,1,False,1,False,1,False,1,False,1,False,1,False,2,False,1,False,1,False,0,3.280321359664361,0.2382257879692142,0.996141644019951,0.11949214354227101,0.9958814888717508,0.07206220615640939,0.5616232601374614,0.0361571043511743
217937.0,0.13724322715093779,3.161173921873018,True,7,True,6,True,5,True,5,True,7,True,6,True,5,True,5,True,7,True,6,True,5,True,5,True,7,True,6,True,5,True,5,True,9,True,6,True,5,True,4,True,9,True,6,True,5,True,2,True,9,True,6,True,5,True,2,True,9,True,6,True,4,True,1,True,9,True,6,True,4,True,1,True,9,True,6,True,4,True,1,True,10,True,6,True,3,True,1,2.406755586361289,1.5866132491480849,1.0,1.0,0.9675178153747238,0.9675178153747238,0.9576707902001331,0.9576707902001331
847240.0,0.05284310806787734,3.42679672825292,True,4,True,4,True,2,True,2,True,5,True,5,True,3,True,3,True,5,True,4,True,3,True,3,True,5,True,4,True,3,True,3,True,7,True,5,True,3,True,3,True,8,True,6,True,3,True,2,True,8,True,6,True,3,True,2,True,8,True,6,True,3,True,2,True,8,True,5,True,3,True,2,True,9,True,5,True,3,True,2,True,8,True,4,True,3,True,2,3.400190736662839,1.0,1.0,0.9796608094806015,1.0,0.904588394610156,0.657127366222572,0.6534373829478788
542865.0,0.28148258410241145,3.423558941573809,True,8,True,5,True,5,True,3,True,9,True,5,True,5,False,2,True,8,True,6,False,4,False,2,True,8,True,6,False,4,False,2,True,8,True,6,False,3,False,2,True,8,True,5,False,3,False,2,True,9,True,4,False,2,False,2,True,8,True,4,False,2,False,2,True,8,True,4,False,2,False,2,True,8,False,3,False,2,False,2,True,9,False,4,False,2,False,1,3.3450507976103685,0.9263009482593096,0.9972880535300666,0.5492104978927125,0.9841689302021605,0.18646344641191095,0.9811236498854065,0.11239275747256847
1559006.0,0.0005954153021732659,3.4285714285714293,True,1,True,1,True,1,True,1,True,1,True,1,True,1,True,1,True,1,True,1,True,1,True,1,True,1,True,1,True,1,True,1,True,1,True,1,True,1,True,1,True,1,True,1,True,1,True,1,True,1,True,1,True,1,True,1,True,1,True,1,True,1,True,1,True,1,True,1,True,1,True,1,True,1,True,1,True,1,True,1,True,1,True,1,True,1,True,1,3.4285714285714293,3.4285714285714284,1.0,1.0,1.0,1.0,1.0,1.0
1772078.0,0.008633521881512354,3.4285714285714293,True,11,True,7,False,4,False,1,True,12,True,5,False,2,False,1,True,10,True,5,False,2,False,1,True,11,True,4,False,1,False,0,True,10,True,4,False,1,False,0,True,10,True,3,False,1,False,0,True,9,True,3,False,1,False,0,True,8,False,1,False,1,False,0,True,8,False,0,False,0,False,0,True,8,False,0,False,0,False,0,True,7,False,0,False,0,False,0,3.4285714285714293,1.0,0.46950331661543426,0.42178241289405066,0.46950331661543426,0.0854772819409361,0.20073351820377502,0.0854772819409361
488414.0,0.39356951473652874,3.427396160659775,True,10,True,5,False,3,False,2,True,8,True,5,False,3,False,2,True,6,True,5,False,3,False,2,True,6,True,5,False,3,False,2,True,6,True,4,False,3,False,2,True,6,True,4,False,3,False,2,True,6,True,4,False,3,False,2,True,6,True,4,False,3,False,2,True,6,True,4,False,3,False,2,True,6,True,4,False,3,False,1,True,5,True,4,False,3,False,1,3.232828504092267,1.0,2.519793956777516,0.8077388356538218,1.3539748988002795,0.0040435853589916035,1.0,0.0040435853589916035
1528034.0,0.001637392080976481,3.4285714285714293,True,1,True,1,True,1,True,1,True,1,True,1,True,1,True,1,True,1,True,1,True,1,True,1,True,2,True,2,True,2,True,1,True,2,True,2,True,2,True,1,True,2,True,2,True,2,True,1,True,2,True,2,True,2,True,1,True,2,True,2,True,2,True,1,True,2,True,2,True,2,True,1,True,2,True,2,True,2,True,1,True,2,True,2,True,2,True,1,3.4285714285714284,3.4285714285714284,1.0,1.0,1.0,1.0,1.0,1.0
514728.0,0.24903245013396844,3.237243909712361,True,11,True,7,True,3,True,2,True,11,True,5,True,2,True,2,True,11,True,5,True,2,True,2,True,11,True,5,True,2,False,1,True,12,True,4,True,2,False,0,True,10,True,3,True,2,False,0,True,10,True,3,True,2,False,0,True,10,True,3,True,2,False,0,True,10,True,2,True,2,False,0,True,9,True,2,True,2,False,0,True,7,True,2,True,2,False,0,3.188098379632286,3.188098379632286,0.8361128265727176,0.826843241065355,0.8089578522676919,0.8089578522676919,0.27485338676579,0.23369033212491105
1787369.0,0.011610598392378685,3.4285714285714284,True,9,True,5,True,3,True,2,True,9,True,4,True,2,True,2,True,10,True,3,True,2,False,1,True,10,True,2,True,2,False,0,True,11,True,2,True,1,False,0,True,8,True,2,False,0,False,0,True,8,True,2,False,0,False,0,True,9,True,1,False,0,False,0,True,9,True,1,False,0,False,0,True,9,False,0,False,0,False,0,True,7,False,0,False,0,False,0,3.428571428571428,0.6858070732664787,0.5015942875106659,0.5015942875106659,0.3279551081924858,0.3279551081924858,0.234343790860159,0.17600458643873454
216556.0,0.01801131289074129,3.4285714285714293,True,3,True,2,True,2,False,1,True,4,True,3,True,3,False,2,True,4,True,3,True,3,False,2,True,4,True,3,True,3,False,2,True,4,True,3,True,3,False,2,True,5,True,3,True,3,False,2,True,5,True,3,True,3,False,2,True,6,True,4,True,3,False,1,True,6,True,4,True,3,False,1,True,6,True,4,True,3,False,1,True,6,True,4,True,3,False,1,3.428571428571428,1.0,1.0,1.0,1.0,1.0,1.0,0.00018745493374422637
10197.0,0.9998511461744567,0.9507718574955585,True,8,False,2,False,0,False,0,True,7,False,2,False,0,False,0,True,5,False,2,False,0,False,0,True,3,False,1,False,0,False,0,True,2,False,0,False,0,False,0,True,2,False,0,False,0,False,0,False,1,False,0,False,0,False,0,False,1,False,0,False,0,False,0,False,1,False,0,False,0,False,0,False,1,False,0,False,0,False,0,False,1,False,0,False,0,False,0,0.8920813226997909,0.38958684652903686,0.26809095200099703,0.09337346587172533,0.02077286258023102,0.02077286258023102,0.015167294953084253,0.009631495344275907
1732661.0,0.011015183090205419,3.4285714285714293,True,7,True,6,True,5,False,1,True,8,True,5,True,4,False,1,True,8,True,5,True,4,False,1,True,9,True,4,True,2,False,0,True,9,True,4,True,2,False,0,True,7,True,3,True,2,False,0,True,7,True,3,True,2,False,0,True,7,True,1,True,1,False,0,True,7,True,1,True,1,False,0,True,7,True,1,True,1,False,0,True,7,True,1,True,1,False,0,3.428571428571428,1.0,1.0,1.0,0.8041462495288353,0.8041462495288353,0.21069095690532733,0.07162857676204701
757760.0,0.013843405775528431,3.428571428571429,True,6,True,3,True,3,True,3,True,6,True,3,True,3,True,3,True,6,True,4,True,3,True,3,True,7,True,5,True,4,True,3,True,7,True,5,True,4,True,3,True,7,True,5,True,4,True,3,True,8,True,5,True,4,True,3,True,8,True,5,True,4,True,3,True,9,True,6,True,4,True,4,True,8,True,6,True,4,True,3,True,8,True,5,True,4,True,3,3.428571428571429,3.428571428571429,1.0,1.0,1.0,1.0,1.0,1.0
1771837.0,0.008633521881512354,3.428571428571429,True,7,True,7,False,3,False,2,True,7,True,7,False,3,False,1,True,9,True,5,False,2,False,0,True,9,False,3,False,2,False,0,True,10,False,2,False,0,False,0,True,10,False,1,False,0,False,0,True,10,False,1,False,0,False,0,True,8,False,1,False,0,False,0,True,8,False,1,False,0,False,0,True,8,False,1,False,0,False,0,True,7,False,0,False,0,False,0,3.4285714285714284,0.8716970806040601,0.5803155942759174,0.22741603113936987,0.2635341112162304,0.08830543453336388,0.1848590568684143,0.08830543453336388
1808114.0,0.009973206311402203,3.4285714285714284,True,4,True,3,True,3,True,3,True,6,True,3,True,2,True,2,True,8,True,3,True,3,True,3,True,5,True,4,True,3,False,1,True,5,True,4,False,2,False,1,True,5,True,3,False,1,False,1,True,6,True,4,False,0,False,0,True,5,False,3,False,0,False,0,True,4,False,3,False,0,False,0,True,4,False,3,False,0,False,0,True,4,False,3,False,0,False,0,3.4285714285714284,0.9064692674712321,1.51332528293409,0.412060021197077,0.3837291390167452,0.2778557395453269,0.3837291390167452,0.2259295605713663
1794870.0,0.00714498362607919,3.428571428571429,True,6,True,5,True,4,True,4,True,7,True,6,True,4,True,3,True,8,True,5,True,3,True,2,True,9,True,5,True,3,False,1,True,9,True,5,True,3,False,0,True,9,True,5,True,3,False,0,True,8,True,4,True,3,False,0,True,9,False,3,False,1,False,0,True,9,False,2,False,1,False,0,True,8,False,2,False,1,False,0,True,7,False,2,False,0,False,0,3.428571428571429,1.0,1.0,0.4413746630727761,0.5765283233077888,0.4413746630727761,0.25333943101049944,0.20783074940770604
383810.0,0.14513247990473355,2.920641061338535,True,8,True,6,True,5,True,5,True,8,True,6,True,5,True,4,True,8,True,6,True,4,True,4,True,9,True,7,True,5,True,3,True,11,True,8,True,4,True,2,True,11,True,8,True,4,True,2,True,11,True,8,True,3,False,1,True,11,True,8,True,3,False,1,True,11,True,8,True,3,False,1,True,11,True,8,True,3,False,1,True,11,True,8,True,3,False,1,1.932320422453175,0.9976655405143963,0.9801573256157302,0.9801573256157302,0.8465351910272217,0.8465351910272217,0.6577636024935078,0.3664964844532034
378176.0,0.31988687109258707,1.4197632545960228,True,13,True,7,False,0,False,0,True,10,True,3,False,0,False,0,True,9,True,3,False,0,False,0,True,8,True,2,False,0,False,0,True,9,True,1,False,0,False,0,True,9,True,1,False,0,False,0,True,9,True,1,False,0,False,0,True,8,True,1,False,0,False,0,True,7,True,1,False,0,False,0,True,5,True,1,False,0,False,0,True,5,True,1,False,0,False,0,0.9522341939323984,0.9522341939323984,0.7819184519984809,0.7819184519984809,0.08005052707286202,0.08005052707286202,0.044184914878759675,0.044184914878759675
547843.0,0.2670437630247097,3.4196194570607696,True,11,True,5,True,2,True,2,True,9,True,4,True,2,True,2,True,9,True,4,True,2,True,2,True,8,True,4,True,2,True,2,True,9,True,4,False,1,False,1,True,9,True,4,False,1,False,1,True,10,True,3,False,1,False,1,True,9,True,3,False,1,False,1,True,8,True,2,False,1,False,1,True,6,True,2,False,1,False,1,True,5,True,2,False,1,False,1,2.7515362568810873,0.9656510174312539,0.9801048350138736,0.6641906265418348,0.8768692897004166,0.2910760433578842,0.8768692897004166,0.28558316493654406
1769690.0,0.008782375707055671,3.4285714285714284,True,9,True,4,True,4,True,2,True,9,True,4,True,4,True,2,True,9,True,4,True,2,True,2,True,11,True,3,False,1,False,1,True,11,True,3,False,1,False,1,True,12,True,3,False,0,False,0,True,12,True,3,False,0,False,0,True,10,True,2,False,0,False,0,True,7,True,1,False,0,False,0,True,5,True,1,False,0,False,0,True,5,True,1,False,0,False,0,3.4285714285714275,1.420310007770643,1.0,1.0,0.32926954468456443,0.21036973768023623,0.32926954468456443,0.21036973768023623
1582120.0,0.012354867520095266,3.4285714285714293,True,9,True,6,True,3,False,0,True,9,True,5,False,2,False,0,True,10,True,3,False,1,False,0,True,8,False,1,False,1,False,0,True,8,False,0,False,0,False,0,True,8,False,0,False,0,False,0,True,7,False,0,False,0,False,0,False,5,False,0,False,0,False,0,False,5,False,0,False,0,False,0,False,4,False,0,False,0,False,0,False,3,False,0,False,0,False,0,3.4285714285714284,0.4253600839400973,0.2707419335237286,0.24016011360245315,0.2707419335237286,0.13578126231187448,0.09512002704834896,0.09512002704834896
39965.0,0.4489431378386424,2.369568722904403,True,8,True,6,True,4,True,3,True,9,True,7,True,3,True,2,True,9,True,5,True,3,True,2,True,8,True,4,True,3,True,2,True,10,True,3,True,2,True,1,True,10,True,3,True,1,True,1,True,11,True,3,True,1,False,0,True,9,True,1,True,1,False,0,True,8,True,1,False,0,False,0,True,7,True,1,False,0,False,0,True,6,True,1,False,0,False,0,2.0736555035565605,1.7508343459528375,0.7796625191360619,0.7796625191360619,0.45237900334744063,0.45237900334744063,0.37407568564443655,0.37407568564443655
1527342.0,0.0244120273891039,3.4285714285714293,False,2,False,2,False,2,False,1,False,2,False,2,False,2,False,1,False,2,False,2,False,2,False,1,False,2,False,2,False,2,False,1,False,2,False,2,False,2,False,1,False,2,False,2,False,2,False,1,False,2,False,2,False,2,False,1,False,2,False,2,False,2,False,1,False,2,False,2,False,2,False,1,False,2,False,2,False,2,False,1,False,2,False,2,False,2,False,1,3.428571428571428,0.0,1.0,0.0,1.0,0.0,1.0,0.0
805587.0,0.10955641559988091,2.0200419050041636,False,4,False,3,False,3,False,1,False,4,False,3,False,2,False,1,False,5,False,3,False,2,False,1,False,5,False,3,False,2,False,1,False,5,False,3,False,2,False,1,False,5,False,3,False,1,False,1,False,5,False,2,False,1,False,1,False,4,False,2,False,1,False,1,False,4,False,2,False,1,False,1,False,3,False,2,False,1,False,1,False,3,False,1,False,1,False,1,1.0,0.0,1.0,0.0,1.0,0.0,0.9076404439319946,0.0
467834.0,0.011312890741292051,3.428571428571429,True,9,True,6,True,4,False,1,True,8,True,4,True,2,False,1,True,9,True,4,False,1,False,0,True,8,False,2,False,1,False,0,True,8,False,2,False,1,False,0,True,8,False,1,False,1,False,0,True,7,False,1,False,1,False,0,False,6,False,1,False,0,False,0,False,6,False,1,False,0,False,0,False,5,False,1,False,0,False,0,False,5,False,1,False,0,False,0,3.4285714285714284,0.44202349374763167,0.8704525288376218,0.2005745203677853,0.4478919016521711,0.16585648489133734,0.19675584579734576,0.08269438473795077
1623903.0,0.00922893718368562,3.4285714285714293,True,3,True,3,True,2,True,2,True,3,True,3,True,2,True,2,True,3,True,3,True,2,True,2,True,3,True,3,True,2,True,2,True,3,True,3,True,2,True,2,True,3,True,3,True,2,True,2,True,4,True,4,True,3,True,3,True,4,True,4,True,3,True,3,True,4,True,4,True,3,True,3,True,4,True,4,True,3,True,3,True,4,True,4,True,3,True,3,3.428571428571428,2.2517829308981043,1.0,1.0,1.0,1.0,1.0,0.9853350739911283
189220.0,0.08172075022328074,3.425084476307713,True,3,True,3,True,3,True,2,True,5,True,4,True,4,True,3,True,6,True,4,True,4,True,3,True,6,True,4,True,4,True,3,True,7,True,4,True,4,True,3,True,6,True,4,True,4,True,3,True,6,True,4,True,4,True,3,True,6,True,4,True,4,True,3,True,6,True,4,True,4,True,3,True,6,True,4,True,4,True,2,True,6,True,4,True,4,True,2,3.417501372761556,3.405513939908048,1.0,1.0,1.0,1.0,0.998692981542974,0.9955659001812274
228029.0,0.11193807680857398,2.8007705404000705,True,7,True,5,True,4,True,2,True,8,True,5,True,3,True,2,True,7,True,4,True,3,True,2,True,7,True,4,True,3,True,2,True,7,True,5,True,4,True,2,True,7,True,5,True,4,True,2,True,8,True,5,True,4,True,1,True,8,True,5,True,3,True,1,True,8,True,5,True,2,True,1,True,8,True,5,True,2,True,1,True,8,True,4,True,2,True,1,1.7801894582314335,1.0,1.0,1.0,0.90288153007793,0.90288153007793,0.90288153007793,0.90288153007793
732496.0,0.12727002083953556,1.0,False,4,False,4,False,2,False,1,False,5,False,4,False,2,False,1,False,5,False,1,False,1,False,1,False,5,False,1,False,1,False,1,False,4,False,1,False,1,False,1,False,4,False,1,False,1,False,1,False,4,False,1,False,1,False,1,False,4,False,1,False,1,False,1,False,3,False,1,False,1,False,1,False,3,False,1,False,1,False,1,False,3,False,1,False,1,False,1,1.0,0.0,1.0,0.0,1.0,0.0,0.7364700671613803,0.0
1589081.0,0.012057159869008634,3.4285714285714284,True,9,True,5,True,4,True,2,True,9,True,5,True,4,True,2,True,9,True,6,True,5,True,1,True,11,True,5,True,3,True,1,True,10,True,4,True,3,True,1,True,9,True,4,True,2,True,1,True,7,True,2,True,2,True,1,True,9,True,1,False,0,False,0,True,9,False,0,False,0,False,0,True,9,False,0,False,0,False,0,True,6,False,0,False,0,False,0,3.4285714285714284,0.7085147920108122,0.4965567545534508,0.4965567545534508,0.4299056513866387,0.4000349283967866,0.4000349283967866,0.4000349283967866
1698357.0,0.0008931229532598987,3.4285714285714293,True,1,True,1,True,1,True,1,True,1,True,1,True,1,True,1,True,1,True,1,True,1,True,1,True,1,True,1,True,1,True,1,True,1,True,1,True,1,True,1,True,1,True,1,True,1,True,1,True,2,True,2,True,2,True,1,True,2,True,2,True,2,True,1,True,2,True,2,True,2,True,1,True,3,True,3,True,2,False,0,True,3,True,3,True,2,False,0,3.4285714285714284,2.1271310055611274,1.0,1.0,1.0,1.0,0.528773072747014,0.528773072747014
636853.0,0.09288478713902948,3.4285714285714284,True,7,True,6,True,5,True,4,True,8,True,7,True,5,True,4,True,8,True,7,True,4,False,2,True,9,True,8,True,4,False,1,True,9,True,7,True,2,False,1,True,9,True,7,True,2,False,1,True,9,True,7,True,2,False,1,True,9,True,6,True,2,False,1,True,10,True,6,True,1,False,0,True,10,True,4,True,1,False,0,True,9,True,2,True,1,False,0,1.3014060977616762,1.0,1.0,1.0,1.0,1.0,0.4774112659729122,0.19967108262344072
228606.0,0.0014885382554331646,3.428571428571429,True,1,True,1,True,1,True,1,True,1,True,1,True,1,True,1,True,1,True,1,True,1,True,1,True,1,True,1,True,1,True,1,True,1,True,1,True,1,True,1,True,1,True,1,True,1,True,1,True,1,True,1,True,1,True,1,True,1,True,1,True,1,True,1,True,2,True,2,True,2,True,2,True,2,True,2,True,2,True,2,True,2,True,2,True,2,True,2,3.428571428571429,3.428571428571429,1.0,1.0,1.0,1.0,1.0,1.0
39997.0,0.12518606728192916,2.379637011218948,False,4,False,3,False,3,False,2,False,4,False,3,False,3,False,2,False,5,False,3,False,2,False,1,False,5,False,3,False,2,False,1,False,5,False,3,False,1,False,1,False,5,False,3,False,1,False,1,False,5,False,3,False,1,False,1,False,5,False,3,False,1,False,1,False,5,False,3,False,1,False,1,False,5,False,2,False,1,False,1,False,4,False,2,False,1,False,1,1.5629939849996486,0.0,1.0,0.0,1.0,0.0,0.7685897029937162,0.0
454046.0,0.29413515927359335,2.3622084699294077,True,12,True,7,True,2,True,2,True,12,True,6,True,2,True,2,True,11,True,4,True,2,True,2,True,11,True,4,False,1,False,1,True,11,False,2,False,1,False,1,True,10,False,2,False,1,False,1,True,10,False,2,False,1,False,1,True,9,False,1,False,1,False,1,True,9,False,1,False,1,False,1,True,9,False,1,False,1,False,1,True,7,False,1,False,1,False,1,1.419072626416121,0.8845297406752937,0.7075323934541204,0.2884991993188732,0.657577647677639,0.23019018752543444,0.657577647677639,0.23019018752543444
149504.0,0.9495385531408157,3.3520243955119624,True,7,True,2,False,1,False,1,True,6,True,2,False,1,False,1,True,5,True,3,False,1,False,0,True,4,True,3,False,1,False,0,True,4,True,3,False,1,False,0,True,4,True,3,False,1,False,0,True,4,True,3,False,1,False,0,True,4,True,3,False,1,False,0,True,4,True,3,False,1,False,0,True,4,True,3,False,1,False,0,True,4,True,3,False,1,False,0,3.221887858938343,3.221887858938343,1.973692734397664,0.9507131623741545,0.9835651494118473,0.07538994389607814,0.19434889261923205,0.0018020356894695346
1571584.0,0.01012206013694552,3.428571428571429,True,6,True,5,True,4,True,2,True,6,True,6,True,5,True,1,True,7,True,7,True,5,True,1,True,7,True,6,True,5,True,1,True,8,True,5,True,4,True,1,True,8,True,4,True,3,True,1,True,9,True,3,True,2,True,1,True,9,True,3,True,2,True,1,True,8,True,2,True,2,True,1,True,7,True,2,True,2,True,1,True,8,True,1,True,1,True,1,3.4285714285714284,2.1352323406704072,1.0,1.0,0.6567317574511821,0.6567317574511821,0.6567317574511821,0.6567317574511821
1807194.0,0.010717475439118785,3.4285714285714293,True,9,True,4,True,2,True,1,True,9,True,4,True,1,True,1,True,9,True,4,False,0,False,0,True,9,True,4,False,0,False,0,True,9,True,3,False,0,False,0,True,8,True,2,False,0,False,0,True,6,True,1,False,0,False,0,True,5,True,1,False,0,False,0,True,5,True,1,False,0,False,0,True,5,True,1,False,0,False,0,True,5,True,1,False,0,False,0,3.428571428571428,1.053851494209347,0.6227824463118581,0.6227824463118581,0.16768857563081377,0.16768857563081377,0.16768857563081377,0.16768857563081377
302026.0,0.10836558499553439,2.354139002829263,False,3,False,2,False,2,False,2,False,3,False,2,False,2,False,2,False,4,False,2,False,2,False,2,False,4,False,2,False,2,False,2,False,3,False,2,False,2,False,2,False,4,False,2,False,2,False,1,False,4,False,2,False,2,False,1,False,3,False,2,False,2,False,1,False,3,False,2,False,2,False,1,False,3,False,2,False,2,False,1,False,3,False,2,False,2,False,1,1.9022202063858191,0.0,1.0,0.0,1.0,0.0,0.8703114700353175,0.0
599190.0,0.8986305448050015,1.6090189813303903,True,6,True,3,False,1,False,1,True,4,True,3,False,1,False,1,True,3,True,2,False,1,False,1,True,3,True,2,False,1,False,1,True,3,True,2,False,1,False,1,True,3,False,1,False,1,False,1,True,3,False,1,False,0,False,0,True,3,False,0,False,0,False,0,True,2,False,0,False,0,False,0,True,2,False,0,False,0,False,0,True,2,False,0,False,0,False,0,1.5304085440755588,0.615821238079396,0.4433348100738651,0.3418270938811553,0.35185238474653535,0.002448866844154515,0.35185238474653535,0.001940929715741761
61938.0,0.0005954153021732659,3.4285714285714284,True,1,True,1,True,1,True,1,True,1,True,1,True,1,True,1,True,1,True,1,True,1,True,1,True,1,True,1,True,1,True,1,True,1,True,1,True,1,True,1,True,1,True,1,True,1,True,1,True,1,True,1,True,1,True,1,True,1,True,1,True,1,True,1,True,1,True,1,True,1,True,1,True,1,True,1,True,1,True,1,True,1,True,1,True,1,True,1,3.4285714285714284,3.4285714285714284,1.0,1.0,1.0,1.0,1.0,1.0
342339.0,0.1592735933313486,2.8401276155244166,True,7,True,6,True,4,True,3,True,7,True,6,True,4,True,3,True,8,True,5,True,3,False,1,True,10,True,5,True,3,False,1,True,10,True,5,True,3,False,1,True,10,True,5,True,3,False,1,True,10,True,4,True,2,False,1,True,10,True,4,True,2,False,1,True,9,True,4,True,2,False,1,True,9,True,4,True,2,False,1,True,8,True,3,True,2,False,1,2.0448161574266353,0.9928695811120491,0.979816608000967,0.9279736431773946,0.9311810373971903,0.8864964584225461,0.8416541550481652,0.1533008691081971
368641.0,0.9840726406668652,0.558023653279926,True,8,True,3,False,0,False,0,True,4,True,2,False,0,False,0,True,4,True,2,False,0,False,0,True,2,True,2,False,0,False,0,False,1,False,0,False,0,False,0,False,0,False,0,False,0,False,0,False,0,False,0,False,0,False,0,False,0,False,0,False,0,False,0,False,0,False,0,False,0,False,0,False,0,False,0,False,0,False,0,False,0,False,0,False,0,False,0,0.3456999406677876,0.2589544203000991,0.2573801612551871,0.2573801612551871,0.0769416315443756,0.02900449178050481,0.02900449178050481,0.02900449178050481
1605613.0,0.009824352485858886,3.428571428571429,True,3,True,3,True,3,True,3,True,4,True,4,True,3,True,3,True,4,True,4,True,3,True,3,True,4,True,4,True,3,True,3,True,5,True,5,True,4,True,4,True,5,True,5,True,4,True,4,True,5,True,5,True,4,True,4,True,5,True,5,True,4,True,4,True,5,True,5,True,4,True,3,True,6,True,6,True,4,False,2,True,6,True,6,True,4,False,2,3.4285714285714284,2.8373974830710087,1.0,1.0,1.0,1.0,1.0,0.5318627805656359
21756.0,0.05596903840428699,3.4285569607493813,True,6,True,6,True,6,True,5,True,6,True,6,True,6,True,5,True,7,True,6,True,6,True,3,True,7,True,6,True,5,True,3,True,7,True,6,True,5,True,3,True,7,True,6,True,6,True,4,True,7,True,6,True,6,True,4,True,8,True,6,True,6,True,3,True,8,True,6,True,6,True,3,True,8,True,6,True,6,True,3,True,8,True,6,True,6,True,3,3.3808250000472326,1.3691944239889446,2.7616795032879233,1.0,1.0,1.0,0.862617744979385,0.6380381812299174
665198.0,0.1655254540041679,3.4285714285714293,True,7,True,6,True,6,True,5,True,10,True,5,True,5,True,4,True,10,True,5,True,5,True,3,True,10,True,5,True,5,True,3,True,10,True,5,True,5,True,3,True,10,True,5,True,4,True,3,True,10,True,5,True,4,True,3,True,11,True,5,True,4,True,3,True,11,True,5,True,4,True,3,True,12,True,5,True,4,True,2,True,12,True,5,True,4,True,2,3.4218887366536563,3.104812590207428,1.0,0.9998205052233298,1.0,0.9976518781874876,0.7827543302282847,0.7827543302282847
745827.0,0.9974694849657636,1.6764919303147874,True,11,True,5,True,2,True,2,True,9,True,2,True,2,True,2,True,9,True,2,True,2,False,1,True,9,True,2,False,1,False,1,True,7,True,2,False,1,False,1,True,8,False,0,False,0,False,0,False,5,False,0,False,0,False,0,False,4,False,0,False,0,False,0,False,4,False,0,False,0,False,0,False,2,False,0,False,0,False,0,False,2,False,0,False,0,False,0,1.2513902430630777,0.39738005691200623,0.33769451726687855,0.32046453494329513,0.33769451726687855,0.24153322141544425,0.32424424183244205,0.1896277127443337
336767.0,0.08469782673414707,3.1855977104601547,True,7,True,6,True,6,True,4,True,8,True,6,True,6,True,3,True,8,True,6,True,5,True,3,True,8,True,6,True,5,True,3,True,8,True,6,True,5,True,3,True,7,True,6,True,5,True,3,True,8,True,6,True,5,True,2,True,8,True,6,True,3,True,2,True,8,True,6,True,3,True,2,True,8,True,6,True,3,True,2,True,9,True,4,True,2,True,1,2.8936033837297823,2.8936033837297823,0.9801157881378855,0.9801157881378855,0.960163369770772,0.960163369770772,0.960163369770772,0.960163369770772
335679.0,0.2795474843703483,1.918721509496919,True,11,True,6,True,2,False,1,True,12,True,4,False,1,False,1,True,9,True,3,False,1,False,0,True,6,True,3,False,1,False,0,True,6,True,3,False,0,False,0,True,6,True,3,False,0,False,0,True,7,True,2,False,0,False,0,True,7,False,1,False,0,False,0,True,5,False,0,False,0,False,0,True,5,False,0,False,0,False,0,True,4,False,0,False,0,False,0,1.2291070671915436,0.7183285721194369,0.48817157689676244,0.40746107377324703,0.28306876576966233,0.1045936612379181,0.1686889813968705,0.007711308290877457
18579.0,0.12429294432866925,2.6716537106866056,False,5,False,3,False,2,False,2,False,5,False,3,False,2,False,2,False,5,False,3,False,2,False,2,False,5,False,3,False,2,False,2,False,6,False,3,False,2,False,1,False,7,False,2,False,2,False,1,False,6,False,2,False,2,False,1,False,6,False,2,False,2,False,1,False,6,False,2,False,2,False,1,False,6,False,2,False,2,False,1,False,6,False,2,False,2,False,1,1.7874666746611203,0.0,1.0,0.0,1.0,0.0,0.6303075646626884,0.0
1578084.0,0.0020839535576064306,3.4285714285714293,True,1,True,1,True,1,True,1,True,1,True,1,True,1,True,1,True,1,True,1,True,1,True,1,True,1,True,1,True,1,True,1,True,1,True,1,True,1,True,1,True,1,True,1,True,1,True,1,True,2,True,1,True,1,True,1,True,2,True,1,True,1,True,1,True,2,True,1,True,1,True,1,True,2,True,1,True,1,True,1,True,2,True,1,True,1,True,1,3.4285714285714293,3.4285714285714284,1.0,1.0,1.0,1.0,1.0,1.0
608968.0,0.0005954153021732659,3.428571428571429,True,1,True,1,True,1,True,1,True,1,True,1,True,1,True,1,True,1,True,1,True,1,True,1,True,1,True,1,True,1,True,1,True,1,True,1,True,1,True,1,True,1,True,1,True,1,True,1,True,2,True,2,True,2,True,2,True,2,True,2,True,2,True,2,True,2,True,2,True,2,False,1,True,2,True,2,True,2,False,1,True,2,True,2,True,2,False,1,3.428571428571429,1.0,1.0,1.0,1.0,1.0,1.0,0.46441984276015763
350593.0,0.11833879130693659,1.4005025815375192,True,10,True,3,False,0,False,0,True,10,True,3,False,0,False,0,True,9,True,2,False,0,False,0,True,8,True,1,False,0,False,0,True,7,True,1,False,0,False,0,True,4,True,1,False,0,False,0,True,2,True,1,False,0,False,0,True,2,True,1,False,0,False,0,True,1,True,1,False,0,False,0,True,1,True,1,False,0,False,0,True,1,True,1,False,0,False,0,1.0,1.0,0.6876682806730501,0.6876682806730501,0.06341515361269362,0.06341515361269362,0.015552391758388748,0.008730378782406869
1774007.0,0.009080083358142305,3.428571428571429,True,8,True,6,True,4,True,2,True,8,True,5,True,4,True,2,True,10,True,4,True,4,False,1,True,8,True,4,True,2,False,1,True,8,True,3,True,2,False,1,True,8,True,3,True,2,False,1,True,9,True,3,True,2,False,0,True,8,True,2,True,2,False,0,True,7,True,2,True,2,False,0,True,7,True,1,True,1,False,0,True,7,True,1,True,1,False,0,3.4285714285714284,1.0107643773713604,0.7065956817509613,0.7065956817509613,0.7065956817509613,0.7065956817509613,0.35783034324905105,0.19802257453041533
1780773.0,0.01012206013694552,3.428571428571429,True,10,True,4,True,2,False,1,True,11,True,5,False,1,False,0,True,11,True,5,False,0,False,0,True,11,True,4,False,0,False,0,True,10,False,3,False,0,False,0,True,8,False,3,False,0,False,0,True,7,False,2,False,0,False,0,True,7,False,2,False,0,False,0,True,6,False,1,False,0,False,0,True,6,False,1,False,0,False,0,True,6,False,1,False,0,False,0,3.4285714285714284,1.0,1.0,0.2650648026794816,0.16232503212809557,0.10302741642604114,0.10152632481564057,0.04477638513032325
162890.0,0.07174754391187854,3.4118796717669717,True,6,True,5,True,4,True,3,True,7,True,6,True,5,True,3,True,9,True,7,True,5,True,4,True,9,True,6,True,5,True,4,True,9,True,6,True,4,True,3,True,10,True,7,True,3,True,2,True,10,True,5,True,3,True,2,True,10,True,4,True,3,True,2,True,9,True,4,True,3,True,2,True,9,True,4,True,3,True,2,True,8,True,4,False,2,False,1,2.6346722426740663,2.052936630802758,1.0,0.6621595872242634,0.8164111925572577,0.5583009115146734,0.6856840102393301,0.5571609864846846
381279.0,0.9385233700506103,0.9771906859575175,True,6,True,2,False,0,False,0,True,4,True,1,False,0,False,0,True,2,True,1,False,0,False,0,True,2,True,1,False,0,False,0,True,2,True,1,False,0,False,0,True,2,False,0,False,0,False,0,True,2,False,0,False,0,False,0,True,1,False,0,False,0,False,0,True,1,False,0,False,0,False,0,True,1,False,0,False,0,False,0,True,1,False,0,False,0,False,0,0.9069334620970614,0.9069334620970614,0.3460110186993803,0.3460110186993803,0.004730898522066411,0.004730898522066411,0.004730898522066411,0.004730898522066411
1561250.0,0.0008931229532598987,3.428571428571429,True,1,True,1,True,1,True,1,True,1,True,1,True,1,True,1,True,1,True,1,True,1,True,1,True,1,True,1,True,1,True,1,True,1,True,1,True,1,True,1,True,2,True,1,True,1,True,1,True,2,True,1,True,1,True,1,True,2,True,1,True,1,True,1,True,2,True,1,True,1,True,1,True,2,True,1,True,1,True,1,True,2,True,1,True,1,True,1,3.428571428571429,1.0,1.0,1.0,1.0,1.0,1.0,0.7633345766505035
218837.0,0.10791902351890444,2.0627710161378987,True,13,True,4,True,1,True,1,True,10,True,3,True,1,True,1,True,11,True,4,True,1,False,0,True,8,True,4,True,1,False,0,True,8,True,3,True,1,False,0,True,7,True,2,True,1,False,0,True,7,False,2,False,0,False,0,True,6,False,2,False,0,False,0,True,3,False,0,False,0,False,0,False,1,False,0,False,0,False,0,False,1,False,0,False,0,False,0,1.2859824439925784,0.5481199647523938,0.482363772771183,0.39350407190339787,0.39350407190339787,0.39350407190339787,0.1851079705935209,0.1851079705935209
849787.0,0.003572491813039595,3.428571428571429,False,1,False,1,False,1,False,1,False,1,False,1,False,1,False,1,False,1,False,1,False,1,False,1,False,1,False,1,False,1,False,1,False,1,False,1,False,1,False,1,False,1,False,1,False,1,False,1,False,2,False,2,False,2,False,1,False,2,False,2,False,2,False,1,False,2,False,2,False,2,False,1,False,2,False,2,False,2,False,1,False,3,False,2,False,2,False,0,1.0,0.0,1.0,0.0,1.0,0.0,0.586601503801994,0.0
589852.0,0.024560881214647216,3.4285714285714293,True,1,True,1,True,1,True,1,True,1,True,1,True,1,True,1,True,1,True,1,True,1,True,1,True,1,True,1,True,1,True,1,True,2,True,2,True,2,True,2,True,2,True,2,True,2,True,2,True,2,True,2,True,2,True,2,True,2,True,2,True,2,True,2,True,2,True,2,True,2,True,2,True,2,True,2,True,2,True,2,True,3,True,2,True,2,True,2,3.428571428571429,3.428571428571429,1.0,1.0,1.0,1.0,1.0,1.0
1654964.0,0.006698422149449241,3.4285714285714293,False,1,False,1,False,1,False,1,False,1,False,1,False,1,False,1,False,1,False,1,False,1,False,1,False,1,False,1,False,1,False,1,False,1,False,1,False,1,False,1,False,1,False,1,False,1,False,1,False,1,False,1,False,1,False,1,False,2,False,1,False,1,False,0,False,2,False,1,False,1,False,0,False,2,False,1,False,1,False,0,False,2,False,1,False,1,False,0,3.428571428571428,0.0,1.0,0.0,1.0,0.0,0.42334640180758537,0.0
346507.0,0.05641559988091694,3.4277851378353907,True,6,True,5,True,4,True,3,True,7,True,4,True,4,True,3,True,8,True,4,True,3,True,3,True,8,True,4,True,3,True,3,True,9,True,4,True,3,True,2,True,9,True,4,True,3,True,2,True,9,True,4,True,3,True,2,True,10,True,3,True,2,True,2,True,11,True,4,True,2,False,1,True,11,True,4,True,2,False,1,True,9,True,4,True,2,False,1,2.833853839340568,2.833853839340568,0.9974708767745465,0.9974708767745465,0.9700356569978117,0.9697508156879517,0.9438599875986969,0.45749144195145697
1804233.0,0.010866329264662102,3.428571428571429,True,6,True,4,True,2,True,1,True,6,True,2,True,1,True,1,True,7,True,1,True,1,True,1,True,8,True,2,True,1,True,1,True,9,True,1,False,0,False,0,True,9,True,1,False,0,False,0,True,7,True,1,False,0,False,0,True,7,True,1,False,0,False,0,True,6,False,0,False,0,False,0,True,6,False,0,False,0,False,0,True,5,False,0,False,0,False,0,3.428571428571429,0.7951184206767169,0.4608172822986724,0.4608172822986724,0.28317617719539007,0.28317617719539007,0.28317617719539007,0.28317617719539007
776124.0,0.034682941351592736,1.974976425086442,True,14,True,6,True,2,False,0,True,14,True,6,True,1,False,0,True,14,True,2,True,1,False,0,True,12,True,2,True,1,False,0,True,9,True,2,False,0,False,0,True,7,True,2,False,0,False,0,True,6,True,2,False,0,False,0,True,4,True,2,False,0,False,0,True,4,False,0,False,0,False,0,True,4,False,0,False,0,False,0,True,3,False,0,False,0,False,0,1.1843100983771968,1.1843100983771968,0.496254332674891,0.496254332674891,0.2982659798302257,0.2982659798302257,0.06003051811435046,0.02914575561579135
664103.0,0.23027686811551057,1.9524671787271317,True,10,True,6,True,3,False,1,True,10,True,6,True,3,False,1,True,9,True,3,True,3,False,1,True,10,True,3,False,1,False,1,True,11,True,3,False,0,False,0,True,11,False,1,False,0,False,0,True,9,False,0,False,0,False,0,True,6,False,0,False,0,False,0,True,5,False,0,False,0,False,0,True,4,False,0,False,0,False,0,True,4,False,0,False,0,False,0,1.3442117125961317,1.3442117125961317,0.3972172865255124,0.31573986583089114,0.28470424153982965,0.2239726662061253,0.28470424153982965,0.09594070237215403
11587.0,0.08782375707055672,3.4285714285714284,True,6,True,3,True,3,True,3,True,8,True,4,True,4,True,4,True,8,True,4,True,4,True,4,True,9,True,4,True,4,True,4,True,9,True,4,True,4,True,4,True,8,True,5,True,5,True,5,True,9,True,5,True,5,True,5,True,10,True,5,True,5,True,4,True,11,True,4,True,4,True,2,True,11,True,4,True,4,True,2,True,10,True,4,True,4,True,2,3.428571428571428,3.428571428571428,1.0,1.0,1.0,1.0,1.0,1.0
1780861.0,0.00848466805596904,3.4285714285714284,True,6,True,5,True,3,True,3,True,6,True,5,True,4,True,3,True,7,True,4,True,2,True,2,True,7,True,3,True,2,True,2,True,9,True,3,True,2,True,2,True,8,True,3,True,2,True,1,True,7,True,3,True,2,True,1,True,6,True,3,True,2,True,1,True,6,True,3,True,2,True,1,True,6,True,2,True,2,True,1,True,6,True,2,True,2,False,0,3.4285714285714284,1.0,1.0,1.0,1.0,0.8460816326530615,0.5581646252459226,0.5581646252459226
615532.0,0.1303959511759452,3.4285714285714284,True,9,True,5,True,3,True,2,True,8,True,4,True,3,True,2,True,7,True,4,True,3,True,2,True,6,True,4,True,2,True,2,True,6,True,2,True,2,True,2,True,6,True,2,True,2,True,2,True,3,True,2,True,2,True,2,True,3,True,2,True,2,True,2,True,3,True,2,True,2,True,2,True,3,True,2,True,2,True,2,True,3,True,2,True,2,True,2,3.428571428571428,3.428571428571428,1.0,1.0,1.0,1.0,1.0,1.0
324845.0,0.09913664781184876,3.18999092956881,False,4,False,3,False,3,False,2,False,5,False,3,False,3,False,2,False,6,False,3,False,2,False,1,False,6,False,3,False,2,False,1,False,6,False,3,False,2,False,1,False,7,False,3,False,2,False,1,False,7,False,3,False,2,False,1,False,7,False,3,False,2,False,1,False,7,False,3,False,2,False,0,False,7,False,2,False,2,False,0,False,7,False,2,False,2,False,0,1.8171357294170258,0.0,1.0,0.0,1.0,0.0,0.4514085933767868,0.0
274101.0,0.0741292051205716,3.4285714285714293,True,6,True,4,True,3,True,2,True,5,True,4,True,3,True,2,True,6,True,5,True,2,False,1,True,7,True,2,True,2,False,1,True,6,True,2,True,2,False,1,True,5,True,2,True,2,False,1,True,5,True,2,True,2,False,1,True,5,True,2,True,2,False,1,True,4,True,2,True,2,False,1,True,3,True,2,True,2,False,1,True,3,True,2,True,2,False,1,3.428571428571428,1.0,1.0,1.0,1.0,1.0,1.0,0.1609799719831089
1629393.0,0.1446859184281036,3.4285714285714293,True,7,True,6,True,6,True,3,True,11,True,6,False,3,False,1,True,11,True,7,False,3,False,1,True,11,True,8,False,1,False,0,True,11,True,7,False,1,False,0,True,11,True,6,False,0,False,0,True,10,True,5,False,0,False,0,True,10,True,2,False,0,False,0,True,9,True,2,False,0,False,0,True,7,True,2,False,0,False,0,True,7,True,2,False,0,False,0,3.428571428571428,1.0,0.8467409187849508,0.7317884641123767,0.3229420349146845,0.13729344239252583,0.23421502117297144,0.13729344239252583
1813553.0,0.008335814230425722,3.4285714285714293,True,9,False,4,False,2,False,2,True,9,False,4,False,1,False,1,True,10,False,3,False,1,False,1,True,8,False,2,False,1,False,1,True,8,False,2,False,1,False,1,False,7,False,2,False,1,False,1,False,6,False,2,False,1,False,1,False,6,False,2,False,1,False,1,False,6,False,2,False,1,False,1,False,6,False,1,False,1,False,1,False,6,False,1,False,1,False,1,3.4285714285714284,0.3022911051212938,0.9993588078170469,0.08974223078776206,0.9992614072014175,0.08974223078776206,0.9992614072014175,0.06344499248545014
724720.0,0.0037213456385829114,3.4285714285714293,False,3,False,3,False,3,False,1,False,3,False,3,False,3,False,1,False,3,False,3,False,3,False,1,False,3,False,3,False,3,False,1,False,3,False,3,False,3,False,1,False,4,False,3,False,2,False,1,False,4,False,3,False,2,False,1,False,4,False,3,False,2,False,1,False,4,False,3,False,2,False,1,False,4,False,3,False,2,False,1,False,4,False,3,False,2,False,1,3.4285714285714284,0.0,1.0,0.0,1.0,0.0,1.0,0.0
1852.0,0.9855611789222983,1.4929725892597177,True,8,True,3,True,3,True,2,True,9,True,3,True,3,True,2,True,8,True,3,False,2,False,1,True,7,False,2,False,2,False,1,True,7,False,3,False,2,False,0,True,6,False,2,False,2,False,0,True,6,False,2,False,2,False,0,True,6,False,2,False,2,False,0,True,6,False,2,False,1,False,0,True,5,False,2,False,1,False,0,True,5,False,2,False,1,False,0,0.9865222577083239,0.8264784442852725,0.9658723599315214,0.245822161794474,0.9658723599315214,0.18680004489125301,0.27426260228289256,0.18680004489125301
677144.0,0.899821375409348,3.4285714285714293,True,4,True,3,False,2,False,0,True,3,True,3,False,2,False,0,True,3,True,3,False,2,False,0,True,3,True,3,False,2,False,0,True,3,True,3,False,2,False,0,True,3,False,2,False,2,False,0,True,3,False,2,False,2,False,0,True,3,False,2,False,2,False,0,True,3,False,2,False,2,False,0,True,3,False,2,False,1,False,0,True,3,False,2,False,1,False,0,1.7228416554679682,0.6629544869626898,1.0,0.3447782386143698,0.681661606982789,0.07659271347853441,0.08278253917381279,0.045652967755094045
10729.0,0.9994045846978268,2.292971969380362,True,4,False,1,False,1,False,1,True,4,False,1,False,1,False,0,True,2,False,1,False,1,False,0,False,1,False,1,False,1,False,0,False,1,False,1,False,1,False,0,False,1,False,1,False,1,False,0,False,1,False,1,False,1,False,0,False,1,False,1,False,1,False,0,False,1,False,1,False,1,False,0,False,1,False,1,False,0,False,0,False,1,False,1,False,0,False,0,1.6162357137710115,0.23658310509919087,0.8696844347872809,0.06664212177819206,0.5469010881173979,0.0006833974380638904,0.11294520659428096,0.00064325788413823
1780525.0,0.011164036915748734,3.4285714285714284,True,9,True,5,True,5,True,2,True,12,True,4,True,3,False,0,True,10,True,3,True,3,False,0,True,8,True,1,True,1,False,0,True,7,True,1,True,1,False,0,True,7,True,1,True,1,False,0,True,7,True,1,False,0,False,0,True,7,False,0,False,0,False,0,True,6,False,0,False,0,False,0,True,5,False,0,False,0,False,0,True,4,False,0,False,0,False,0,3.428571428571428,0.967063492063492,0.4253417687917533,0.4253417687917533,0.36775287593381917,0.36775287593381917,0.13097767980887265,0.13097767980887265
1776052.0,0.010717475439118785,3.4285714285714284,True,10,True,4,True,2,False,1,True,12,True,4,False,1,False,1,True,11,False,1,False,1,False,1,True,12,False,1,False,1,False,1,True,10,False,1,False,1,False,1,True,6,False,1,False,1,False,1,True,6,False,1,False,1,False,0,True,6,False,1,False,1,False,0,True,6,False,1,False,1,False,0,True,5,False,1,False,0,False,0,True,5,False,1,False,0,False,0,3.4285714285714284,1.0,1.0,0.19836281055193325,0.5498104207436401,0.13186543914306714,0.37684912554542543,0.022317252438861485
35748.0,0.24188746650788925,1.2336040388502878,True,14,True,3,True,2,True,2,True,12,True,3,True,2,False,1,True,13,True,3,False,1,False,0,True,11,True,3,False,0,False,0,True,9,False,1,False,0,False,0,True,6,False,1,False,0,False,0,True,6,False,0,False,0,False,0,True,5,False,0,False,0,False,0,True,4,False,0,False,0,False,0,True,3,False,0,False,0,False,0,True,3,False,0,False,0,False,0,0.7599587011377499,0.7026559123005031,0.35426417796533965,0.26165361715112867,0.20363709987344653,0.1989503809998503,0.16467692717492505,0.1170449070867077
1570540.0,0.01220601369455195,3.428571428571429,True,6,True,6,True,3,True,3,True,7,True,7,True,3,True,2,True,9,True,7,True,2,True,1,True,8,True,7,True,2,True,1,True,11,True,3,False,1,False,1,True,12,True,1,False,0,False,0,True,11,True,1,False,0,False,0,True,10,True,1,False,0,False,0,True,10,False,0,False,0,False,0,True,8,False,0,False,0,False,0,True,7,False,0,False,0,False,0,3.4285714285714284,0.9534290353341409,0.47745854263435555,0.47745854263435555,0.3063569756483141,0.2518370127658194,0.3063569756483141,0.2518370127658194
1548925.0,0.0013396844298898482,3.4285714285714293,False,1,False,1,False,1,False,1,False,1,False,1,False,1,False,1,False,2,False,2,False,2,False,2,False,2,False,2,False,2,False,2,False,2,False,2,False,2,False,2,False,2,False,2,False,2,False,2,False,2,False,2,False,2,False,2,False,2,False,2,False,2,False,2,False,3,False,2,False,2,False,2,False,3,False,2,False,2,False,2,False,3,False,2,False,2,False,2,3.4285714285714284,0.0,1.0,0.0,1.0,0.0,1.0,0.0
1777188.0,0.011610598392378685,3.428571428571429,True,12,True,4,True,3,False,2,True,9,True,3,False,2,False,2,True,10,True,2,False,1,False,1,True,9,True,2,False,1,False,1,True,8,True,2,False,1,False,1,True,7,True,2,False,1,False,1,True,6,True,2,False,1,False,1,True,6,True,2,False,1,False,1,True,6,True,2,False,1,False,1,True,5,True,2,False,1,False,1,True,5,True,2,False,1,False,1,3.428571428571429,1.0,1.0,0.7177619599404073,0.7050849413054138,0.11487926615405362,0.7050849413054138,0.03690554050266285
1492124.0,0.10419767788032153,3.413210382787613,True,5,True,4,True,4,True,3,True,5,True,4,True,4,True,3,True,6,True,5,True,5,True,4,True,7,True,6,True,6,True,5,True,9,True,7,True,7,True,5,True,11,True,7,True,7,False,3,True,11,True,7,True,7,False,2,True,11,True,7,True,7,False,2,True,11,True,7,True,7,False,2,True,11,True,7,True,7,False,1,True,10,True,7,True,7,False,1,3.3972096047525278,3.3972096047525278,0.9913294965974727,0.9913294965974727,0.9913294965974727,0.9913294965974727,0.6695475695539134,0.31499554249247885
802368.0,0.05805299196189342,3.343891267924239,True,7,True,4,True,3,True,3,True,7,True,5,True,3,True,2,True,7,True,5,True,3,True,2,True,7,True,5,True,3,True,2,True,9,True,6,True,4,True,3,True,8,True,6,True,3,False,2,True,8,True,6,True,3,False,2,True,8,True,6,True,3,False,2,True,9,True,5,False,2,False,2,True,9,True,5,False,2,False,2,True,10,False,2,False,1,False,1,2.3059755093151724,1.5505424697733607,0.9584832263105413,0.5886298498649513,0.6905177261494524,0.4916601798083207,0.683174685286268,0.31703587591924015
1788919.0,0.009080083358142305,3.428571428571429,True,9,True,8,True,4,True,3,True,13,True,8,True,3,False,0,True,12,True,7,True,3,False,0,True,13,True,4,True,1,False,0,True,13,True,2,True,1,False,0,True,10,True,2,True,1,False,0,True,10,True,2,True,1,False,0,True,9,True,2,True,1,False,0,True,8,True,2,True,1,False,0,True,7,True,2,True,1,False,0,True,7,True,2,True,1,False,0,3.428571428571429,1.1270648030495554,1.0,1.0,0.6546459022098486,0.6546459022098486,0.14229987094755778,0.12747321150682503
1729328.0,0.010568621613575468,3.4285714285714297,True,7,True,5,True,5,True,3,True,9,True,5,True,3,False,1,True,10,True,6,True,3,False,1,True,9,True,6,True,2,False,1,True,9,True,5,True,2,False,1,True,9,True,5,True,2,False,1,True,9,True,4,False,1,False,1,True,8,True,4,False,1,False,1,True,8,True,3,False,0,False,0,True,8,True,3,False,0,False,0,True,7,True,2,False,0,False,0,3.4285714285714284,1.2408548816514096,0.9456277844622939,0.6786167225292147,0.45383014510933095,0.37869006235170766,0.45383014510933095,0.13914305391578125
656543.0,0.14275081869604048,3.4282599636339914,True,5,True,4,True,4,True,3,True,6,True,4,True,4,True,3,True,6,True,4,True,4,True,3,True,6,True,4,True,4,True,2,True,6,True,4,True,4,True,2,True,6,True,5,True,5,True,3,True,6,True,5,True,5,True,3,True,6,True,5,True,4,True,3,True,6,True,5,True,4,True,3,True,7,True,5,True,4,True,3,True,8,True,5,True,4,True,3,3.4282241015123227,3.4282241015123227,1.3813686973925263,1.0,1.0,1.0,0.9997896774381698,0.9997896774381698
695822.0,0.06043465317058649,3.394238126697694,True,6,True,5,True,5,True,4,True,7,True,6,True,6,True,4,True,8,True,7,True,6,True,4,True,10,True,8,True,5,False,3,True,10,True,8,True,5,False,3,True,9,True,8,True,5,False,2,True,9,True,8,True,5,False,2,True,9,True,8,True,5,False,2,True,9,True,7,True,5,False,2,True,9,True,6,True,4,False,0,True,9,True,6,True,4,False,0,2.6385702435891094,1.0,1.0,0.9850032331031009,1.0,0.8659200216214181,0.5456063360961554,0.20582772840181557
85341.0,0.19231914260196487,1.8930569562600563,True,12,True,7,True,3,False,1,True,12,True,6,True,2,False,1,True,14,True,3,True,1,False,0,True,12,True,2,False,0,False,0,True,11,True,1,False,0,False,0,True,11,True,1,False,0,False,0,True,10,False,0,False,0,False,0,True,6,False,0,False,0,False,0,True,6,False,0,False,0,False,0,True,5,False,0,False,0,False,0,True,4,False,0,False,0,False,0,1.4727047403452822,0.6824078839177455,0.37222840632301907,0.37222840632301907,0.20847538160717916,0.20847538160717916,0.15206446809408602,0.040835032250567026
172000.0,0.055224769276570405,2.108819289771067,False,4,False,2,False,2,False,2,False,3,False,2,False,2,False,2,False,3,False,2,False,2,False,2,False,3,False,2,False,2,False,2,False,4,False,3,False,1,False,0,False,4,False,3,False,1,False,0,False,4,False,2,False,1,False,0,False,4,False,2,False,1,False,0,False,4,False,2,False,1,False,0,False,4,False,1,False,1,False,0,False,3,False,1,False,1,False,0,1.4142270716464564,0.0,1.0,0.0,1.0,0.0,0.28018019794283666,0.0
1586204.0,0.002977076510866329,3.428571428571429,True,2,True,2,True,2,True,2,True,2,True,2,True,2,True,2,True,2,True,2,True,2,True,2,True,2,True,2,True,2,True,2,True,2,True,2,True,2,True,2,True,2,True,2,True,2,True,2,True,2,True,2,True,2,True,2,True,2,True,2,True,2,True,2,True,2,True,2,True,2,True,2,True,2,True,2,True,2,True,2,True,2,True,2,True,2,True,2,3.428571428571429,2.8950037431240436,1.0,1.0,1.0,1.0,1.0,0.8947553939483888
1554168.0,0.020392974099434354,3.4285714285714293,True,5,True,3,True,2,True,2,True,5,True,3,True,2,True,2,True,6,True,3,True,2,True,2,True,7,True,3,True,2,False,1,True,7,True,3,True,2,False,1,True,7,True,3,True,2,False,1,True,7,True,3,True,2,False,1,True,7,True,3,True,2,False,1,True,7,True,3,True,2,False,1,True,8,True,4,True,2,False,1,True,8,True,4,True,2,False,1,3.4285714285714284,2.624501150265597,1.0,0.999997567085912,1.0,0.9964661177801329,1.0,0.23635072563119858
433762.0,0.12012503721345638,3.2633353856274225,True,8,True,5,True,5,True,5,True,9,True,5,True,5,True,5,True,10,True,4,True,3,True,3,True,10,True,4,True,3,True,3,True,9,True,4,True,3,True,3,True,10,True,4,True,3,True,3,True,11,True,4,True,3,True,2,True,11,True,3,True,3,True,2,True,10,True,3,True,3,True,2,True,8,True,3,True,3,True,2,True,8,True,3,True,2,True,2,2.328238668629298,2.328238668629298,0.9346913845881849,0.9346913845881849,0.9346913845881849,0.9346913845881849,0.8993094661904603,0.8993094661904603
316980.0,0.028877642155403394,2.360912503109823,True,9,False,3,False,2,False,1,True,9,False,3,False,2,False,0,True,8,False,3,False,1,False,0,True,7,False,3,False,1,False,0,True,8,False,2,False,1,False,0,True,9,False,2,False,0,False,0,True,8,False,1,False,0,False,0,True,6,False,1,False,0,False,0,True,5,False,1,False,0,False,0,True,5,False,1,False,0,False,0,True,4,False,0,False,0,False,0,1.1932821418305755,0.6872676486546231,0.5703457734786689,0.014320430480819298,0.34236002093144957,0.014320430480819298,0.10497329773030713,0.014320430480819298
1580751.0,0.010419767788032152,3.428571428571429,True,10,True,6,False,2,False,1,True,10,False,5,False,2,False,1,True,9,False,4,False,2,False,1,True,9,False,2,False,2,False,1,True,7,False,2,False,2,False,1,True,6,False,2,False,1,False,1,False,6,False,2,False,0,False,0,False,6,False,2,False,0,False,0,False,5,False,2,False,0,False,0,False,4,False,2,False,0,False,0,False,3,False,1,False,0,False,0,3.4285714285714284,0.3664889946111039,0.6486925690648544,0.14706279768942346,0.3917176034552329,0.07539135879774572,0.379433816360152,0.07539135879774572
1496013.0,0.004465614766299494,3.4285714285714293,False,0,False,0,False,0,False,0,False,0,False,0,False,0,False,0,False,0,False,0,False,0,False,0,False,0,False,0,False,0,False,0,False,0,False,0,False,0,False,0,False,0,False,0,False,0,False,0,False,0,False,0,False,0,False,0,False,0,False,0,False,0,False,0,False,0,False,0,False,0,False,0,False,0,False,0,False,0,False,0,False,0,False,0,False,0,False,0,0.0,0.0,0.0,0.0,0.0,0.0,0.0,0.0
1785616.0,0.008038106579339089,3.4285714285714293,True,11,True,5,True,3,True,2,True,10,True,4,True,2,True,2,True,9,True,5,True,2,False,1,True,9,True,4,False,1,False,0,True,9,True,4,False,1,False,0,True,9,True,4,False,1,False,0,True,9,True,4,False,1,False,0,True,8,True,3,False,1,False,0,True,8,True,3,False,1,False,0,True,9,True,3,False,0,False,0,True,9,True,3,False,0,False,0,3.428571428571429,1.29802283486494,1.0,1.0,0.5061013678415345,0.21821807037625074,0.20383353126715942,0.1563002934772318
359221.0,0.08172075022328074,3.379379036789806,True,9,True,4,True,4,True,3,True,9,True,4,True,3,True,2,True,8,True,4,True,3,True,2,True,10,True,3,True,3,True,2,True,9,True,4,True,3,False,1,True,9,True,4,True,2,False,1,True,7,True,3,True,2,False,1,True,8,True,2,False,1,False,1,True,9,False,1,False,1,False,1,True,7,False,1,False,1,False,1,True,7,False,1,False,1,False,1,2.9876886455768883,0.8700751861254178,0.9938469401874326,0.4804868238648159,0.9894028774879348,0.42899441632265334,0.9894028774879348,0.26889531676735623
252575.0,0.9980649002679369,0.37624561477571167,True,8,True,3,False,0,False,0,True,3,False,1,False,0,False,0,True,1,False,0,False,0,False,0,False,0,False,0,False,0,False,0,False,0,False,0,False,0,False,0,False,0,False,0,False,0,False,0,False,0,False,0,False,0,False,0,False,0,False,0,False,0,False,0,False,0,False,0,False,0,False,0,False,0,False,0,False,0,False,0,False,0,False,0,False,0,False,0,0.21135466719390414,0.21135466719390414,0.1521431348259502,0.12189817767684377,0.01952818293407371,0.0022910361619890157,0.005722227760078203,0.0022910361619890157
1890333.0,0.25885680261982735,3.4285714285714297,True,3,True,2,True,2,True,2,True,3,True,2,True,2,True,2,True,3,True,2,True,2,True,2,True,4,True,2,True,2,True,2,True,4,True,2,True,2,True,2,True,4,True,2,True,2,True,1,True,5,True,3,True,2,True,1,True,5,True,3,True,2,True,1,True,5,True,3,True,2,True,1,True,5,True,3,True,2,True,1,True,5,True,3,True,2,True,1,3.4285714285714275,1.3074429603043427,0.8953084006339439,0.8953084006339439,0.8392236158845905,0.8392236158845905,0.8091612587997671,0.8091612587997671
1771035.0,0.009080083358142305,3.428571428571429,True,10,True,10,True,2,False,0,True,9,True,7,False,1,False,0,True,10,True,6,False,0,False,0,True,10,True,6,False,0,False,0,True,11,False,4,False,0,False,0,True,10,False,4,False,0,False,0,True,10,False,3,False,0,False,0,True,9,False,2,False,0,False,0,True,9,False,2,False,0,False,0,True,9,False,2,False,0,False,0,True,8,False,1,False,0,False,0,3.4285714285714284,0.6562615290018448,1.0,0.2686229401615363,0.18079368427396267,0.14031807140565558,0.09962850388382312,0.063369152970923
1781293.0,0.009080083358142305,3.428571428571429,True,7,True,5,True,4,True,3,True,8,True,5,True,4,True,3,True,9,True,5,True,5,False,1,True,9,False,4,False,4,False,1,True,9,False,4,False,1,False,0,True,9,False,3,False,1,False,0,True,9,False,3,False,0,False,0,True,9,False,2,False,0,False,0,True,7,False,2,False,0,False,0,True,7,False,0,False,0,False,0,True,7,False,0,False,0,False,0,3.4285714285714284,1.0,0.5458593054318789,0.24452098944484713,0.3633554917958588,0.23655553694086118,0.27222982216142266,0.1921386567626122
547610.0,0.5729383745162251,0.7993316798008707,True,8,False,2,False,1,False,0,True,6,False,2,False,1,False,0,True,6,False,2,False,0,False,0,True,5,False,0,False,0,False,0,True,3,False,0,False,0,False,0,True,2,False,0,False,0,False,0,True,2,False,0,False,0,False,0,True,2,False,0,False,0,False,0,True,2,False,0,False,0,False,0,False,0,False,0,False,0,False,0,False,0,False,0,False,0,False,0,0.5062891406038224,0.5062891406038224,0.22516206438661251,0.09149783667591609,0.15125310716515072,0.06010816085937951,0.05701158634834122,0.0018796954251301362
1885471.0,0.04688895504614469,3.428571428571428,True,8,True,6,True,3,True,2,True,7,True,6,True,3,False,1,True,7,True,6,True,3,False,1,True,7,True,5,True,3,False,1,True,7,True,5,True,3,False,1,True,7,True,5,True,3,False,1,True,8,True,5,True,2,False,0,True,7,True,4,False,1,False,0,True,6,False,2,False,1,False,0,True,6,False,2,False,1,False,0,True,6,False,2,False,1,False,0,3.428571428571428,1.076157479989936,1.0,0.4720763558661484,0.7017300577485499,0.4371719873972182,0.39011640811507936,0.1440675615034982
314181.0,0.7082465019350997,2.496375445480068,True,7,True,5,True,5,True,4,True,7,True,5,True,5,True,3,True,10,True,5,True,4,True,2,True,10,True,4,True,3,False,1,True,10,True,3,True,3,False,1,True,8,True,3,True,1,False,0,True,7,True,3,True,1,False,0,True,7,True,3,True,1,False,0,True,7,True,2,True,1,False,0,True,7,True,2,True,1,False,0,True,6,True,2,False,0,False,0,1.4672135427985742,0.973284293153584,0.6806817492820679,0.6806817492820679,0.5754333508968956,0.5754333508968956,0.3333062165063873,0.23145686927209347
1587366.0,0.011759452217922,3.4285714285714284,True,6,True,6,True,3,True,3,True,6,True,6,True,3,True,3,True,6,True,5,True,3,True,3,True,10,True,3,True,3,False,1,True,10,True,2,True,2,False,1,True,9,True,2,True,2,False,1,True,8,True,2,True,2,False,1,True,7,True,2,True,2,False,1,True,7,True,2,True,2,False,1,True,5,False,1,False,1,False,1,True,4,False,1,False,1,False,1,3.4285714285714284,1.0778913099535843,1.0,0.5134438425895712,1.0,0.5027614317710725,1.0,0.212252362777172
78134.0,0.9742482881810063,2.8612746637124524,True,10,True,6,False,2,False,2,True,11,True,4,False,2,False,1,True,10,True,4,False,0,False,0,True,11,True,2,False,0,False,0,True,10,True,2,False,0,False,0,True,8,True,2,False,0,False,0,True,5,True,2,False,0,False,0,True,5,True,2,False,0,False,0,True,5,True,2,False,0,False,0,True,5,True,2,False,0,False,0,True,4,True,2,False,0,False,0,2.1759782079431247,2.1759782079431247,0.688985010556042,0.688985010556042,0.17996544996108987,0.08468509960671566,0.17996544996108987,0.023356850269865163
1630552.0,0.010419767788032152,3.428571428571429,True,7,True,5,True,2,True,2,True,7,True,5,True,2,True,2,True,8,True,4,True,2,True,2,True,9,True,4,True,2,True,1,True,8,True,3,True,2,True,1,True,10,True,4,False,1,False,0,True,9,True,4,False,1,False,0,True,10,True,4,False,0,False,0,True,9,False,2,False,0,False,0,True,9,False,2,False,0,False,0,True,8,False,2,False,0,False,0,3.4285714285714284,1.5002326311119767,1.0,0.46909548462698475,0.4489740716410989,0.3205859694737349,0.3205859694737349,0.3205859694737349
766771.0,0.13486156594224472,3.270296264490958,True,7,True,6,True,4,True,4,True,9,True,7,True,5,True,4,True,9,True,7,True,5,True,4,True,10,True,7,True,5,True,3,True,10,True,6,True,5,True,3,True,11,True,7,True,5,True,2,True,11,True,7,True,5,True,2,True,11,True,7,True,5,True,2,True,10,True,6,True,5,True,2,True,10,True,6,True,5,True,1,True,11,True,5,True,4,False,0,2.623356990020416,2.1348097310943115,1.0,1.0,0.9935981114728011,0.9935981114728011,0.5656240634491012,0.5656240634491012
568318.0,0.41202738910389997,1.073485945851756,False,8,False,3,False,2,False,1,False,7,False,3,False,1,False,1,False,7,False,2,False,1,False,1,False,6,False,2,False,1,False,1,False,5,False,2,False,1,False,1,False,5,False,2,False,1,False,0,False,3,False,2,False,1,False,0,False,3,False,2,False,1,False,0,False,3,False,2,False,1,False,0,False,3,False,2,False,1,False,0,False,1,False,1,False,1,False,0,1.0,0.0,1.0,0.0,1.0,0.0,0.3496773962354247,0.0
1743984.0,0.011610598392378685,3.428571428571429,True,11,True,6,True,2,False,1,True,9,True,5,False,1,False,1,True,10,True,4,False,1,False,1,True,10,True,4,False,0,False,0,True,11,True,2,False,0,False,0,True,10,True,2,False,0,False,0,True,9,True,2,False,0,False,0,True,9,True,2,False,0,False,0,True,8,True,2,False,0,False,0,True,7,True,2,False,0,False,0,True,7,False,1,False,0,False,0,3.4285714285714284,0.680110342009144,1.0,0.5847682046435988,0.24534793564644305,0.11977855459166496,0.24534793564644305,0.016504957132272485
1790190.0,0.011015183090205419,3.4285714285714284,True,6,True,4,True,4,True,3,True,8,True,5,True,5,True,3,True,10,True,5,True,3,True,2,True,10,True,5,True,2,True,2,True,10,True,4,False,2,False,2,True,10,True,4,False,2,False,1,True,9,True,4,False,1,False,1,True,9,True,3,False,1,False,1,True,9,True,2,False,1,False,1,True,9,True,2,False,1,False,1,True,10,True,2,False,0,False,0,3.4285714285714284,1.2440616549978603,1.0,1.0,0.5743476872351261,0.25927491312106693,0.5743476872351261,0.25927491312106693
524623.0,0.00029770765108663293,3.4285714285714293,True,1,True,1,True,1,True,1,True,1,True,1,True,1,True,1,True,1,True,1,True,1,True,1,True,1,True,1,True,1,True,1,True,1,True,1,True,1,True,1,True,1,True,1,True,1,True,1,True,1,True,1,True,1,True,1,True,1,True,1,True,1,True,1,True,1,True,1,True,1,True,1,True,2,True,1,True,1,False,0,True,2,True,1,True,1,False,0,3.428571428571429,1.0,1.0,1.0,1.0,1.0,0.5123620230700976,0.5123620230700976
386389.0,0.17460553736231021,2.9641193328463395,True,8,True,6,True,4,True,3,True,10,True,5,True,5,False,2,True,10,True,6,True,5,False,2,True,10,True,6,True,5,False,2,True,11,True,6,True,5,False,1,True,10,True,6,True,5,False,1,True,10,True,6,True,5,False,1,True,10,True,5,True,4,False,1,True,10,True,5,True,3,False,1,True,11,True,4,True,2,False,1,True,11,True,4,True,2,False,1,2.42662265142941,1.7838580932969101,0.9996700626606623,0.7541586333774178,0.917435267831527,0.7541586333774178,0.625180757937971,0.13942868185697968
566752.0,0.2387615361714796,3.2551220884606815,True,6,True,6,True,4,True,3,True,6,True,6,True,5,True,3,True,6,True,6,True,5,True,3,True,7,True,7,True,4,True,3,True,7,True,7,True,4,True,3,True,7,True,7,True,4,True,3,True,7,True,6,True,4,True,3,True,7,True,6,True,4,True,3,True,8,True,6,True,3,True,2,True,8,True,6,True,3,True,2,True,8,True,6,True,3,True,2,2.9134729693585633,2.0065901973560614,1.1112621965789784,0.9364897069824675,0.9207905438620118,0.6826245298666145,0.8576200481857404,0.6693790257089796
309720.0,0.06043465317058649,3.4285714285714297,True,4,True,4,True,3,True,2,True,5,True,5,True,4,True,3,True,5,True,5,True,4,True,3,True,5,True,5,True,4,True,3,True,6,True,4,True,4,True,3,True,6,True,4,True,4,True,3,True,6,True,4,True,4,True,3,True,6,True,4,True,4,True,3,True,6,True,4,True,4,True,3,True,6,True,4,True,4,True,3,True,6,True,4,True,4,True,3,3.428571428571429,3.428571428571429,1.0,1.0,1.0,1.0,1.0,1.0
1639733.0,0.012801428996725216,3.428571428571429,True,9,True,3,True,2,True,1,True,9,True,3,False,0,False,0,True,8,True,3,False,0,False,0,True,7,True,3,False,0,False,0,True,7,True,2,False,0,False,0,True,7,True,2,False,0,False,0,True,7,False,1,False,0,False,0,True,7,False,1,False,0,False,0,True,7,False,1,False,0,False,0,True,7,False,1,False,0,False,0,True,7,False,1,False,0,False,0,3.4285714285714284,1.0,1.0,0.3575931472134375,0.1252204585537919,0.1252204585537919,0.1252204585537919,0.1252204585537919
577065.0,0.04733551652277464,3.428571428571429,True,3,True,3,True,2,True,2,True,5,True,4,False,2,False,2,True,6,True,4,False,2,False,2,True,6,True,4,False,2,False,2,True,7,True,5,False,3,False,3,True,6,True,5,False,3,False,2,True,6,True,5,False,3,False,2,True,8,True,6,False,4,False,2,True,8,True,6,False,4,False,2,True,8,True,6,False,4,False,2,True,9,True,5,False,4,False,2,3.4124632972389395,2.8898545702574676,1.0,0.9714167355386852,1.0,0.11942377700115162,0.9429861011418211,0.11942377700115162
630466.0,0.2549866031557011,3.428571428571429,True,9,True,5,True,4,False,2,True,10,True,6,True,4,False,1,True,11,True,5,True,4,False,1,True,10,True,5,True,4,False,1,True,10,True,4,True,4,False,1,True,10,True,4,True,4,False,1,True,11,True,5,True,4,False,1,True,11,True,5,True,4,False,1,True,11,True,5,True,4,False,1,True,11,True,4,True,2,False,1,True,8,True,4,True,2,False,1,2.459250793677505,1.0,1.0,1.0,1.0,0.8321651109062791,0.7311438084601789,0.08809412730092217
259860.0,0.9998511461744567,0.862297179707318,True,9,True,5,True,2,False,0,True,7,True,3,True,1,False,0,True,5,True,2,False,0,False,0,True,4,True,2,False,0,False,0,True,4,True,1,False,0,False,0,True,4,True,1,False,0,False,0,True,3,True,1,False,0,False,0,True,2,False,0,False,0,False,0,True,2,False,0,False,0,False,0,True,1,False,0,False,0,False,0,True,1,False,0,False,0,False,0,0.7831654637343336,0.7831654637343336,0.4238297360065604,0.4238297360065604,0.1663431240368326,0.1663431240368326,0.007735666412574212,0.0023195517643366356
395962.0,0.13143792795474843,3.335708600966894,True,8,True,6,True,5,True,5,True,9,True,7,True,5,True,4,True,9,True,6,True,5,True,3,True,10,True,6,True,4,True,2,True,11,True,4,True,4,False,1,True,9,True,4,True,4,False,0,True,9,True,4,True,4,False,0,True,9,True,4,True,3,False,0,True,9,True,3,True,3,False,0,True,8,True,3,True,2,False,0,True,8,True,3,True,2,False,0,2.8497758553412558,1.3110477039129853,0.9879686196759615,0.9705286417533935,0.9020913390201296,0.8886443310524794,0.3294674224298019,0.2904287657079818
633752.0,0.030663888061923193,3.428571428571429,True,6,True,4,True,4,True,3,True,5,True,4,True,3,True,3,True,5,True,4,True,3,True,3,True,5,True,4,True,3,True,3,True,6,True,4,True,2,True,2,True,6,True,4,True,2,True,2,True,6,True,4,True,2,True,2,True,6,True,4,True,2,True,2,True,6,True,3,True,2,True,2,True,6,True,3,True,2,True,2,True,6,True,3,True,2,True,2,3.4285714285714284,1.905623787976729,1.3194023267354025,1.3194023267354025,1.0,0.9236453201970443,1.0,0.9236453201970443
1750445.0,0.0013396844298898482,3.428571428571429,True,2,True,2,True,2,True,1,True,2,True,2,True,2,True,1,True,2,True,2,True,2,True,1,True,2,True,2,True,2,True,1,True,2,True,2,True,2,True,1,True,2,True,2,True,2,True,1,True,2,True,2,True,2,True,1,True,2,True,2,True,2,True,1,True,2,True,2,True,2,True,1,True,2,True,2,True,2,True,1,True,2,True,2,True,2,True,1,3.4285714285714284,3.4285714285714284,1.0,1.0,1.0,1.0,1.0,1.0
120528.0,0.2521583804703781,3.1940351873812927,True,6,True,4,True,3,True,3,True,6,True,4,True,3,True,3,True,6,True,4,True,3,True,3,True,7,True,4,True,3,True,3,True,7,True,4,True,3,True,3,True,7,True,4,True,3,True,3,True,7,True,3,True,3,True,3,True,5,True,3,True,3,True,3,True,6,True,3,True,3,True,3,True,6,True,3,True,3,True,3,True,6,True,3,True,3,True,3,2.9478526722481595,2.132642285712426,0.9657074731125884,0.9657074731125884,0.7295925371557065,0.7295925371557065,0.7284901003522035,0.7284901003522035
242764.0,0.9952366775826139,3.4255079712766903,True,6,True,4,True,3,True,3,True,6,True,4,True,3,False,2,True,6,True,4,False,2,False,2,True,6,True,4,False,2,False,2,True,6,True,4,False,2,False,2,True,7,True,3,False,2,False,2,True,7,True,3,False,2,False,2,True,7,True,3,False,2,False,2,True,7,True,3,False,2,False,2,True,7,True,3,False,2,False,2,True,7,True,3,False,2,False,2,3.3308914764765496,0.8790068625850009,0.9970321239585483,0.6204945169813129,0.995140143040149,0.1657264650777858,0.9607104237806744,0.12419271120443924
159656.0,0.19931527240250074,3.32505250254467,True,9,True,8,True,4,True,3,True,9,True,5,True,4,True,3,True,10,True,5,True,2,False,1,True,10,True,4,True,2,False,1,True,11,True,3,True,2,False,1,True,9,True,3,True,2,False,1,True,9,True,3,True,2,False,1,True,9,True,2,True,2,False,1,True,9,True,2,False,1,False,1,True,8,True,2,False,1,False,1,True,7,True,2,False,1,False,1,2.7971389523433308,1.756995524874189,0.8981876526430511,0.6204054078027486,0.8712536021147482,0.4508021436952996,0.8693329142092221,0.18598906141203683
118055.0,0.0017862459065197975,3.428571428571429,True,2,True,2,True,2,True,2,True,3,True,2,True,2,True,1,True,3,True,2,True,2,True,1,True,3,True,2,True,2,True,1,True,3,True,2,True,2,True,1,True,3,True,2,True,2,True,1,True,3,True,2,True,2,True,1,True,3,True,2,True,2,True,1,True,3,True,2,True,2,True,1,True,3,True,2,True,2,True,1,True,3,True,2,True,2,True,1,3.428571428571428,2.7377239226454932,1.0,1.0,1.0,1.0,1.0,1.0
1704446.0,0.011164036915748734,3.428571428571429,True,13,True,4,True,3,True,2,True,12,True,3,True,3,True,2,True,12,True,3,True,3,True,2,True,10,True,3,True,3,True,1,True,10,True,3,True,2,True,1,True,9,True,2,True,2,True,1,True,8,True,2,False,1,False,0,True,8,True,2,False,1,False,0,True,8,True,1,False,0,False,0,True,8,True,1,False,0,False,0,True,7,True,1,False,0,False,0,3.4285714285714284,1.0,0.6476511739975739,0.6476511739975739,0.4551951236600574,0.3964693855754413,0.3964693855754413,0.3964693855754413
345210.0,0.5562667460553736,1.0088694564314094,True,10,True,1,True,1,True,1,True,8,True,1,True,1,True,1,True,6,True,1,True,1,True,1,True,4,True,1,True,1,True,1,True,4,True,1,True,1,True,1,True,4,True,1,True,1,True,1,True,3,True,1,True,1,True,1,True,2,True,1,True,1,True,1,True,2,True,1,True,1,True,1,True,2,True,1,True,1,True,1,True,2,True,1,True,1,True,1,1.0,1.0,1.0,1.0,1.0,1.0,0.6329983156108732,0.6329983156108732
680307.0,0.01473652872878833,3.4285714285714284,True,3,True,3,True,3,True,2,True,5,True,5,True,5,True,4,True,7,True,5,True,4,True,4,True,8,True,6,True,4,True,4,True,7,True,6,True,4,True,4,True,7,True,5,True,4,True,4,True,7,True,5,True,4,True,4,True,7,True,5,True,4,True,4,True,7,True,5,True,4,True,4,True,7,True,5,True,4,True,4,True,7,True,5,True,4,True,4,3.4285714285714284,1.0,1.0,1.0,1.0,1.0,0.9983536807935056,0.9983536807935056
659213.0,0.9763322417386127,1.6036759569423538,True,12,True,3,True,1,True,1,True,12,True,2,True,1,True,1,True,11,True,2,False,0,False,0,True,11,True,2,False,0,False,0,True,9,False,1,False,0,False,0,True,7,False,1,False,0,False,0,True,6,False,1,False,0,False,0,True,4,False,1,False,0,False,0,True,3,False,1,False,0,False,0,True,3,False,1,False,0,False,0,True,3,False,0,False,0,False,0,0.9588677953235659,0.6886385473012587,0.5528800422664559,0.2772909961175371,0.18946004793353824,0.18946004793353824,0.15628030102524934,0.15628030102524934
8089.0,0.1193807680857398,3.282360502422157,False,5,False,4,False,2,False,2,False,5,False,4,False,2,False,2,False,7,False,3,False,2,False,1,False,6,False,2,False,2,False,1,False,5,False,2,False,2,False,1,False,6,False,2,False,2,False,1,False,6,False,2,False,2,False,1,False,6,False,2,False,2,False,1,False,5,False,2,False,2,False,1,False,5,False,2,False,2,False,1,False,5,False,2,False,2,False,1,2.6688768968409846,0.0,1.0,0.0,1.0,0.0,0.8504959129327433,0.0
1808419.0,0.008931229532598988,3.428571428571429,True,6,True,5,True,3,True,2,True,8,True,5,False,1,False,1,True,9,True,3,False,0,False,0,True,9,True,2,False,0,False,0,True,9,False,1,False,0,False,0,True,8,False,1,False,0,False,0,True,7,False,1,False,0,False,0,True,6,False,1,False,0,False,0,True,6,False,1,False,0,False,0,True,6,False,1,False,0,False,0,True,6,False,1,False,0,False,0,3.428571428571429,1.4158924472619954,0.7970572314354608,0.29215456674473067,0.16041407867494842,0.14894559140975258,0.16041407867494842,0.14894559140975258
134267.0,0.04242334027984519,3.4285714285714284,True,5,True,2,True,2,True,2,True,8,True,3,True,3,True,2,True,8,True,3,True,3,True,2,True,8,True,3,True,3,True,2,True,8,True,3,True,3,True,2,True,7,True,3,True,3,True,2,True,7,True,3,True,2,True,2,True,7,True,3,True,2,True,2,True,7,True,4,True,3,True,3,True,8,True,4,True,3,True,3,True,9,True,4,True,2,True,2,3.299969645969538,2.6699014056811032,1.0,1.0,1.0,0.7890239507312387,1.0,0.7890239507312387
1814391.0,0.011610598392378685,3.428571428571429,True,9,True,6,True,4,True,1,True,10,True,6,False,1,False,0,True,11,False,3,False,1,False,0,True,9,False,3,False,1,False,0,True,8,False,3,False,1,False,0,True,7,False,3,False,1,False,0,True,6,False,3,False,1,False,0,True,6,False,2,False,1,False,0,True,6,False,2,False,1,False,0,True,5,False,2,False,1,False,0,True,5,False,2,False,1,False,0,3.4285714285714284,0.6352048303912115,1.239065594502374,0.19937807347411057,0.8112572652187212,0.10563654033041787,0.10139941279146035,0.10139941279146035
753178.0,0.05135456981244418,3.4285714285714293,True,6,True,5,True,4,True,4,True,7,True,4,True,3,True,3,True,9,True,5,True,4,True,4,True,9,True,5,True,4,True,4,True,10,True,5,True,4,True,3,True,10,True,5,True,3,True,3,True,10,True,5,True,3,True,3,True,9,True,5,True,3,True,3,True,10,True,5,True,2,True,2,True,9,True,5,True,2,True,2,True,8,True,5,True,2,True,2,2.7033866898035197,2.7033866898035197,1.0,1.0,0.9902500584074518,0.9874428331907588,0.8710335295587365,0.8710335295587365
808002.0,0.03378981839833284,2.0566187537444653,True,13,True,6,False,3,False,0,True,12,True,5,False,2,False,0,True,12,True,4,False,2,False,0,True,14,True,3,False,0,False,0,True,15,True,2,False,0,False,0,True,15,True,2,False,0,False,0,True,13,True,1,False,0,False,0,True,13,True,1,False,0,False,0,True,12,False,0,False,0,False,0,True,11,False,0,False,0,False,0,True,9,False,0,False,0,False,0,1.2978856991565488,0.871410779768906,0.48033772665056973,0.48033772665056973,0.22744187017033793,0.08157603520601185,0.08157603520601185,0.08157603520601185
351082.0,0.12890741292051205,2.836068123316142,True,9,True,4,True,4,True,3,True,8,True,4,True,3,True,3,True,8,True,4,True,3,True,3,True,9,True,4,True,3,True,3,True,9,True,3,True,3,False,2,True,9,True,3,True,3,False,2,True,8,True,3,False,2,False,2,True,8,True,3,False,2,False,2,True,9,True,3,False,1,False,1,True,8,True,3,False,1,False,1,True,8,True,2,False,1,False,1,2.0284454308346156,1.1417560295339104,0.8115681493591356,0.762983196314374,0.8115681493591356,0.37559835204019004,0.750438817063404,0.2770885766079893
454454.0,0.10226257814825841,3.0783175101064857,False,2,False,2,False,2,False,2,False,2,False,2,False,2,False,2,False,3,False,3,False,2,False,2,False,3,False,3,False,2,False,2,False,4,False,3,False,2,False,1,False,4,False,3,False,2,False,1,False,4,False,3,False,2,False,1,False,4,False,3,False,1,False,1,False,4,False,3,False,1,False,1,False,4,False,3,False,1,False,1,False,4,False,3,False,1,False,1,2.6823657057686603,0.0,1.0,0.0,1.0,0.0,0.7142350890183362,0.0
1777820.0,0.010866329264662102,3.428571428571429,True,13,False,4,False,2,False,1,True,12,False,3,False,1,False,1,True,10,False,3,False,1,False,1,True,8,False,2,False,1,False,1,True,6,False,2,False,1,False,1,True,5,False,2,False,1,False,0,True,5,False,2,False,1,False,0,True,4,False,1,False,1,False,0,True,3,False,1,False,1,False,0,True,3,False,1,False,1,False,0,False,3,False,1,False,0,False,0,3.428571428571429,0.5603161397670549,1.0,0.0913135344524003,0.5989010989010988,0.06516023007395247,0.34430577753596087,0.018743194898117918
107691.0,0.11238463828520392,3.1210275885213594,False,4,False,4,False,3,False,3,False,5,False,3,False,2,False,2,False,5,False,3,False,2,False,2,False,5,False,3,False,2,False,1,False,5,False,3,False,2,False,1,False,4,False,3,False,2,False,1,False,4,False,3,False,2,False,1,False,5,False,3,False,2,False,0,False,4,False,3,False,1,False,0,False,4,False,3,False,1,False,0,False,4,False,3,False,1,False,0,3.031226174550623,0.0,1.0,0.0,1.0,0.0,0.43821552978642336,0.0
1955311.0,0.08573980351295028,3.4285714285714293,True,5,True,1,True,1,False,0,True,5,True,1,False,0,False,0,True,4,True,1,False,0,False,0,True,3,True,1,False,0,False,0,True,3,False,0,False,0,False,0,True,3,False,0,False,0,False,0,True,3,False,0,False,0,False,0,True,3,False,0,False,0,False,0,True,2,False,0,False,0,False,0,True,2,False,0,False,0,False,0,True,2,False,0,False,0,False,0,3.428571428571428,1.0,0.25924391011522435,0.25924391011522435,0.12600622926866756,0.12600622926866756,0.010510543132395883,0.010510543132395883
319675.0,0.7856504912176243,2.078019566180675,True,10,True,5,True,3,False,1,True,10,True,5,True,3,False,0,True,10,True,3,True,2,False,0,True,8,True,2,True,2,False,0,True,8,True,2,True,2,False,0,True,8,True,2,True,2,False,0,True,8,True,2,False,1,False,0,True,6,True,2,False,1,False,0,True,6,True,2,False,1,False,0,True,5,True,2,False,0,False,0,True,3,True,2,False,0,False,0,1.2024841272415536,1.1538750704923952,0.8314522729620032,0.8314522729620032,0.5364437706825312,0.35912625916094143,0.10367871273636547,0.005304092363013679
608891.0,0.03230128014289967,3.4285714285714293,True,3,True,3,True,3,True,2,True,3,True,3,True,3,True,2,True,5,True,4,True,3,True,2,True,5,True,4,True,3,True,2,True,6,True,4,True,3,True,2,True,6,True,4,True,3,True,2,True,7,True,5,True,4,False,2,True,7,True,5,True,4,False,2,True,7,True,5,True,4,False,2,True,7,True,5,True,3,False,2,True,7,True,4,True,2,False,1,3.4285714285714284,1.4007584449776063,1.0,1.0,1.0,1.0,1.0,0.39238686047021254
1998963.0,0.013545698124441799,3.428571428571429,False,1,False,1,False,1,False,1,False,1,False,1,False,1,False,1,False,1,False,1,False,1,False,1,False,1,False,1,False,1,False,1,False,1,False,1,False,1,False,1,False,1,False,1,False,1,False,1,False,1,False,1,False,1,False,1,False,1,False,1,False,1,False,1,False,2,False,1,False,1,False,1,False,2,False,1,False,1,False,1,False,2,False,1,False,1,False,0,3.428571428571428,0.0,1.0,0.0,1.0,0.0,0.5847255382159672,0.0
1538089.0,0.20333432569217028,3.4285714285714284,True,9,True,7,False,3,False,3,True,10,True,7,False,2,False,2,True,11,True,7,False,2,False,2,True,12,True,7,False,2,False,1,True,12,True,6,False,2,False,0,True,11,True,6,False,2,False,0,True,10,True,5,False,2,False,0,True,10,True,4,False,2,False,0,True,10,True,4,False,2,False,0,True,10,True,4,False,1,False,0,True,11,True,2,False,1,False,0,1.391881794450911,1.0,1.0,1.0,0.7538473353091352,0.08975115661939735,0.26711032176084554,0.026793037315555653
1609878.0,0.0011908306043465317,3.428571428571429,True,1,True,1,True,1,True,1,True,2,True,1,True,1,True,1,True,2,True,1,True,1,True,1,True,2,True,1,True,1,True,1,True,2,True,1,True,1,True,1,True,2,True,1,True,1,True,1,True,3,True,2,True,2,True,2,True,3,True,2,True,2,True,2,True,3,True,2,True,2,True,2,True,3,True,2,True,2,True,2,True,3,True,2,True,2,True,2,3.4285714285714284,3.4285714285714284,1.0,1.0,1.0,1.0,1.0,1.0
338309.0,0.9480500148853825,0.9378704869859738,True,7,False,4,False,1,False,1,True,7,False,2,False,1,False,0,True,6,False,2,False,1,False,0,True,6,False,1,False,1,False,0,True,4,False,0,False,0,False,0,False,3,False,0,False,0,False,0,False,3,False,0,False,0,False,0,False,2,False,0,False,0,False,0,False,1,False,0,False,0,False,0,False,1,False,0,False,0,False,0,False,1,False,0,False,0,False,0,0.6409325569410271,0.3413858008605868,0.29632687526550316,0.07286790009687452,0.2711068725833164,0.05219490318491005,0.12039472980590103,0.014135064657773278
664990.0,0.004167907115212861,1.3171400002597162,False,2,False,1,False,1,False,1,False,2,False,1,False,1,False,1,False,2,False,1,False,1,False,1,False,2,False,1,False,1,False,1,False,2,False,1,False,1,False,1,False,2,False,1,False,1,False,1,False,2,False,1,False,1,False,1,False,1,False,1,False,1,False,1,False,1,False,1,False,1,False,1,False,1,False,1,False,1,False,1,False,1,False,1,False,1,False,1,1.0,0.0,1.0,0.0,1.0,0.0,0.6297910110546275,0.0
617662.0,0.9977671926168502,3.3352322573485456,True,7,True,3,True,2,True,2,True,6,True,2,True,2,True,2,True,7,True,3,True,3,True,3,True,7,True,3,True,3,True,3,True,7,True,3,True,3,True,3,True,7,True,3,True,3,True,3,True,10,True,5,True,3,True,1,True,10,True,5,True,3,True,1,True,8,True,4,True,2,True,1,True,8,True,3,True,2,False,0,True,8,True,3,True,2,False,0,2.4393596165923985,1.4278747443261313,0.9762050289415573,0.9762050289415573,0.9432084071645044,0.9432084071645044,0.5151524699882815,0.5151524699882815
120.0,0.9995534385233701,2.9982033248891926,True,7,True,5,True,3,True,3,True,8,True,5,True,3,True,3,True,7,True,5,True,3,True,3,True,7,True,5,True,3,True,3,True,9,True,6,True,3,True,2,True,9,True,6,True,3,True,1,True,8,True,6,True,3,True,1,True,8,True,6,True,3,True,1,True,8,True,5,True,2,True,1,True,8,True,5,True,2,True,1,True,8,True,4,True,2,True,1,2.3707425766700423,1.349957562784122,0.8005711300226576,0.8005711300226576,0.7961070372491214,0.7961070372491214,0.6703354396691126,0.6703354396691126
237979.0,0.059094968740696634,2.9483893319290413,True,6,True,5,True,5,True,4,True,9,True,7,True,7,True,3,True,9,True,7,True,7,True,3,True,10,True,8,True,8,True,3,True,10,True,8,True,8,True,3,True,11,True,8,True,6,False,1,True,11,True,8,True,6,False,1,True,11,True,8,True,5,False,1,True,11,True,7,True,5,False,1,True,10,True,7,True,4,False,1,True,11,True,6,True,2,False,0,2.7631028562866025,1.3110674594789884,0.9949964102688451,0.9949964102688451,0.9949964102688451,0.9949964102688451,0.5679666533290965,0.30147439376196894
619076.0,0.5232211967847573,3.1379511007520877,True,8,True,5,True,4,False,2,True,9,True,5,True,4,False,2,True,9,True,5,True,3,False,2,True,10,True,6,True,4,False,2,True,10,True,6,True,4,False,2,True,9,True,6,True,4,False,2,True,9,True,5,True,3,False,2,True,9,True,5,True,3,False,2,True,9,True,6,False,1,False,1,True,9,True,5,False,1,False,1,True,9,True,4,False,1,False,1,2.2463724225656265,1.3268340933084914,0.8857848620177858,0.7883755114139923,0.6208259224788334,0.4820515085093812,0.6208259224788334,0.01765867429787069
1517683.0,0.00044656147662994937,3.4285714285714284,True,1,True,1,True,1,True,1,True,1,True,1,True,1,True,1,True,1,True,1,True,1,True,1,True,1,True,1,True,1,True,1,True,1,True,1,True,1,True,1,True,1,True,1,True,1,True,1,True,1,True,1,True,1,True,1,True,1,True,1,True,1,True,1,True,1,True,1,True,1,True,1,True,1,True,1,True,1,True,1,True,1,True,1,True,1,True,1,3.4285714285714284,3.428571428571428,1.0,1.0,1.0,1.0,1.0,1.0
290222.0,0.9988091693956535,1.2254358377499286,True,8,True,5,False,1,False,1,True,7,False,2,False,1,False,1,True,6,False,1,False,1,False,1,True,6,False,0,False,0,False,0,True,6,False,0,False,0,False,0,True,4,False,0,False,0,False,0,True,3,False,0,False,0,False,0,False,2,False,0,False,0,False,0,False,2,False,0,False,0,False,0,False,2,False,0,False,0,False,0,False,2,False,0,False,0,False,0,0.9807291866123167,0.40272426249189763,0.24166696172374336,0.12321941716644082,0.20359051157223249,0.001685995223176353,0.20359051157223249,0.0006089082486961728
182151.0,0.9391187853527836,0.5068079649279926,True,6,True,2,True,2,False,0,True,6,True,2,False,1,False,0,True,5,True,1,False,0,False,0,True,2,False,0,False,0,False,0,True,2,False,0,False,0,False,0,False,0,False,0,False,0,False,0,False,0,False,0,False,0,False,0,False,0,False,0,False,0,False,0,False,0,False,0,False,0,False,0,False,0,False,0,False,0,False,0,False,0,False,0,False,0,False,0,0.3477869059048155,0.3477869059048155,0.20815218265888505,0.20815218265888505,0.15487163628900366,0.14195598068195753,0.06736762516578505,0.02396039659457238
252563.0,0.011908306043465317,3.428571428571429,True,7,True,3,True,2,True,2,True,8,True,3,False,2,False,2,True,9,True,4,False,3,False,2,True,7,True,4,False,3,False,2,True,7,True,4,False,3,False,2,True,8,False,3,False,3,False,2,True,7,False,3,False,3,False,2,True,7,False,3,False,3,False,2,True,7,False,3,False,3,False,2,True,6,False,3,False,3,False,2,True,5,False,3,False,3,False,2,3.4285714285714284,0.9132793458605234,1.0,0.33323625066744333,1.0,0.12659798932605187,1.0,0.12659798932605187
1647353.0,0.011015183090205419,3.4285714285714284,True,7,True,3,True,3,True,2,True,7,True,3,True,3,True,1,True,8,True,4,True,3,True,1,True,9,True,5,True,4,True,2,True,9,True,4,True,4,True,2,True,7,True,4,True,4,True,1,True,8,True,5,True,3,False,0,True,8,True,5,False,2,False,0,True,8,True,5,False,2,False,0,True,8,True,5,False,2,False,0,True,8,True,3,False,1,False,0,3.4285714285714284,1.7537012113055181,1.0,1.0,1.0,0.4090529210363143,0.37883865202522726,0.37883865202522726
19288.0,0.03200357249181304,3.428571428571429,True,4,True,2,True,2,True,2,True,3,True,2,True,2,True,2,True,3,True,2,True,2,True,2,True,3,True,2,True,2,True,2,True,3,True,2,True,2,True,2,True,4,True,3,True,2,True,2,True,4,True,3,True,2,True,2,True,4,True,3,True,2,True,2,True,4,True,3,True,2,True,2,True,6,True,3,True,3,False,2,True,7,True,4,True,4,False,1,3.4285714285714284,2.741533921661543,1.6400264285941644,0.7435694545762869,1.0,0.7435694545762869,1.0,0.5025979528094833
8989.0,0.9471568919321226,1.364885869212751,True,9,False,3,False,2,False,1,True,8,False,2,False,1,False,1,True,6,False,2,False,1,False,0,True,6,False,2,False,1,False,0,True,6,False,2,False,1,False,0,False,5,False,2,False,1,False,0,False,4,False,1,False,1,False,0,False,4,False,1,False,1,False,0,False,4,False,1,False,1,False,0,False,2,False,1,False,1,False,0,False,2,False,1,False,1,False,0,0.9915351037603592,0.32708341877693387,0.9902133582313695,0.036631161707608544,0.9854171274435171,0.0011774052038383226,0.1563049177397382,0.00044882985772642903
41990.0,0.9924084548972909,2.543547040061922,True,8,True,3,True,2,True,1,True,6,True,3,True,2,True,1,True,6,True,3,True,2,True,1,True,6,True,3,True,2,True,1,True,5,True,3,True,2,True,1,True,4,True,3,True,2,True,1,True,4,True,3,True,2,True,1,True,4,True,3,True,2,True,1,True,4,True,3,True,2,True,1,True,5,False,2,False,1,False,0,True,3,False,2,False,1,False,0,1.781965492579881,1.175790351243539,0.7932883795585631,0.5485051523452448,0.6171228008472992,0.546485151444961,0.5448685578454846,0.5448685578454846
1806073.0,0.00922893718368562,3.428571428571429,True,9,True,4,True,3,False,2,True,7,True,3,True,3,False,2,True,6,True,3,True,3,False,2,True,6,True,3,True,3,False,2,True,7,True,3,True,2,False,1,True,7,True,3,True,2,False,1,True,7,True,3,True,1,False,0,True,6,True,2,True,1,False,0,True,5,False,1,False,0,False,0,True,4,False,1,False,0,False,0,True,3,False,1,False,0,False,0,3.428571428571429,1.0,1.0,0.48464493518747326,0.47121535181236673,0.47121535181236673,0.35820499203398837,0.04570726283139225
355332.0,0.282226853230128,3.4285714285714293,True,5,True,3,True,3,True,3,True,6,True,3,True,3,True,3,True,6,True,3,True,3,True,3,True,6,True,3,True,3,True,3,True,7,True,3,True,3,True,3,True,7,True,3,True,3,True,3,True,6,True,3,True,3,True,3,True,5,True,3,True,3,True,3,True,5,True,3,True,3,True,3,True,5,True,3,True,3,True,2,True,5,True,3,True,3,True,2,3.428571428571428,3.428571428571428,1.0,1.0,1.0,1.0,1.0,1.0
1682336.0,0.011312890741292051,3.4285714285714284,True,8,True,4,True,3,True,3,True,9,True,5,True,2,False,1,True,8,False,2,False,1,False,1,True,7,False,2,False,1,False,1,True,7,False,2,False,1,False,0,True,6,False,1,False,0,False,0,True,5,False,0,False,0,False,0,True,4,False,0,False,0,False,0,True,3,False,0,False,0,False,0,True,3,False,0,False,0,False,0,True,3,False,0,False,0,False,0,3.4285714285714284,0.7449907533356769,0.3532368837176371,0.18804985838794863,0.3044128646222887,0.18804985838794863,0.28244696893535737,0.14252484974572352
1516753.0,0.0008931229532598987,3.428571428571429,True,1,True,1,True,1,True,1,True,1,True,1,True,1,True,1,True,1,True,1,True,1,True,1,True,1,True,1,True,1,True,1,True,1,True,1,True,1,True,1,True,1,True,1,True,1,True,1,True,2,True,2,True,1,True,1,True,2,True,2,True,1,True,1,True,2,True,2,True,1,True,1,True,2,True,2,True,1,True,1,True,2,True,2,True,1,True,1,3.428571428571429,3.428571428571428,1.0,1.0,1.0,1.0,1.0,1.0
266081.0,0.44983626079190236,3.4285714285714293,True,11,True,4,True,4,True,3,True,10,True,4,True,4,True,3,True,11,True,4,True,3,True,2,True,9,True,4,True,2,True,2,True,9,True,4,True,2,True,2,True,9,True,4,True,2,True,2,True,8,True,4,True,2,True,1,True,9,True,3,True,2,True,1,True,8,True,3,True,2,True,1,True,7,True,3,True,2,True,1,True,7,True,3,True,2,True,1,3.227424819313082,3.227424819313082,1.161306279357141,0.9992000274087144,0.9987292524102249,0.9987292524102249,0.9987292524102249,0.9987292524102249
132509.0,0.9602560285799345,2.9490749884694676,True,9,True,4,True,4,True,3,True,7,True,4,True,4,True,3,True,5,True,4,True,4,False,2,True,5,True,4,True,4,False,2,True,5,True,4,True,4,False,2,True,4,True,4,True,3,False,2,True,4,True,4,False,2,False,2,True,4,True,4,False,2,False,2,True,4,True,4,False,2,False,2,True,4,True,4,False,2,False,2,True,5,True,3,False,1,False,1,2.9113986367958726,0.7961717156444524,0.8623877820942467,0.6803459771327421,0.8591309766897417,0.36028903215695224,0.8363380984008882,0.17521951618393855
1706143.0,0.011164036915748734,3.4285714285714293,True,10,True,5,False,3,False,2,True,11,True,5,False,2,False,1,True,10,True,3,False,2,False,1,True,9,False,2,False,1,False,1,True,8,False,2,False,1,False,1,True,7,False,2,False,1,False,1,False,6,False,1,False,1,False,1,False,6,False,1,False,1,False,1,False,4,False,1,False,1,False,1,False,5,False,1,False,1,False,1,False,5,False,1,False,1,False,1,3.4285714285714293,0.35067054391970665,0.6511251310977432,0.23168176361453674,0.6511251310977432,0.08452882512932638,0.6398129874332872,0.08452882512932638
1818699.0,0.010270913962488836,3.4285714285714293,True,7,True,4,True,3,True,3,True,10,True,3,True,3,True,3,True,13,True,3,True,3,False,0,True,13,True,3,True,3,False,0,True,12,True,2,False,1,False,0,True,11,True,2,False,0,False,0,True,11,True,2,False,0,False,0,True,10,True,2,False,0,False,0,True,9,True,2,False,0,False,0,True,6,True,2,False,0,False,0,True,6,True,2,False,0,False,0,3.4285714285714284,1.1529854345519435,1.0,1.0,0.3091640131685466,0.2575574595144588,0.18786917523517827,0.18786917523517827
1673776.0,0.0461446859184281,3.4285714285714293,True,6,True,4,True,1,False,0,True,5,True,3,True,1,False,0,True,5,True,3,True,1,False,0,True,5,True,3,True,1,False,0,True,5,True,3,True,1,False,0,True,5,True,3,True,1,False,0,True,5,True,3,True,1,False,0,True,5,True,3,True,1,False,0,True,5,True,3,True,1,False,0,True,5,True,3,True,1,False,0,True,5,True,2,True,1,False,0,3.428571428571428,1.8724328156630146,1.93007154496029,0.8311115457622337,0.8311115457622337,0.8311115457622337,0.05844508931941076,0.05844508931941076
1642864.0,0.010419767788032152,3.4285714285714284,True,8,True,6,True,3,True,2,True,9,True,5,True,2,False,1,True,10,True,4,False,1,False,1,True,10,True,3,False,1,False,1,True,10,True,2,False,1,False,1,True,11,True,3,False,1,False,0,True,11,False,1,False,0,False,0,True,10,False,0,False,0,False,0,True,10,False,0,False,0,False,0,True,7,False,0,False,0,False,0,True,6,False,0,False,0,False,0,3.4285714285714284,1.0,0.4273816094096061,0.38089733751663446,0.3876655507689025,0.18221066031992023,0.3075079001852457,0.14762697531842925
625121.0,0.1762429294432867,3.1905978635878665,True,10,True,7,True,4,True,4,True,11,True,8,True,4,False,2,True,11,True,7,True,4,False,1,True,10,True,5,True,4,False,1,True,10,True,5,True,4,False,1,True,10,True,5,True,4,False,0,True,10,True,5,True,3,False,0,True,10,True,5,True,3,False,0,True,10,True,4,True,2,False,0,True,10,True,3,True,2,False,0,True,9,True,3,True,2,False,0,1.6714131827153358,1.406127348590375,0.9626442491181945,0.8008579207886829,0.7707127946442246,0.6031994077573221,0.30539883724603395,0.132137894116805
470862.0,0.8981839833283716,2.40339767060986,True,7,True,4,True,3,True,2,True,10,True,5,True,3,True,2,True,11,True,5,True,2,True,1,True,10,True,3,True,2,True,1,True,11,True,2,True,2,True,1,True,9,True,2,True,1,True,1,True,8,True,1,True,1,True,1,True,7,True,1,True,1,True,1,True,6,True,1,True,1,True,1,True,6,True,1,True,1,True,1,True,5,True,1,True,1,True,1,1.9715416420093306,1.609877285558585,0.9190515079819267,0.9190515079819267,0.9175238608978613,0.9175238608978613,0.8459169697497904,0.8459169697497904
1775317.0,0.009080083358142305,3.428571428571429,True,9,True,3,False,1,False,1,True,7,True,3,False,1,False,1,True,7,True,3,False,1,False,1,True,7,True,3,False,1,False,1,True,6,False,2,False,1,False,1,True,6,False,2,False,1,False,1,True,5,False,1,False,1,False,1,True,3,False,1,False,1,False,1,True,3,False,1,False,1,False,1,True,3,False,1,False,1,False,1,True,3,False,1,False,1,False,1,3.4285714285714284,0.8499487922463967,0.7470751231527093,0.25574112734864296,0.7397305237955791,0.07449106036466627,0.7312050045201691,0.07449106036466627
174909.0,0.9420958618636499,0.5614085575253787,True,9,False,1,False,0,False,0,True,3,False,0,False,0,False,0,True,2,False,0,False,0,False,0,True,1,False,0,False,0,False,0,True,1,False,0,False,0,False,0,False,0,False,0,False,0,False,0,False,0,False,0,False,0,False,0,False,0,False,0,False,0,False,0,False,0,False,0,False,0,False,0,False,0,False,0,False,0,False,0,False,0,False,0,False,0,False,0,0.31104567339199435,0.31104567339199435,0.10398478254402406,0.07301361936180495,0.05580560424663453,0.04787005116746153,0.04312461333072848,0.04312461333072848
89256.0,0.0008931229532598987,3.428571428571429,True,1,True,1,True,1,True,1,True,1,True,1,True,1,True,1,True,1,True,1,True,1,True,1,True,1,True,1,True,1,True,1,True,1,True,1,True,1,True,1,True,1,True,1,True,1,True,1,True,1,True,1,True,1,True,1,True,1,True,1,True,1,True,1,True,1,True,1,True,1,True,1,True,1,True,1,True,1,True,1,True,1,True,1,True,1,True,1,3.428571428571429,3.428571428571429,1.0,1.0,1.0,1.0,1.0,1.0
747868.0,0.641113426615064,3.3117743878565244,True,5,True,4,True,4,True,4,True,7,True,4,True,4,True,4,True,6,True,4,True,4,True,4,True,5,True,4,True,4,True,4,True,4,True,4,True,4,True,4,True,4,True,4,True,4,True,4,True,4,True,4,True,4,True,4,True,4,True,4,True,4,True,4,True,4,True,4,True,4,True,4,True,5,True,5,True,5,True,4,True,6,True,6,True,5,True,3,3.2843714826230417,3.109430733204508,0.9753586352809506,0.9304444382577453,0.9490512368208858,0.9260094004203355,0.939258841267724,0.9260094004203355
261424.0,0.014885382554331646,3.4285714285714293,True,1,True,1,True,1,True,1,True,1,True,1,True,1,True,1,True,1,True,1,True,1,True,1,True,2,True,1,True,1,True,1,True,2,True,1,True,1,True,1,True,2,True,1,True,1,True,1,True,3,True,2,True,2,True,2,True,3,True,2,True,2,True,2,True,3,True,2,True,2,True,1,True,4,True,2,True,1,True,1,True,4,True,2,True,1,True,1,3.428571428571428,3.428571428571428,1.0,1.0,1.0,1.0,1.0,1.0
385558.0,0.21494492408454896,3.3018953759761125,True,10,True,8,True,8,True,1,True,11,True,7,True,5,True,1,True,12,True,7,True,3,False,0,True,12,True,7,True,2,False,0,True,12,True,7,True,2,False,0,True,13,True,5,True,2,False,0,True,13,True,5,True,2,False,0,True,13,True,5,True,2,False,0,True,13,True,4,True,2,False,0,True,11,True,4,True,2,False,0,True,11,True,4,True,1,False,0,2.741802243966934,1.0,1.0,1.0,0.67058499605837,0.67058499605837,0.19524024453260827,0.19524024453260827
810210.0,0.8837451622506698,0.7933862638344741,True,7,False,2,False,2,False,1,True,7,False,1,False,0,False,0,True,7,False,0,False,0,False,0,True,5,False,0,False,0,False,0,False,2,False,0,False,0,False,0,False,2,False,0,False,0,False,0,False,1,False,0,False,0,False,0,False,0,False,0,False,0,False,0,False,0,False,0,False,0,False,0,False,0,False,0,False,0,False,0,False,0,False,0,False,0,False,0,0.42951356468335483,0.27025456959687966,0.16011276372376082,0.09686023716939288,0.1072162176746676,0.059441077464279186,0.10613585712234587,0.005757625006771775
66356.0,0.04286990175647514,1.6626960290047836,True,15,True,3,True,1,False,0,True,12,True,2,True,1,False,0,True,11,True,2,True,1,False,0,True,10,True,2,True,1,False,0,True,9,True,1,True,1,False,0,True,8,True,1,False,0,False,0,True,7,True,1,False,0,False,0,True,7,True,1,False,0,False,0,True,6,False,0,False,0,False,0,True,6,False,0,False,0,False,0,True,6,False,0,False,0,False,0,1.0954856230540335,1.0954856230540335,0.48157867114516634,0.48157867114516634,0.3226177003650349,0.3226177003650349,0.052328969507941074,0.05064233466968084
1772684.0,0.010270913962488836,3.4285714285714284,True,11,True,5,True,3,True,1,True,14,True,4,False,0,False,0,True,13,True,4,False,0,False,0,True,11,False,3,False,0,False,0,True,11,False,3,False,0,False,0,True,9,False,3,False,0,False,0,True,8,False,1,False,0,False,0,True,8,False,1,False,0,False,0,True,7,False,1,False,0,False,0,True,7,False,1,False,0,False,0,True,5,False,1,False,0,False,0,3.4285714285714284,0.7367042675711921,0.7076908541194256,0.24246629200490286,0.14848867946213073,0.14848867946213073,0.14848867946213073,0.14848867946213073
1502881.0,0.004167907115212861,3.4285714285714293,True,2,True,2,True,2,True,2,True,2,True,2,True,2,True,2,True,2,True,2,True,2,True,2,True,2,True,2,True,2,True,2,True,2,True,2,True,2,True,2,True,2,True,2,True,2,True,2,True,2,True,2,True,2,True,2,True,2,True,2,True,2,True,2,True,2,True,2,True,2,True,2,True,3,True,2,True,2,True,2,True,3,True,2,True,2,True,2,3.4285714285714284,1.0,1.5444737152527237,1.0,1.0,1.0,1.0,0.7599705465312703
1563719.0,0.20809764810955642,2.8502640539143935,True,10,True,6,True,4,True,4,True,9,True,6,True,4,True,4,True,9,True,5,True,4,True,4,True,8,True,5,True,4,True,4,True,10,True,6,False,3,False,2,True,11,True,6,False,3,False,0,True,12,True,6,False,2,False,0,True,12,True,6,False,1,False,0,True,12,True,6,False,1,False,0,True,11,True,4,False,1,False,0,True,10,True,4,False,1,False,0,1.8450523269959342,0.9969435497229259,0.7320250770016865,0.6797445845013329,0.680763658951973,0.2736564816402105,0.32498447701086186,0.2736564816402105
1523783.0,0.030812741887466508,3.4285714285714284,True,3,True,3,True,3,True,2,True,4,True,3,True,3,False,1,True,6,True,4,True,3,False,1,True,6,True,4,True,3,False,1,True,6,True,4,True,3,False,1,True,7,True,5,True,4,False,1,True,8,True,5,True,3,False,1,True,8,True,5,True,3,False,1,True,8,True,5,True,3,False,1,True,8,True,4,True,2,False,1,True,9,True,3,True,2,False,1,3.4285714285714284,1.0,1.0,0.9243643139242431,1.0,0.9243643139242431,1.0,0.11639544495617704
1646074.0,0.008931229532598988,3.428571428571429,True,10,True,3,True,3,False,2,True,9,True,3,True,3,False,2,True,9,True,2,True,2,False,1,True,8,True,2,True,2,False,1,True,8,False,1,False,1,False,1,True,6,False,1,False,1,False,1,True,6,False,1,False,1,False,1,True,5,False,1,False,1,False,1,True,4,False,1,False,1,False,1,True,3,False,1,False,1,False,1,True,3,False,1,False,1,False,1,3.428571428571429,0.7668270560256624,1.0,0.27734333608832945,1.0,0.27734333608832945,1.0,0.08776585211295493
1775702.0,0.013992259601071748,3.4285714285714284,True,6,True,5,True,2,True,2,True,7,True,4,True,2,True,1,True,8,True,2,True,1,True,1,True,8,True,1,True,1,True,1,True,8,True,1,True,1,True,1,True,8,True,1,True,1,True,1,True,7,True,1,True,1,True,1,True,6,True,2,True,1,True,1,True,5,True,1,True,1,True,1,True,5,True,1,True,1,True,1,True,5,True,1,True,1,True,1,3.428571428571428,1.738551477752517,0.9339565129038813,0.9339565129038813,0.9339565129038813,0.9339565129038813,0.9339565129038813,0.9339565129038813
1790061.0,0.010419767788032152,3.428571428571429,True,7,True,5,True,3,True,3,True,7,True,4,False,1,False,1,True,8,True,5,False,0,False,0,True,8,True,3,False,0,False,0,True,7,True,2,False,0,False,0,True,7,True,2,False,0,False,0,True,8,True,1,False,0,False,0,True,8,True,1,False,0,False,0,True,8,True,1,False,0,False,0,True,7,True,1,False,0,False,0,True,6,True,1,False,0,False,0,3.4285714285714284,0.8340716131413806,0.8136465710830887,0.8136465710830887,0.18358754751479567,0.13223775626644718,0.18358754751479567,0.12615128603986545
318162.0,0.14319738017267045,3.2308190839770066,False,5,False,4,False,3,False,2,False,5,False,4,False,3,False,2,False,6,False,3,False,3,False,2,False,7,False,3,False,2,False,2,False,7,False,2,False,2,False,2,False,7,False,2,False,1,False,1,False,7,False,2,False,1,False,1,False,7,False,2,False,1,False,1,False,7,False,2,False,1,False,1,False,6,False,2,False,1,False,1,False,5,False,2,False,1,False,1,2.152117175740708,0.0,1.0,0.0,1.0,0.0,0.8065749351599445,0.0
773340.0,0.20125037213456387,1.878725531835622,True,10,True,5,True,2,True,2,True,11,True,4,True,2,True,2,True,11,True,4,True,2,True,2,True,11,True,3,True,2,True,2,True,11,True,3,True,1,True,1,True,10,True,2,True,1,True,1,True,9,True,2,True,1,True,1,True,10,True,2,False,0,False,0,True,7,False,0,False,0,False,0,True,5,False,0,False,0,False,0,True,5,False,0,False,0,False,0,1.0727491357948882,0.86170137661601,0.4961441103905615,0.49605912174626254,0.4123255465087486,0.4123255465087486,0.4123255465087486,0.4123255465087486
802404.0,0.14155998809169396,3.4249357248042513,True,7,True,4,True,4,True,3,True,8,True,5,True,3,True,3,True,9,True,5,True,2,True,2,True,10,True,6,True,3,True,3,True,10,True,5,True,3,True,3,True,9,True,5,True,3,True,3,True,8,True,5,True,3,True,3,True,9,True,5,True,3,True,3,True,8,True,5,True,3,True,3,True,9,True,4,True,3,False,2,True,8,True,4,True,3,False,2,2.613377880831292,2.613377880831292,1.0,0.9953837098394502,0.9953837098394502,0.9953837098394502,0.9322662347823429,0.5272483992386532
649472.0,0.0497171777314677,3.414261575105848,True,6,True,5,True,4,False,2,True,6,True,5,True,4,False,2,True,7,True,6,True,5,False,2,True,7,True,6,True,4,False,2,True,8,True,5,True,4,False,2,True,9,True,6,True,5,False,2,True,9,True,6,True,5,False,2,True,9,True,5,True,5,False,2,True,11,True,6,True,4,False,2,True,11,True,6,True,4,False,2,True,11,True,5,True,4,False,2,3.393031390433165,1.0,1.0,1.0,1.0,1.0,0.7826652495098129,0.0740982125533833
691312.0,0.06832390592438226,3.248357634844435,True,7,True,4,True,4,True,3,True,8,True,5,True,4,True,3,True,9,True,5,True,4,True,3,True,9,True,5,True,5,True,4,True,11,True,4,True,4,True,3,True,11,True,4,True,4,True,3,True,12,True,4,True,4,True,3,True,12,True,4,True,4,True,2,True,12,True,4,True,3,True,2,True,13,True,4,True,3,False,1,True,13,True,4,True,3,False,1,2.0227313552975406,1.884709936352873,1.0,0.9566144387943254,0.8379707566225756,0.6888227845555832,0.750375881526364,0.5061181785254384
1540670.0,0.011461744566835368,3.428571428571429,False,2,False,2,False,2,False,1,False,2,False,2,False,2,False,1,False,2,False,2,False,2,False,1,False,2,False,2,False,2,False,1,False,2,False,2,False,2,False,1,False,2,False,2,False,2,False,1,False,2,False,2,False,2,False,1,False,2,False,2,False,2,False,1,False,2,False,2,False,2,False,1,False,3,False,2,False,1,False,1,False,3,False,2,False,1,False,1,3.428571428571428,0.0,1.0,0.0,1.0,0.0,0.9651597035311128,0.0
273586.0,0.15242631735635606,3.4285714285714293,True,6,True,3,True,3,True,3,True,6,True,3,True,2,True,2,True,7,True,3,True,2,True,2,True,6,True,2,True,2,True,2,True,5,True,2,True,2,False,1,True,5,True,2,False,1,False,1,True,5,True,2,False,1,False,1,True,5,True,2,False,1,False,1,True,5,True,2,False,1,False,1,True,4,True,2,False,1,False,1,True,3,True,2,False,1,False,1,3.4285714285714284,2.556595751990449,1.6463565829467286,1.3170731251832473,1.0,0.31582124708737114,1.0,0.28103238562147204
18683.0,0.9986603155701101,2.9580585208262216,True,5,True,3,False,2,False,1,True,4,True,3,False,2,False,1,True,3,False,2,False,2,False,1,True,3,False,2,False,2,False,1,False,2,False,2,False,2,False,1,False,3,False,3,False,2,False,1,False,3,False,3,False,3,False,1,False,4,False,3,False,2,False,1,False,4,False,2,False,2,False,1,False,4,False,2,False,1,False,1,False,4,False,2,False,1,False,1,2.2409021567720657,0.26374292066118843,1.2849995311967952,0.1609984703043991,0.8349326357522864,0.032290102479755736,0.7513650161878053,0.0003995087453192105
2044888.0,0.04301875558201846,3.4285714285714293,True,5,False,1,False,1,False,0,True,5,False,1,False,1,False,0,True,5,False,1,False,1,False,0,True,2,False,1,False,1,False,0,True,2,False,1,False,1,False,0,True,2,False,1,False,1,False,0,True,2,False,1,False,1,False,0,True,2,False,1,False,1,False,0,True,2,False,1,False,1,False,0,True,2,False,1,False,1,False,0,True,2,False,1,False,1,False,0,3.4285714285714284,1.1176771511000039,1.096931340846522,0.09922087898951858,0.7235779587225787,0.016093853077039217,0.016093853077039217,0.016093853077039217
1806139.0,0.009377791009228937,3.4285714285714284,True,6,True,5,True,5,True,3,True,6,True,6,True,4,True,4,True,6,True,5,True,4,True,4,True,6,True,5,True,4,True,4,True,6,True,4,True,3,True,3,True,7,True,5,True,3,False,2,True,8,True,4,True,2,False,1,True,8,True,4,True,2,False,1,True,7,True,4,True,2,False,0,True,7,True,4,True,2,False,0,True,7,True,3,True,2,False,0,3.4285714285714284,2.180185323437706,1.0,1.0,0.7629000394055839,0.7531826663902136,0.4704005798403397,0.3256393224842245
135165.0,0.10151830902054183,1.2933028891315872,False,4,False,3,False,3,False,2,False,4,False,3,False,3,False,2,False,5,False,4,False,1,False,1,False,5,False,3,False,1,False,1,False,5,False,2,False,1,False,1,False,5,False,2,False,1,False,1,False,5,False,2,False,1,False,1,False,3,False,1,False,1,False,1,False,3,False,1,False,1,False,1,False,3,False,1,False,1,False,1,False,2,False,1,False,1,False,1,1.0,0.0,1.0,0.0,1.0,0.0,0.9634833364489162,0.0
1680797.0,0.011610598392378685,3.4285714285714293,True,7,True,5,True,4,True,3,True,9,True,5,True,4,True,1,True,10,True,5,True,4,False,0,True,12,True,2,True,2,False,0,True,10,True,1,True,1,False,0,True,9,True,1,True,1,False,0,True,8,True,1,True,1,False,0,True,8,True,1,True,1,False,0,True,8,True,1,True,1,False,0,True,6,True,1,True,1,False,0,True,5,True,1,True,1,False,0,3.4285714285714284,1.0,0.8917945109078114,0.8917945109078114,0.6585641497145922,0.6585641497145922,0.1856277125771848,0.1856277125771848
666015.0,0.09973206311402202,1.7851850590809764,True,11,True,5,True,4,True,3,True,11,True,5,True,3,True,2,True,11,True,5,True,3,True,2,True,11,True,4,True,2,False,1,True,11,True,4,True,2,False,0,True,9,True,3,True,2,False,0,True,8,True,3,True,2,False,0,True,7,True,3,True,2,False,0,True,8,True,3,False,1,False,0,True,8,True,1,False,0,False,0,True,7,True,1,False,0,False,0,1.0,1.0,0.9854357955237193,0.9854357955237193,0.5077927942198539,0.4626471865139235,0.2732502645367168,0.2375396079336064
328914.0,0.44403096159571304,0.8714621684993018,True,7,True,2,False,0,False,0,True,6,False,1,False,0,False,0,True,3,False,0,False,0,False,0,False,1,False,0,False,0,False,0,False,1,False,0,False,0,False,0,False,1,False,0,False,0,False,0,False,1,False,0,False,0,False,0,False,1,False,0,False,0,False,0,False,0,False,0,False,0,False,0,False,0,False,0,False,0,False,0,False,0,False,0,False,0,False,0,0.47988886223314353,0.21474551464758812,0.16914119222786758,0.11927905517830696,0.08342434969733113,0.03439184129243617,0.03439184129243617,0.03439184129243617
1385.0,0.22819291455790414,1.8464936773592153,True,13,True,5,True,3,False,2,True,10,True,4,True,3,False,2,True,8,True,3,False,2,False,2,True,9,True,3,False,1,False,0,True,8,True,3,False,0,False,0,True,6,False,2,False,0,False,0,True,6,False,2,False,0,False,0,True,6,False,2,False,0,False,0,True,7,False,1,False,0,False,0,True,5,False,0,False,0,False,0,True,3,False,0,False,0,False,0,1.4817577310861902,0.6282526349892594,0.5494661770739936,0.3075347941271905,0.2639514052948197,0.18188598565953004,0.24739372895859768,0.03645591978272534
805691.0,0.12503721345638583,2.1558091471399874,False,5,False,3,False,3,False,2,False,6,False,3,False,3,False,2,False,6,False,3,False,3,False,1,False,6,False,2,False,2,False,1,False,4,False,2,False,2,False,1,False,4,False,2,False,2,False,1,False,4,False,2,False,2,False,1,False,4,False,2,False,2,False,1,False,3,False,2,False,2,False,1,False,3,False,2,False,2,False,1,False,3,False,2,False,2,False,1,1.2444177196411175,0.0,1.0,0.0,1.0,0.0,0.8897802435569796,0.0
1605.0,0.9998511461744567,1.9510922627707237,True,6,True,3,True,2,True,2,True,4,True,2,True,2,True,1,True,2,True,2,True,2,True,1,True,2,True,2,True,2,True,1,True,2,True,2,True,2,True,1,True,2,True,2,True,2,True,1,True,2,True,2,True,2,True,1,True,2,True,2,True,2,False,0,True,2,True,2,True,2,False,0,True,2,True,2,True,1,False,0,True,2,True,2,True,1,False,0,1.3411126628058068,0.872715504041247,0.8478525338475142,0.8478525338475142,0.7141263664257911,0.7141263664257911,0.4318298635476034,0.4318298635476034
745464.0,0.0028282226853230128,3.4285714285714293,True,3,True,1,True,1,True,1,True,4,True,2,True,2,True,1,True,3,True,2,True,2,True,1,True,3,True,2,True,2,True,1,True,3,True,2,True,1,True,1,True,3,True,2,True,1,True,1,True,3,True,2,True,1,True,1,True,3,True,2,True,1,True,1,True,4,True,1,True,1,True,1,True,4,True,1,True,1,True,1,True,4,True,1,True,1,True,1,3.4285714285714284,1.7455478328311904,1.0,0.98485433407093,1.0,0.98485433407093,1.0,0.98485433407093
1925686.0,0.05031259303364097,3.4285714285714293,True,4,True,3,True,2,True,2,True,5,True,3,True,2,True,2,True,5,True,3,True,2,True,2,True,5,True,3,True,2,True,2,True,5,True,3,True,2,True,2,True,6,True,3,True,2,False,1,True,6,True,3,True,2,False,1,True,6,True,3,True,2,False,1,True,7,True,3,True,2,False,1,True,7,True,3,True,2,False,1,True,8,True,3,True,2,False,0,3.4285714285714275,1.5407989648832492,0.8609007229187461,0.8609007229187461,0.8074266158036519,0.8074266158036519,0.5813360240731877,0.34454811823978626
1563916.0,0.17936885977969633,1.8419944951590455,True,11,True,4,False,1,False,1,True,11,True,3,False,1,False,1,True,10,True,3,False,1,False,1,True,11,True,2,False,0,False,0,True,10,True,2,False,0,False,0,True,9,True,2,False,0,False,0,True,8,True,2,False,0,False,0,True,8,True,2,False,0,False,0,True,3,True,2,False,0,False,0,True,3,True,1,False,0,False,0,True,3,False,0,False,0,False,0,1.0537562054243792,1.0537562054243792,0.5641537108562001,0.5641537108562001,0.22834279876621785,0.08366259367810928,0.22834279876621785,0.03830963569859493
760519.0,0.10806787734444775,3.4235795971508827,True,7,True,5,True,3,True,3,True,7,True,5,True,3,True,2,True,7,True,5,True,3,True,2,True,7,True,5,True,3,True,2,True,7,True,5,True,3,True,2,True,9,True,5,True,3,True,2,True,9,True,5,True,3,True,2,True,9,True,5,True,3,True,2,True,9,True,5,True,3,True,2,True,9,True,5,True,3,True,2,True,9,True,5,True,3,True,2,3.3928819458516224,3.3928819458516224,1.295501565892806,0.9830643304770432,0.9225444186915586,0.9225444186915586,0.832135478017443,0.7409128316125559
56502.0,0.19306341172968144,3.146765759047011,True,9,True,7,True,6,True,3,True,10,True,7,True,6,True,2,True,11,True,6,True,5,True,2,True,9,True,6,True,5,True,2,True,9,True,5,True,5,True,2,True,9,True,5,True,3,True,2,True,8,True,5,True,2,True,2,True,8,True,5,True,2,True,2,True,8,True,5,True,2,True,2,True,9,True,4,True,2,True,2,True,9,True,4,True,2,True,2,2.595251391269122,2.595251391269122,0.9766022934155725,0.9502796144735525,0.9502796144735525,0.9502796144735525,0.8650597420900797,0.8650597420900797
650409.0,0.1926168502530515,3.2381723359095487,True,7,True,4,True,4,True,4,True,8,True,5,True,5,True,5,True,8,True,6,True,6,True,5,True,9,True,7,True,6,True,4,True,10,True,6,True,5,False,1,True,10,True,6,True,5,False,1,True,10,True,6,True,5,False,1,True,10,True,5,True,5,False,1,True,10,True,5,True,4,False,1,True,10,True,3,True,3,False,0,True,10,True,3,True,3,False,0,3.0628794202043346,2.9737550179982453,1.0,1.0,1.0,1.0,0.5196220336598171,0.2834217571690337
491563.0,0.052396546591247393,3.4285714285714293,True,1,True,1,True,1,True,1,True,1,True,1,True,1,True,1,True,1,True,1,True,1,True,1,True,1,True,1,True,1,True,1,True,1,True,1,True,1,True,1,True,1,True,1,True,1,True,1,True,2,True,1,True,1,True,1,True,3,True,1,True,1,True,1,True,4,True,1,True,1,True,1,True,2,True,1,True,1,True,1,True,2,True,1,True,1,True,1,3.4285714285714275,3.4285714285714275,0.9615695029583875,0.9615695029583875,0.9609782339889127,0.9609782339889127,0.7137622350728641,0.7137622350728641
1811974.0,0.010419767788032152,3.428571428571428,True,7,True,4,False,2,False,1,True,10,True,5,False,3,False,2,True,10,True,5,False,3,False,2,True,11,True,4,False,1,False,1,True,10,True,3,False,1,False,1,True,8,False,2,False,1,False,1,True,8,False,2,False,0,False,0,True,8,False,2,False,0,False,0,True,7,False,2,False,0,False,0,True,8,False,1,False,0,False,0,True,8,False,1,False,0,False,0,3.428571428571428,0.9876547972686237,1.0,0.3392777316559168,0.38983212234852926,0.07507852269034998,0.38983212234852926,0.07507852269034998
1604386.0,0.04316760940756177,3.412087330057693,True,11,True,6,True,3,True,3,True,11,True,5,True,3,True,3,True,10,True,4,True,3,True,2,True,9,True,4,True,3,False,1,True,9,True,4,True,3,False,1,True,8,True,4,True,3,False,1,True,9,True,4,True,2,False,1,True,9,True,3,True,2,False,1,True,7,True,2,True,2,False,1,True,6,True,2,True,2,False,1,True,6,True,2,True,2,False,1,3.134102403953439,3.134102403953439,0.9998644072679584,0.993019547587537,0.9953358784213444,0.993019547587537,0.8537423267854013,0.21413087767908076
1777285.0,0.008931229532598988,3.4285714285714293,True,9,True,5,True,2,True,1,True,9,True,5,True,2,True,1,True,10,True,4,True,1,True,1,True,9,True,4,True,1,True,1,True,9,True,3,True,1,True,1,True,9,True,2,True,1,True,1,True,7,True,2,True,1,True,1,True,7,True,2,True,1,True,1,True,7,True,2,True,1,True,1,True,7,True,2,True,1,True,1,True,6,True,2,True,1,True,1,3.4285714285714293,2.187531814234811,1.0,1.0,1.0,1.0,1.0,1.0
635778.0,0.14870497171777314,2.6229396449792084,True,12,True,6,True,3,True,2,True,13,True,6,True,2,True,1,True,12,True,5,False,1,False,0,True,12,True,5,False,1,False,0,True,11,True,5,False,1,False,0,True,11,True,3,False,1,False,0,True,10,True,3,False,1,False,0,True,9,True,3,False,1,False,0,True,6,True,3,False,1,False,0,True,6,False,2,False,0,False,0,True,6,False,2,False,0,False,0,1.0889431166743488,0.9228434663396832,0.6425359782989182,0.507036191161352,0.5331377312715913,0.18626731269967864,0.18626731269967864,0.18626731269967864
206936.0,0.04584697826734147,3.406920530789602,True,5,True,4,True,4,True,3,True,5,True,4,True,4,True,3,True,6,True,4,True,4,True,3,True,5,True,4,True,4,True,3,True,6,True,4,True,3,True,3,True,7,True,5,True,4,True,4,True,8,True,6,True,4,True,3,True,8,True,6,True,4,True,3,True,8,True,6,True,4,True,3,True,8,True,6,True,4,True,3,True,8,True,6,True,4,True,2,3.206067516516206,1.0,0.9575083757001611,0.7656749110524055,0.7758289305163034,0.7323997707867003,0.7323997707867003,0.7323997707867003
728704.0,0.1673116999106877,3.428571428571429,True,7,True,6,False,4,False,4,True,9,True,6,False,4,False,2,True,9,True,6,False,3,False,2,True,9,True,6,False,3,False,2,True,9,True,5,False,3,False,2,True,9,True,5,False,3,False,2,True,9,True,5,False,3,False,2,True,9,True,5,False,3,False,2,True,8,True,5,False,3,False,2,True,8,True,5,False,3,False,1,True,7,True,5,False,2,False,1,3.4285714285714284,1.0,1.0,1.0,1.0,0.09543931400056846,1.0,0.05038933820138275
527202.0,0.15138434057755285,3.141929336431437,True,8,True,5,True,5,True,4,True,8,True,5,True,5,True,4,True,8,True,5,True,5,True,3,True,10,True,6,True,5,True,2,True,10,True,6,True,5,True,2,True,11,True,6,True,5,True,2,True,12,True,7,True,5,True,2,True,12,True,7,True,5,True,2,True,13,True,6,True,4,False,0,True,13,True,6,True,4,False,0,True,13,True,6,True,2,False,0,2.545513472237841,1.4267823321693096,0.9808097106337982,0.9808097106337982,0.9654061392538299,0.9654061392538299,0.47321457489832675,0.47321457489832675
840480.0,0.06787734444775231,2.9093887953397357,True,10,True,6,True,3,True,3,True,10,True,5,True,3,True,3,True,9,True,5,True,3,True,2,True,10,True,4,True,3,True,2,True,10,True,5,True,3,False,1,True,9,True,5,True,3,False,0,True,8,True,5,True,3,False,0,True,7,True,5,True,1,False,0,True,7,True,5,True,1,False,0,True,7,True,5,True,1,False,0,True,7,True,4,True,1,False,0,2.2584841438344623,2.2584841438344623,0.9548971255388435,0.9548971255388435,0.7971225836282478,0.7971225836282478,0.3059322866089841,0.2967839664413889
355960.0,0.011759452217922,2.655631733594515,True,7,True,5,True,3,True,2,True,11,True,4,True,2,False,0,True,9,True,2,True,2,False,0,True,9,False,1,False,1,False,0,True,7,False,0,False,0,False,0,True,5,False,0,False,0,False,0,True,5,False,0,False,0,False,0,True,4,False,0,False,0,False,0,True,4,False,0,False,0,False,0,True,3,False,0,False,0,False,0,True,3,False,0,False,0,False,0,1.2985589358295357,1.0,0.2529886954781913,0.2052702649032925,0.2529886954781913,0.2052702649032925,0.14736660929432008,0.11280610933656415
52940.0,0.22700208395355762,1.1959015044463739,True,11,True,6,True,3,True,1,True,12,True,5,True,1,True,1,True,10,True,3,True,1,True,1,True,8,True,2,True,1,False,0,True,8,True,2,True,1,False,0,True,7,True,2,False,0,False,0,True,7,True,2,False,0,False,0,True,6,True,2,False,0,False,0,True,3,False,1,False,0,False,0,True,3,False,1,False,0,False,0,True,3,False,1,False,0,False,0,0.9574420424865461,0.7155508921014906,0.93686771039886,0.4501628742122533,0.3458201382877304,0.3458201382877304,0.20595550483423386,0.20595550483423386
296975.0,0.1256326287585591,2.7477505105461457,False,6,False,3,False,2,False,1,False,6,False,3,False,1,False,0,False,6,False,3,False,1,False,0,False,6,False,3,False,1,False,0,False,6,False,3,False,1,False,0,False,6,False,3,False,1,False,0,False,6,False,2,False,1,False,0,False,5,False,2,False,1,False,0,False,5,False,2,False,1,False,0,False,4,False,2,False,1,False,0,False,4,False,2,False,1,False,0,1.6086805614193955,0.0,1.0,0.0,1.0,0.0,0.13173986277392263,0.0
508170.0,0.1545102709139625,3.215226847470562,True,7,True,7,True,6,True,4,True,8,True,7,True,6,True,3,True,9,True,7,True,4,True,3,True,9,True,7,True,4,True,3,True,8,True,6,True,4,True,3,True,9,True,5,True,3,False,2,True,9,True,5,True,3,False,2,True,8,True,3,True,3,False,2,True,8,True,3,True,3,False,1,True,8,True,3,True,2,False,1,True,9,True,3,True,2,False,1,2.5725265794050935,2.5725265794050935,0.9978190390541128,0.9978190390541128,0.7048406013521893,0.6028263878763712,0.7028591449859393,0.3001549634311684
591764.0,0.0007442691277165823,3.4285714285714284,True,1,True,1,True,1,True,1,True,1,True,1,True,1,True,1,True,1,True,1,True,1,True,1,True,1,True,1,True,1,True,1,True,1,True,1,True,1,True,1,True,1,True,1,True,1,True,1,True,1,True,1,True,1,True,1,True,1,True,1,True,1,True,1,True,1,True,1,True,1,True,1,True,1,True,1,True,1,True,1,True,1,True,1,True,1,True,1,3.4285714285714284,1.066731213692298,1.0,1.0,1.0,1.0,1.0,1.0
129579.0,0.02977076510866329,3.428571428571429,True,4,True,3,True,2,True,2,True,4,True,3,True,2,True,2,True,4,True,3,True,2,True,2,True,4,True,3,True,2,True,2,True,4,True,3,True,2,True,2,True,4,True,4,True,2,True,2,True,4,True,4,True,2,True,2,True,4,True,4,True,2,True,2,True,4,True,4,True,2,True,2,True,4,True,2,True,2,True,2,True,4,True,2,True,2,True,2,3.428571428571429,3.4285714285714284,1.0,1.0,1.0,1.0,1.0,1.0
1757983.0,0.013099136647811848,3.428571428571429,True,9,True,5,True,3,True,2,True,9,True,5,True,3,True,2,True,10,True,5,True,2,True,2,True,10,False,3,False,1,False,1,True,11,False,3,False,1,False,0,True,10,False,2,False,1,False,0,True,10,False,1,False,0,False,0,True,11,False,0,False,0,False,0,True,9,False,0,False,0,False,0,True,8,False,0,False,0,False,0,True,7,False,0,False,0,False,0,3.4285714285714284,1.0,0.4489853781036089,0.2393114936146586,0.38190928545331176,0.20792154942936703,0.27821770476303037,0.20792154942936703
1790878.0,0.011759452217922,3.4285714285714284,True,10,True,5,False,3,False,1,True,9,True,4,False,1,False,0,True,8,True,4,False,1,False,0,True,8,True,3,False,1,False,0,True,8,True,3,False,1,False,0,True,6,True,3,False,1,False,0,True,6,True,3,False,1,False,0,True,5,True,3,False,1,False,0,True,5,True,3,False,1,False,0,True,5,True,3,False,1,False,0,True,5,True,3,False,1,False,0,3.4285714285714284,1.257632546967288,1.0,1.0,0.8548457667906366,0.06765301737368773,0.10131067352314062,0.06765301737368773
343418.0,0.1122357844596606,1.8020889564546003,False,5,False,4,False,3,False,2,False,5,False,4,False,3,False,2,False,6,False,3,False,3,False,2,False,5,False,3,False,2,False,1,False,5,False,2,False,1,False,1,False,5,False,2,False,1,False,1,False,5,False,2,False,1,False,1,False,5,False,1,False,1,False,1,False,4,False,1,False,1,False,1,False,4,False,1,False,1,False,1,False,4,False,1,False,1,False,1,1.097122179555671,0.0,1.0,0.0,1.0,0.0,0.9900815342561865,0.0
1784351.0,0.01012206013694552,3.428571428571429,True,11,True,6,False,2,False,1,True,9,True,6,False,1,False,1,True,10,True,7,False,0,False,0,True,10,False,6,False,0,False,0,True,11,False,3,False,0,False,0,True,11,False,3,False,0,False,0,True,10,False,3,False,0,False,0,True,9,False,1,False,0,False,0,True,9,False,1,False,0,False,0,True,7,False,1,False,0,False,0,True,5,False,0,False,0,False,0,3.428571428571428,1.0,0.5593066727087346,0.21697147972886557,0.16932684017988212,0.0642006519858958,0.16469000915206577,0.0642006519858958
1772016.0,0.008633521881512354,3.428571428571429,True,8,True,6,True,3,False,1,True,8,True,5,True,2,False,1,True,9,True,6,True,3,False,1,True,8,True,5,False,1,False,1,True,7,True,5,False,1,False,1,True,9,True,4,False,0,False,0,True,8,True,4,False,0,False,0,True,8,True,4,False,0,False,0,True,8,True,3,False,0,False,0,True,8,True,3,False,0,False,0,True,8,True,2,False,0,False,0,3.428571428571429,1.3855614658947308,1.0,1.0,0.3262613422171567,0.2041179461108287,0.3193346315369637,0.09370162144544943
1951628.0,0.5297707651086633,3.4285714285714293,True,9,True,2,True,2,False,1,True,8,False,1,False,0,False,0,True,5,False,1,False,0,False,0,True,5,False,1,False,0,False,0,True,3,False,1,False,0,False,0,True,2,False,1,False,0,False,0,False,1,False,1,False,0,False,0,False,1,False,1,False,0,False,0,False,1,False,1,False,0,False,0,False,1,False,1,False,0,False,0,False,1,False,1,False,0,False,0,3.428571428571428,0.3500646561715622,1.2820150153603,0.12821180643877617,0.12821180643877617,0.12821180643877617,0.10414977466483687,0.006444647650848476
715837.0,0.19291455790413814,3.299656902532296,True,11,True,8,True,4,True,4,True,11,True,8,True,4,True,3,True,11,True,6,True,4,True,3,True,12,True,6,False,3,False,1,True,11,False,5,False,3,False,1,True,10,False,4,False,2,False,1,True,12,False,3,False,2,False,0,True,10,False,3,False,2,False,0,True,11,False,3,False,1,False,0,True,9,False,2,False,0,False,0,True,9,False,1,False,0,False,0,2.4154764552242862,0.838454102736569,0.7108734259537522,0.2930666486269335,0.5121042992152455,0.24679187176691325,0.38493122109877087,0.24679187176691325
