id_institution_subnet,ratio_active,max_rel_dev,t10p7_d,t10p7_n,t10p14_d,t10p14_n,t10p21_d,t10p21_n,t10p28_d,t10p28_n,t15p7_d,t15p7_n,t15p14_d,t15p14_n,t15p21_d,t15p21_n,t15p28_d,t15p28_n,t20p7_d,t20p7_n,t20p14_d,t20p14_n,t20p21_d,t20p21_n,t20p28_d,t20p28_n,t25p7_d,t25p7_n,t25p14_d,t25p14_n,t25p21_d,t25p21_n,t25p28_d,t25p28_n,t30p7_d,t30p7_n,t30p14_d,t30p14_n,t30p21_d,t30p21_n,t30p28_d,t30p28_n,t35p7_d,t35p7_n,t35p14_d,t35p14_n,t35p21_d,t35p21_n,t35p28_d,t35p28_n,t40p7_d,t40p7_n,t40p14_d,t40p14_n,t40p21_d,t40p21_n,t40p28_d,t40p28_n,t45p7_d,t45p7_n,t45p14_d,t45p14_n,t45p21_d,t45p21_n,t45p28_d,t45p28_n,t50p7_d,t50p7_n,t50p14_d,t50p14_n,t50p21_d,t50p21_n,t50p28_d,t50p28_n,t55p7_d,t55p7_n,t55p14_d,t55p14_n,t55p21_d,t55p21_n,t55p28_d,t55p28_n,t60p7_d,t60p7_n,t60p14_d,t60p14_n,t60p21_d,t60p21_n,t60p28_d,t60p28_n,S_p7,S_p7_test,S_p14,S_p14_test,S_p21,S_p21_test,S_p28,S_p28_test
285.0,0.9997022923489134,0.5937132915912207,True,7,True,2,False,0,False,0,True,3,True,2,False,0,False,0,True,3,False,0,False,0,False,0,True,2,False,0,False,0,False,0,True,2,False,0,False,0,False,0,True,2,False,0,False,0,False,0,True,1,False,0,False,0,False,0,False,0,False,0,False,0,False,0,False,0,False,0,False,0,False,0,False,0,False,0,False,0,False,0,False,0,False,0,False,0,False,0,0.4485291437056533,0.4485291437056533,0.1665444603046921,0.1665444603046921,0.014016652376387741,0.008220884848387273,0.008220884848387273,0.008220884848387273
477.0,0.9998511461744567,0.9549766678919409,True,8,True,4,True,1,False,0,True,6,True,3,False,0,False,0,True,6,True,3,False,0,False,0,True,4,True,2,False,0,False,0,True,4,True,2,False,0,False,0,True,4,False,0,False,0,False,0,True,4,False,0,False,0,False,0,True,3,False,0,False,0,False,0,True,2,False,0,False,0,False,0,True,2,False,0,False,0,False,0,True,2,False,0,False,0,False,0,0.749365488512812,0.6817302328815855,0.3328160230230161,0.3237801796094772,0.13651459025328272,0.13651459025328272,0.010344396155489544,0.010344396155489544
152.0,0.9998511461744567,0.5408491109468042,True,5,False,2,False,0,False,0,True,5,False,0,False,0,False,0,True,2,False,0,False,0,False,0,True,2,False,0,False,0,False,0,True,2,False,0,False,0,False,0,True,1,False,0,False,0,False,0,True,1,False,0,False,0,False,0,False,0,False,0,False,0,False,0,False,0,False,0,False,0,False,0,False,0,False,0,False,0,False,0,False,0,False,0,False,0,False,0,0.4224079047690773,0.4224079047690773,0.13579253734093258,0.09330613770941197,0.014946662721011179,0.005719196463923249,0.005719196463923249,0.005719196463923249
420.0,0.9998511461744567,1.3870585376533222,True,8,True,3,True,2,True,1,True,7,True,3,True,2,True,1,True,6,True,3,True,2,True,1,True,6,True,3,True,2,True,1,True,6,True,3,True,1,False,0,True,6,False,0,False,0,False,0,True,5,False,0,False,0,False,0,True,4,False,0,False,0,False,0,True,2,False,0,False,0,False,0,True,2,False,0,False,0,False,0,False,1,False,0,False,0,False,0,0.7076349874651506,0.5957144920219408,0.3490803768121842,0.3004297856942212,0.3004297856942212,0.3004297856942212,0.2683619321885652,0.2683619321885652
421.0,0.9409050312593034,0.9992249416068345,True,15,True,2,False,0,False,0,True,12,True,2,False,0,False,0,True,9,True,1,False,0,False,0,True,7,True,1,False,0,False,0,True,5,True,1,False,0,False,0,True,4,True,1,False,0,False,0,True,3,True,1,False,0,False,0,True,2,True,1,False,0,False,0,True,2,False,0,False,0,False,0,True,2,False,0,False,0,False,0,True,2,False,0,False,0,False,0,0.8800085061227003,0.8800085061227003,0.48521461099608915,0.48521461099608915,0.05511964898473161,0.026907636664522304,0.05511964898473161,0.006370098655294967
502.0,0.9998511461744567,0.9845562032735405,True,13,True,4,False,0,False,0,True,12,True,1,False,0,False,0,True,9,False,0,False,0,False,0,True,7,False,0,False,0,False,0,True,7,False,0,False,0,False,0,True,4,False,0,False,0,False,0,True,4,False,0,False,0,False,0,True,4,False,0,False,0,False,0,True,4,False,0,False,0,False,0,False,3,False,0,False,0,False,0,False,1,False,0,False,0,False,0,0.6874089686965997,0.5060627500807475,0.17367827176210643,0.17367827176210643,0.06742388723119723,0.049899904032845784,0.03877646725871178,0.026754839752876562
239.0,0.9998511461744567,0.3971506888317784,True,4,True,1,True,1,False,0,True,3,True,1,True,1,False,0,True,2,False,0,False,0,False,0,True,2,False,0,False,0,False,0,True,1,False,0,False,0,False,0,False,0,False,0,False,0,False,0,False,0,False,0,False,0,False,0,False,0,False,0,False,0,False,0,False,0,False,0,False,0,False,0,False,0,False,0,False,0,False,0,False,0,False,0,False,0,False,0,0.33980411141467703,0.33980411141467703,0.17598193330019432,0.17598193330019432,0.16825390853260697,0.16825390853260697,0.05684461176484241,0.05684461176484241
278.0,0.9997022923489134,0.4242742472606517,True,8,True,3,True,1,False,0,True,4,False,1,False,0,False,0,True,2,False,1,False,0,False,0,True,2,False,0,False,0,False,0,True,1,False,0,False,0,False,0,True,1,False,0,False,0,False,0,False,0,False,0,False,0,False,0,False,0,False,0,False,0,False,0,False,0,False,0,False,0,False,0,False,0,False,0,False,0,False,0,False,0,False,0,False,0,False,0,0.3604885207515011,0.3604885207515011,0.21473029286002407,0.14256236570032468,0.10456093374458661,0.10456093374458661,0.018196350225366278,0.018196350225366278
18.0,0.5254540041679071,3.428571428571429,True,9,True,5,False,2,False,2,True,9,True,3,False,2,False,2,True,8,False,2,False,2,False,2,True,8,False,2,False,2,False,2,True,6,False,2,False,2,False,2,True,5,False,2,False,2,False,2,False,3,False,2,False,2,False,2,False,3,False,2,False,2,False,1,False,3,False,2,False,2,False,1,False,2,False,2,False,2,False,1,False,2,False,2,False,2,False,1,3.428571428571428,0.3561965097214546,1.6234934648654946,0.16142102522872068,0.8731063891843236,0.05178207200407651,0.83725192912584,0.004906565188346164
170.0,0.9998511461744567,0.40318310912199484,True,7,True,4,True,2,False,0,True,5,True,2,False,0,False,0,True,5,False,0,False,0,False,0,True,1,False,0,False,0,False,0,True,1,False,0,False,0,False,0,False,0,False,0,False,0,False,0,False,0,False,0,False,0,False,0,False,0,False,0,False,0,False,0,False,0,False,0,False,0,False,0,False,0,False,0,False,0,False,0,False,0,False,0,False,0,False,0,0.3085830285812072,0.3085830285812072,0.17263575580036436,0.1586490477342946,0.11808689583379964,0.11808689583379964,0.019205789487269916,0.007960634660982985
545.0,0.13426615064007144,1.0,False,1,False,1,False,1,False,1,False,1,False,1,False,1,False,1,False,1,False,1,False,1,False,1,False,1,False,1,False,1,False,1,False,1,False,1,False,1,False,1,False,1,False,1,False,1,False,1,False,1,False,1,False,1,False,1,False,1,False,1,False,1,False,1,False,1,False,1,False,1,False,0,False,1,False,1,False,1,False,0,False,1,False,1,False,1,False,0,1.0,0.0,1.0,0.0,1.0,0.0,0.4858563916018548,0.0
433.0,0.9998511461744567,1.1698109951702997,True,10,True,4,False,1,False,0,True,7,True,4,False,0,False,0,True,6,False,3,False,0,False,0,True,6,False,2,False,0,False,0,True,5,False,1,False,0,False,0,True,3,False,1,False,0,False,0,True,3,False,1,False,0,False,0,True,3,False,0,False,0,False,0,True,3,False,0,False,0,False,0,True,3,False,0,False,0,False,0,True,3,False,0,False,0,False,0,0.8578356342134729,0.8578356342134729,0.40708542624859606,0.18417932708065007,0.1381551578765906,0.04210096915589392,0.01624073563641712,0.0008471870657076215
543.0,0.8200357249181304,3.4285714285714293,True,11,True,5,False,1,False,1,True,8,True,5,False,1,False,1,True,6,True,4,False,1,False,1,True,5,True,4,False,1,False,1,True,5,True,3,False,1,False,1,True,5,True,3,False,1,False,1,True,3,True,3,False,1,False,1,True,3,True,2,False,1,False,1,True,3,True,2,False,1,False,1,True,3,True,2,False,1,False,1,True,3,True,2,False,1,False,1,3.428571428571428,1.4466711373786596,1.24601352546635,0.8154389936563455,1.0873581808424653,0.06897494836152311,0.6345383810063819,0.011988663925366051
546.0,0.349955343852337,1.467220154594904,True,4,True,1,True,1,True,1,True,5,True,2,True,2,False,1,True,3,True,2,True,2,False,1,True,3,True,2,True,2,False,1,True,4,True,2,True,2,False,1,True,4,True,2,True,2,False,1,True,4,True,2,True,2,False,1,True,4,True,2,True,2,False,1,True,4,True,2,True,2,False,1,True,4,True,2,True,2,False,1,True,4,True,2,True,2,False,0,1.0,1.0,1.0,1.0,1.0,1.0,0.5653439153439154,0.12676056338028158
76.0,0.6155105686216136,0.8839855544695709,True,11,True,3,True,2,False,0,True,11,True,3,True,1,False,0,True,7,True,1,True,1,False,0,True,5,True,1,True,1,False,0,True,3,True,1,False,0,False,0,True,2,True,1,False,0,False,0,True,2,True,1,False,0,False,0,True,1,True,1,False,0,False,0,True,1,True,1,False,0,False,0,True,1,True,1,False,0,False,0,False,0,False,0,False,0,False,0,0.5875791406428641,0.5875791406428641,0.563342952419611,0.563342952419611,0.29109090953636907,0.29109090953636907,0.023148532842180488,0.023148532842180488
205.0,0.9998511461744567,0.5693083839797648,True,7,False,1,False,0,False,0,True,6,False,0,False,0,False,0,True,5,False,0,False,0,False,0,True,3,False,0,False,0,False,0,True,3,False,0,False,0,False,0,True,2,False,0,False,0,False,0,False,0,False,0,False,0,False,0,False,0,False,0,False,0,False,0,False,0,False,0,False,0,False,0,False,0,False,0,False,0,False,0,False,0,False,0,False,0,False,0,0.371252565314375,0.3679605616779525,0.14149926485242018,0.027209350171744192,0.012885010701729992,0.004274490755707425,0.012885010701729992,0.0019603471300210515
492.0,0.06445370646025603,1.1519018404461108,False,7,False,3,False,2,False,1,False,6,False,3,False,2,False,1,False,5,False,3,False,2,False,1,False,5,False,2,False,2,False,1,False,5,False,2,False,2,False,1,False,4,False,2,False,2,False,0,False,3,False,2,False,1,False,0,False,4,False,1,False,1,False,0,False,2,False,1,False,1,False,0,False,1,False,1,False,1,False,0,False,1,False,1,False,1,False,0,1.0,0.0,1.0,0.0,1.0,0.0,0.3046992506034237,0.0
356.0,0.9998511461744567,0.5327324600966454,True,7,True,2,False,0,False,0,True,5,True,2,False,0,False,0,True,3,True,1,False,0,False,0,True,2,False,0,False,0,False,0,True,2,False,0,False,0,False,0,True,2,False,0,False,0,False,0,True,1,False,0,False,0,False,0,True,1,False,0,False,0,False,0,False,0,False,0,False,0,False,0,False,0,False,0,False,0,False,0,False,0,False,0,False,0,False,0,0.49010728771036693,0.49010728771036693,0.21921235102084113,0.21921235102084113,0.07995804763425944,0.07995804763425944,0.034773984291017884,0.034773984291017884
150.0,0.9992557308722834,0.7970030199349785,True,7,True,1,False,0,False,0,True,7,True,1,False,0,False,0,True,5,False,0,False,0,False,0,True,3,False,0,False,0,False,0,True,2,False,0,False,0,False,0,True,2,False,0,False,0,False,0,True,2,False,0,False,0,False,0,True,1,False,0,False,0,False,0,True,1,False,0,False,0,False,0,True,1,False,0,False,0,False,0,False,0,False,0,False,0,False,0,0.5655662745667714,0.5655662745667714,0.17185585349756557,0.17185585349756557,0.018297688158489887,0.011431838405808987,0.006312764655547311,0.001333270454197228
219.0,0.9697826734147068,0.3700130044129144,True,10,True,1,False,0,False,0,True,3,False,0,False,0,False,0,False,1,False,0,False,0,False,0,False,1,False,0,False,0,False,0,False,0,False,0,False,0,False,0,False,0,False,0,False,0,False,0,False,0,False,0,False,0,False,0,False,0,False,0,False,0,False,0,False,0,False,0,False,0,False,0,False,0,False,0,False,0,False,0,False,0,False,0,False,0,False,0,0.2568907809740799,0.16360353369622907,0.11761133989909238,0.11761133989909238,0.08676328431218214,0.08676328431218214,0.074922205046181,0.074922205046181
199.0,0.9682941351592735,0.7414532757466379,True,9,True,3,False,1,False,0,True,7,False,1,False,1,False,0,True,5,False,1,False,1,False,0,True,4,False,1,False,1,False,0,True,2,False,1,False,1,False,0,False,1,False,1,False,1,False,0,False,1,False,1,False,1,False,0,False,1,False,1,False,1,False,0,False,1,False,1,False,1,False,0,False,1,False,1,False,1,False,0,False,1,False,1,False,1,False,0,0.7137589316263353,0.331632264306428,0.6603463722885446,0.1345098751443457,0.6603463722885446,0.011646414542733803,0.0044404022909177296,0.0006716118192770928
513.0,0.2514141113426615,1.8306718766333716,True,11,True,5,True,4,False,1,True,10,True,4,True,3,False,1,True,11,True,4,True,3,False,0,True,9,True,4,True,2,False,0,True,9,True,4,True,2,False,0,True,10,True,3,True,1,False,0,True,8,True,2,True,1,False,0,True,7,True,2,False,0,False,0,True,3,True,2,False,0,False,0,True,3,True,2,False,0,False,0,True,2,True,2,False,0,False,0,1.2982385051623917,1.2982385051623917,0.716045979512194,0.716045979512194,0.41685818659895724,0.41685818659895724,0.18221707274708268,0.014755146330555836
397.0,0.9998511461744567,0.8743985084916912,True,11,True,3,False,1,False,1,True,10,True,3,False,1,False,0,True,9,True,2,False,0,False,0,True,5,False,0,False,0,False,0,True,4,False,0,False,0,False,0,True,3,False,0,False,0,False,0,True,2,False,0,False,0,False,0,True,1,False,0,False,0,False,0,True,1,False,0,False,0,False,0,False,0,False,0,False,0,False,0,False,0,False,0,False,0,False,0,0.5161680333666312,0.5161680333666312,0.24248505410281032,0.2335761902420907,0.16728216767711512,0.018680662234660434,0.11792583619117246,0.018680662234660434
181.0,0.9998511461744567,0.7376725517208415,True,7,True,3,False,0,False,0,True,5,True,2,False,0,False,0,True,4,True,2,False,0,False,0,True,4,False,0,False,0,False,0,True,3,False,0,False,0,False,0,True,3,False,0,False,0,False,0,True,3,False,0,False,0,False,0,True,2,False,0,False,0,False,0,False,1,False,0,False,0,False,0,False,0,False,0,False,0,False,0,False,0,False,0,False,0,False,0,0.5365328377729005,0.45145615369411535,0.21725479245866597,0.21725479245866597,0.0639161798237618,0.0639161798237618,0.015854203220794415,0.004758999586014283
268.0,0.9998511461744567,1.1435734847179948,True,10,True,3,False,1,False,0,True,8,True,3,False,0,False,0,True,7,True,3,False,0,False,0,True,6,True,3,False,0,False,0,True,6,True,2,False,0,False,0,True,5,True,2,False,0,False,0,True,3,True,2,False,0,False,0,True,3,True,1,False,0,False,0,True,3,True,1,False,0,False,0,True,3,False,0,False,0,False,0,True,3,False,0,False,0,False,0,0.888992519656534,0.8314082956729497,0.5340380235080542,0.5340380235080542,0.12432057025624833,0.01337702706438878,0.01337702706438878,0.01337702706438878
501.0,0.9998511461744567,0.9796886507185134,True,10,True,6,False,1,False,0,True,9,True,5,False,1,False,0,True,8,True,4,False,0,False,0,True,7,True,2,False,0,False,0,True,5,True,1,False,0,False,0,True,3,True,1,False,0,False,0,True,3,True,1,False,0,False,0,True,3,True,1,False,0,False,0,True,3,True,1,False,0,False,0,True,2,False,0,False,0,False,0,True,2,False,0,False,0,False,0,0.8003578467726963,0.7531784645765809,0.5188316019373794,0.5188316019373794,0.15657602200897652,0.008982327709603735,0.028085354776394025,0.008982327709603735
3.0,0.9788627567728491,1.9560129377841107,True,11,True,4,True,2,True,2,True,10,True,3,True,2,True,2,True,8,True,3,True,2,True,2,True,8,True,3,True,2,False,1,True,8,True,3,True,2,False,1,True,6,True,3,True,2,False,1,True,6,True,3,False,0,False,0,True,5,False,0,False,0,False,0,True,5,False,0,False,0,False,0,True,3,False,0,False,0,False,0,True,2,False,0,False,0,False,0,1.7097157958745015,1.7097157958745015,0.4465976831884768,0.4465976831884768,0.3637320448495858,0.35472630058364485,0.3637320448495858,0.2201994029349262
60.0,0.9998511461744567,2.7510726235353786,True,10,True,4,False,1,False,0,True,7,False,2,False,1,False,0,True,6,False,2,False,1,False,0,True,5,False,1,False,1,False,0,False,2,False,1,False,1,False,0,False,2,False,1,False,1,False,0,False,2,False,1,False,1,False,0,False,1,False,1,False,0,False,0,False,1,False,1,False,0,False,0,False,1,False,1,False,0,False,0,False,1,False,1,False,0,False,0,2.0163583134641843,0.2823935578515005,1.0018658941695728,0.1114247765375613,0.4406281009611129,0.00826018197790012,0.05543710282559787,0.002926487509691049
151.0,0.9998511461744567,1.468505024616597,True,10,True,5,False,0,False,0,True,7,True,4,False,0,False,0,True,6,True,1,False,0,False,0,True,6,True,1,False,0,False,0,True,6,True,1,False,0,False,0,True,6,False,0,False,0,False,0,True,5,False,0,False,0,False,0,True,5,False,0,False,0,False,0,True,4,False,0,False,0,False,0,True,3,False,0,False,0,False,0,False,1,False,0,False,0,False,0,0.7760223727314458,0.5746684543178708,0.3180014968228907,0.3180014968228907,0.07088410437419067,0.07088410437419067,0.024077849515586495,0.024077849515586495
20.0,0.9998511461744567,0.481149501646199,True,3,True,2,False,0,False,0,True,3,True,1,False,0,False,0,True,2,False,0,False,0,False,0,True,1,False,0,False,0,False,0,True,1,False,0,False,0,False,0,True,1,False,0,False,0,False,0,False,0,False,0,False,0,False,0,False,0,False,0,False,0,False,0,False,0,False,0,False,0,False,0,False,0,False,0,False,0,False,0,False,0,False,0,False,0,False,0,0.3546794664733718,0.3546794664733718,0.18112150183806297,0.18112150183806297,0.09372516238205751,0.09372516238205751,0.06393547111314685,0.03469302715499578
352.0,0.19633819589163443,1.2033177559246442,True,15,False,1,False,0,False,0,True,14,False,1,False,0,False,0,True,12,False,0,False,0,False,0,True,10,False,0,False,0,False,0,True,10,False,0,False,0,False,0,True,7,False,0,False,0,False,0,True,5,False,0,False,0,False,0,True,4,False,0,False,0,False,0,True,2,False,0,False,0,False,0,True,2,False,0,False,0,False,0,True,1,False,0,False,0,False,0,0.693871304152682,0.693871304152682,0.1643370884076068,0.09825090047110108,0.010939537330154127,0.010939537330154127,0.010939537330154127,0.010939537330154127
536.0,0.9813932718070855,1.6761739720432252,True,8,True,3,False,1,False,1,True,4,True,2,False,1,False,1,True,4,True,2,False,1,False,1,True,2,False,1,False,1,False,0,True,3,False,0,False,0,False,0,True,3,False,0,False,0,False,0,True,3,False,0,False,0,False,0,True,2,False,0,False,0,False,0,True,1,False,0,False,0,False,0,True,1,False,0,False,0,False,0,True,1,False,0,False,0,False,0,1.0156255053786314,1.0156255053786314,0.27307333740850226,0.214943034054086,0.25122853505410175,0.002538959605394401,0.23673479100896472,0.002538959605394401
114.0,0.9998511461744567,0.9529975728769925,True,6,True,1,False,0,False,0,True,4,True,1,False,0,False,0,True,2,False,0,False,0,False,0,True,1,False,0,False,0,False,0,True,1,False,0,False,0,False,0,True,1,False,0,False,0,False,0,True,1,False,0,False,0,False,0,False,0,False,0,False,0,False,0,False,0,False,0,False,0,False,0,False,0,False,0,False,0,False,0,False,0,False,0,False,0,False,0,0.4118336226271793,0.4118336226271793,0.15612468958237896,0.15612468958237896,0.05103012507006767,0.007338068403781294,0.007338068403781294,0.007338068403781294
450.0,0.9998511461744567,0.8302252429396613,True,6,True,5,True,1,False,0,True,5,True,4,True,1,False,0,True,3,True,3,False,0,False,0,True,3,True,3,False,0,False,0,True,3,True,3,False,0,False,0,True,3,True,2,False,0,False,0,True,3,True,1,False,0,False,0,True,2,True,1,False,0,False,0,True,2,True,1,False,0,False,0,True,1,True,1,False,0,False,0,True,1,False,0,False,0,False,0,0.7528558335727856,0.7528558335727856,0.552208536452884,0.552208536452884,0.17070946629950537,0.17070946629950537,0.021121506687046807,0.021121506687046807
21.0,0.9992557308722834,0.4186349329189601,True,3,True,2,False,0,False,0,True,2,True,1,False,0,False,0,True,2,False,0,False,0,False,0,True,1,False,0,False,0,False,0,True,1,False,0,False,0,False,0,False,0,False,0,False,0,False,0,False,0,False,0,False,0,False,0,False,0,False,0,False,0,False,0,False,0,False,0,False,0,False,0,False,0,False,0,False,0,False,0,False,0,False,0,False,0,False,0,0.31011834050903053,0.31011834050903053,0.17560991653177327,0.17560991653177327,0.09954104745802128,0.0008559403200163974,0.0013268818611221185,0.00017780411842284176
403.0,0.9998511461744567,0.8492559298733787,True,9,True,3,True,1,False,0,True,6,True,2,True,1,False,0,True,4,True,2,False,0,False,0,True,3,True,2,False,0,False,0,True,3,True,2,False,0,False,0,True,2,True,2,False,0,False,0,True,2,True,1,False,0,False,0,True,2,False,0,False,0,False,0,True,2,False,0,False,0,False,0,True,2,False,0,False,0,False,0,True,1,False,0,False,0,False,0,0.7244273405594179,0.7244273405594179,0.40238232603128954,0.40238232603128954,0.1903926452901521,0.1903926452901521,0.008259443987217495,0.0032495765207561306
402.0,0.9998511461744567,0.4959159579786634,True,7,True,4,False,0,False,0,True,6,True,2,False,0,False,0,True,5,True,2,False,0,False,0,True,4,False,0,False,0,False,0,True,1,False,0,False,0,False,0,True,1,False,0,False,0,False,0,False,0,False,0,False,0,False,0,False,0,False,0,False,0,False,0,False,0,False,0,False,0,False,0,False,0,False,0,False,0,False,0,False,0,False,0,False,0,False,0,0.39594745874664034,0.39594745874664034,0.2319399841959754,0.22290101378964305,0.01674258384344277,0.003397577320058408,0.008235937099132945,0.003397577320058408
271.0,0.9974694849657636,0.6748885681542192,True,7,True,3,False,1,False,0,True,5,True,3,False,1,False,0,True,4,True,3,False,0,False,0,True,4,False,1,False,0,False,0,True,2,False,1,False,0,False,0,False,1,False,1,False,0,False,0,False,1,False,0,False,0,False,0,False,1,False,0,False,0,False,0,False,1,False,0,False,0,False,0,False,1,False,0,False,0,False,0,False,0,False,0,False,0,False,0,0.5937479491422204,0.3478386397317938,0.38684725553385013,0.2429767498547523,0.1732735384373521,0.029243946340211758,0.020219884716849386,0.0031008655709750367
230.0,0.9998511461744567,0.40623445523402407,True,5,True,2,False,1,False,0,True,4,False,0,False,0,False,0,False,1,False,0,False,0,False,0,False,1,False,0,False,0,False,0,False,0,False,0,False,0,False,0,False,0,False,0,False,0,False,0,False,0,False,0,False,0,False,0,False,0,False,0,False,0,False,0,False,0,False,0,False,0,False,0,False,0,False,0,False,0,False,0,False,0,False,0,False,0,False,0,0.2893364844716467,0.18662149129561711,0.127809507027551,0.127809507027551,0.10635354592606623,0.0388820277407207,0.05364654418099683,0.0010558062698214357
203.0,0.9998511461744567,1.686759623461708,True,10,True,5,False,1,False,1,True,6,True,5,False,1,False,1,True,7,True,4,False,1,False,1,True,6,False,3,False,1,False,1,True,5,False,3,False,1,False,1,True,6,False,1,False,0,False,0,False,4,False,1,False,0,False,0,False,3,False,1,False,0,False,0,False,3,False,1,False,0,False,0,False,3,False,1,False,0,False,0,False,3,False,0,False,0,False,0,1.0319508059951241,0.37732824387154545,0.5779857224497276,0.20760268341177798,0.3291602915985285,0.007251821217667587,0.3291602915985285,0.0015247612369855452
366.0,0.16433462339982138,3.428571428571429,False,1,False,1,False,1,False,1,False,1,False,1,False,1,False,1,False,1,False,1,False,1,False,1,False,1,False,1,False,1,False,1,False,1,False,1,False,1,False,1,False,1,False,1,False,1,False,1,False,1,False,1,False,1,False,1,False,1,False,1,False,1,False,1,False,1,False,1,False,1,False,1,False,1,False,1,False,1,False,1,False,1,False,1,False,1,False,1,3.428571428571429,0.0,1.0,0.0,1.0,0.0,1.0,0.0
511.0,0.9998511461744567,0.6551045489288818,True,8,True,3,True,2,False,0,True,4,True,2,True,1,False,0,True,2,True,1,True,1,False,0,True,1,True,1,True,1,False,0,True,2,True,1,False,0,False,0,True,1,True,1,False,0,False,0,True,1,False,0,False,0,False,0,True,1,False,0,False,0,False,0,True,1,False,0,False,0,False,0,True,1,False,0,False,0,False,0,False,0,False,0,False,0,False,0,0.5726779745093721,0.5726779745093721,0.3527805589129711,0.3527805589129711,0.29571116195429187,0.29571116195429187,0.014111692490687932,0.006038356239480771
236.0,0.9998511461744567,0.6219592042504248,True,10,True,3,False,1,False,0,True,5,True,3,False,1,False,0,True,4,True,3,False,1,False,0,True,3,True,3,False,0,False,0,True,3,True,2,False,0,False,0,True,3,False,0,False,0,False,0,True,2,False,0,False,0,False,0,True,2,False,0,False,0,False,0,True,1,False,0,False,0,False,0,True,1,False,0,False,0,False,0,False,0,False,0,False,0,False,0,0.566222541461313,0.566222541461313,0.34902340501094875,0.30088719616047815,0.20156740235847076,0.02651269068228088,0.0026475165758344126,0.0008918746964620605
227.0,0.996278654361417,0.34355036549379153,True,5,False,0,False,0,False,0,True,2,False,0,False,0,False,0,False,0,False,0,False,0,False,0,False,0,False,0,False,0,False,0,False,0,False,0,False,0,False,0,False,0,False,0,False,0,False,0,False,0,False,0,False,0,False,0,False,0,False,0,False,0,False,0,False,0,False,0,False,0,False,0,False,0,False,0,False,0,False,0,False,0,False,0,False,0,False,0,0.19647640659902546,0.15702815054522815,0.08157906491244692,0.08157906491244692,0.018950866282827116,0.018950866282827116,0.018950866282827116,0.018950866282827116
539.0,0.9998511461744567,1.2957104013664802,True,8,True,2,True,2,False,0,True,6,False,1,False,1,False,0,True,5,False,1,False,0,False,0,True,4,False,1,False,0,False,0,True,4,False,1,False,0,False,0,True,4,False,1,False,0,False,0,True,4,False,1,False,0,False,0,True,4,False,1,False,0,False,0,False,3,False,1,False,0,False,0,False,2,False,1,False,0,False,0,False,2,False,0,False,0,False,0,0.7034594851898148,0.4988963697980768,0.587886009055891,0.13684929712361282,0.15243394562324653,0.11870264467501884,0.09361944738352851,0.0318050343569443
368.0,0.9974694849657636,1.0538602890497573,True,9,True,5,False,1,False,0,True,8,True,5,False,1,False,0,True,8,True,2,False,0,False,0,True,6,True,2,False,0,False,0,True,5,False,0,False,0,False,0,True,4,False,0,False,0,False,0,True,4,False,0,False,0,False,0,True,3,False,0,False,0,False,0,True,2,False,0,False,0,False,0,True,2,False,0,False,0,False,0,True,2,False,0,False,0,False,0,0.8952500075882364,0.8952500075882364,0.2979107649190923,0.2979107649190923,0.1526637697617536,0.01665108422934061,0.02722694790927981,0.0032614817738678917
303.0,0.9998511461744567,0.7046637178353826,True,10,False,2,False,0,False,0,True,8,False,1,False,0,False,0,True,6,False,1,False,0,False,0,True,4,False,0,False,0,False,0,True,4,False,0,False,0,False,0,False,1,False,0,False,0,False,0,False,1,False,0,False,0,False,0,False,1,False,0,False,0,False,0,False,0,False,0,False,0,False,0,False,0,False,0,False,0,False,0,False,0,False,0,False,0,False,0,0.46877606450518855,0.33130042348759947,0.226508985152225,0.08879072260781672,0.02221507717126759,0.02221507717126759,0.01707591428638091,0.00312647008372218
234.0,0.9998511461744567,0.6500398540150178,True,8,True,4,False,1,False,1,True,5,False,2,False,1,False,1,True,3,False,2,False,0,False,0,True,3,False,1,False,0,False,0,True,3,False,1,False,0,False,0,False,2,False,1,False,0,False,0,False,2,False,0,False,0,False,0,False,1,False,0,False,0,False,0,False,1,False,0,False,0,False,0,False,0,False,0,False,0,False,0,False,0,False,0,False,0,False,0,0.5261854402785957,0.30711182391415554,0.3783079951999798,0.1430452232898806,0.18907344224830755,0.005034306020589154,0.16955301681200793,0.0016296881147737073
425.0,0.9998511461744567,0.91162737736154,True,9,True,5,False,1,False,1,True,6,True,4,False,1,False,0,True,5,True,3,False,1,False,0,True,4,True,3,False,1,False,0,True,4,True,3,False,1,False,0,True,4,True,2,False,0,False,0,True,4,True,2,False,0,False,0,True,4,False,1,False,0,False,0,False,1,False,1,False,0,False,0,False,1,False,0,False,0,False,0,False,1,False,0,False,0,False,0,0.7823980214981747,0.4786192425307716,0.5018886004346503,0.41440456665801895,0.3255131523470197,0.01309869128310931,0.1445784623684006,0.007476960816738273
148.0,0.9995534385233701,0.6119778695966301,True,7,True,3,False,1,False,0,True,6,True,2,False,0,False,0,True,5,True,2,False,0,False,0,True,4,False,1,False,0,False,0,True,3,False,0,False,0,False,0,True,3,False,0,False,0,False,0,True,2,False,0,False,0,False,0,False,1,False,0,False,0,False,0,False,0,False,0,False,0,False,0,False,0,False,0,False,0,False,0,False,0,False,0,False,0,False,0,0.4763554271809512,0.4040240844317641,0.25028573113795216,0.21705765755154105,0.10355320768837643,0.0037479388622802872,0.02888341462467462,0.0037479388622802872
440.0,0.9998511461744567,0.7375967260715045,True,8,True,2,False,0,False,0,True,8,False,1,False,0,False,0,True,5,False,0,False,0,False,0,True,4,False,0,False,0,False,0,True,3,False,0,False,0,False,0,True,3,False,0,False,0,False,0,True,2,False,0,False,0,False,0,False,1,False,0,False,0,False,0,False,0,False,0,False,0,False,0,False,0,False,0,False,0,False,0,False,0,False,0,False,0,False,0,0.4972636868902839,0.4043198178732647,0.17855462653972803,0.11727549023155973,0.03263909920402967,0.013102655839632403,0.017729669783651404,0.004579920154475986
476.0,0.9998511461744567,1.1208823021898033,True,12,True,4,False,0,False,0,True,11,True,3,False,0,False,0,True,7,True,3,False,0,False,0,True,6,False,1,False,0,False,0,True,6,False,1,False,0,False,0,True,3,False,0,False,0,False,0,True,3,False,0,False,0,False,0,True,2,False,0,False,0,False,0,True,2,False,0,False,0,False,0,True,2,False,0,False,0,False,0,True,2,False,0,False,0,False,0,0.7934462244790303,0.7333648032221995,0.3431713790064466,0.20204882021366494,0.04716359328671788,0.02971329107138358,0.016652158370904415,0.00021352745234777128
138.0,0.9998511461744567,2.03310390413356,True,12,True,7,True,3,False,0,True,11,True,7,True,2,False,0,True,11,True,6,True,2,False,0,True,12,True,5,False,0,False,0,True,11,True,3,False,0,False,0,True,11,True,2,False,0,False,0,True,8,True,2,False,0,False,0,True,6,True,1,False,0,False,0,True,6,True,1,False,0,False,0,True,3,True,1,False,0,False,0,True,3,True,1,False,0,False,0,1.4477300210844026,1.4477300210844026,0.6512663098667499,0.6512663098667499,0.20664062254125823,0.20664062254125823,0.08372142002490283,0.06404524727877348
79.0,0.9998511461744567,1.6050102191457634,True,10,False,3,False,1,False,0,True,10,False,3,False,0,False,0,True,9,False,2,False,0,False,0,True,9,False,1,False,0,False,0,True,7,False,1,False,0,False,0,True,7,False,1,False,0,False,0,True,6,False,1,False,0,False,0,True,6,False,1,False,0,False,0,True,5,False,1,False,0,False,0,True,5,False,1,False,0,False,0,True,4,False,1,False,0,False,0,0.9652717752555943,0.9652717752555943,0.6335466964155054,0.023370288473331887,0.1432934537680158,0.012001931424158218,0.08076617830482821,0.012001931424158218
308.0,0.9998511461744567,2.919189366360913,True,9,True,7,True,6,True,4,True,11,True,8,True,6,True,2,True,13,True,7,True,6,False,0,True,13,True,7,True,6,False,0,True,14,True,7,True,4,False,0,True,14,True,7,True,4,False,0,True,15,True,6,True,4,False,0,True,13,True,6,True,3,False,0,True,13,True,6,True,3,False,0,True,11,True,5,True,3,False,0,True,11,True,4,True,3,False,0,1.9330842928991234,1.2221191976889616,0.9735316437254145,0.921078405374211,0.941772594579849,0.6946384438818121,0.18811837920415925,0.18811837920415925
521.0,0.9998511461744567,0.8844274125386369,True,6,True,3,True,1,False,0,True,3,True,2,False,0,False,0,True,3,True,2,False,0,False,0,True,3,True,2,False,0,False,0,True,4,True,1,False,0,False,0,True,3,True,1,False,0,False,0,True,3,True,1,False,0,False,0,True,2,False,0,False,0,False,0,False,1,False,0,False,0,False,0,False,0,False,0,False,0,False,0,False,0,False,0,False,0,False,0,0.5113984873582904,0.45124932097072495,0.4042637284895876,0.4042637284895876,0.13810526508178977,0.13810526508178977,0.0087034540707627,0.0060539916227807765
326.0,0.9995534385233701,0.99199794908765,True,11,True,2,False,0,False,0,True,9,True,1,False,0,False,0,True,7,True,1,False,0,False,0,True,5,True,1,False,0,False,0,True,3,True,1,False,0,False,0,True,2,True,1,False,0,False,0,True,2,True,1,False,0,False,0,True,2,True,1,False,0,False,0,True,2,True,1,False,0,False,0,True,2,True,1,False,0,False,0,True,2,False,0,False,0,False,0,0.8757301737009999,0.8757301737009999,0.5528197921417543,0.5528197921417543,0.0861993808415786,0.009408440757513075,0.009408440757513075,0.009408440757513075
479.0,0.9997022923489134,0.7833974705816904,True,5,True,3,False,0,False,0,True,5,True,2,False,0,False,0,True,3,True,1,False,0,False,0,True,3,False,0,False,0,False,0,True,2,False,0,False,0,False,0,True,2,False,0,False,0,False,0,True,2,False,0,False,0,False,0,True,2,False,0,False,0,False,0,False,0,False,0,False,0,False,0,False,0,False,0,False,0,False,0,False,0,False,0,False,0,False,0,0.4932805004751894,0.4932805004751894,0.22863227122134933,0.22863227122134933,0.05130526579731872,0.05130526579731872,0.01657402244820919,0.004842552689848391
415.0,0.9998511461744567,0.8294156512987957,True,12,True,4,False,1,False,0,True,10,True,2,False,1,False,0,True,9,False,0,False,0,False,0,True,4,False,0,False,0,False,0,True,2,False,0,False,0,False,0,True,2,False,0,False,0,False,0,False,1,False,0,False,0,False,0,False,1,False,0,False,0,False,0,False,1,False,0,False,0,False,0,False,0,False,0,False,0,False,0,False,0,False,0,False,0,False,0,0.5314095166488932,0.3568547599704169,0.19102840385162406,0.19102840385162406,0.18200197677867022,0.004103915773403047,0.06826341492834036,0.004103915773403047
294.0,0.997171777314677,1.803701703397239,True,11,True,7,False,0,False,0,True,10,True,3,False,0,False,0,True,10,True,3,False,0,False,0,True,8,True,2,False,0,False,0,True,6,True,2,False,0,False,0,True,5,True,2,False,0,False,0,True,5,False,0,False,0,False,0,True,4,False,0,False,0,False,0,True,4,False,0,False,0,False,0,True,4,False,0,False,0,False,0,True,4,False,0,False,0,False,0,0.9112275177807083,0.7939323816673733,0.381948550294403,0.3722736268961093,0.09479362703217523,0.04768882995397194,0.09479362703217523,0.04768882995397194
465.0,0.9998511461744567,0.9591544709190508,True,10,True,6,True,3,False,0,True,9,True,6,True,2,False,0,True,9,True,5,True,1,False,0,True,9,True,3,True,1,False,0,True,8,True,3,True,1,False,0,True,7,True,3,False,0,False,0,True,5,True,3,False,0,False,0,True,5,True,2,False,0,False,0,True,5,True,1,False,0,False,0,True,3,True,1,False,0,False,0,True,3,True,1,False,0,False,0,0.7266774783886448,0.7266774783886448,0.6350316229501972,0.6350316229501972,0.33387831017694536,0.33387831017694536,0.03613882071450917,0.01101512026560067
323.0,0.9998511461744567,0.4643146221502759,True,5,True,1,False,0,False,0,True,4,True,1,False,0,False,0,True,2,False,0,False,0,False,0,True,1,False,0,False,0,False,0,True,1,False,0,False,0,False,0,True,1,False,0,False,0,False,0,False,0,False,0,False,0,False,0,False,0,False,0,False,0,False,0,False,0,False,0,False,0,False,0,False,0,False,0,False,0,False,0,False,0,False,0,False,0,False,0,0.3704993199846654,0.3704993199846654,0.17184429225260975,0.17184429225260975,0.030514411318934318,0.023844869059939836,0.0022909254945165836,0.0022909254945165836
488.0,0.9998511461744567,1.5584443714705412,True,10,True,7,True,3,False,1,True,10,True,7,False,2,False,1,True,10,True,6,False,2,False,1,True,10,True,5,False,2,False,1,True,8,True,5,False,2,False,1,True,8,True,5,False,1,False,1,True,6,True,5,False,1,False,1,True,6,True,5,False,1,False,1,True,6,True,3,False,1,False,1,True,7,True,2,False,0,False,0,True,6,True,2,False,0,False,0,1.0062150994400987,0.9016958158969985,0.7826334398881438,0.7826334398881438,0.5488170745262025,0.1293185219106722,0.5488170745262025,0.021183618116041386
42.0,0.0931824947901161,1.0,True,10,False,3,False,0,False,0,True,10,False,3,False,0,False,0,True,7,False,1,False,0,False,0,True,6,False,0,False,0,False,0,True,4,False,0,False,0,False,0,True,3,False,0,False,0,False,0,False,0,False,0,False,0,False,0,False,0,False,0,False,0,False,0,False,0,False,0,False,0,False,0,False,0,False,0,False,0,False,0,False,0,False,0,False,0,False,0,0.37254689845040917,0.37254689845040917,0.2493320755388096,0.019994671283839357,0.03840616644250504,0.019994671283839357,0.00933397600885554,0.004175202201470349
59.0,0.9998511461744567,0.8384658467219235,True,11,True,4,False,0,False,0,True,9,True,1,False,0,False,0,True,4,True,1,False,0,False,0,True,3,True,1,False,0,False,0,True,2,True,1,False,0,False,0,True,2,False,0,False,0,False,0,True,2,False,0,False,0,False,0,True,2,False,0,False,0,False,0,True,2,False,0,False,0,False,0,False,1,False,0,False,0,False,0,False,1,False,0,False,0,False,0,0.7438142325573388,0.517332797957321,0.32129165802338916,0.32129165802338916,0.06169522867944098,0.03286416825532473,0.04747360412677225,0.004196863456661821
261.0,0.9998511461744567,0.5928292389061365,True,6,True,2,False,1,False,0,True,5,True,2,False,0,False,0,True,3,True,1,False,0,False,0,True,3,True,1,False,0,False,0,True,3,False,0,False,0,False,0,True,2,False,0,False,0,False,0,True,2,False,0,False,0,False,0,True,2,False,0,False,0,False,0,False,0,False,0,False,0,False,0,False,0,False,0,False,0,False,0,False,0,False,0,False,0,False,0,0.4726279734876861,0.4603816940145465,0.25395556995434354,0.25395556995434354,0.11764248999518653,0.04582738198517466,0.048502856931126576,0.002142892811382265
279.0,0.9998511461744567,0.5651395500265751,True,3,False,1,False,0,False,0,True,2,False,1,False,0,False,0,True,1,False,0,False,0,False,0,True,1,False,0,False,0,False,0,True,1,False,0,False,0,False,0,False,0,False,0,False,0,False,0,False,0,False,0,False,0,False,0,False,0,False,0,False,0,False,0,False,0,False,0,False,0,False,0,False,0,False,0,False,0,False,0,False,0,False,0,False,0,False,0,0.30011425753736265,0.30011425753736265,0.19286924392179658,0.04831520750299518,0.06023591703428633,0.0017214900510011456,0.02966771193597063,0.0003717256939689147
36.0,0.9998511461744567,2.6672974799037985,True,10,True,4,True,2,True,2,True,10,True,4,True,2,False,1,True,9,True,3,False,1,False,1,True,7,True,3,False,1,False,1,True,6,False,2,False,1,False,1,True,5,False,2,False,1,False,1,True,3,False,1,False,1,False,1,True,3,False,1,False,1,False,1,True,3,False,1,False,1,False,1,True,3,False,1,False,1,False,0,True,3,False,1,False,0,False,0,1.8201721455997613,0.7216754124131756,0.7347157767908137,0.2877263640473873,0.5872790956034247,0.19936799720046114,0.5081535270440446,0.12453693818391061
129.0,0.9998511461744567,0.9795533009540455,True,8,True,4,False,1,False,0,True,8,True,4,False,1,False,0,True,8,True,3,False,0,False,0,True,7,True,3,False,0,False,0,True,6,True,3,False,0,False,0,True,4,True,3,False,0,False,0,True,3,True,1,False,0,False,0,True,3,True,1,False,0,False,0,True,3,True,1,False,0,False,0,True,3,True,1,False,0,False,0,True,3,False,0,False,0,False,0,0.8700856623055404,0.8700856623055404,0.569326933587306,0.569326933587306,0.19293529097311718,0.007143011060084809,0.03257329955806673,0.007143011060084809
100.0,0.9998511461744567,1.2460461588958878,True,5,True,3,False,1,False,0,True,5,True,2,False,1,False,0,True,4,True,2,False,1,False,0,True,4,False,1,False,1,False,0,True,4,False,1,False,1,False,0,True,3,False,1,False,1,False,0,True,3,False,1,False,0,False,0,False,2,False,1,False,0,False,0,False,2,False,1,False,0,False,0,False,2,False,0,False,0,False,0,False,1,False,0,False,0,False,0,0.6480808155518448,0.4375555331190655,0.5420636248820501,0.24717128351320183,0.3830194797855197,0.023391140112129727,0.07229832887572188,0.00030233517077191157
158.0,0.9998511461744567,0.5911501217188528,True,7,True,3,False,0,False,0,True,5,True,2,False,0,False,0,True,3,True,2,False,0,False,0,True,2,True,2,False,0,False,0,True,2,False,1,False,0,False,0,True,2,False,0,False,0,False,0,True,2,False,0,False,0,False,0,True,2,False,0,False,0,False,0,True,1,False,0,False,0,False,0,False,0,False,0,False,0,False,0,False,0,False,0,False,0,False,0,0.5042702544636245,0.5042702544636245,0.30759991193933056,0.29487649339972744,0.08987293394232473,0.004121511441164094,0.003851176556402144,0.003851176556402144
101.0,0.9986603155701101,0.9868880819090307,True,6,True,3,True,1,True,1,True,3,True,1,True,1,True,1,True,2,True,1,True,1,True,1,True,1,True,1,True,1,True,1,True,1,True,1,True,1,True,1,True,1,True,1,True,1,True,1,True,1,True,1,True,1,True,1,True,1,True,1,True,1,True,1,True,1,True,1,True,1,True,1,True,1,True,1,True,1,True,1,True,1,True,1,True,1,True,1,0.9744263862086512,0.9744263862086512,0.9091635753980457,0.9091635753980457,0.8208877076126294,0.8208877076126294,0.7612278892352298,0.7612278892352298
525.0,0.9998511461744567,0.27611824091976694,True,4,False,1,False,1,False,0,False,2,False,0,False,0,False,0,False,0,False,0,False,0,False,0,False,0,False,0,False,0,False,0,False,0,False,0,False,0,False,0,False,0,False,0,False,0,False,0,False,0,False,0,False,0,False,0,False,0,False,0,False,0,False,0,False,0,False,0,False,0,False,0,False,0,False,0,False,0,False,0,False,0,False,0,False,0,False,0,0.18166228924353006,0.10663660745685176,0.10284472396768314,0.05321760732123035,0.10284472396768314,0.0018518472381313057,0.07192081095566692,0.0018518472381313057
429.0,0.9998511461744567,0.5315761419966955,True,6,True,3,False,1,False,1,True,3,False,1,False,1,False,1,True,3,False,1,False,1,False,0,True,2,False,0,False,0,False,0,False,1,False,0,False,0,False,0,False,1,False,0,False,0,False,0,False,1,False,0,False,0,False,0,False,0,False,0,False,0,False,0,False,0,False,0,False,0,False,0,False,0,False,0,False,0,False,0,False,0,False,0,False,0,False,0,0.41004306059737694,0.2806760278815555,0.23811872427592704,0.14634064566191649,0.20647318963194006,0.05614274644404722,0.17756010089005558,0.05614274644404722
522.0,0.9894313783864245,0.4347246872403703,True,7,False,0,False,0,False,0,False,3,False,0,False,0,False,0,False,1,False,0,False,0,False,0,False,1,False,0,False,0,False,0,False,1,False,0,False,0,False,0,False,0,False,0,False,0,False,0,False,0,False,0,False,0,False,0,False,0,False,0,False,0,False,0,False,0,False,0,False,0,False,0,False,0,False,0,False,0,False,0,False,0,False,0,False,0,False,0,0.34669586433261457,0.1463372714825185,0.09829012246707708,0.08223090510454466,0.03920977172036724,0.03920977172036724,0.005332752310697617,0.002245064881754591
258.0,0.9998511461744567,0.5794972028790576,True,4,True,3,False,0,False,0,True,4,True,3,False,0,False,0,True,3,True,2,False,0,False,0,True,2,False,0,False,0,False,0,True,2,False,0,False,0,False,0,True,2,False,0,False,0,False,0,True,2,False,0,False,0,False,0,True,1,False,0,False,0,False,0,True,1,False,0,False,0,False,0,False,0,False,0,False,0,False,0,False,0,False,0,False,0,False,0,0.5160298947651992,0.5160298947651992,0.22225875048066188,0.22225875048066188,0.0514251954862027,0.0514251954862027,0.019617834220697388,0.007632164314258545
510.0,0.9982137540934802,1.931561042644733,True,12,True,6,True,1,False,0,True,13,True,4,False,0,False,0,True,13,True,1,False,0,False,0,True,12,True,1,False,0,False,0,True,10,True,1,False,0,False,0,True,8,True,1,False,0,False,0,True,7,True,1,False,0,False,0,True,7,True,1,False,0,False,0,True,6,True,1,False,0,False,0,True,6,True,1,False,0,False,0,True,5,True,1,False,0,False,0,0.8506008438069446,0.8506008438069446,0.6258199809173486,0.6258199809173486,0.14557227859500954,0.14557227859500954,0.07300080385201496,0.05405040793545096
102.0,0.9998511461744567,0.7560053695086668,True,3,True,3,True,2,False,0,True,3,True,2,True,1,False,0,True,2,True,2,False,0,False,0,True,2,True,2,False,0,False,0,True,2,True,1,False,0,False,0,True,2,True,1,False,0,False,0,True,1,False,0,False,0,False,0,True,1,False,0,False,0,False,0,True,1,False,0,False,0,False,0,True,1,False,0,False,0,False,0,True,1,False,0,False,0,False,0,0.7187343433776725,0.7187343433776725,0.377208175682371,0.377208175682371,0.17365590624132843,0.17365590624132843,0.05165862982751735,0.03644180025548941
497.0,0.9998511461744567,0.988703073483217,True,12,True,5,True,2,False,0,True,8,True,4,False,1,False,0,True,6,True,4,False,0,False,0,True,6,False,2,False,0,False,0,True,5,False,1,False,0,False,0,True,4,False,1,False,0,False,0,True,3,False,1,False,0,False,0,True,3,False,1,False,0,False,0,True,3,False,0,False,0,False,0,True,3,False,0,False,0,False,0,True,3,False,0,False,0,False,0,0.830848134164021,0.830848134164021,0.46231469950111626,0.24103218827733427,0.1623280669747355,0.14554649656170612,0.01259819395066542,0.005482096979286669
435.0,0.9985114617445668,1.3766545380782393,True,10,True,4,True,3,False,0,True,10,False,3,False,1,False,0,True,10,False,3,False,0,False,0,True,7,False,1,False,0,False,0,False,5,False,1,False,0,False,0,False,4,False,1,False,0,False,0,False,3,False,1,False,0,False,0,False,3,False,1,False,0,False,0,False,2,False,1,False,0,False,0,False,2,False,0,False,0,False,0,False,2,False,0,False,0,False,0,0.9136891782506331,0.2548165046455528,0.5448746186321137,0.13806725091966823,0.1786635832302949,0.13806725091966823,0.026173066899351408,0.022935371408547747
305.0,0.7896695445072939,0.9675090111330593,True,9,True,4,True,2,False,1,True,8,True,3,False,0,False,0,True,8,True,3,False,0,False,0,True,6,True,3,False,0,False,0,True,5,False,1,False,0,False,0,True,5,False,1,False,0,False,0,True,3,False,1,False,0,False,0,True,2,False,0,False,0,False,0,True,2,False,0,False,0,False,0,True,2,False,0,False,0,False,0,True,2,False,0,False,0,False,0,0.624011538187995,0.624011538187995,0.40745274773453893,0.27781082800869,0.1178964766871948,0.11476960151310762,0.10419851253980929,0.057099371205012815
154.0,0.991515331944031,0.8459074499761648,True,7,True,3,False,0,False,0,True,6,True,3,False,0,False,0,True,5,True,2,False,0,False,0,True,5,True,2,False,0,False,0,True,4,True,2,False,0,False,0,True,2,True,2,False,0,False,0,True,2,True,1,False,0,False,0,True,2,False,0,False,0,False,0,True,2,False,0,False,0,False,0,True,1,False,0,False,0,False,0,True,1,False,0,False,0,False,0,0.6918205562567933,0.6918205562567933,0.40108885348880197,0.40108885348880197,0.046001295973479094,0.046001295973479094,0.002553420454382437,0.002553420454382437
1.0,0.7371241440905031,2.8362904937104547,True,10,True,7,True,3,True,2,True,12,True,5,True,3,True,2,True,11,True,4,True,3,True,2,True,14,True,4,True,1,False,0,True,14,True,2,True,1,False,0,True,13,True,2,True,1,False,0,True,12,True,1,True,1,False,0,True,11,True,1,True,1,False,0,True,7,True,1,True,1,False,0,True,6,True,1,True,1,False,0,True,6,True,1,False,0,False,0,1.9387631797253706,1.9387631797253706,0.7507242123783078,0.7507242123783078,0.5795271318589353,0.5795271318589353,0.22485279670083835,0.22485279670083835
407.0,0.9998511461744567,0.8713044587756497,True,9,True,2,False,0,False,0,True,7,True,1,False,0,False,0,True,5,True,1,False,0,False,0,True,3,True,1,False,0,False,0,True,3,True,1,False,0,False,0,True,2,True,1,False,0,False,0,True,2,True,1,False,0,False,0,True,2,False,0,False,0,False,0,True,1,False,0,False,0,False,0,True,1,False,0,False,0,False,0,True,1,False,0,False,0,False,0,0.7167629497339576,0.7167629497339576,0.4453599036262969,0.4453599036262969,0.08125267499591975,0.08125267499591975,0.006274611662419526,0.006274611662419526
455.0,0.9998511461744567,0.9111063424587609,True,14,True,4,False,0,False,0,True,7,False,0,False,0,False,0,True,6,False,0,False,0,False,0,True,5,False,0,False,0,False,0,True,4,False,0,False,0,False,0,True,2,False,0,False,0,False,0,True,2,False,0,False,0,False,0,True,2,False,0,False,0,False,0,True,2,False,0,False,0,False,0,True,2,False,0,False,0,False,0,True,2,False,0,False,0,False,0,0.8080661722607405,0.8080661722607405,0.14303331443697953,0.10016122562935777,0.02911323026508399,0.02911323026508399,0.01940047461424137,0.00871672030725578
291.0,0.9985114617445668,1.5158478165035236,True,13,True,3,False,0,False,0,True,13,True,3,False,0,False,0,True,12,True,2,False,0,False,0,True,7,True,2,False,0,False,0,True,6,True,2,False,0,False,0,True,4,True,1,False,0,False,0,True,4,False,0,False,0,False,0,True,3,False,0,False,0,False,0,True,1,False,0,False,0,False,0,True,1,False,0,False,0,False,0,True,1,False,0,False,0,False,0,0.7913010058189828,0.7913010058189828,0.3735686314937925,0.3735686314937925,0.036978143354428915,0.036978143354428915,0.036978143354428915,0.036978143354428915
273.0,0.9998511461744567,0.6517177655075133,True,7,True,2,False,0,False,0,True,5,True,2,False,0,False,0,True,3,True,1,False,0,False,0,True,1,True,1,False,0,False,0,True,1,True,1,False,0,False,0,True,1,True,1,False,0,False,0,True,1,False,0,False,0,False,0,True,1,False,0,False,0,False,0,True,1,False,0,False,0,False,0,True,1,False,0,False,0,False,0,False,0,False,0,False,0,False,0,0.5641510950870153,0.5641510950870153,0.38235237444572934,0.38235237444572934,0.09483449768022727,0.022850077454642168,0.0017707885183065515,0.0017707885183065515
438.0,0.9998511461744567,0.7040714495848296,True,8,False,2,False,1,False,0,False,4,False,1,False,1,False,0,False,1,False,1,False,0,False,0,False,1,False,1,False,0,False,0,False,1,False,1,False,0,False,0,False,1,False,0,False,0,False,0,False,1,False,0,False,0,False,0,False,1,False,0,False,0,False,0,False,1,False,0,False,0,False,0,False,1,False,0,False,0,False,0,False,0,False,0,False,0,False,0,0.5718305879842497,0.13120705746897723,0.3042999865129161,0.037954653401559034,0.15649831045586546,0.007589045108095792,0.007589045108095792,0.007589045108095792
478.0,0.9998511461744567,0.9607177921958222,True,11,True,3,False,1,False,0,True,8,True,3,False,0,False,0,True,6,True,2,False,0,False,0,True,6,True,2,False,0,False,0,True,4,False,0,False,0,False,0,True,3,False,0,False,0,False,0,True,2,False,0,False,0,False,0,True,2,False,0,False,0,False,0,True,2,False,0,False,0,False,0,True,2,False,0,False,0,False,0,False,1,False,0,False,0,False,0,0.6692946622721317,0.5574664531436102,0.28814964122521913,0.28814964122521913,0.10264657592573914,0.00971620522104134,0.00971620522104134,0.00971620522104134
92.0,0.9998511461744567,2.4023068138544303,True,7,True,5,True,2,False,1,True,10,True,7,True,3,False,0,True,8,True,7,True,2,False,0,True,8,True,6,True,1,False,0,True,7,True,6,True,1,False,0,True,7,True,5,True,1,False,0,True,6,True,3,True,1,False,0,True,5,True,3,False,0,False,0,True,5,True,3,False,0,False,0,True,5,True,1,False,0,False,0,True,3,False,0,False,0,False,0,1.252758190937447,1.252758190937447,0.5857564470172966,0.5857564470172966,0.4464204542953989,0.4464204542953989,0.14089437085767803,0.03574703703376971
514.0,0.9998511461744567,1.5968054931816011,True,7,True,3,True,2,False,0,True,6,True,2,True,1,False,0,True,5,True,2,True,1,False,0,True,4,True,2,False,0,False,0,True,2,True,2,False,0,False,0,True,2,True,2,False,0,False,0,True,2,True,2,False,0,False,0,True,2,True,1,False,0,False,0,True,2,False,0,False,0,False,0,True,2,False,0,False,0,False,0,True,2,False,0,False,0,False,0,1.0410090857789673,1.0410090857789673,0.48669641572901623,0.48669641572901623,0.23301367101554976,0.23301367101554976,0.008511306979840956,0.008511306979840956
309.0,0.9998511461744567,2.8427431029197088,True,10,True,5,True,3,False,1,True,11,True,3,True,2,False,0,True,10,True,2,True,2,False,0,True,8,True,2,True,1,False,0,True,6,True,2,True,1,False,0,True,6,True,2,True,1,False,0,True,5,True,2,True,1,False,0,True,5,True,1,True,1,False,0,True,5,True,1,True,1,False,0,True,3,True,1,True,1,False,0,True,2,True,1,True,1,False,0,1.8533775447726064,1.8533775447726064,0.8113815126473088,0.8113815126473088,0.7363089394443628,0.7363089394443628,0.11172453279510601,0.054785090883867196
250.0,0.9998511461744567,0.6546451299545437,True,6,True,4,False,1,False,0,True,5,True,2,False,1,False,0,True,3,True,2,False,0,False,0,True,3,True,2,False,0,False,0,True,2,True,1,False,0,False,0,True,2,False,0,False,0,False,0,True,2,False,0,False,0,False,0,True,2,False,0,False,0,False,0,True,1,False,0,False,0,False,0,True,1,False,0,False,0,False,0,True,1,False,0,False,0,False,0,0.6007390902582704,0.6007390902582704,0.3304711258137724,0.3304711258137724,0.15695277648603462,0.0019996469164021294,0.0019996469164021294,0.0019996469164021294
134.0,0.9998511461744567,0.9669614709371356,True,8,True,3,False,1,False,0,True,6,True,3,False,0,False,0,True,5,False,2,False,0,False,0,True,5,False,2,False,0,False,0,False,4,False,1,False,0,False,0,False,3,False,0,False,0,False,0,False,2,False,0,False,0,False,0,False,2,False,0,False,0,False,0,False,2,False,0,False,0,False,0,False,1,False,0,False,0,False,0,False,1,False,0,False,0,False,0,0.745190095710487,0.2985674357819715,0.3389789788644641,0.15028102071516117,0.12677073767198982,0.0647770751152445,0.004528351442948476,0.0016837151152079752
424.0,0.9998511461744567,0.5771777598195759,True,7,True,3,False,0,False,0,True,6,True,2,False,0,False,0,True,5,True,1,False,0,False,0,True,1,False,0,False,0,False,0,True,1,False,0,False,0,False,0,True,1,False,0,False,0,False,0,True,1,False,0,False,0,False,0,True,1,False,0,False,0,False,0,False,0,False,0,False,0,False,0,False,0,False,0,False,0,False,0,False,0,False,0,False,0,False,0,0.4546059235584136,0.4546059235584136,0.24873983738045538,0.24873983738045538,0.07972235636893195,0.07972235636893195,0.019829784945274993,0.0054812241259644436
73.0,0.9718666269723132,0.6994464453647339,True,7,False,3,False,2,False,1,True,6,False,1,False,1,False,1,False,5,False,1,False,0,False,0,False,4,False,0,False,0,False,0,False,3,False,0,False,0,False,0,False,1,False,0,False,0,False,0,False,1,False,0,False,0,False,0,False,1,False,0,False,0,False,0,False,1,False,0,False,0,False,0,False,1,False,0,False,0,False,0,False,0,False,0,False,0,False,0,0.5868471702121913,0.1594566350685372,0.2042271849234496,0.07084787372831791,0.17236542513977784,0.030877961438389005,0.17236542513977784,0.0008252280842085088
82.0,0.9998511461744567,0.43010909898944827,True,4,True,1,False,0,False,0,True,2,True,1,False,0,False,0,True,1,True,1,False,0,False,0,True,1,False,0,False,0,False,0,True,1,False,0,False,0,False,0,False,0,False,0,False,0,False,0,False,0,False,0,False,0,False,0,False,0,False,0,False,0,False,0,False,0,False,0,False,0,False,0,False,0,False,0,False,0,False,0,False,0,False,0,False,0,False,0,0.33449362090501045,0.33449362090501045,0.20228427907974453,0.20228427907974453,0.0731797996358917,0.0731797996358917,0.020907774383415272,0.020907774383415272
104.0,0.9998511461744567,2.474404641503279,True,9,True,6,True,3,True,2,True,10,True,5,True,3,True,2,True,9,True,5,True,3,True,2,True,6,True,5,True,2,True,2,True,5,True,3,True,2,True,2,True,5,True,2,True,2,True,2,True,5,True,2,True,2,False,1,True,5,True,2,True,2,False,1,True,5,True,2,True,2,False,1,True,5,True,2,True,2,False,1,True,5,True,2,True,2,False,1,2.2304148935550416,0.8763936817437745,0.8752373181127288,0.8752373181127288,0.8262709359878189,0.8262709359878189,0.645194626226917,0.39279253812062787
54.0,0.9989580232211968,3.2673932545404747,True,10,True,3,True,3,False,2,True,9,True,4,False,2,False,1,True,6,True,4,False,2,False,1,True,6,False,2,False,2,False,1,True,6,False,2,False,2,False,0,True,5,False,2,False,2,False,0,False,4,False,2,False,1,False,0,False,4,False,2,False,1,False,0,False,4,False,2,False,1,False,0,False,4,False,2,False,1,False,0,False,4,False,1,False,1,False,0,2.8095560673341096,0.35552710354625655,0.9739812228543803,0.22844183817274546,0.9625758192288777,0.1068548398292391,0.2898623960288906,0.003023549400904814
194.0,0.9998511461744567,0.8835118208437616,True,9,True,3,False,1,False,0,True,7,True,3,False,0,False,0,True,6,True,2,False,0,False,0,True,5,True,1,False,0,False,0,True,4,False,0,False,0,False,0,True,3,False,0,False,0,False,0,True,2,False,0,False,0,False,0,True,1,False,0,False,0,False,0,True,1,False,0,False,0,False,0,True,1,False,0,False,0,False,0,False,0,False,0,False,0,False,0,0.5800106213336828,0.5800106213336828,0.2994160935980278,0.2994160935980278,0.13054446773266848,0.05642619970856137,0.04177282536321334,0.007558215396943056
419.0,0.9995534385233701,1.649834101706642,True,12,True,7,True,3,False,0,True,11,True,6,True,2,False,0,True,10,True,3,True,2,False,0,True,9,True,3,False,0,False,0,True,7,True,2,False,0,False,0,True,7,True,2,False,0,False,0,True,8,False,1,False,0,False,0,True,7,False,1,False,0,False,0,True,6,False,1,False,0,False,0,True,6,False,0,False,0,False,0,False,4,False,0,False,0,False,0,0.8921264022031918,0.5636019042211974,0.5279798958281868,0.3744141793646491,0.24968649040599308,0.24968649040599308,0.06248650449246735,0.06248650449246735
206.0,0.9998511461744567,0.7352340668516917,True,8,True,4,True,2,False,0,True,8,True,2,False,0,False,0,True,6,False,1,False,0,False,0,True,4,False,1,False,0,False,0,True,4,False,0,False,0,False,0,True,2,False,0,False,0,False,0,True,2,False,0,False,0,False,0,False,0,False,0,False,0,False,0,False,0,False,0,False,0,False,0,False,0,False,0,False,0,False,0,False,0,False,0,False,0,False,0,0.4275605364480528,0.41970414787308463,0.2569362198213637,0.18094186761971912,0.10187433340828314,0.10187433340828314,0.0685447265341921,0.0685447265341921
338.0,0.9998511461744567,0.6629999819546356,True,9,True,3,True,2,False,0,True,8,True,2,False,1,False,0,True,4,False,1,False,1,False,0,True,3,False,1,False,0,False,0,True,3,False,0,False,0,False,0,True,2,False,0,False,0,False,0,True,2,False,0,False,0,False,0,False,1,False,0,False,0,False,0,False,0,False,0,False,0,False,0,False,0,False,0,False,0,False,0,False,0,False,0,False,0,False,0,0.4730064348147514,0.4262706370861199,0.28009203501500857,0.19203677119543247,0.23117749676071406,0.10159114242084048,0.04248975266351975,0.0016785011719008534
257.0,0.9998511461744567,0.9633989262001461,True,11,True,5,False,2,False,0,True,8,True,3,False,0,False,0,True,8,True,1,False,0,False,0,True,4,True,1,False,0,False,0,True,2,True,1,False,0,False,0,True,2,False,0,False,0,False,0,True,2,False,0,False,0,False,0,True,2,False,0,False,0,False,0,True,2,False,0,False,0,False,0,True,2,False,0,False,0,False,0,True,2,False,0,False,0,False,0,0.8985476231885527,0.8985476231885527,0.3480430863450052,0.3480430863450052,0.1372967692792556,0.08589098847697087,0.01289733081386351,0.01289733081386351
12.0,0.9998511461744567,2.012944142605917,True,7,True,3,False,1,False,0,True,7,False,1,False,1,False,0,False,5,False,1,False,0,False,0,False,4,False,0,False,0,False,0,False,3,False,0,False,0,False,0,False,3,False,0,False,0,False,0,False,2,False,0,False,0,False,0,False,1,False,0,False,0,False,0,False,1,False,0,False,0,False,0,False,1,False,0,False,0,False,0,False,1,False,0,False,0,False,0,1.195887535420825,0.19940895021706095,0.2075516449258158,0.10404886944780405,0.16038433185650525,0.09116668205228115,0.09181096801304715,0.026204434402977764
74.0,0.9824352485858887,0.45208589080671424,True,5,True,1,True,1,True,1,True,2,True,2,False,0,False,0,True,2,True,1,False,0,False,0,True,1,False,0,False,0,False,0,True,1,False,0,False,0,False,0,True,1,False,0,False,0,False,0,False,0,False,0,False,0,False,0,False,0,False,0,False,0,False,0,False,0,False,0,False,0,False,0,False,0,False,0,False,0,False,0,False,0,False,0,False,0,False,0,0.3795484244530892,0.3795484244530892,0.2049899749549634,0.2049899749549634,0.10154540337358252,0.10154540337358252,0.10154540337358252,0.10154540337358252
217.0,0.8771955939267639,0.9272843705991782,True,8,False,4,False,1,False,1,False,6,False,3,False,0,False,0,False,6,False,3,False,0,False,0,False,6,False,1,False,0,False,0,False,5,False,0,False,0,False,0,False,5,False,0,False,0,False,0,False,3,False,0,False,0,False,0,False,3,False,0,False,0,False,0,False,1,False,0,False,0,False,0,False,0,False,0,False,0,False,0,False,0,False,0,False,0,False,0,0.5392265315445903,0.12908142341257614,0.2680751808781314,0.08404745980595671,0.12100916941291338,0.020800801523616904,0.1097911764631673,0.0017342274938709167
393.0,0.9998511461744567,1.9857308120220307,True,11,True,5,False,1,False,1,True,10,True,3,False,1,False,1,True,6,True,2,False,1,False,0,True,5,True,2,False,1,False,0,True,5,True,2,False,1,False,0,True,4,True,2,False,1,False,0,True,3,True,2,False,0,False,0,True,3,True,1,False,0,False,0,True,3,True,1,False,0,False,0,True,3,True,1,False,0,False,0,True,1,False,0,False,0,False,0,1.6119306512218985,1.6119306512218985,0.5751584216249831,0.5751584216249831,0.37568596787851666,0.0336578291884901,0.16781914424377106,0.0336578291884901
146.0,0.9998511461744567,0.9035579824197564,True,9,True,4,False,0,False,0,True,6,True,3,False,0,False,0,True,5,False,0,False,0,False,0,True,3,False,0,False,0,False,0,True,3,False,0,False,0,False,0,True,3,False,0,False,0,False,0,True,2,False,0,False,0,False,0,True,2,False,0,False,0,False,0,True,2,False,0,False,0,False,0,True,2,False,0,False,0,False,0,False,1,False,0,False,0,False,0,0.6652670467268508,0.5728568119318102,0.1959255284202992,0.1959255284202992,0.05153019979510971,0.0185659804887285,0.007202455831632887,0.007202455831632887
461.0,0.9815421256326288,1.6695835534490895,True,12,True,4,False,1,False,1,True,12,False,2,False,1,False,0,True,10,False,1,False,0,False,0,True,8,False,1,False,0,False,0,True,5,False,0,False,0,False,0,True,4,False,0,False,0,False,0,True,3,False,0,False,0,False,0,True,3,False,0,False,0,False,0,True,3,False,0,False,0,False,0,True,2,False,0,False,0,False,0,True,2,False,0,False,0,False,0,0.8833825321419173,0.8018329935337722,0.2565545801170989,0.13023959431062462,0.17942319264695442,0.054938292793241,0.11673639653699701,0.054938292793241
50.0,0.9998511461744567,2.0316493450411377,True,13,True,4,True,2,True,1,True,10,True,1,True,1,True,1,True,9,True,1,False,0,False,0,True,8,True,1,False,0,False,0,True,8,True,1,False,0,False,0,True,8,True,1,False,0,False,0,True,8,True,1,False,0,False,0,True,7,False,0,False,0,False,0,True,6,False,0,False,0,False,0,True,5,False,0,False,0,False,0,False,1,False,0,False,0,False,0,1.2580449967366372,0.5912873750731465,0.4329401448620856,0.4329401448620856,0.17901862765426416,0.17901862765426416,0.16670900087651508,0.16670900087651508
483.0,0.9998511461744567,0.5747958003316813,True,7,False,1,False,0,False,0,True,5,False,1,False,0,False,0,True,4,False,0,False,0,False,0,True,3,False,0,False,0,False,0,False,2,False,0,False,0,False,0,False,1,False,0,False,0,False,0,False,0,False,0,False,0,False,0,False,0,False,0,False,0,False,0,False,0,False,0,False,0,False,0,False,0,False,0,False,0,False,0,False,0,False,0,False,0,False,0,0.3816583954242431,0.2816718395319117,0.17234999882307075,0.07158811629272707,0.0566073169591997,0.0566073169591997,0.008882327971163178,0.0058443788211032435
459.0,0.9998511461744567,0.5583584270948835,True,6,True,2,False,0,False,0,True,4,False,0,False,0,False,0,True,4,False,0,False,0,False,0,True,2,False,0,False,0,False,0,False,1,False,0,False,0,False,0,False,0,False,0,False,0,False,0,False,0,False,0,False,0,False,0,False,0,False,0,False,0,False,0,False,0,False,0,False,0,False,0,False,0,False,0,False,0,False,0,False,0,False,0,False,0,False,0,0.34202775089060666,0.2508089379459966,0.12478926806705742,0.12478926806705742,0.04468526867632612,0.0026704139115730652,0.04468526867632612,0.0009061301846624807
8.0,0.9998511461744567,0.5399794845617416,True,6,True,2,True,1,False,0,True,3,True,2,True,1,False,0,True,2,True,2,True,1,False,0,True,2,True,1,False,0,False,0,True,1,False,0,False,0,False,0,True,1,False,0,False,0,False,0,True,1,False,0,False,0,False,0,False,0,False,0,False,0,False,0,False,0,False,0,False,0,False,0,False,0,False,0,False,0,False,0,False,0,False,0,False,0,False,0,0.4194759982252707,0.4194759982252707,0.2936660262851897,0.2936660262851897,0.23348880635011637,0.23348880635011637,0.0684377180557222,0.0684377180557222
304.0,0.9998511461744567,0.7884676506927366,True,10,False,4,False,0,False,0,True,10,False,2,False,0,False,0,True,8,False,1,False,0,False,0,True,6,False,1,False,0,False,0,True,4,False,0,False,0,False,0,True,3,False,0,False,0,False,0,True,3,False,0,False,0,False,0,False,2,False,0,False,0,False,0,False,2,False,0,False,0,False,0,False,2,False,0,False,0,False,0,False,0,False,0,False,0,False,0,0.5966513073030375,0.42101713729661494,0.26375415334894303,0.08464810149394282,0.07392055584573583,0.03551404405218843,0.022381388207504013,0.0009399477980115582
348.0,0.6588270318547187,3.4285714285714293,True,5,False,1,False,1,False,1,True,3,False,1,False,1,False,1,True,3,False,1,False,1,False,1,False,1,False,1,False,1,False,1,False,1,False,1,False,1,False,1,False,1,False,1,False,1,False,1,False,1,False,1,False,1,False,1,False,1,False,1,False,1,False,1,False,3,False,1,False,1,False,0,False,3,False,1,False,1,False,0,False,3,False,1,False,1,False,0,3.4285714285714275,0.23956404363355827,0.9550936780359339,0.007306503234665864,0.9240031552315584,0.0028264821794686612,0.4908749367423261,0.001565043189632513
385.0,0.9998511461744567,0.8858811771298983,True,11,True,5,True,1,False,0,True,9,True,4,True,1,False,0,True,7,True,1,True,1,False,0,True,5,True,1,True,1,False,0,True,4,True,1,False,0,False,0,True,4,True,1,False,0,False,0,True,2,True,1,False,0,False,0,True,2,True,1,False,0,False,0,True,2,True,1,False,0,False,0,True,2,True,1,False,0,False,0,True,1,True,1,False,0,False,0,0.7980528006377754,0.7980528006377754,0.6719220878888704,0.6719220878888704,0.2509899956370224,0.2509899956370224,0.004468819581811309,0.004468819581811309
464.0,0.9998511461744567,0.5731823732661198,True,4,True,3,False,1,False,0,True,5,True,1,False,0,False,0,True,3,True,1,False,0,False,0,True,2,True,1,False,0,False,0,True,1,False,0,False,0,False,0,True,1,False,0,False,0,False,0,True,1,False,0,False,0,False,0,True,1,False,0,False,0,False,0,False,0,False,0,False,0,False,0,False,0,False,0,False,0,False,0,False,0,False,0,False,0,False,0,0.45241507797428565,0.45241507797428565,0.29929902554391674,0.29929902554391674,0.12343843277828122,0.04037415162019855,0.015070165805610552,0.0017256771032358538
65.0,0.9998511461744567,2.3675893394317886,True,9,True,8,True,3,True,2,True,9,True,8,True,2,True,2,True,10,True,5,True,1,True,1,True,8,True,3,True,1,True,1,True,8,True,2,True,1,True,1,True,6,True,1,True,1,False,0,True,3,True,1,True,1,False,0,True,3,True,1,True,1,False,0,True,3,True,1,True,1,False,0,True,2,True,1,True,1,False,0,True,2,True,1,True,1,False,0,1.5120565389259741,1.5120565389259741,0.9392072179861898,0.9392072179861898,0.8076941893992297,0.8076941893992297,0.3037497093852534,0.3037497093852534
233.0,0.9998511461744567,0.5094266991542629,True,7,True,1,False,0,False,0,True,3,False,0,False,0,False,0,False,2,False,0,False,0,False,0,False,1,False,0,False,0,False,0,False,0,False,0,False,0,False,0,False,0,False,0,False,0,False,0,False,0,False,0,False,0,False,0,False,0,False,0,False,0,False,0,False,0,False,0,False,0,False,0,False,0,False,0,False,0,False,0,False,0,False,0,False,0,False,0,0.2824741330453573,0.1845439074512948,0.12765677123198185,0.12765677123198185,0.0649762812658929,0.060213771851019775,0.0649762812658929,0.060213771851019775
241.0,0.9998511461744567,0.663365916931126,True,6,True,2,False,0,False,0,True,4,True,2,False,0,False,0,True,3,True,1,False,0,False,0,True,2,True,1,False,0,False,0,True,2,True,1,False,0,False,0,True,2,False,0,False,0,False,0,True,2,False,0,False,0,False,0,True,2,False,0,False,0,False,0,True,1,False,0,False,0,False,0,True,1,False,0,False,0,False,0,False,0,False,0,False,0,False,0,0.57252815986485,0.57252815986485,0.30258945207756743,0.30258945207756743,0.03614053013815607,0.018433322560036457,0.008292497155274128,0.008292497155274128
40.0,0.9998511461744567,0.9228585410635568,False,5,False,2,False,1,False,1,False,4,False,1,False,0,False,0,False,4,False,1,False,0,False,0,False,2,False,0,False,0,False,0,False,1,False,0,False,0,False,0,False,1,False,0,False,0,False,0,False,1,False,0,False,0,False,0,False,1,False,0,False,0,False,0,False,1,False,0,False,0,False,0,False,1,False,0,False,0,False,0,False,1,False,0,False,0,False,0,0.8193936298774389,0.09972999740335121,0.20089375598893064,0.008196127248923012,0.10016850885361843,0.0009221998015192882,0.10016850885361843,0.0008089127316955627
369.0,0.6851741589758856,1.2718474158136448,False,5,False,4,False,3,False,2,False,5,False,4,False,2,False,2,False,5,False,4,False,2,False,2,False,5,False,2,False,2,False,2,False,4,False,2,False,2,False,2,False,4,False,2,False,2,False,2,False,3,False,2,False,2,False,2,False,3,False,2,False,2,False,2,False,3,False,2,False,2,False,2,False,3,False,2,False,2,False,2,False,3,False,2,False,2,False,2,1.0,0.0,1.0,0.0,1.0,0.0,0.9606331416325145,0.0
443.0,0.9998511461744567,1.4529662162352568,True,9,True,3,True,3,False,0,True,8,True,3,True,3,False,0,True,5,True,3,False,1,False,0,True,4,True,3,False,1,False,0,True,4,True,3,False,1,False,0,True,3,False,2,False,0,False,0,True,3,False,1,False,0,False,0,True,3,False,1,False,0,False,0,True,2,False,1,False,0,False,0,True,2,False,1,False,0,False,0,False,1,False,0,False,0,False,0,0.8326404130243664,0.5807233107057577,0.5890865433247812,0.3399777098037713,0.3009729983795536,0.1970417988188044,0.006511431467871654,0.0017405566741728591
57.0,0.9873474248288181,0.6118268665094463,True,8,True,6,False,2,False,1,True,9,False,2,False,0,False,0,True,8,False,2,False,0,False,0,True,8,False,0,False,0,False,0,True,5,False,0,False,0,False,0,True,2,False,0,False,0,False,0,False,0,False,0,False,0,False,0,False,0,False,0,False,0,False,0,False,0,False,0,False,0,False,0,False,0,False,0,False,0,False,0,False,0,False,0,False,0,False,0,0.3815122202331495,0.3815122202331495,0.24047868658165164,0.13401570523230713,0.10971065854445165,0.024692686828196635,0.10203457936410185,0.001083076320337222
289.0,0.9998511461744567,2.122471198114725,True,9,True,4,True,3,True,1,True,7,True,3,False,1,False,0,True,5,True,3,False,1,False,0,True,5,False,2,False,1,False,0,True,5,False,2,False,1,False,0,False,4,False,1,False,1,False,0,False,4,False,1,False,1,False,0,False,4,False,1,False,0,False,0,False,3,False,1,False,0,False,0,False,3,False,0,False,0,False,0,False,3,False,0,False,0,False,0,1.194948460975975,0.33860195599178733,0.5335735642774185,0.23737972992394646,0.4143628494355761,0.10541518449625928,0.10541518449625928,0.10541518449625928
314.0,0.9998511461744567,0.9344723903186682,True,10,True,5,False,2,False,0,True,9,True,3,False,1,False,0,True,9,True,2,False,0,False,0,True,5,True,1,False,0,False,0,True,4,True,1,False,0,False,0,True,2,True,1,False,0,False,0,True,2,False,0,False,0,False,0,True,2,False,0,False,0,False,0,True,2,False,0,False,0,False,0,True,2,False,0,False,0,False,0,True,2,False,0,False,0,False,0,0.810931519554146,0.810931519554146,0.36745257988780755,0.36745257988780755,0.15326558784352518,0.03269345043069388,0.03945128633922724,0.005692884138917866
64.0,0.9997022923489134,3.086435934204215,True,10,True,5,True,3,True,3,True,12,True,5,True,3,False,2,True,11,True,4,True,3,False,2,True,12,True,4,True,2,False,1,True,11,True,4,True,2,False,0,True,9,True,3,True,2,False,0,True,8,True,2,False,1,False,0,True,7,True,2,False,1,False,0,True,6,False,1,False,1,False,0,True,6,False,1,False,1,False,0,True,6,False,1,False,1,False,0,2.6390787465922934,1.9502236092323086,0.7880600668403442,0.45519527408039295,0.7175783677357463,0.3560218287123518,0.28913539295291724,0.12718672506544065
121.0,0.9998511461744567,2.1000214909283668,True,7,True,3,False,1,False,0,True,3,True,3,False,1,False,0,True,3,True,3,False,1,False,0,True,3,True,2,False,1,False,0,True,2,False,1,False,1,False,0,True,2,False,1,False,1,False,0,True,2,False,1,False,1,False,0,True,2,False,1,False,1,False,0,True,2,False,1,False,1,False,0,True,2,False,1,False,1,False,0,True,3,False,0,False,0,False,0,0.6807017317853881,0.6807017317853881,0.5811851990470737,0.25942901897801285,0.5662686790920197,0.09776440913784663,0.02926090014589343,0.0074498869707686115
75.0,0.9998511461744567,3.420964589745305,True,7,True,6,True,4,True,2,True,8,True,6,True,5,True,3,True,9,True,6,True,5,True,2,True,11,True,6,True,5,True,2,True,10,True,6,True,4,True,2,True,10,True,6,True,4,True,1,True,10,True,5,True,4,False,0,True,10,True,5,True,3,False,0,True,10,True,5,True,3,False,0,True,10,True,4,True,3,False,0,True,10,True,4,True,3,False,0,3.3405757684722532,1.9552198704736858,0.9799429233432916,0.9402982740485232,0.9712191294389796,0.7825716828046316,0.3812470861318298,0.3812470861318298
208.0,0.9998511461744567,1.6327624278377928,True,9,False,2,False,2,False,1,True,10,False,3,False,2,False,0,True,8,False,2,False,2,False,0,True,8,False,2,False,2,False,0,True,7,False,1,False,1,False,0,False,5,False,1,False,1,False,0,False,4,False,1,False,1,False,0,False,4,False,1,False,0,False,0,False,4,False,1,False,0,False,0,False,4,False,1,False,0,False,0,False,3,False,1,False,0,False,0,0.8776999847755824,0.31271452079847345,0.7335754669902211,0.06803719124186744,0.43664400370773593,0.06803719124186744,0.13227230500974715,0.020466943232932827
458.0,0.9992557308722834,0.7185888910154806,True,4,True,3,True,1,False,0,True,4,True,2,False,0,False,0,True,5,True,1,False,0,False,0,True,2,True,1,False,0,False,0,True,2,True,1,False,0,False,0,True,2,True,1,False,0,False,0,True,2,False,0,False,0,False,0,True,2,False,0,False,0,False,0,True,1,False,0,False,0,False,0,True,1,False,0,False,0,False,0,True,1,False,0,False,0,False,0,0.6568871004078238,0.6568871004078238,0.3523588734822118,0.3523588734822118,0.13237595890864123,0.13237595890864123,0.003260188110134055,0.003260188110134055
353.0,0.9998511461744567,1.2409654671602481,True,7,True,3,True,1,False,0,True,5,True,3,True,1,False,0,True,5,True,3,False,0,False,0,True,5,True,2,False,0,False,0,True,3,True,1,False,0,False,0,True,2,True,1,False,0,False,0,True,2,True,1,False,0,False,0,True,2,False,0,False,0,False,0,True,2,False,0,False,0,False,0,True,2,False,0,False,0,False,0,False,1,False,0,False,0,False,0,0.8015600905397886,0.5863076008136614,0.44890622284969617,0.44890622284969617,0.19794301633106054,0.19794301633106054,0.0725123528855541,0.017612030756590992
179.0,0.9998511461744567,0.6460125338343647,True,4,True,3,False,0,False,0,True,4,True,2,False,0,False,0,True,2,True,2,False,0,False,0,True,2,False,0,False,0,False,0,True,2,False,0,False,0,False,0,True,1,False,0,False,0,False,0,True,1,False,0,False,0,False,0,True,1,False,0,False,0,False,0,True,1,False,0,False,0,False,0,False,0,False,0,False,0,False,0,False,0,False,0,False,0,False,0,0.5274087367258007,0.5274087367258007,0.22869705646483662,0.20499710716536612,0.04296454397921518,0.04296454397921518,0.021035113464026617,0.0022400623877868466
123.0,0.9998511461744567,0.5423874052095204,True,8,True,1,False,0,False,0,True,4,True,1,False,0,False,0,True,2,True,1,False,0,False,0,True,1,False,0,False,0,False,0,True,1,False,0,False,0,False,0,True,1,False,0,False,0,False,0,False,0,False,0,False,0,False,0,False,0,False,0,False,0,False,0,False,0,False,0,False,0,False,0,False,0,False,0,False,0,False,0,False,0,False,0,False,0,False,0,0.36348404761652586,0.36348404761652586,0.23306779965898494,0.23306779965898494,0.015215596591017143,0.004554274629014573,0.006439435682932584,0.0012811825044471952
423.0,0.9998511461744567,1.0108253620651533,True,10,True,2,False,0,False,0,True,8,True,1,False,0,False,0,True,6,True,1,False,0,False,0,True,5,True,1,False,0,False,0,True,4,False,0,False,0,False,0,True,4,False,0,False,0,False,0,True,2,False,0,False,0,False,0,True,2,False,0,False,0,False,0,False,1,False,0,False,0,False,0,False,1,False,0,False,0,False,0,False,0,False,0,False,0,False,0,0.5943043821409552,0.48614317980433486,0.2626943753482999,0.2626943753482999,0.023182641709450516,0.023182641709450516,0.017898766202918342,0.0017998237025157282
244.0,0.9998511461744567,0.6817342082148881,True,5,True,3,False,0,False,0,True,4,True,3,False,0,False,0,True,4,True,3,False,0,False,0,True,4,False,1,False,0,False,0,True,2,False,0,False,0,False,0,True,2,False,0,False,0,False,0,True,2,False,0,False,0,False,0,True,2,False,0,False,0,False,0,False,0,False,0,False,0,False,0,False,0,False,0,False,0,False,0,False,0,False,0,False,0,False,0,0.4970045433411963,0.4815153119572027,0.28746424838078155,0.23983491999783402,0.09129959786707102,0.001402612163823808,0.043346679068150235,0.001402612163823808
284.0,0.9998511461744567,0.4769680358824306,True,7,True,4,True,1,False,0,True,5,True,3,False,0,False,0,True,4,True,1,False,0,False,0,True,2,False,0,False,0,False,0,True,2,False,0,False,0,False,0,True,1,False,0,False,0,False,0,True,1,False,0,False,0,False,0,False,0,False,0,False,0,False,0,False,0,False,0,False,0,False,0,False,0,False,0,False,0,False,0,False,0,False,0,False,0,False,0,0.4004156764946995,0.4004156764946995,0.21575957446357638,0.21575957446357638,0.11449090373792367,0.11449090373792367,0.0049867380287391145,0.0038801209573551265
139.0,0.9998511461744567,0.8454086825843855,True,9,True,3,True,1,False,0,True,5,True,2,True,1,False,0,True,3,True,2,True,1,False,0,True,2,True,2,True,1,False,0,True,2,True,2,True,1,False,0,True,2,True,2,True,1,False,0,True,2,True,2,False,0,False,0,True,3,False,0,False,0,False,0,True,2,False,0,False,0,False,0,True,2,False,0,False,0,False,0,True,1,False,0,False,0,False,0,0.7782890346979671,0.7782890346979671,0.4444335647222087,0.4444335647222087,0.3560293939196503,0.3560293939196503,0.036339907730049824,0.036339907730049824
97.0,0.9970229234891337,0.6573739845555949,True,7,True,3,True,2,True,1,True,6,True,2,True,1,True,1,True,3,True,1,True,1,True,1,True,1,True,1,True,1,True,1,True,1,True,1,True,1,True,1,True,1,True,1,False,0,False,0,False,1,False,1,False,0,False,0,False,1,False,1,False,0,False,0,False,1,False,1,False,0,False,0,False,0,False,0,False,0,False,0,False,0,False,0,False,0,False,0,0.526473248140329,0.37292833885174614,0.5204951398912702,0.37292833885174614,0.3475202525924121,0.3475202525924121,0.3202774547266988,0.3202774547266988
432.0,0.9998511461744567,1.1721680012098472,True,8,True,5,False,0,False,0,True,8,True,4,False,0,False,0,True,7,True,3,False,0,False,0,True,5,True,3,False,0,False,0,True,5,False,1,False,0,False,0,True,5,False,1,False,0,False,0,True,5,False,1,False,0,False,0,True,5,False,0,False,0,False,0,True,2,False,0,False,0,False,0,True,1,False,0,False,0,False,0,True,1,False,0,False,0,False,0,0.6118202757219456,0.6118202757219456,0.41180501410725845,0.29390573993868124,0.08270652954763488,0.07070520633716307,0.019336019607027254,0.006336518002999817
11.0,0.9309318249479012,3.0133932271562704,True,11,True,7,True,2,True,1,True,12,True,4,True,1,True,1,True,11,True,3,True,1,True,1,True,8,True,3,True,1,True,1,True,10,True,2,False,0,False,0,True,9,True,2,False,0,False,0,True,8,False,0,False,0,False,0,True,7,False,0,False,0,False,0,True,6,False,0,False,0,False,0,True,6,False,0,False,0,False,0,True,5,False,0,False,0,False,0,2.2159798669906143,2.2159798669906143,0.38687104415638424,0.3608680515017583,0.2716298421409241,0.2716298421409241,0.2716298421409241,0.2716298421409241
328.0,0.9992557308722834,1.5080159736831522,True,10,True,5,True,3,False,1,True,9,True,4,True,2,False,1,True,6,True,4,True,2,False,0,True,5,True,4,False,1,False,0,True,5,False,2,False,0,False,0,True,4,False,1,False,0,False,0,True,4,False,1,False,0,False,0,True,3,False,0,False,0,False,0,True,3,False,0,False,0,False,0,True,3,False,0,False,0,False,0,True,3,False,0,False,0,False,0,0.8926726051264536,0.7790956175214907,0.42537564514387427,0.28669051652662764,0.27960123499987827,0.21416699734656136,0.15535601823288178,0.09202525895223511
211.0,0.9998511461744567,0.6127146907993819,True,5,True,3,False,0,False,0,True,4,True,2,False,0,False,0,True,4,True,2,False,0,False,0,True,2,False,0,False,0,False,0,True,2,False,0,False,0,False,0,False,1,False,0,False,0,False,0,False,1,False,0,False,0,False,0,False,1,False,0,False,0,False,0,False,0,False,0,False,0,False,0,False,0,False,0,False,0,False,0,False,0,False,0,False,0,False,0,0.4751430110114166,0.312091187724002,0.24987349669707448,0.21901653091703085,0.06689418223716505,0.0024586618937472863,0.018964400743821965,0.0017468667950042973
481.0,0.9998511461744567,3.2990896619909784,True,9,True,5,False,2,False,2,True,8,True,4,False,2,False,2,True,8,True,4,False,2,False,2,True,7,False,3,False,2,False,2,True,7,False,3,False,2,False,2,True,7,False,2,False,2,False,2,True,6,False,2,False,2,False,2,True,6,False,2,False,2,False,2,True,6,False,2,False,2,False,2,True,6,False,2,False,2,False,2,True,5,False,2,False,2,False,2,2.7948950260706362,0.8967756393359795,0.8559269247768221,0.20769230409839173,0.8240638136497487,0.030979100332145307,0.6635512943286852,0.007912648556755874
489.0,0.9998511461744567,0.5799206818735734,True,9,True,2,True,1,False,0,True,6,True,2,True,1,False,0,True,3,True,2,True,1,False,0,True,2,True,2,True,1,False,0,True,3,False,0,False,0,False,0,True,3,False,0,False,0,False,0,True,1,False,0,False,0,False,0,True,1,False,0,False,0,False,0,True,1,False,0,False,0,False,0,False,0,False,0,False,0,False,0,False,0,False,0,False,0,False,0,0.5067584369538756,0.5067584369538756,0.27885553160231596,0.27885553160231596,0.25229211913961197,0.25229211913961197,0.008159917786344714,0.002609619590041088
318.0,0.9998511461744567,0.8956435255748051,True,12,True,3,False,1,False,0,True,8,True,2,False,0,False,0,True,5,False,1,False,0,False,0,True,5,False,0,False,0,False,0,True,3,False,0,False,0,False,0,True,2,False,0,False,0,False,0,True,2,False,0,False,0,False,0,True,2,False,0,False,0,False,0,True,2,False,0,False,0,False,0,True,2,False,0,False,0,False,0,True,2,False,0,False,0,False,0,0.7720153072934481,0.7720153072934481,0.20361087211215628,0.16674422327230792,0.13153877632977173,0.005411223666229338,0.0132153805050514,0.004227346204495014
317.0,0.9998511461744567,2.428517636051557,True,9,True,4,False,1,False,1,True,7,True,3,False,1,False,1,True,6,True,2,False,1,False,1,True,3,True,2,False,1,False,1,True,2,False,1,False,1,False,0,False,1,False,1,False,1,False,0,False,1,False,1,False,1,False,0,False,1,False,1,False,1,False,0,False,1,False,1,False,0,False,0,False,1,False,1,False,0,False,0,False,1,False,1,False,0,False,0,1.7782722907726505,0.33152188211831657,0.9420371554868392,0.25924248122750265,0.46178794202345996,0.0091259979337743,0.27231934841610556,0.002001027266075719
496.0,0.9980649002679369,0.8026743887657516,True,7,True,4,False,0,False,0,True,6,True,2,False,0,False,0,True,6,False,0,False,0,False,0,True,5,False,0,False,0,False,0,True,3,False,0,False,0,False,0,True,3,False,0,False,0,False,0,True,2,False,0,False,0,False,0,True,2,False,0,False,0,False,0,True,2,False,0,False,0,False,0,True,2,False,0,False,0,False,0,True,1,False,0,False,0,False,0,0.6179466940791278,0.6179466940791278,0.1828259108147951,0.167483679102008,0.09932523763329915,0.0025421661685682893,0.010170919061443367,0.0025421661685682893
540.0,0.9998511461744567,0.3245810714753956,True,5,True,1,False,0,False,0,True,3,False,0,False,0,False,0,False,1,False,0,False,0,False,0,False,0,False,0,False,0,False,0,False,0,False,0,False,0,False,0,False,0,False,0,False,0,False,0,False,0,False,0,False,0,False,0,False,0,False,0,False,0,False,0,False,0,False,0,False,0,False,0,False,0,False,0,False,0,False,0,False,0,False,0,False,0,False,0,0.20667354599793913,0.1751572388273903,0.12223252995910765,0.12223252995910765,0.058202673257961524,0.03758437292143713,0.03758437292143713,0.03758437292143713
362.0,0.9998511461744567,0.5564128631282437,True,6,True,2,True,1,False,0,True,5,True,2,False,0,False,0,True,3,True,1,False,0,False,0,True,3,True,1,False,0,False,0,True,3,False,0,False,0,False,0,True,2,False,0,False,0,False,0,False,0,False,0,False,0,False,0,False,0,False,0,False,0,False,0,False,0,False,0,False,0,False,0,False,0,False,0,False,0,False,0,False,0,False,0,False,0,False,0,0.37449725980464943,0.37449725980464943,0.2912382140287712,0.2912382140287712,0.12764366016693987,0.12764366016693987,0.005155241024151134,0.005155241024151134
445.0,0.9998511461744567,0.6183864642104052,True,8,True,4,False,0,False,0,True,7,True,2,False,0,False,0,True,6,False,0,False,0,False,0,True,4,False,0,False,0,False,0,True,2,False,0,False,0,False,0,False,1,False,0,False,0,False,0,False,1,False,0,False,0,False,0,False,0,False,0,False,0,False,0,False,0,False,0,False,0,False,0,False,0,False,0,False,0,False,0,False,0,False,0,False,0,False,0,0.41056121207441987,0.33021104457510037,0.1871961809715046,0.1871961809715046,0.04553741468549503,0.04553741468549503,0.0127370878576042,0.0033941073961577246
176.0,0.9989580232211968,0.9999991212569906,True,7,True,3,False,0,False,0,True,7,True,1,False,0,False,0,True,3,False,0,False,0,False,0,True,2,False,0,False,0,False,0,True,2,False,0,False,0,False,0,True,2,False,0,False,0,False,0,True,1,False,0,False,0,False,0,True,1,False,0,False,0,False,0,False,0,False,0,False,0,False,0,False,0,False,0,False,0,False,0,False,0,False,0,False,0,False,0,0.4843714378025369,0.4843714378025369,0.1743598245559492,0.1743598245559492,0.02316937984769289,0.004190016984378782,0.0027475717262501775,0.0026987002434858205
331.0,0.9998511461744567,0.8598094601221892,True,13,True,3,False,0,False,0,True,8,True,2,False,0,False,0,True,6,True,1,False,0,False,0,True,5,False,0,False,0,False,0,True,2,False,0,False,0,False,0,False,0,False,0,False,0,False,0,False,0,False,0,False,0,False,0,False,0,False,0,False,0,False,0,False,0,False,0,False,0,False,0,False,0,False,0,False,0,False,0,False,0,False,0,False,0,False,0,0.3456738312857769,0.3456738312857769,0.2204344616898836,0.2204344616898836,0.057904344918218276,0.02084374625186884,0.00469447364050912,0.00469447364050912
282.0,0.9998511461744567,1.2965989428214644,True,9,True,5,True,2,False,0,True,6,True,4,True,2,False,0,True,5,True,2,False,1,False,0,True,3,True,2,False,1,False,0,True,4,True,1,False,0,False,0,True,4,True,1,False,0,False,0,True,4,True,1,False,0,False,0,True,2,True,1,False,0,False,0,True,2,True,1,False,0,False,0,True,2,False,0,False,0,False,0,True,2,False,0,False,0,False,0,0.8872460522482848,0.7146384567457003,0.5320978285693782,0.5320978285693782,0.2968303191302191,0.19837661191462866,0.07389090818006906,0.006959036222129255
144.0,0.9998511461744567,1.1882950611789358,True,11,False,2,False,2,False,0,True,8,False,2,False,2,False,0,True,7,False,2,False,1,False,0,True,6,False,1,False,0,False,0,True,4,False,1,False,0,False,0,True,2,False,0,False,0,False,0,True,2,False,0,False,0,False,0,True,1,False,0,False,0,False,0,True,1,False,0,False,0,False,0,True,1,False,0,False,0,False,0,True,1,False,0,False,0,False,0,0.6786059807124784,0.6786059807124784,0.32484792807333324,0.08087114208794927,0.21238753328346463,0.003526260403820635,0.010229356135359387,0.003526260403820635
392.0,0.9998511461744567,0.44450266866448784,True,4,True,1,True,1,True,1,True,3,True,1,True,1,True,1,True,2,True,2,False,0,False,0,True,2,False,0,False,0,False,0,False,1,False,0,False,0,False,0,False,0,False,0,False,0,False,0,False,0,False,0,False,0,False,0,False,0,False,0,False,0,False,0,False,0,False,0,False,0,False,0,False,0,False,0,False,0,False,0,False,0,False,0,False,0,False,0,0.3187817590142461,0.2960634011943129,0.23655788337068198,0.22856878176915985,0.17496823764687613,0.17496823764687613,0.17496823764687613,0.17496823764687613
53.0,0.9998511461744567,0.5583145351166822,True,7,True,1,False,0,False,0,True,4,True,1,False,0,False,0,True,2,False,0,False,0,False,0,True,2,False,0,False,0,False,0,True,1,False,0,False,0,False,0,True,1,False,0,False,0,False,0,False,0,False,0,False,0,False,0,False,0,False,0,False,0,False,0,False,0,False,0,False,0,False,0,False,0,False,0,False,0,False,0,False,0,False,0,False,0,False,0,0.39416206688108124,0.39416206688108124,0.1890803134465675,0.1890803134465675,0.011961913557135082,0.011961913557135082,0.004082121949580268,0.004082121949580268
177.0,0.9696338195891634,1.0,True,12,True,5,False,0,False,0,True,10,True,3,False,0,False,0,True,8,True,2,False,0,False,0,True,7,True,1,False,0,False,0,True,7,True,1,False,0,False,0,True,7,False,0,False,0,False,0,True,4,False,0,False,0,False,0,True,3,False,0,False,0,False,0,True,3,False,0,False,0,False,0,True,2,False,0,False,0,False,0,True,2,False,0,False,0,False,0,0.7480187286698304,0.7480187286698304,0.3443819049708199,0.3443819049708199,0.04065694586631105,0.04065694586631105,0.03511732284801051,0.011084574180033651
296.0,0.9974694849657636,1.1317052965262255,True,10,False,1,False,1,False,0,True,10,False,1,False,1,False,0,True,8,False,0,False,0,False,0,True,6,False,0,False,0,False,0,True,6,False,0,False,0,False,0,True,6,False,0,False,0,False,0,True,5,False,0,False,0,False,0,True,4,False,0,False,0,False,0,False,2,False,0,False,0,False,0,False,2,False,0,False,0,False,0,False,1,False,0,False,0,False,0,0.648450801456035,0.47730405059391634,0.1632513419674794,0.0204897202024384,0.1632513419674794,0.0204897202024384,0.03898105210423497,0.014218857613859976
175.0,0.9995534385233701,3.4003161532347974,True,6,True,5,True,2,False,0,True,6,True,2,False,1,False,0,True,3,False,1,False,1,False,0,True,3,False,1,False,1,False,0,True,2,False,1,False,1,False,0,True,2,False,1,False,0,False,0,True,2,False,1,False,0,False,0,True,2,False,1,False,0,False,0,False,1,False,1,False,0,False,0,False,1,False,1,False,0,False,0,False,1,False,1,False,0,False,0,3.1299742677333837,0.4940015074843752,0.9315249515132495,0.1570269284733077,0.30434715564437065,0.11975790404420132,0.08789569527623435,0.0033995822494951554
31.0,0.9941947008038107,0.4513508831948312,True,7,True,3,True,1,False,0,True,6,False,1,False,0,False,0,True,6,False,0,False,0,False,0,False,3,False,0,False,0,False,0,False,2,False,0,False,0,False,0,False,0,False,0,False,0,False,0,False,0,False,0,False,0,False,0,False,0,False,0,False,0,False,0,False,0,False,0,False,0,False,0,False,0,False,0,False,0,False,0,False,0,False,0,False,0,False,0,0.3077040179971595,0.21746810581295473,0.19662483697615965,0.1081579095084021,0.10568299849357836,0.10568299849357836,0.03632489932229842,0.0027639841299280767
487.0,0.9998511461744567,0.6638928217228318,True,10,True,4,False,0,False,0,True,6,True,3,False,0,False,0,True,3,True,2,False,0,False,0,True,3,False,0,False,0,False,0,True,2,False,0,False,0,False,0,True,1,False,0,False,0,False,0,True,1,False,0,False,0,False,0,False,0,False,0,False,0,False,0,False,0,False,0,False,0,False,0,False,0,False,0,False,0,False,0,False,0,False,0,False,0,False,0,0.43809815154603976,0.43809815154603976,0.24703821711689222,0.24703821711689222,0.007229112844329596,0.007229112844329596,0.0036964022506444077,0.0029711527831595627
418.0,0.9994045846978268,2.954271877538102,True,10,True,5,False,2,False,0,True,10,False,4,False,1,False,0,True,8,False,2,False,1,False,0,True,7,False,2,False,1,False,0,True,6,False,1,False,1,False,0,True,6,False,1,False,1,False,0,False,4,False,1,False,1,False,0,False,4,False,1,False,1,False,0,False,4,False,1,False,1,False,0,False,4,False,1,False,1,False,0,False,4,False,1,False,1,False,0,2.138331258851741,0.35220393586095783,0.844158757045773,0.10671015613774443,0.844158757045773,0.06819091165282466,0.04069699742558912,0.04069699742558912
159.0,0.9998511461744567,1.3297349867266133,True,9,True,1,True,1,False,0,True,7,True,1,True,1,False,0,True,5,True,1,False,0,False,0,True,4,True,1,False,0,False,0,True,4,True,1,False,0,False,0,True,2,True,1,False,0,False,0,True,2,True,1,False,0,False,0,True,2,True,1,False,0,False,0,True,2,True,1,False,0,False,0,True,2,True,1,False,0,False,0,True,2,True,1,False,0,False,0,0.8258448601560927,0.8258448601560927,0.6166857938140707,0.6166857938140707,0.15868989451462864,0.15868989451462864,0.08708820230435992,0.08708820230435992
367.0,0.9989580232211968,0.797552184002788,True,6,True,3,False,2,False,0,True,4,False,2,False,1,False,0,True,4,False,2,False,0,False,0,True,3,False,2,False,0,False,0,False,2,False,1,False,0,False,0,False,1,False,0,False,0,False,0,False,1,False,0,False,0,False,0,False,1,False,0,False,0,False,0,False,1,False,0,False,0,False,0,False,1,False,0,False,0,False,0,False,1,False,0,False,0,False,0,0.6265140620211319,0.256297205972721,0.3120169557385572,0.13886706206923088,0.17873910300560472,0.023887108860156877,0.006587010335198732,0.0038233352895221027
113.0,0.9998511461744567,2.202218785960572,True,13,True,4,True,2,True,1,True,11,True,2,True,1,True,1,True,7,True,2,True,1,True,1,True,4,True,2,True,1,True,1,True,3,True,2,True,1,True,1,True,3,True,2,False,0,False,0,True,3,True,2,False,0,False,0,True,2,True,2,False,0,False,0,True,2,True,2,False,0,False,0,True,2,True,2,False,0,False,0,True,2,True,1,False,0,False,0,1.6118017468058945,1.6118017468058945,0.600937278843537,0.600937278843537,0.30811478346577054,0.30811478346577054,0.30811478346577054,0.30811478346577054
16.0,0.9998511461744567,0.9859874760577483,True,9,True,4,True,1,False,0,True,8,True,3,False,0,False,0,True,7,True,3,False,0,False,0,True,5,True,2,False,0,False,0,True,4,True,1,False,0,False,0,True,3,True,1,False,0,False,0,True,3,False,0,False,0,False,0,True,2,False,0,False,0,False,0,True,1,False,0,False,0,False,0,True,1,False,0,False,0,False,0,True,1,False,0,False,0,False,0,0.8647981819893213,0.8647981819893213,0.3782618769999582,0.3782618769999582,0.12987402602155315,0.12987402602155315,0.014168067615725408,0.004763826238443863
357.0,0.9992557308722834,0.8531032957067927,True,10,True,3,True,2,False,0,True,8,True,3,True,1,False,0,True,7,True,2,True,1,False,0,True,6,True,1,True,1,False,0,True,4,True,1,True,1,False,0,True,3,True,1,False,0,False,0,True,3,True,1,False,0,False,0,True,2,True,1,False,0,False,0,True,2,False,0,False,0,False,0,True,2,False,0,False,0,False,0,True,1,False,0,False,0,False,0,0.7399855849199447,0.7399855849199447,0.49922923615787035,0.49922923615787035,0.3323813488440273,0.3323813488440273,0.010534288339161955,0.0019151215300913236
391.0,0.9997022923489134,0.9687696537780598,True,8,True,4,True,4,True,2,True,7,True,3,True,3,True,1,True,5,True,2,True,2,True,1,True,5,True,2,True,2,True,1,True,5,True,2,True,2,True,1,True,5,True,2,True,2,True,1,True,3,True,2,True,2,True,1,True,3,True,2,True,2,False,0,True,3,True,2,True,2,False,0,True,3,True,2,True,2,False,0,True,2,True,2,True,1,False,0,0.9073157602682382,0.9073157602682382,0.860291895760658,0.860291895760658,0.7580899321302166,0.7580899321302166,0.40788203771541004,0.40788203771541004
253.0,0.9997022923489134,0.9559626889180418,True,12,True,6,False,0,False,0,True,10,True,4,False,0,False,0,True,7,True,2,False,0,False,0,True,7,True,1,False,0,False,0,True,6,True,1,False,0,False,0,True,4,True,1,False,0,False,0,True,2,True,1,False,0,False,0,True,2,True,1,False,0,False,0,True,2,True,1,False,0,False,0,True,2,True,1,False,0,False,0,True,2,True,1,False,0,False,0,0.8250197166982892,0.8250197166982892,0.6028165156030787,0.6028165156030787,0.01828932159608429,0.008309773603591296,0.016790395491843742,0.008309773603591296
321.0,0.9998511461744567,0.9440044283167092,True,10,True,3,False,0,False,0,True,8,False,0,False,0,False,0,True,3,False,0,False,0,False,0,True,3,False,0,False,0,False,0,False,2,False,0,False,0,False,0,False,2,False,0,False,0,False,0,False,2,False,0,False,0,False,0,False,1,False,0,False,0,False,0,False,1,False,0,False,0,False,0,False,1,False,0,False,0,False,0,False,1,False,0,False,0,False,0,0.6935359401989112,0.27119499211933107,0.13514535519950566,0.11064193906812853,0.06887201893110159,0.05172684467956818,0.029367220345666065,0.001640130640020177
315.0,0.9998511461744567,0.7690616709244158,True,7,True,3,True,1,False,0,True,5,True,3,False,0,False,0,True,4,True,1,False,0,False,0,True,3,False,0,False,0,False,0,True,3,False,0,False,0,False,0,True,3,False,0,False,0,False,0,True,2,False,0,False,0,False,0,False,0,False,0,False,0,False,0,False,0,False,0,False,0,False,0,False,0,False,0,False,0,False,0,False,0,False,0,False,0,False,0,0.4321014550203229,0.4321014550203229,0.22372333826919094,0.22372333826919094,0.11665955123331138,0.11665955123331138,0.04856510775066633,0.0032083196792055814
302.0,0.9998511461744567,0.8233360619634557,True,7,True,3,False,1,False,0,True,5,True,2,False,0,False,0,True,4,True,2,False,0,False,0,True,2,True,2,False,0,False,0,True,2,False,1,False,0,False,0,True,2,False,1,False,0,False,0,True,2,False,0,False,0,False,0,True,2,False,0,False,0,False,0,False,1,False,0,False,0,False,0,False,1,False,0,False,0,False,0,False,0,False,0,False,0,False,0,0.564375849497803,0.4646983467525025,0.37908132814341033,0.26382398785399624,0.11555190407377074,0.08738635243784132,0.09456781301552943,0.005631462592484349
135.0,0.9998511461744567,2.2946256635213005,True,9,True,5,True,4,True,2,True,11,True,5,True,3,True,1,True,10,True,5,True,3,True,1,True,10,True,5,True,2,True,1,True,11,True,6,True,3,True,1,True,11,True,7,True,3,False,0,True,12,True,5,True,2,False,0,True,12,True,5,True,2,False,0,True,12,True,4,True,1,False,0,True,11,True,2,False,0,False,0,True,10,True,2,False,0,False,0,1.3678976266462441,1.3678976266462441,1.0403613973066053,1.0403613973066053,0.5390163802744257,0.5390163802744257,0.34485362873319503,0.34485362873319503
77.0,0.9998511461744567,2.296514227858035,True,11,True,4,False,0,False,0,True,12,True,2,False,0,False,0,True,10,True,2,False,0,False,0,True,10,True,1,False,0,False,0,True,7,True,1,False,0,False,0,True,7,True,1,False,0,False,0,True,7,False,0,False,0,False,0,True,6,False,0,False,0,False,0,True,6,False,0,False,0,False,0,True,5,False,0,False,0,False,0,True,2,False,0,False,0,False,0,1.87091720797267,1.87091720797267,0.363556545987257,0.363556545987257,0.09632413140584105,0.08584372376945983,0.06113450192931867,0.06113450192931867
365.0,0.9998511461744567,2.925246850326184,True,10,True,5,True,1,False,0,True,10,True,4,False,0,False,0,True,8,True,3,False,0,False,0,True,7,True,2,False,0,False,0,True,7,True,2,False,0,False,0,True,6,True,1,False,0,False,0,True,4,True,1,False,0,False,0,True,3,True,1,False,0,False,0,True,3,True,1,False,0,False,0,True,3,True,1,False,0,False,0,True,3,True,1,False,0,False,0,1.8076990200188618,1.8076990200188618,0.621816801893053,0.621816801893053,0.14942544124499993,0.14942544124499993,0.07465557204701151,0.07465557204701151
528.0,0.9927061625483775,2.390787399132544,True,11,True,5,True,3,True,3,True,13,True,5,False,2,False,1,True,15,True,3,False,1,False,0,True,11,True,3,False,1,False,0,True,10,True,3,False,1,False,0,True,10,True,2,False,1,False,0,True,8,True,2,False,1,False,0,True,6,False,1,False,1,False,0,True,5,False,1,False,1,False,0,False,3,False,1,False,1,False,0,False,3,False,1,False,1,False,0,1.747492640255688,0.5426990725568706,0.6925801412185367,0.43407283074775066,0.6152765266531022,0.10727833690008205,0.15095026838611617,0.10727833690008205
13.0,0.9998511461744567,0.5995834660060011,True,8,True,1,False,0,False,0,True,4,True,1,False,0,False,0,True,4,True,1,False,0,False,0,True,3,True,1,False,0,False,0,True,1,False,0,False,0,False,0,True,1,False,0,False,0,False,0,True,1,False,0,False,0,False,0,True,1,False,0,False,0,False,0,True,1,False,0,False,0,False,0,False,0,False,0,False,0,False,0,False,0,False,0,False,0,False,0,0.5018114847437393,0.5018114847437393,0.29747549261714307,0.29747549261714307,0.029888431164345683,0.029888431164345683,0.029888431164345683,0.029888431164345683
99.0,0.9489431378386425,0.8137460309649671,True,6,True,2,True,1,True,1,True,4,True,2,True,1,True,1,True,2,True,2,True,1,True,1,True,3,True,1,True,1,True,1,True,1,True,1,True,1,True,1,True,1,True,1,True,1,True,1,True,1,True,1,True,1,True,1,True,1,True,1,True,1,True,1,True,1,True,1,True,1,True,1,True,1,True,1,False,0,False,0,False,1,False,1,False,0,False,0,0.7552710648431428,0.5761369342742779,0.6957980648014953,0.5761369342742779,0.538599836567921,0.538599836567921,0.519533463395041,0.519533463395041
300.0,0.9997022923489134,0.4191108954843271,True,7,False,2,False,1,False,0,True,4,False,1,False,1,False,0,False,2,False,1,False,0,False,0,False,2,False,0,False,0,False,0,False,0,False,0,False,0,False,0,False,0,False,0,False,0,False,0,False,0,False,0,False,0,False,0,False,0,False,0,False,0,False,0,False,0,False,0,False,0,False,0,False,0,False,0,False,0,False,0,False,0,False,0,False,0,False,0,0.28371331598868166,0.17081907939935417,0.23047861163289363,0.05911402312626176,0.17934221114591695,0.0398835057344954,0.020635912924811053,0.0006293410544599014
417.0,0.9998511461744567,0.4577643789157262,True,4,True,2,False,0,False,0,True,3,False,0,False,0,False,0,True,2,False,0,False,0,False,0,True,2,False,0,False,0,False,0,False,0,False,0,False,0,False,0,False,0,False,0,False,0,False,0,False,0,False,0,False,0,False,0,False,0,False,0,False,0,False,0,False,0,False,0,False,0,False,0,False,0,False,0,False,0,False,0,False,0,False,0,False,0,False,0,0.27891713150754505,0.2690269042756871,0.11941648623065039,0.11941648623065039,0.05832613752941701,0.0022356291023812366,0.0009114227995501783,0.0007960737716897336
80.0,0.9998511461744567,2.5369030142158118,True,9,True,7,False,4,False,2,True,12,True,7,False,2,False,0,True,13,True,7,False,1,False,0,True,13,True,4,False,1,False,0,True,13,True,4,False,0,False,0,True,12,True,4,False,0,False,0,True,11,False,3,False,0,False,0,True,11,False,3,False,0,False,0,True,10,False,2,False,0,False,0,True,10,False,2,False,0,False,0,True,9,False,1,False,0,False,0,1.8206258305123781,0.8568728621971392,0.6724702781380755,0.39552938040680446,0.2766771370641381,0.09894877330727715,0.14522416011866066,0.09894877330727715
195.0,0.9997022923489134,0.9704534544752487,True,9,True,3,False,1,False,0,True,6,True,3,False,1,False,0,True,5,True,3,False,1,False,0,True,6,True,2,False,0,False,0,True,6,True,2,False,0,False,0,True,4,True,1,False,0,False,0,True,4,False,0,False,0,False,0,True,3,False,0,False,0,False,0,True,3,False,0,False,0,False,0,True,2,False,0,False,0,False,0,True,2,False,0,False,0,False,0,0.8681168209962552,0.7548580436887127,0.3671925136448512,0.3671925136448512,0.21816325389050747,0.011237957078393077,0.05172836339174009,0.011237957078393077
441.0,0.9994045846978268,0.6945417361080798,True,8,True,3,False,0,False,0,True,7,True,2,False,0,False,0,True,5,False,0,False,0,False,0,True,4,False,0,False,0,False,0,True,3,False,0,False,0,False,0,True,3,False,0,False,0,False,0,True,2,False,0,False,0,False,0,False,1,False,0,False,0,False,0,False,1,False,0,False,0,False,0,False,0,False,0,False,0,False,0,False,0,False,0,False,0,False,0,0.5253960568105425,0.41195559832327994,0.1652805451093014,0.1652805451093014,0.0848493125028338,0.0848493125028338,0.027458847379944248,0.027458847379944248
286.0,0.9974694849657636,0.7667778419499962,True,8,True,3,False,0,False,0,True,6,True,1,False,0,False,0,True,6,True,1,False,0,False,0,True,4,False,0,False,0,False,0,True,2,False,0,False,0,False,0,True,2,False,0,False,0,False,0,True,2,False,0,False,0,False,0,False,0,False,0,False,0,False,0,False,0,False,0,False,0,False,0,False,0,False,0,False,0,False,0,False,0,False,0,False,0,False,0,0.4456099015711995,0.4456099015711995,0.235156293641946,0.235156293641946,0.07477745944727278,0.07477745944727278,0.01778430228507528,0.012276684252239413
313.0,0.9997022923489134,0.6765946540549774,True,5,True,3,False,1,False,0,True,4,True,2,False,0,False,0,True,3,True,2,False,0,False,0,True,3,False,1,False,0,False,0,True,2,False,0,False,0,False,0,True,2,False,0,False,0,False,0,True,2,False,0,False,0,False,0,True,2,False,0,False,0,False,0,False,1,False,0,False,0,False,0,False,1,False,0,False,0,False,0,False,0,False,0,False,0,False,0,0.5805699806653608,0.4632384692107561,0.2698642303393798,0.23252769200088694,0.12476603953193019,0.0024560417045941187,0.002809484650350843,0.0024560417045941187
240.0,0.9983626079190235,0.6575834704928698,True,11,True,2,False,0,False,0,True,8,False,0,False,0,False,0,True,6,False,0,False,0,False,0,True,4,False,0,False,0,False,0,False,0,False,0,False,0,False,0,False,0,False,0,False,0,False,0,False,0,False,0,False,0,False,0,False,0,False,0,False,0,False,0,False,0,False,0,False,0,False,0,False,0,False,0,False,0,False,0,False,0,False,0,False,0,False,0,0.2889304981451298,0.26564948589626053,0.1240160868862172,0.10885001830162912,0.04972420910330877,0.0016775721903927467,0.009999441394767957,0.0016775721903927467
337.0,0.9998511461744567,1.0101795073578579,True,10,True,5,False,0,False,0,True,9,True,4,False,0,False,0,True,8,True,3,False,0,False,0,True,7,True,2,False,0,False,0,True,5,True,2,False,0,False,0,True,4,True,2,False,0,False,0,True,4,True,2,False,0,False,0,True,4,True,1,False,0,False,0,True,3,False,0,False,0,False,0,True,3,False,0,False,0,False,0,True,2,False,0,False,0,False,0,0.8648854623018704,0.8648854623018704,0.4792917644548346,0.4792917644548346,0.03922686681030694,0.024229956741991927,0.024229956741991927,0.024229956741991927
471.0,0.9979160464423936,2.553242210221178,True,13,True,6,False,2,False,0,True,11,True,5,False,1,False,0,True,9,False,2,False,1,False,0,True,8,False,1,False,1,False,0,True,7,False,1,False,1,False,0,True,4,False,1,False,1,False,0,True,4,False,1,False,0,False,0,True,4,False,1,False,0,False,0,True,4,False,1,False,0,False,0,True,4,False,1,False,0,False,0,True,4,False,1,False,0,False,0,1.787908698778546,0.7918165733379543,1.1280463833391328,0.1993225751698606,0.3756402986322568,0.044547962601070294,0.044547962601070294,0.044547962601070294
277.0,0.9998511461744567,0.5720076711629183,True,7,True,3,True,1,False,0,True,4,True,2,False,0,False,0,True,2,True,1,False,0,False,0,True,2,True,1,False,0,False,0,True,2,False,0,False,0,False,0,True,2,False,0,False,0,False,0,True,1,False,0,False,0,False,0,False,0,False,0,False,0,False,0,False,0,False,0,False,0,False,0,False,0,False,0,False,0,False,0,False,0,False,0,False,0,False,0,0.4279488256376264,0.4279488256376264,0.26539175054469316,0.26539175054469316,0.11185229944763793,0.11185229944763793,0.011311814930387196,0.005682605256237999
310.0,0.9998511461744567,1.6966073012914327,True,8,True,4,True,2,True,1,True,8,True,2,True,2,True,1,True,7,True,2,True,2,True,1,True,6,True,2,True,2,True,1,True,6,True,2,True,2,True,1,True,7,True,2,False,0,False,0,True,6,False,1,False,0,False,0,True,6,False,0,False,0,False,0,True,4,False,0,False,0,False,0,True,4,False,0,False,0,False,0,True,3,False,0,False,0,False,0,0.961748450989552,0.961748450989552,0.4428415433686363,0.3742816953446081,0.34965198871701425,0.34965198871701425,0.3160898834297845,0.3160898834297845
517.0,0.9995534385233701,0.8846740030792536,True,15,True,4,True,2,False,1,True,11,True,4,True,2,False,1,True,10,True,3,False,1,False,0,True,9,True,2,False,0,False,0,True,9,True,2,False,0,False,0,True,6,True,2,False,0,False,0,True,5,True,2,False,0,False,0,True,5,False,1,False,0,False,0,True,4,False,0,False,0,False,0,True,4,False,0,False,0,False,0,True,2,False,0,False,0,False,0,0.6471923436547541,0.6471923436547541,0.4733694345013695,0.4063059585920675,0.2333922796076436,0.15893830713752663,0.16080416130764638,0.006063151692872978
4.0,0.9995534385233701,0.6818263896457756,True,9,True,4,False,0,False,0,True,8,False,1,False,0,False,0,True,5,False,1,False,0,False,0,True,5,False,1,False,0,False,0,False,2,False,0,False,0,False,0,False,2,False,0,False,0,False,0,False,1,False,0,False,0,False,0,False,0,False,0,False,0,False,0,False,0,False,0,False,0,False,0,False,0,False,0,False,0,False,0,False,0,False,0,False,0,False,0,0.4287909905795217,0.25487747919665754,0.2537655326848106,0.12775916796410627,0.03258225125176784,0.0028673259923242237,0.00854729046212723,0.0028673259923242237
85.0,0.9998511461744567,1.5112812321398836,True,6,True,3,True,2,True,1,True,6,True,3,True,2,True,1,True,5,True,3,True,2,False,0,True,3,True,2,True,2,False,0,True,2,True,2,False,1,False,0,True,2,False,1,False,0,False,0,False,1,False,1,False,0,False,0,False,1,False,1,False,0,False,0,False,1,False,1,False,0,False,0,False,1,False,1,False,0,False,0,False,1,False,1,False,0,False,0,1.139062910428845,0.364270669079404,0.6931982061319234,0.30754428201208134,0.3486367274038373,0.2733039445569037,0.1745274259490271,0.1745274259490271
486.0,0.9992557308722834,1.3669700578437816,True,12,True,6,False,2,False,0,True,11,True,5,False,1,False,0,True,9,True,3,False,1,False,0,True,9,True,3,False,0,False,0,True,8,False,1,False,0,False,0,True,6,False,1,False,0,False,0,True,6,False,1,False,0,False,0,True,3,False,1,False,0,False,0,True,2,False,0,False,0,False,0,False,1,False,0,False,0,False,0,False,0,False,0,False,0,False,0,0.5743843180589561,0.5061376709363391,0.48191825763735013,0.29552241223049586,0.24468355296396824,0.01700584986679567,0.024415531103702353,0.01700584986679567
274.0,0.9998511461744567,0.9440729422409015,True,10,True,4,False,0,False,0,True,9,False,2,False,0,False,0,True,6,False,1,False,0,False,0,True,4,False,0,False,0,False,0,True,4,False,0,False,0,False,0,True,3,False,0,False,0,False,0,True,3,False,0,False,0,False,0,True,2,False,0,False,0,False,0,True,2,False,0,False,0,False,0,False,1,False,0,False,0,False,0,False,1,False,0,False,0,False,0,0.7541159484617806,0.5457551665134914,0.20538458536380663,0.1037988200843123,0.059159962165661766,0.022177610287176807,0.03375078061437894,0.009101434762468281
422.0,0.9998511461744567,0.9349768547913677,True,10,True,3,False,0,False,0,True,8,True,3,False,0,False,0,True,6,False,1,False,0,False,0,True,5,False,1,False,0,False,0,True,4,False,1,False,0,False,0,True,3,False,0,False,0,False,0,True,3,False,0,False,0,False,0,True,3,False,0,False,0,False,0,True,2,False,0,False,0,False,0,False,1,False,0,False,0,False,0,False,1,False,0,False,0,False,0,0.7098692176962613,0.5301835559029513,0.3498755927079762,0.19150771460129498,0.022998977111619256,0.005845515146154884,0.006866225297692893,0.0007421973115641167
83.0,0.9998511461744567,0.5145538932054904,True,8,True,2,True,1,False,0,True,7,True,2,False,0,False,0,True,5,False,0,False,0,False,0,False,1,False,0,False,0,False,0,False,1,False,0,False,0,False,0,False,1,False,0,False,0,False,0,False,1,False,0,False,0,False,0,False,0,False,0,False,0,False,0,False,0,False,0,False,0,False,0,False,0,False,0,False,0,False,0,False,0,False,0,False,0,False,0,0.41197374998668423,0.24480309760650687,0.1850386813885679,0.1850386813885679,0.12709778420527124,0.12709778420527124,0.06764358753037583,0.024841528766251446
467.0,0.9998511461744567,0.7806436977206259,True,10,True,4,False,1,False,0,True,7,False,2,False,0,False,0,True,4,False,1,False,0,False,0,True,4,False,1,False,0,False,0,True,4,False,1,False,0,False,0,False,1,False,1,False,0,False,0,False,1,False,0,False,0,False,0,False,1,False,0,False,0,False,0,False,1,False,0,False,0,False,0,False,1,False,0,False,0,False,0,False,0,False,0,False,0,False,0,0.5914927787380649,0.3351415936258245,0.3746684445653543,0.13163916739299883,0.10630284119722212,0.06749530867232732,0.06749530867232732,0.06749530867232732
270.0,0.9729086037511164,1.0,True,10,True,2,False,0,False,0,True,9,True,2,False,0,False,0,True,7,False,0,False,0,False,0,True,7,False,0,False,0,False,0,True,2,False,0,False,0,False,0,True,2,False,0,False,0,False,0,True,1,False,0,False,0,False,0,False,0,False,0,False,0,False,0,False,0,False,0,False,0,False,0,False,0,False,0,False,0,False,0,False,0,False,0,False,0,False,0,0.4006692883947937,0.4006692883947937,0.19779396254654646,0.15265253332373516,0.06710832207948887,0.0025764737854852967,0.06710832207948887,0.0010485598250285872
342.0,0.9998511461744567,0.38942332624479864,True,4,True,2,False,0,False,0,True,4,False,0,False,0,False,0,True,1,False,0,False,0,False,0,True,1,False,0,False,0,False,0,False,0,False,0,False,0,False,0,False,0,False,0,False,0,False,0,False,0,False,0,False,0,False,0,False,0,False,0,False,0,False,0,False,0,False,0,False,0,False,0,False,0,False,0,False,0,False,0,False,0,False,0,False,0,False,0,0.2997403415912398,0.2997403415912398,0.14813261206248993,0.14554252262725578,0.06020965365159201,0.06020965365159201,0.05844922878849199,0.05844922878849199
377.0,0.9998511461744567,0.7887099067078099,True,6,True,4,True,1,False,0,True,6,True,3,False,0,False,0,True,4,True,2,False,0,False,0,True,4,False,0,False,0,False,0,True,4,False,0,False,0,False,0,True,3,False,0,False,0,False,0,True,1,False,0,False,0,False,0,True,1,False,0,False,0,False,0,False,0,False,0,False,0,False,0,False,0,False,0,False,0,False,0,False,0,False,0,False,0,False,0,0.45470316501184344,0.45470316501184344,0.2121165949553846,0.2103848609812511,0.11829626077107952,0.11829626077107952,0.09019502636354508,0.09019502636354508
209.0,0.9992557308722834,1.7382502882024335,True,16,True,6,True,2,False,0,True,16,True,4,False,1,False,0,True,15,True,4,False,1,False,0,True,14,True,3,False,1,False,0,True,11,False,2,False,1,False,0,True,9,False,2,False,1,False,0,True,8,False,2,False,0,False,0,True,8,False,2,False,0,False,0,True,7,False,2,False,0,False,0,True,6,False,2,False,0,False,0,False,4,False,1,False,0,False,0,0.8830134715319927,0.581604742908205,0.7195873849581287,0.2708850982358132,0.37801843749340064,0.12377432486957722,0.05902567439230322,0.013735516314427773
495.0,0.9998511461744567,0.8182802708222917,True,8,True,2,True,1,False,0,True,3,True,2,True,1,False,0,True,2,True,2,True,1,False,0,True,2,True,2,True,1,False,0,True,2,True,2,False,0,False,0,True,2,True,1,False,0,False,0,True,2,True,1,False,0,False,0,True,2,False,0,False,0,False,0,True,2,False,0,False,0,False,0,True,2,False,0,False,0,False,0,True,2,False,0,False,0,False,0,0.6285830800552267,0.6285830800552267,0.4440588765734234,0.4440588765734234,0.2772473558848191,0.2772473558848191,0.03606702514531642,0.03606702514531642
376.0,0.9998511461744567,1.1332135472702856,True,4,True,2,True,2,True,1,True,4,True,2,True,2,True,1,True,2,True,2,True,2,False,0,True,2,True,2,True,2,False,0,True,2,True,2,True,2,False,0,True,2,True,2,True,1,False,0,True,2,True,2,False,0,False,0,True,2,False,1,False,0,False,0,True,2,False,1,False,0,False,0,True,2,False,1,False,0,False,0,False,1,False,0,False,0,False,0,0.8398027137037808,0.5554286639079705,0.5714928814387624,0.4174562004218158,0.3905577713499125,0.3905577713499125,0.1968209638835599,0.1968209638835599
69.0,0.44373325394462637,3.02395810525004,True,10,True,6,True,3,False,2,True,10,True,5,True,3,False,2,True,8,True,4,True,3,False,2,True,8,True,4,True,3,False,2,True,8,True,3,True,3,False,2,True,7,True,3,False,2,False,2,True,6,True,3,False,2,False,2,True,5,True,3,False,2,False,2,True,5,True,3,False,2,False,2,True,4,True,3,False,2,False,2,True,5,True,3,False,2,False,1,2.961480329048933,1.1122852317331353,0.8172990395734322,0.6267227820921034,0.7909278579515261,0.31743445812331006,0.7909278579515261,0.014194255562298218
515.0,0.9991068770467401,1.8937540014504044,True,10,True,6,True,4,True,3,True,15,True,6,True,2,True,1,True,15,True,6,False,1,False,0,True,15,True,6,False,1,False,0,True,14,True,6,False,1,False,0,True,13,True,6,False,1,False,0,True,12,True,2,False,1,False,0,True,11,True,2,False,0,False,0,True,9,True,2,False,0,False,0,True,8,False,1,False,0,False,0,True,7,False,0,False,0,False,0,1.082361451506982,0.9448145467949286,0.5754359392536156,0.5286039974112624,0.4226078346661592,0.15961018909216196,0.15961018909216196,0.15961018909216196
187.0,0.9974694849657636,0.5389915665080192,True,10,True,3,False,1,False,0,True,6,False,0,False,0,False,0,True,4,False,0,False,0,False,0,True,2,False,0,False,0,False,0,False,1,False,0,False,0,False,0,False,0,False,0,False,0,False,0,False,0,False,0,False,0,False,0,False,0,False,0,False,0,False,0,False,0,False,0,False,0,False,0,False,0,False,0,False,0,False,0,False,0,False,0,False,0,False,0,0.3215462090646055,0.25562496536547297,0.13683256427362112,0.13683256427362112,0.11958219196247237,0.022494603863220528,0.06494820495889313,0.002733312087858144
299.0,0.9998511461744567,0.9488197821992026,True,10,True,2,False,0,False,0,True,9,True,1,False,0,False,0,True,7,False,0,False,0,False,0,True,6,False,0,False,0,False,0,True,5,False,0,False,0,False,0,True,5,False,0,False,0,False,0,True,4,False,0,False,0,False,0,True,3,False,0,False,0,False,0,True,3,False,0,False,0,False,0,True,2,False,0,False,0,False,0,True,2,False,0,False,0,False,0,0.9031431936188904,0.9031431936188904,0.17075042192151874,0.17075042192151874,0.012414643316116436,0.0045399580578922615,0.0054892117797671475,0.0045399580578922615
325.0,0.9998511461744567,0.6181666989758797,True,5,True,2,True,2,False,0,True,5,False,0,False,0,False,0,True,3,False,0,False,0,False,0,True,3,False,0,False,0,False,0,False,0,False,0,False,0,False,0,False,0,False,0,False,0,False,0,False,0,False,0,False,0,False,0,False,0,False,0,False,0,False,0,False,0,False,0,False,0,False,0,False,0,False,0,False,0,False,0,False,0,False,0,False,0,False,0,0.2909169116433011,0.2578895790480122,0.14425301184827338,0.10588909596046713,0.1425630898679171,0.10588909596046713,0.09172317063184283,0.033493238158454904
160.0,0.9998511461744567,0.5671133310968727,True,9,False,1,False,0,False,0,True,6,False,1,False,0,False,0,True,4,False,0,False,0,False,0,True,3,False,0,False,0,False,0,True,1,False,0,False,0,False,0,True,1,False,0,False,0,False,0,False,0,False,0,False,0,False,0,False,0,False,0,False,0,False,0,False,0,False,0,False,0,False,0,False,0,False,0,False,0,False,0,False,0,False,0,False,0,False,0,0.3591681227388822,0.3591681227388822,0.16224358216413481,0.061810068779009485,0.07711005476388799,0.03398103741105611,0.02960249823701653,0.02960249823701653
347.0,0.9997022923489134,0.5092433424719887,True,6,True,2,False,0,False,0,True,4,True,1,False,0,False,0,True,2,True,1,False,0,False,0,True,1,False,0,False,0,False,0,True,1,False,0,False,0,False,0,True,1,False,0,False,0,False,0,True,1,False,0,False,0,False,0,False,0,False,0,False,0,False,0,False,0,False,0,False,0,False,0,False,0,False,0,False,0,False,0,False,0,False,0,False,0,False,0,0.4128985431978462,0.4128985431978462,0.21799196979517896,0.21799196979517896,0.015182316541852323,0.015182316541852323,0.015182316541852323,0.015182316541852323
449.0,0.996278654361417,0.9724306906288906,True,9,True,4,True,3,True,1,True,8,True,4,True,3,True,1,True,7,True,4,True,3,True,1,True,7,True,3,True,2,True,1,True,8,True,2,True,2,True,1,True,8,True,2,True,2,True,1,True,7,True,2,True,2,False,0,True,6,True,1,True,1,False,0,True,5,True,1,True,1,False,0,True,4,True,1,True,1,False,0,True,4,True,1,False,0,False,0,0.9412807492865891,0.6864312767120665,0.8561656914918095,0.6864312767120665,0.578193573172698,0.578193573172698,0.3687421219278876,0.3687421219278876
462.0,0.9864543018755582,2.167915742876544,True,10,True,10,True,4,True,2,True,11,True,6,True,3,True,2,True,13,True,6,False,1,False,0,True,13,True,5,False,0,False,0,True,10,True,4,False,0,False,0,True,9,True,2,False,0,False,0,True,10,False,1,False,0,False,0,True,10,False,0,False,0,False,0,True,9,False,0,False,0,False,0,True,8,False,0,False,0,False,0,True,6,False,0,False,0,False,0,1.580201625722662,1.3603896048610142,0.4091303376800162,0.3801288272329034,0.2123002205226974,0.15836738542820541,0.19835535081218328,0.15836738542820541
35.0,0.9998511461744567,0.7611065622593697,True,10,False,0,False,0,False,0,True,7,False,0,False,0,False,0,True,2,False,0,False,0,False,0,True,2,False,0,False,0,False,0,True,1,False,0,False,0,False,0,True,1,False,0,False,0,False,0,True,1,False,0,False,0,False,0,True,1,False,0,False,0,False,0,True,1,False,0,False,0,False,0,True,1,False,0,False,0,False,0,False,0,False,0,False,0,False,0,0.5984294090633141,0.5984294090633141,0.09329394094761673,0.09329394094761673,0.026062382056298756,0.0027491310746224915,0.019847656391131393,0.0027491310746224915
81.0,0.9776719261685025,0.9155064020287125,True,4,True,2,True,1,False,0,True,4,True,2,False,0,False,0,True,3,True,2,False,0,False,0,True,3,True,1,False,0,False,0,True,3,False,0,False,0,False,0,True,2,False,0,False,0,False,0,True,1,False,0,False,0,False,0,False,0,False,0,False,0,False,0,False,0,False,0,False,0,False,0,False,0,False,0,False,0,False,0,False,0,False,0,False,0,False,0,0.4337306974568638,0.4337306974568638,0.25535067689560353,0.25535067689560353,0.13302266910876867,0.13302266910876867,0.01346538338891018,0.01346538338891018
396.0,0.9998511461744567,1.0164846319358045,True,9,True,1,True,1,False,0,True,7,True,1,True,1,False,0,True,7,True,1,False,0,False,0,True,5,True,1,False,0,False,0,True,3,True,1,False,0,False,0,True,1,True,1,False,0,False,0,True,1,True,1,False,0,False,0,True,1,False,0,False,0,False,0,True,1,False,0,False,0,False,0,False,0,False,0,False,0,False,0,False,0,False,0,False,0,False,0,0.5430578200593489,0.5430578200593489,0.40967893839987124,0.40967893839987124,0.1940924605358468,0.1940924605358468,0.024083338174499275,0.024083338174499275
247.0,0.9998511461744567,1.9667299907510192,True,7,True,5,True,4,True,4,True,8,True,5,True,3,True,2,True,8,True,5,True,3,True,2,True,8,True,4,True,3,True,2,True,9,True,5,True,3,True,1,True,8,True,4,True,3,True,1,True,9,True,4,True,2,False,0,True,7,True,2,False,1,False,0,True,5,False,1,False,1,False,0,True,5,False,1,False,1,False,0,True,5,False,1,False,0,False,0,1.2940341312121897,1.2940341312121897,0.7684310932081235,0.49892897582394885,0.5971074445872739,0.4116318709041941,0.3929665125548148,0.3929665125548148
491.0,0.9994045846978268,1.0608270967614792,True,13,True,5,True,3,False,1,True,13,True,5,False,2,False,1,True,15,False,2,False,1,False,0,True,13,False,1,False,0,False,0,True,9,False,0,False,0,False,0,True,5,False,0,False,0,False,0,False,1,False,0,False,0,False,0,False,1,False,0,False,0,False,0,False,1,False,0,False,0,False,0,False,1,False,0,False,0,False,0,False,1,False,0,False,0,False,0,0.6279179729293713,0.38716150700165,0.2949405338008918,0.19003166504348915,0.22971508515790934,0.11309681592339048,0.16057709468236678,0.005678089913960448
231.0,0.9998511461744567,0.40514870517145307,False,5,False,0,False,0,False,0,False,3,False,0,False,0,False,0,False,1,False,0,False,0,False,0,False,0,False,0,False,0,False,0,False,0,False,0,False,0,False,0,False,0,False,0,False,0,False,0,False,0,False,0,False,0,False,0,False,0,False,0,False,0,False,0,False,0,False,0,False,0,False,0,False,0,False,0,False,0,False,0,False,0,False,0,False,0,False,0,0.23797554701499696,0.0760753688701843,0.09734827040563157,0.012442378568236824,0.06395595334941896,0.004611433715796194,0.06395595334941896,0.000743557161210689
120.0,0.9998511461744567,0.3743725580482737,True,7,True,1,False,0,False,0,True,4,False,0,False,0,False,0,True,2,False,0,False,0,False,0,False,1,False,0,False,0,False,0,False,1,False,0,False,0,False,0,False,0,False,0,False,0,False,0,False,0,False,0,False,0,False,0,False,0,False,0,False,0,False,0,False,0,False,0,False,0,False,0,False,0,False,0,False,0,False,0,False,0,False,0,False,0,False,0,0.31451731428552027,0.21801309600226249,0.13771514343518274,0.13771514343518274,0.04767246270592966,0.003098501556371866,0.010590951696098002,0.003098501556371866
14.0,0.9998511461744567,0.6858055038458828,True,6,True,4,False,0,False,0,True,7,True,3,False,0,False,0,True,6,True,1,False,0,False,0,True,3,True,1,False,0,False,0,True,3,True,1,False,0,False,0,True,2,False,0,False,0,False,0,True,2,False,0,False,0,False,0,True,2,False,0,False,0,False,0,True,2,False,0,False,0,False,0,False,0,False,0,False,0,False,0,False,0,False,0,False,0,False,0,0.5308112413255619,0.5308112413255619,0.30422512109987915,0.30422512109987915,0.06284949751699612,0.00944776225922196,0.02727073340259621,0.0025790478317379724
395.0,0.9998511461744567,0.976118891402078,True,10,True,5,False,1,False,0,True,10,True,3,False,0,False,0,True,7,True,2,False,0,False,0,True,7,True,1,False,0,False,0,True,4,True,1,False,0,False,0,True,3,False,0,False,0,False,0,True,3,False,0,False,0,False,0,True,3,False,0,False,0,False,0,True,2,False,0,False,0,False,0,False,1,False,0,False,0,False,0,False,1,False,0,False,0,False,0,0.7744040649155549,0.5134608111093881,0.32193089474612213,0.32193089474612213,0.1182044362269082,0.011120193953681634,0.009582805075017398,0.004991611229819343
276.0,0.9998511461744567,0.633474583261015,True,10,False,1,False,0,False,0,True,6,False,0,False,0,False,0,True,4,False,0,False,0,False,0,True,1,False,0,False,0,False,0,True,1,False,0,False,0,False,0,False,0,False,0,False,0,False,0,False,0,False,0,False,0,False,0,False,0,False,0,False,0,False,0,False,0,False,0,False,0,False,0,False,0,False,0,False,0,False,0,False,0,False,0,False,0,False,0,0.322517725406133,0.322517725406133,0.1137049800710484,0.013364443853725472,0.007663961486177148,0.0006894608922890916,0.007663961486177148,0.0002868758626336596
238.0,0.9998511461744567,0.6083567025034156,True,7,True,2,False,0,False,0,True,4,True,2,False,0,False,0,True,2,True,2,False,0,False,0,True,2,False,0,False,0,False,0,True,2,False,0,False,0,False,0,True,2,False,0,False,0,False,0,True,2,False,0,False,0,False,0,True,2,False,0,False,0,False,0,False,0,False,0,False,0,False,0,False,0,False,0,False,0,False,0,False,0,False,0,False,0,False,0,0.4736893981680002,0.45524527359212086,0.24971211404373006,0.24971211404373006,0.0649125931430977,0.005717361275649329,0.014633062472209524,0.0018727677902916698
295.0,0.9998511461744567,0.9676749255638584,True,12,True,3,False,0,False,0,True,8,True,2,False,0,False,0,True,8,True,1,False,0,False,0,True,5,True,1,False,0,False,0,True,4,False,0,False,0,False,0,True,4,False,0,False,0,False,0,True,3,False,0,False,0,False,0,True,3,False,0,False,0,False,0,True,2,False,0,False,0,False,0,True,2,False,0,False,0,False,0,True,2,False,0,False,0,False,0,0.882737441069834,0.882737441069834,0.255012627497245,0.255012627497245,0.08052413834501389,0.004413914101741053,0.011842864500570751,0.004413914101741053
96.0,0.9944924084548973,0.779585712739144,True,7,True,5,True,2,True,2,True,6,True,4,True,2,True,1,True,6,True,3,True,1,True,1,True,3,True,1,True,1,True,1,True,3,True,1,True,1,True,1,True,3,True,1,True,1,False,0,False,2,False,1,False,0,False,0,False,2,False,1,False,0,False,0,False,2,False,0,False,0,False,0,False,2,False,0,False,0,False,0,False,0,False,0,False,0,False,0,0.5733913930113491,0.3732381016675396,0.47499054345820535,0.3732381016675396,0.3732381016675396,0.3732381016675396,0.3361826546093833,0.3361826546093833
171.0,0.9998511461744567,1.8573673310113865,True,4,True,3,True,3,True,1,True,3,True,3,True,3,True,1,True,4,True,2,True,2,False,0,True,4,True,2,True,2,False,0,True,2,True,2,True,1,False,0,True,2,True,2,True,1,False,0,True,2,True,2,True,1,False,0,True,2,True,2,False,0,False,0,True,2,True,2,False,0,False,0,True,2,True,2,False,0,False,0,True,2,True,2,False,0,False,0,1.2854386406832656,1.2854386406832656,0.7194286194047187,0.7194286194047187,0.4192252112428753,0.4192252112428753,0.16834406856166978,0.16834406856166978
32.0,0.9998511461744567,1.3143007874360473,True,10,True,5,True,2,False,1,True,8,True,5,False,1,False,1,True,7,True,4,False,1,False,1,True,6,True,3,False,1,False,0,True,6,True,3,False,1,False,0,True,5,True,3,False,1,False,0,True,5,True,2,False,0,False,0,True,4,True,2,False,0,False,0,True,4,False,1,False,0,False,0,True,4,False,1,False,0,False,0,True,4,False,0,False,0,False,0,0.9596096149158013,0.9596096149158013,0.5521634158997134,0.496253282689753,0.3894413764814991,0.13313493036940885,0.2334746418570424,0.050825029899250695
10.0,0.9998511461744567,0.7818850372176642,True,10,True,2,False,0,False,0,True,7,False,1,False,0,False,0,True,4,False,0,False,0,False,0,True,3,False,0,False,0,False,0,True,3,False,0,False,0,False,0,True,2,False,0,False,0,False,0,False,1,False,0,False,0,False,0,False,1,False,0,False,0,False,0,False,1,False,0,False,0,False,0,False,0,False,0,False,0,False,0,False,0,False,0,False,0,False,0,0.519314584227768,0.36953317934319735,0.17896070692564195,0.1331568504255022,0.0214096800459701,0.0062839327103629905,0.003207201353676899,0.0022115468055852947
124.0,0.9998511461744567,0.710653266187934,True,6,True,3,True,3,False,0,True,5,True,3,False,1,False,0,True,4,True,3,False,1,False,0,True,4,False,2,False,0,False,0,True,4,False,2,False,0,False,0,True,4,False,1,False,0,False,0,True,2,False,1,False,0,False,0,False,1,False,0,False,0,False,0,False,1,False,0,False,0,False,0,False,1,False,0,False,0,False,0,False,0,False,0,False,0,False,0,0.5776517439268496,0.40582797289251926,0.4229554018179907,0.23479242763651897,0.20346496013002768,0.12116129824636891,0.031535488726196034,0.031535488726196034
322.0,0.9998511461744567,0.6820466340036908,True,6,True,3,False,1,False,0,True,4,True,2,False,1,False,0,True,3,True,2,False,0,False,0,True,2,True,2,False,0,False,0,True,2,True,2,False,0,False,0,True,2,True,2,False,0,False,0,True,2,False,0,False,0,False,0,True,2,False,0,False,0,False,0,True,2,False,0,False,0,False,0,True,1,False,0,False,0,False,0,True,1,False,0,False,0,False,0,0.6139442082805031,0.6139442082805031,0.3561188430563377,0.3536237450045428,0.18517372787503422,0.033608827263414125,0.022644813164074268,0.022644813164074268
537.0,0.9624888359630842,1.0687172741143836,True,8,False,2,False,1,False,1,True,5,False,1,False,1,False,0,True,4,False,0,False,0,False,0,False,1,False,0,False,0,False,0,False,1,False,0,False,0,False,0,False,1,False,0,False,0,False,0,False,1,False,0,False,0,False,0,False,1,False,0,False,0,False,0,False,1,False,0,False,0,False,0,False,1,False,0,False,0,False,0,False,1,False,0,False,0,False,0,0.715790634880153,0.2059522885762482,0.16036805840106846,0.030791186657396122,0.15442543373068945,0.006912045340233116,0.11072390004890256,0.0030338962784384428
225.0,0.8182494790116106,1.2511472870887197,True,6,False,3,False,1,False,0,False,4,False,2,False,1,False,0,False,3,False,1,False,0,False,0,False,2,False,1,False,0,False,0,False,1,False,1,False,0,False,0,False,1,False,1,False,0,False,0,False,1,False,1,False,0,False,0,False,1,False,1,False,0,False,0,False,1,False,0,False,0,False,0,False,1,False,0,False,0,False,0,False,1,False,0,False,0,False,0,0.7210145990988175,0.13791005927049577,0.4937574750640965,0.023663648678276607,0.15336920577728883,0.0038632692458835717,0.01135291386207022,0.0017750097960726446
434.0,0.9997022923489134,1.0830538456199736,True,10,True,4,False,0,False,0,True,8,False,1,False,0,False,0,True,7,False,0,False,0,False,0,True,4,False,0,False,0,False,0,True,3,False,0,False,0,False,0,True,2,False,0,False,0,False,0,True,2,False,0,False,0,False,0,True,2,False,0,False,0,False,0,True,2,False,0,False,0,False,0,True,1,False,0,False,0,False,0,True,1,False,0,False,0,False,0,0.6436251899806145,0.6436251899806145,0.19671217852328965,0.13418910885399088,0.02676118196817961,0.024441938417267717,0.024441938417267717,0.024441938417267717
228.0,0.9919618934206609,0.421672762427726,True,7,True,2,False,0,False,0,True,4,False,0,False,0,False,0,True,2,False,0,False,0,False,0,True,1,False,0,False,0,False,0,False,0,False,0,False,0,False,0,False,0,False,0,False,0,False,0,False,0,False,0,False,0,False,0,False,0,False,0,False,0,False,0,False,0,False,0,False,0,False,0,False,0,False,0,False,0,False,0,False,0,False,0,False,0,False,0,0.2530675552640466,0.2530675552640466,0.14470893604117926,0.14470893604117926,0.06009847345144681,0.06009847345144681,0.027115680281959115,0.027115680281959115
359.0,0.9955343852337005,0.6384374751894768,True,10,True,5,True,2,True,2,True,7,True,4,True,2,False,1,True,7,False,3,False,1,False,1,True,7,False,1,False,0,False,0,True,2,False,0,False,0,False,0,True,1,False,0,False,0,False,0,False,0,False,0,False,0,False,0,False,0,False,0,False,0,False,0,False,0,False,0,False,0,False,0,False,0,False,0,False,0,False,0,False,0,False,0,False,0,False,0,0.3563400564337111,0.3563400564337111,0.25676902171300214,0.15609025063211754,0.22027122997979393,0.15248340658360468,0.20218250136686053,0.12125175921194078
373.0,0.9998511461744567,0.9540178487879794,True,7,True,4,True,2,False,1,True,7,True,3,False,1,False,0,True,6,True,3,False,1,False,0,True,5,True,3,False,1,False,0,True,4,True,3,False,1,False,0,True,3,False,2,False,0,False,0,True,3,False,2,False,0,False,0,True,3,False,2,False,0,False,0,True,3,False,2,False,0,False,0,True,3,False,2,False,0,False,0,False,2,False,0,False,0,False,0,0.9073231696615744,0.5952594685560305,0.5994092358052169,0.3400586498453422,0.31769308883248804,0.12537269144082264,0.1070960578293313,0.009263683034213755
193.0,0.9976183387913069,0.6782355942098908,True,8,True,3,True,1,False,0,True,5,True,3,False,0,False,0,True,5,True,2,False,0,False,0,True,3,False,0,False,0,False,0,True,2,False,0,False,0,False,0,True,2,False,0,False,0,False,0,True,2,False,0,False,0,False,0,True,2,False,0,False,0,False,0,True,2,False,0,False,0,False,0,False,0,False,0,False,0,False,0,False,0,False,0,False,0,False,0,0.5446625843018112,0.5293734267901431,0.24733013339998966,0.24733013339998966,0.10274537615078133,0.10274537615078133,0.004588793451444871,0.004588793451444871
0.0,0.9998511461744567,0.551916620158375,True,6,True,2,False,0,False,0,True,5,True,2,False,0,False,0,True,4,False,1,False,0,False,0,True,3,False,0,False,0,False,0,True,2,False,0,False,0,False,0,True,2,False,0,False,0,False,0,False,1,False,0,False,0,False,0,False,0,False,0,False,0,False,0,False,0,False,0,False,0,False,0,False,0,False,0,False,0,False,0,False,0,False,0,False,0,False,0,0.41987826240929205,0.37452479431314756,0.22003592248506462,0.19163384395341732,0.04961242541962028,0.0009888724455698152,0.04961242541962028,0.0009888724455698152
439.0,0.9998511461744567,0.9166587622730746,True,11,True,4,True,1,False,0,True,6,True,3,False,0,False,0,True,5,True,2,False,0,False,0,True,4,True,1,False,0,False,0,True,4,True,1,False,0,False,0,True,4,True,1,False,0,False,0,True,4,True,1,False,0,False,0,True,4,True,1,False,0,False,0,True,4,False,0,False,0,False,0,True,2,False,0,False,0,False,0,False,0,False,0,False,0,False,0,0.585045061257456,0.5691914354691756,0.45524055842227396,0.45524055842227396,0.1430195227568138,0.1430195227568138,0.029528902951018197,0.0006377525631252834
41.0,0.9998511461744567,1.51918152365543,True,6,True,4,True,4,True,3,True,9,True,5,True,4,False,0,True,7,True,4,False,0,False,0,True,7,True,2,False,0,False,0,True,7,False,0,False,0,False,0,True,6,False,0,False,0,False,0,True,4,False,0,False,0,False,0,True,4,False,0,False,0,False,0,True,2,False,0,False,0,False,0,True,2,False,0,False,0,False,0,True,2,False,0,False,0,False,0,1.4559258245428162,1.4559258245428162,0.29432562405755913,0.27570117317162063,0.19906283190350263,0.15627947904431194,0.13452311395184144,0.12505837963493893
512.0,0.9998511461744567,0.9625282345130188,True,9,False,3,False,0,False,0,True,6,False,3,False,0,False,0,True,6,False,1,False,0,False,0,True,5,False,1,False,0,False,0,True,5,False,1,False,0,False,0,True,3,False,0,False,0,False,0,True,2,False,0,False,0,False,0,True,2,False,0,False,0,False,0,True,2,False,0,False,0,False,0,False,1,False,0,False,0,False,0,False,1,False,0,False,0,False,0,0.7295680811134314,0.5015410099345916,0.33864903102790606,0.05715156370584317,0.022092509379503727,0.00820191332541261,0.01095514077931795,0.002760212224458122
436.0,0.9998511461744567,0.7708562989146969,True,7,True,5,True,2,True,1,True,5,True,3,True,2,True,1,True,4,True,2,True,2,True,1,True,4,True,2,True,2,False,0,True,5,True,1,False,0,False,0,True,3,False,0,False,0,False,0,True,1,False,0,False,0,False,0,True,1,False,0,False,0,False,0,True,1,False,0,False,0,False,0,True,1,False,0,False,0,False,0,True,1,False,0,False,0,False,0,0.7172098536115467,0.7172098536115467,0.3315236277562295,0.3315236277562295,0.28185820523230376,0.28185820523230376,0.23200110205402147,0.23200110205402147
229.0,0.9461149151533195,0.5729552989994715,True,6,True,1,False,0,False,0,True,4,False,0,False,0,False,0,True,4,False,0,False,0,False,0,True,3,False,0,False,0,False,0,True,2,False,0,False,0,False,0,False,0,False,0,False,0,False,0,False,0,False,0,False,0,False,0,False,0,False,0,False,0,False,0,False,0,False,0,False,0,False,0,False,0,False,0,False,0,False,0,False,0,False,0,False,0,False,0,0.3134716011997014,0.3134716011997014,0.12548588950853376,0.12548588950853376,0.06609006325936301,0.06609006325936301,0.0031252226456368122,0.0014415885859651815
51.0,0.9998511461744567,3.4242222575817745,True,8,True,4,True,3,True,3,True,7,True,3,True,3,True,3,True,7,True,3,True,3,True,3,True,6,True,3,True,3,True,3,True,5,True,3,True,3,True,2,True,4,True,3,True,3,True,2,True,4,True,3,True,3,True,2,True,5,True,3,True,2,False,1,True,6,True,3,False,0,False,0,True,6,True,2,False,0,False,0,True,5,True,2,False,0,False,0,3.286574709499633,3.286574709499633,1.1035009179185997,1.1035009179185997,0.4895577983415635,0.4694963129454302,0.4895577983415635,0.4249932029517024
493.0,0.9995534385233701,1.1014842345925806,True,12,True,3,False,2,False,0,True,11,True,3,False,2,False,0,True,8,True,3,False,2,False,0,True,8,False,1,False,1,False,0,True,7,False,1,False,0,False,0,True,5,False,1,False,0,False,0,False,3,False,0,False,0,False,0,False,3,False,0,False,0,False,0,False,3,False,0,False,0,False,0,False,3,False,0,False,0,False,0,False,1,False,0,False,0,False,0,0.7501133072313166,0.3606007972499853,0.3848172816426674,0.23654895548672275,0.2584889916112066,0.040749875357931155,0.03372078360401599,0.03372078360401599
333.0,0.9994045846978268,0.5436233303075312,True,6,True,1,False,0,False,0,True,3,False,0,False,0,False,0,True,3,False,0,False,0,False,0,False,2,False,0,False,0,False,0,False,1,False,0,False,0,False,0,False,1,False,0,False,0,False,0,False,0,False,0,False,0,False,0,False,0,False,0,False,0,False,0,False,0,False,0,False,0,False,0,False,0,False,0,False,0,False,0,False,0,False,0,False,0,False,0,0.36400969261960353,0.2324251249672686,0.10407083641080349,0.10407083641080349,0.06513873807204582,0.021747817789962324,0.008596092728032028,0.008596092728032028
125.0,0.9985114617445668,3.166266273820343,True,10,True,3,False,2,False,1,True,9,True,3,False,2,False,1,True,8,True,3,False,1,False,1,True,6,True,2,False,1,False,1,True,4,True,2,False,1,False,1,True,4,False,1,False,1,False,1,True,3,False,1,False,1,False,1,True,3,False,1,False,1,False,1,True,3,False,1,False,1,False,1,True,3,False,1,False,1,False,1,True,3,False,1,False,1,False,1,2.8042071985952988,0.7690178742943408,0.9004849447654556,0.3137261907139757,0.8948338809220409,0.012728207334857643,0.8948338809220409,0.007037456772487081
251.0,0.9998511461744567,0.9251534699568029,True,10,True,6,False,1,False,0,True,10,True,6,False,0,False,0,True,7,True,3,False,0,False,0,True,6,True,2,False,0,False,0,True,6,True,1,False,0,False,0,True,6,True,1,False,0,False,0,True,5,True,1,False,0,False,0,True,5,True,1,False,0,False,0,True,3,True,1,False,0,False,0,True,2,True,1,False,0,False,0,True,2,True,1,False,0,False,0,0.7984089456259569,0.7984089456259569,0.7387039489825771,0.7387039489825771,0.14434635570856882,0.011335596986488337,0.0144469557652271,0.011335596986488337
186.0,0.9994045846978268,0.4734621902624467,True,8,True,2,False,0,False,0,True,4,False,0,False,0,False,0,True,1,False,0,False,0,False,0,False,0,False,0,False,0,False,0,False,0,False,0,False,0,False,0,False,0,False,0,False,0,False,0,False,0,False,0,False,0,False,0,False,0,False,0,False,0,False,0,False,0,False,0,False,0,False,0,False,0,False,0,False,0,False,0,False,0,False,0,False,0,False,0,0.24486570096867943,0.24486570096867943,0.12554079613887859,0.12554079613887859,0.06259970514913547,0.0036214425920197777,0.0036214425920197777,0.0036214425920197777
505.0,0.9998511461744567,0.8577396682844303,True,10,True,3,False,0,False,0,True,7,True,3,False,0,False,0,True,5,True,1,False,0,False,0,True,3,True,1,False,0,False,0,True,2,True,1,False,0,False,0,True,2,True,1,False,0,False,0,True,2,False,0,False,0,False,0,True,2,False,0,False,0,False,0,True,2,False,0,False,0,False,0,True,2,False,0,False,0,False,0,True,2,False,0,False,0,False,0,0.792670288297441,0.792670288297441,0.37521755487705993,0.37521755487705993,0.017916182688005388,0.017916182688005388,0.01409993869223669,0.01409993869223669
98.0,0.94120273891039,0.8260530885185267,True,7,True,3,True,2,True,1,True,7,True,3,True,2,True,1,True,5,True,2,True,2,True,1,True,3,True,2,True,2,True,1,True,4,True,1,True,1,False,0,True,1,True,1,True,1,False,0,True,1,True,1,True,1,False,0,True,1,True,1,True,1,False,0,True,1,True,1,True,1,False,0,True,1,True,1,False,0,False,0,True,1,True,1,False,0,False,0,0.7596880283265635,0.6145847444576289,0.6686676749327525,0.6145847444576289,0.5443086887777188,0.5443086887777188,0.2878688570441119,0.2878688570441119
466.0,0.9883894016076213,2.0153287064859398,True,7,True,3,True,3,True,3,True,9,True,4,True,4,True,3,True,9,True,4,True,4,True,3,True,9,True,4,True,4,True,2,True,10,True,3,True,3,False,0,True,9,True,3,True,1,False,0,True,9,True,2,True,1,False,0,True,8,True,2,True,1,False,0,True,7,True,2,True,1,False,0,True,7,True,2,False,0,False,0,True,6,True,2,False,0,False,0,1.3397242450254285,0.9404004555153851,0.702468593260898,0.702468593260898,0.5010952486467665,0.5010952486467665,0.26192598904206066,0.2538188921074872
126.0,0.9998511461744567,0.5595561949586719,True,6,True,3,False,2,False,0,True,5,True,2,False,1,False,0,True,3,True,2,False,0,False,0,True,3,True,2,False,0,False,0,True,3,False,1,False,0,False,0,True,2,False,0,False,0,False,0,True,2,False,0,False,0,False,0,True,2,False,0,False,0,False,0,False,0,False,0,False,0,False,0,False,0,False,0,False,0,False,0,False,0,False,0,False,0,False,0,0.47920971672572993,0.4581788079664003,0.32338669894053795,0.2837598597140338,0.1615537435642849,0.04155571223282262,0.04344158326552736,0.00418961706575781
46.0,0.5168204822863948,3.4285714285714297,True,4,True,3,True,3,False,1,True,4,True,3,True,3,False,1,True,3,True,3,True,3,False,1,True,4,True,2,True,2,False,1,True,3,True,2,True,2,False,1,True,3,True,2,True,2,False,1,True,3,True,2,True,2,False,1,True,3,True,2,True,2,False,1,True,4,True,3,True,3,False,1,True,4,True,3,True,3,False,1,True,4,True,3,True,3,False,1,3.428571428571428,3.329246542913579,1.0,0.9677758826762543,1.0,0.894061835972648,1.0,0.015656365853173267
374.0,0.9997022923489134,1.5481914257048173,True,6,True,2,True,1,False,0,True,6,True,2,True,1,False,0,True,6,True,2,True,1,False,0,True,3,True,2,True,1,False,0,True,2,True,2,True,1,False,0,True,2,True,2,True,1,False,0,True,2,True,2,True,1,False,0,True,2,True,2,True,1,False,0,True,2,True,2,True,1,False,0,True,2,True,1,True,1,False,0,True,2,True,1,False,0,False,0,1.1791499224876307,1.1791499224876307,1.1020494941359384,1.1020494941359384,0.560751228609864,0.560751228609864,0.056725431242907264,0.022689765861471006
267.0,0.997171777314677,0.979327911382083,True,9,True,3,False,1,False,0,True,6,False,2,False,0,False,0,True,6,False,2,False,0,False,0,True,5,False,1,False,0,False,0,True,5,False,0,False,0,False,0,True,4,False,0,False,0,False,0,True,3,False,0,False,0,False,0,True,2,False,0,False,0,False,0,True,2,False,0,False,0,False,0,True,2,False,0,False,0,False,0,True,2,False,0,False,0,False,0,0.8339749902889274,0.7024940600824636,0.2756384741952851,0.11016809351998724,0.11766822877934924,0.01226484803871058,0.03253806995035519,0.01226484803871058
280.0,0.9998511461744567,0.8267089350183876,True,10,True,3,True,1,True,1,True,9,True,1,True,1,True,1,True,7,True,1,True,1,True,1,True,4,True,1,True,1,True,1,True,4,True,1,True,1,True,1,True,3,True,1,True,1,True,1,True,1,True,1,True,1,True,1,True,2,True,2,False,0,False,0,True,2,True,1,False,0,False,0,True,3,False,0,False,0,False,0,True,2,False,0,False,0,False,0,0.6240372822802446,0.6240372822802446,0.5423747118801019,0.5423747118801019,0.43638025587937473,0.43638025587937473,0.43638025587937473,0.43638025587937473
453.0,0.9998511461744567,0.6119581536423302,True,7,True,3,False,0,False,0,True,7,True,3,False,0,False,0,True,3,True,2,False,0,False,0,True,2,False,0,False,0,False,0,True,2,False,0,False,0,False,0,True,2,False,0,False,0,False,0,True,1,False,0,False,0,False,0,False,0,False,0,False,0,False,0,False,0,False,0,False,0,False,0,False,0,False,0,False,0,False,0,False,0,False,0,False,0,False,0,0.4187162235546919,0.4187162235546919,0.2286048943081332,0.2286048943081332,0.07509743385078155,0.07509743385078155,0.0057302796445152055,0.0020514878315260297
47.0,0.9998511461744567,1.722864236423608,True,10,True,2,False,1,False,0,True,6,True,2,False,1,False,0,True,3,True,2,False,1,False,0,True,2,False,1,False,1,False,0,True,2,False,1,False,1,False,0,True,2,False,1,False,1,False,0,True,2,False,1,False,1,False,0,True,2,False,1,False,1,False,0,True,2,False,1,False,0,False,0,True,2,False,1,False,0,False,0,True,2,False,1,False,0,False,0,1.2322739162633536,0.7271771481982418,0.7514285040899268,0.22219798260394577,0.4595143982817303,0.0012064192462778456,0.08035975496501584,0.0012064192462778456
509.0,0.9998511461744567,0.6931049771237817,True,9,True,3,False,0,False,0,True,7,True,1,False,0,False,0,True,5,False,0,False,0,False,0,True,4,False,0,False,0,False,0,True,4,False,0,False,0,False,0,True,2,False,0,False,0,False,0,True,2,False,0,False,0,False,0,False,0,False,0,False,0,False,0,False,0,False,0,False,0,False,0,False,0,False,0,False,0,False,0,False,0,False,0,False,0,False,0,0.445161560820818,0.445161560820818,0.15690563225964177,0.15690563225964177,0.09884122572846658,0.01614076966355637,0.09331444956827126,0.004079374403713937
387.0,0.9998511461744567,0.5298018057064877,True,6,True,3,False,0,False,0,True,4,True,2,False,0,False,0,True,2,True,1,False,0,False,0,True,2,False,0,False,0,False,0,True,1,False,0,False,0,False,0,True,1,False,0,False,0,False,0,True,1,False,0,False,0,False,0,False,0,False,0,False,0,False,0,False,0,False,0,False,0,False,0,False,0,False,0,False,0,False,0,False,0,False,0,False,0,False,0,0.4195499009455516,0.4195499009455516,0.24924926055186683,0.24924926055186683,0.06864204066165329,0.06864204066165329,0.002158870388689341,0.002158870388689341
232.0,0.6835367668949092,3.4285714285714293,True,3,True,2,False,1,False,0,True,2,True,2,False,1,False,0,True,2,True,2,False,1,False,0,True,2,False,1,False,1,False,0,True,2,False,1,False,1,False,0,True,2,False,1,False,1,False,0,False,1,False,1,False,1,False,0,False,1,False,1,False,1,False,0,False,1,False,1,False,1,False,0,False,1,False,1,False,1,False,0,False,1,False,1,False,1,False,0,3.428571428571428,0.38326286571352136,1.2686183919077014,0.24306865453421023,0.8030743218583485,0.09053242004019438,0.08713528440394498,0.03690095128446756
468.0,0.9995534385233701,0.8969806321976598,True,11,True,4,False,0,False,0,True,10,True,4,False,0,False,0,True,9,True,4,False,0,False,0,True,9,True,2,False,0,False,0,True,8,False,1,False,0,False,0,True,7,False,0,False,0,False,0,True,4,False,0,False,0,False,0,True,2,False,0,False,0,False,0,True,2,False,0,False,0,False,0,True,2,False,0,False,0,False,0,True,1,False,0,False,0,False,0,0.8160347051927404,0.8160347051927404,0.30706242413050994,0.29575258622559447,0.08101823353978962,0.08101823353978962,0.015706475761380047,0.015706475761380047
67.0,0.9998511461744567,3.395457101455696,True,8,True,2,True,1,True,1,True,4,True,2,True,1,False,0,True,2,True,2,True,1,False,0,True,2,True,2,True,1,False,0,True,2,True,2,True,1,False,0,True,2,True,2,True,1,False,0,True,2,True,2,True,1,False,0,True,2,True,2,True,1,False,0,True,2,True,2,True,1,False,0,True,2,True,2,True,1,False,0,True,2,True,2,False,0,False,0,3.108421959465522,0.7456631262803544,1.722079732829971,0.7222415193216603,0.5504163887901554,0.5504163887901554,0.13213781027274454,0.13213781027274454
516.0,0.9970229234891337,1.9307912361535475,True,9,True,7,False,2,False,2,True,8,True,6,False,2,False,2,True,8,True,4,False,2,False,1,True,8,True,4,False,2,False,1,True,7,True,4,False,2,False,0,True,6,False,3,False,2,False,0,True,5,False,3,False,2,False,0,True,5,False,2,False,2,False,0,True,5,False,2,False,1,False,0,True,4,False,1,False,0,False,0,True,4,False,1,False,0,False,0,1.7165727076652895,0.701142633641555,0.6695118617549002,0.3288795443251748,0.5461801024181376,0.010028598700072437,0.2562553712281576,0.0030120212382474818
531.0,0.9997022923489134,0.7080734244829919,True,4,True,3,False,1,False,0,True,3,False,2,False,1,False,0,True,3,False,1,False,1,False,0,True,3,False,0,False,0,False,0,True,3,False,0,False,0,False,0,True,3,False,0,False,0,False,0,True,1,False,0,False,0,False,0,False,0,False,0,False,0,False,0,False,0,False,0,False,0,False,0,False,0,False,0,False,0,False,0,False,0,False,0,False,0,False,0,0.42609834829272125,0.42609834829272125,0.24154852109859354,0.12314936035426843,0.21077280941412976,0.0013514331315054352,0.06595923073823624,0.0013514331315054352
184.0,0.9998511461744567,0.550399306206696,True,4,True,3,True,1,False,0,True,5,True,1,False,0,False,0,True,4,False,0,False,0,False,0,True,4,False,0,False,0,False,0,True,2,False,0,False,0,False,0,True,1,False,0,False,0,False,0,True,1,False,0,False,0,False,0,True,1,False,0,False,0,False,0,False,0,False,0,False,0,False,0,False,0,False,0,False,0,False,0,False,0,False,0,False,0,False,0,0.451716163180842,0.451716163180842,0.18537789612345787,0.18537789612345787,0.11291216401629608,0.11291216401629608,0.015558632689034064,0.015558632689034064
131.0,0.9998511461744567,1.012083038847725,True,12,False,2,False,1,False,0,True,8,False,2,False,1,False,0,False,5,False,1,False,0,False,0,False,5,False,1,False,0,False,0,False,4,False,0,False,0,False,0,False,3,False,0,False,0,False,0,False,1,False,0,False,0,False,0,False,1,False,0,False,0,False,0,False,1,False,0,False,0,False,0,False,0,False,0,False,0,False,0,False,0,False,0,False,0,False,0,0.5031723270816459,0.17015009766971564,0.2726655826133588,0.029115623377042422,0.18176565239562528,0.004373226020116793,0.004373226020116793,0.004373226020116793
141.0,0.9998511461744567,0.9147759066159699,True,8,True,3,False,0,False,0,True,6,True,3,False,0,False,0,True,5,True,3,False,0,False,0,True,5,True,2,False,0,False,0,True,4,True,2,False,0,False,0,True,3,True,2,False,0,False,0,True,3,True,1,False,0,False,0,True,3,True,1,False,0,False,0,True,2,False,0,False,0,False,0,True,1,False,0,False,0,False,0,True,1,False,0,False,0,False,0,0.7720513376152888,0.7720513376152888,0.47454429864907993,0.47454429864907993,0.09059212797214874,0.022103493002835303,0.022103493002835303,0.022103493002835303
222.0,0.9998511461744567,1.0257386348159974,True,6,True,3,False,2,False,1,True,5,False,2,False,1,False,1,True,4,False,2,False,1,False,1,False,3,False,2,False,1,False,1,False,3,False,2,False,1,False,1,False,3,False,2,False,1,False,0,False,3,False,1,False,1,False,0,False,3,False,1,False,1,False,0,False,3,False,1,False,1,False,0,False,3,False,1,False,1,False,0,False,2,False,1,False,1,False,0,0.9766542797329076,0.22287006790988934,0.9525545244403629,0.1080463307697407,0.9168105073658104,0.0045978006094686856,0.3376205016247135,0.0045978006094686856
115.0,0.9998511461744567,2.4435236842455206,True,9,True,4,True,3,True,3,True,7,True,4,True,3,True,3,True,6,True,3,True,3,True,3,True,6,True,3,True,3,True,3,True,6,True,3,True,3,True,3,True,6,True,4,True,3,True,2,True,6,True,4,True,3,True,2,True,7,True,3,True,2,True,2,True,7,True,2,True,2,False,1,True,7,True,2,True,2,False,1,True,7,True,2,False,1,False,1,2.1118414979617106,1.2521092537490517,0.8948355515376879,0.8948355515376879,0.6090109212768998,0.5568904638214007,0.6076205742729918,0.49388006572901494
542.0,0.6664185769574278,3.4285714285714293,True,8,True,3,True,3,True,2,True,6,True,3,True,3,True,2,True,5,True,3,True,3,True,2,True,7,True,2,True,2,True,1,True,6,True,2,True,2,True,1,True,4,True,2,True,2,True,1,True,4,True,2,True,2,True,1,True,3,True,2,True,2,True,1,True,3,True,2,True,2,True,1,True,4,True,2,True,2,False,0,True,4,True,2,False,1,False,0,3.428571428571428,1.3783203662933365,2.874589320238684,0.7215168983759581,1.7891537516180787,0.5877974190243429,0.5177151133709238,0.5177151133709238
95.0,0.9998511461744567,3.3123709606676117,True,3,True,3,True,3,True,3,True,4,True,4,True,4,True,4,True,4,True,4,True,4,True,4,True,4,True,4,True,4,True,4,True,5,True,5,True,5,True,5,True,6,True,5,True,4,True,4,True,7,True,5,True,5,True,5,True,7,True,5,True,5,True,5,True,8,True,5,True,5,True,5,True,10,True,6,True,5,True,3,True,10,True,5,True,4,True,3,3.2747891854749,3.2747891854749,0.9038669965998891,0.9038669965998891,0.891209574059988,0.891209574059988,0.891209574059988,0.891209574059988
237.0,0.9998511461744567,0.8559825870306433,True,9,True,7,False,0,False,0,True,8,False,4,False,0,False,0,True,7,False,2,False,0,False,0,True,7,False,0,False,0,False,0,True,5,False,0,False,0,False,0,True,3,False,0,False,0,False,0,True,3,False,0,False,0,False,0,True,2,False,0,False,0,False,0,True,1,False,0,False,0,False,0,True,1,False,0,False,0,False,0,True,1,False,0,False,0,False,0,0.7256448711768758,0.7256448711768758,0.21985127697510107,0.12441096597217832,0.06869844377640805,0.0018391077728763085,0.041436760738199345,0.0018391077728763085
544.0,0.9991068770467401,0.5941583261112154,True,9,True,4,True,2,False,0,True,7,True,2,False,0,False,0,True,6,False,0,False,0,False,0,True,2,False,0,False,0,False,0,True,1,False,0,False,0,False,0,False,0,False,0,False,0,False,0,False,0,False,0,False,0,False,0,False,0,False,0,False,0,False,0,False,0,False,0,False,0,False,0,False,0,False,0,False,0,False,0,False,0,False,0,False,0,False,0,0.30573120877521576,0.30573120877521576,0.1737511490063077,0.1559188097858094,0.12753288237773006,0.12753288237773006,0.013306248111557093,0.009494582667689055
272.0,0.9998511461744567,0.6769949318014362,True,10,True,2,False,0,False,0,True,6,True,2,False,0,False,0,True,5,True,2,False,0,False,0,True,3,True,1,False,0,False,0,True,1,True,1,False,0,False,0,True,1,False,0,False,0,False,0,True,1,False,0,False,0,False,0,True,1,False,0,False,0,False,0,True,1,False,0,False,0,False,0,True,1,False,0,False,0,False,0,True,1,False,0,False,0,False,0,0.6408859606251714,0.6408859606251714,0.3463994080385291,0.3463994080385291,0.06314379312786142,0.06314379312786142,0.0027034754510429217,0.002261869930623327
520.0,0.8511461744566835,1.88850840623289,True,10,True,3,True,2,True,2,True,13,True,4,True,2,False,1,True,12,True,2,True,2,False,1,True,12,True,2,True,1,False,0,True,9,True,2,True,1,False,0,True,7,True,2,True,1,False,0,True,6,True,2,True,1,False,0,True,5,True,2,True,1,False,0,True,5,True,1,True,1,False,0,True,3,True,1,True,1,False,0,True,2,True,1,True,1,False,0,0.7891598629191336,0.7514266337862431,0.7120655936001893,0.7120655936001893,0.6022962305906818,0.6022962305906818,0.24003264361419327,0.14835083992812756
400.0,0.9998511461744567,1.5814137332507248,True,9,True,4,False,1,False,0,True,7,True,3,False,1,False,0,True,5,True,3,False,1,False,0,True,3,True,3,False,1,False,0,True,3,False,2,False,1,False,0,True,3,False,2,False,1,False,0,True,3,False,2,False,1,False,0,True,3,False,2,False,1,False,0,False,2,False,2,False,1,False,0,False,2,False,2,False,0,False,0,False,2,False,2,False,0,False,0,1.1121483506428198,0.4778641445973455,0.8925717511348924,0.26114707360156636,0.5170295965245161,0.07119407522029182,0.07406749068310937,0.07119407522029182
307.0,0.9998511461744567,0.6574982458029048,True,8,True,2,False,1,False,0,True,7,True,2,False,0,False,0,True,3,True,2,False,0,False,0,True,2,False,1,False,0,False,0,True,2,False,1,False,0,False,0,True,2,False,0,False,0,False,0,True,1,False,0,False,0,False,0,True,1,False,0,False,0,False,0,True,1,False,0,False,0,False,0,False,0,False,0,False,0,False,0,False,0,False,0,False,0,False,0,0.5203404505959273,0.5203404505959273,0.34182608607186127,0.23220005518992914,0.11097978551112266,0.007992114984982375,0.007992114984982375,0.007992114984982375
259.0,0.9901756475141411,2.102294722118605,True,9,True,5,False,4,False,1,True,8,True,5,False,4,False,0,True,8,True,5,False,3,False,0,True,8,True,5,False,2,False,0,True,7,True,5,False,2,False,0,True,8,True,4,False,1,False,0,True,8,True,4,False,1,False,0,True,9,True,3,False,1,False,0,True,9,True,3,False,1,False,0,True,8,False,2,False,1,False,0,True,8,False,2,False,1,False,0,1.473952140891162,0.99957292755776,0.8155277161610093,0.5059342807049073,0.653767201058295,0.037550071837036875,0.11808795735058726,0.002894006963252945
71.0,0.9998511461744567,2.8310475866901204,True,8,True,6,True,5,True,5,True,10,True,7,True,3,True,3,True,11,True,8,True,3,True,3,True,11,True,7,True,3,True,2,True,11,True,6,True,3,True,2,True,11,True,5,True,3,False,1,True,9,True,5,True,3,False,1,True,9,True,5,True,2,False,1,True,10,True,3,True,2,False,0,True,10,True,3,True,2,False,0,True,9,True,3,False,1,False,0,2.397341411841488,0.7991667472640812,0.9814703875259214,0.6945538963705047,0.9661002845275701,0.5880456831613162,0.48594475187282343,0.3486287705314861
398.0,0.9998511461744567,0.7975425469727675,True,6,True,5,True,1,False,0,True,6,True,2,True,1,False,0,True,2,True,2,False,0,False,0,True,2,True,2,False,0,False,0,True,3,True,1,False,0,False,0,True,2,True,1,False,0,False,0,True,2,True,1,False,0,False,0,True,2,True,1,False,0,False,0,True,1,True,1,False,0,False,0,True,1,False,0,False,0,False,0,True,1,False,0,False,0,False,0,0.6959877536274568,0.6959877536274568,0.5232869350138223,0.5232869350138223,0.17970179538621522,0.17970179538621522,0.039362980357060595,0.008549203939911494
214.0,0.9998511461744567,0.4084739405588184,True,7,True,1,False,0,False,0,True,1,False,0,False,0,False,0,True,1,False,0,False,0,False,0,True,1,False,0,False,0,False,0,True,1,False,0,False,0,False,0,False,0,False,0,False,0,False,0,False,0,False,0,False,0,False,0,False,0,False,0,False,0,False,0,False,0,False,0,False,0,False,0,False,0,False,0,False,0,False,0,False,0,False,0,False,0,False,0,0.3212659431568644,0.3212659431568644,0.13854902286337917,0.13854902286337917,0.037453049792686474,0.037453049792686474,0.006097031874496219,0.0006969775757361908
87.0,0.9980649002679369,3.3254892561763914,True,7,True,3,True,3,True,3,True,7,True,3,True,3,False,2,True,7,True,3,True,3,False,2,True,7,True,3,True,3,False,2,True,6,True,3,True,3,False,2,True,7,True,3,True,3,False,2,True,7,True,3,True,3,False,2,True,7,True,3,True,3,False,2,True,9,True,4,True,4,False,3,True,10,True,4,True,4,False,2,True,11,True,3,True,3,False,1,3.1093899157336704,3.1093899157336704,0.9539927642192756,0.7974924212884201,0.9436656116929245,0.6344314906072399,0.9436656116929245,0.14902242480554548
260.0,0.21643346233998215,1.1286560579364306,True,11,True,1,False,0,False,0,True,7,True,1,False,0,False,0,True,7,True,1,False,0,False,0,True,4,False,0,False,0,False,0,True,3,False,0,False,0,False,0,True,2,False,0,False,0,False,0,True,2,False,0,False,0,False,0,True,2,False,0,False,0,False,0,True,1,False,0,False,0,False,0,False,0,False,0,False,0,False,0,False,0,False,0,False,0,False,0,0.5423545861331436,0.5423545861331436,0.20559355322610598,0.20559355322610598,0.028306927370354566,0.028306927370354566,0.028306927370354566,0.028306927370354566
91.0,0.9998511461744567,0.4327727035775676,True,6,True,2,False,1,False,0,True,3,True,2,False,0,False,0,True,2,False,1,False,0,False,0,True,2,False,0,False,0,False,0,True,1,False,0,False,0,False,0,False,0,False,0,False,0,False,0,False,0,False,0,False,0,False,0,False,0,False,0,False,0,False,0,False,0,False,0,False,0,False,0,False,0,False,0,False,0,False,0,False,0,False,0,False,0,False,0,0.3453901349838379,0.3453901349838379,0.24524059367373055,0.18224749163727202,0.12483162952160214,0.03982878525616304,0.08242044855402494,0.002104358717160227
62.0,0.9997022923489134,3.1146907116426097,True,9,True,5,True,3,False,1,True,11,True,6,False,2,False,1,True,12,True,5,False,1,False,0,True,11,True,3,False,1,False,0,True,10,True,3,False,1,False,0,True,9,False,2,False,1,False,0,True,9,False,1,False,1,False,0,True,8,False,1,False,1,False,0,True,6,False,1,False,1,False,0,True,5,False,1,False,1,False,0,True,4,False,1,False,0,False,0,1.4369818269376686,0.6565601185115498,0.8126933335505272,0.3497102092273683,0.5568590979730621,0.11391748545914135,0.15166207024417241,0.02888327198231486
183.0,0.9251265257517118,3.062109638368995,True,7,True,4,True,4,True,1,True,7,True,3,True,2,True,1,True,4,True,3,True,2,True,1,True,4,True,3,True,2,True,1,True,4,True,2,True,2,True,1,True,4,True,2,True,1,True,1,True,2,True,2,True,1,True,1,True,3,True,2,True,1,True,1,True,3,True,2,True,1,True,1,True,2,True,2,True,1,True,1,True,2,True,2,True,1,True,1,2.357159042357934,2.357159042357934,1.2325119488230063,1.2325119488230063,0.8809334773204722,0.8809334773204722,0.7612896381908331,0.7612896381908331
452.0,0.9998511461744567,0.4706247393514595,True,6,True,3,False,0,False,0,True,4,True,3,False,0,False,0,True,3,True,1,False,0,False,0,True,2,False,0,False,0,False,0,True,1,False,0,False,0,False,0,True,1,False,0,False,0,False,0,True,1,False,0,False,0,False,0,False,0,False,0,False,0,False,0,False,0,False,0,False,0,False,0,False,0,False,0,False,0,False,0,False,0,False,0,False,0,False,0,0.4089178472422914,0.4089178472422914,0.24339946737368312,0.24339946737368312,0.06998435907247243,0.03136659998849279,0.02389276896111068,0.002020518011705717
431.0,0.9980649002679369,0.6602236452509983,True,7,True,4,False,1,False,0,True,5,True,2,False,1,False,0,False,4,False,1,False,0,False,0,False,2,False,1,False,0,False,0,False,2,False,0,False,0,False,0,False,1,False,0,False,0,False,0,False,1,False,0,False,0,False,0,False,1,False,0,False,0,False,0,False,1,False,0,False,0,False,0,False,1,False,0,False,0,False,0,False,0,False,0,False,0,False,0,0.599587932433727,0.17254477903475116,0.25281058198844786,0.16319385030719885,0.16367995099223634,0.054198558762630515,0.08583174364170512,0.03238755279642377
330.0,0.9998511461744567,0.5106599068741626,True,5,True,2,False,0,False,0,True,3,True,2,False,0,False,0,True,2,True,1,False,0,False,0,True,2,False,0,False,0,False,0,True,1,False,0,False,0,False,0,True,1,False,0,False,0,False,0,True,1,False,0,False,0,False,0,False,0,False,0,False,0,False,0,False,0,False,0,False,0,False,0,False,0,False,0,False,0,False,0,False,0,False,0,False,0,False,0,0.4157114905636615,0.4157114905636615,0.2131288180276258,0.2131288180276258,0.05269883267851382,0.03372626055084746,0.0014088984481440538,0.0012629504476732866
164.0,0.9998511461744567,0.8392501404375149,True,5,True,5,True,2,False,1,True,5,True,3,False,1,False,1,True,4,True,2,False,1,False,1,True,4,True,2,False,0,False,0,True,4,True,2,False,0,False,0,True,3,False,1,False,0,False,0,True,3,False,0,False,0,False,0,True,2,False,0,False,0,False,0,False,1,False,0,False,0,False,0,False,1,False,0,False,0,False,0,False,0,False,0,False,0,False,0,0.5921074472508459,0.47215658492176976,0.35912043793286225,0.3002157909182422,0.21829779041244207,0.1427164969690667,0.21305378285335816,0.0009460434993048422
218.0,0.9998511461744567,0.3694856021852565,True,6,True,2,False,0,False,0,False,2,False,0,False,0,False,0,False,1,False,0,False,0,False,0,False,1,False,0,False,0,False,0,False,0,False,0,False,0,False,0,False,0,False,0,False,0,False,0,False,0,False,0,False,0,False,0,False,0,False,0,False,0,False,0,False,0,False,0,False,0,False,0,False,0,False,0,False,0,False,0,False,0,False,0,False,0,False,0,0.2739431384071638,0.11674242938379603,0.13149037100769542,0.10137646523191117,0.09657776679656387,0.09657776679656387,0.0549516170302714,0.0549516170302714
216.0,0.47692765704078594,1.090396721829931,True,10,True,5,False,2,False,0,True,10,True,4,False,1,False,0,True,8,False,3,False,1,False,0,True,8,False,0,False,0,False,0,True,6,False,0,False,0,False,0,True,5,False,0,False,0,False,0,True,5,False,0,False,0,False,0,False,4,False,0,False,0,False,0,False,1,False,0,False,0,False,0,False,1,False,0,False,0,False,0,False,0,False,0,False,0,False,0,0.5679500329337073,0.40794499618029023,0.24955637407166245,0.16366937533156542,0.20850408959097233,0.0032367538897498855,0.013099011575543409,0.0028220615123139884
383.0,0.993450431676094,1.232832651451936,True,10,True,7,False,2,False,1,True,10,True,6,False,2,False,1,True,9,True,5,False,1,False,1,True,9,True,4,False,1,False,1,True,8,True,4,False,1,False,1,True,6,True,2,False,1,False,1,True,4,False,1,False,1,False,0,True,4,False,1,False,1,False,0,True,4,False,1,False,1,False,0,True,4,False,1,False,1,False,0,True,3,False,1,False,1,False,0,0.8507347485802345,0.8507347485802345,0.7203735733543818,0.3752456323077878,0.7193832758823434,0.04339816205600265,0.3613101660233904,0.0022315160049232855
153.0,0.9998511461744567,0.7025750930690011,True,10,True,5,True,3,False,0,True,7,True,4,False,1,False,0,True,5,True,4,False,1,False,0,True,4,True,3,False,1,False,0,True,4,False,1,False,0,False,0,True,4,False,0,False,0,False,0,True,3,False,0,False,0,False,0,True,1,False,0,False,0,False,0,True,1,False,0,False,0,False,0,True,1,False,0,False,0,False,0,True,1,False,0,False,0,False,0,0.6108417824228823,0.6108417824228823,0.33266249272264536,0.2892430858178406,0.2708898216669466,0.10480714192437936,0.04988838432426038,0.011701502577730635
518.0,0.9998511461744567,1.4618745540603306,True,14,True,4,False,0,False,0,True,10,True,2,False,0,False,0,True,10,True,2,False,0,False,0,True,9,True,2,False,0,False,0,True,7,True,1,False,0,False,0,True,7,True,1,False,0,False,0,True,5,True,1,False,0,False,0,True,3,True,1,False,0,False,0,True,3,True,1,False,0,False,0,True,2,True,1,False,0,False,0,True,1,True,1,False,0,False,0,0.9149018312275581,0.9149018312275581,0.7128477100863134,0.7128477100863134,0.04250793353275263,0.04119750691740328,0.04119750691740328,0.04119750691740328
28.0,0.9998511461744567,1.7571528118327966,True,8,True,4,True,2,True,1,True,8,True,5,True,1,False,0,True,5,True,2,False,0,False,0,True,5,True,2,False,0,False,0,True,4,True,2,False,0,False,0,True,4,True,2,False,0,False,0,True,3,False,0,False,0,False,0,True,3,False,0,False,0,False,0,True,3,False,0,False,0,False,0,True,3,False,0,False,0,False,0,True,3,False,0,False,0,False,0,1.0231301243460371,0.9943380720535827,0.3767271779858671,0.3767271779858671,0.18428009099869547,0.18428009099869547,0.11968229716952092,0.11968229716952092
156.0,0.9995534385233701,0.7783583535132145,True,8,True,3,True,1,False,0,True,7,True,2,True,1,False,0,True,6,True,1,True,1,False,0,True,4,True,1,True,1,False,0,True,5,True,1,False,0,False,0,True,3,True,1,False,0,False,0,True,1,False,0,False,0,False,0,True,1,False,0,False,0,False,0,True,1,False,0,False,0,False,0,False,0,False,0,False,0,False,0,False,0,False,0,False,0,False,0,0.5302894901388557,0.5302894901388557,0.379482618390352,0.379482618390352,0.29760313370900515,0.29760313370900515,0.01068065546859769,0.01068065546859769
404.0,0.9998511461744567,1.0486734106814652,True,11,True,4,False,1,False,0,True,9,True,3,False,0,False,0,True,5,False,1,False,0,False,0,False,2,False,0,False,0,False,0,False,2,False,0,False,0,False,0,False,1,False,0,False,0,False,0,False,1,False,0,False,0,False,0,False,1,False,0,False,0,False,0,False,1,False,0,False,0,False,0,False,1,False,0,False,0,False,0,False,1,False,0,False,0,False,0,0.9991113131725686,0.22388435044257202,0.2129910411032644,0.17827650971884737,0.11604645236068954,0.06729803876962173,0.09917662210797733,0.001501490379618185
503.0,0.9976183387913069,3.0754479717791074,True,11,True,3,False,2,False,0,True,6,True,3,False,1,False,0,True,5,True,2,False,1,False,0,True,5,False,1,False,1,False,0,True,4,False,1,False,1,False,0,True,4,False,1,False,1,False,0,True,3,False,1,False,1,False,0,True,3,False,1,False,1,False,0,True,3,False,1,False,0,False,0,True,3,False,1,False,0,False,0,True,3,False,1,False,0,False,0,2.3560290443161835,0.6094158395332907,0.8871697133359338,0.21143097691102758,0.4775928628159731,0.042183700006256424,0.06995149189463959,0.0062236760589947935
297.0,0.9998511461744567,1.2566096408781449,True,11,True,2,False,1,False,1,True,9,True,2,False,1,False,1,True,7,True,2,False,1,False,1,True,4,True,2,False,1,False,1,True,4,True,2,False,1,False,1,True,4,True,2,False,1,False,1,True,3,False,1,False,1,False,1,True,5,False,0,False,0,False,0,False,3,False,0,False,0,False,0,False,2,False,0,False,0,False,0,False,1,False,0,False,0,False,0,0.9889770519037026,0.4645358246915698,0.4237629324326553,0.36815795080553837,0.42190664910773973,0.031262597967611695,0.40905345230589807,0.010874383915115273
105.0,0.9998511461744567,0.8146795383271012,True,9,True,3,True,2,False,1,True,8,False,2,False,1,False,1,True,7,False,2,False,1,False,0,True,5,False,2,False,1,False,0,False,2,False,1,False,1,False,0,False,2,False,1,False,1,False,0,False,1,False,1,False,0,False,0,False,1,False,1,False,0,False,0,False,1,False,1,False,0,False,0,False,1,False,0,False,0,False,0,False,1,False,0,False,0,False,0,0.6231177331195031,0.2527576313080746,0.503240746643974,0.11878608622372527,0.3778399262061503,0.11092866102796017,0.15682167381041148,0.03029091953784016
454.0,0.9994045846978268,0.5704722920684866,True,7,False,2,False,0,False,0,True,6,False,1,False,0,False,0,True,3,False,0,False,0,False,0,False,2,False,0,False,0,False,0,False,1,False,0,False,0,False,0,False,1,False,0,False,0,False,0,False,0,False,0,False,0,False,0,False,0,False,0,False,0,False,0,False,0,False,0,False,0,False,0,False,0,False,0,False,0,False,0,False,0,False,0,False,0,False,0,0.39007833088463634,0.24156686427614685,0.18568743348952987,0.05186304861903778,0.020037692977045392,0.020037692977045392,0.009589851108471794,0.009589851108471794
380.0,0.9998511461744567,0.9805950387148407,True,6,True,3,False,0,False,0,True,5,True,3,False,0,False,0,True,5,False,1,False,0,False,0,True,5,False,0,False,0,False,0,True,4,False,0,False,0,False,0,True,3,False,0,False,0,False,0,True,2,False,0,False,0,False,0,True,2,False,0,False,0,False,0,True,2,False,0,False,0,False,0,True,2,False,0,False,0,False,0,True,2,False,0,False,0,False,0,0.8160621949881909,0.8160621949881909,0.2021741268638096,0.15050940077838124,0.04167555901183112,0.04167555901183112,0.012446056585872473,0.012446056585872473
252.0,0.9998511461744567,1.1246867772145295,True,10,True,3,True,2,True,2,True,10,True,3,True,2,True,1,True,10,True,3,True,1,True,1,True,9,True,3,True,1,False,0,True,9,True,3,True,1,False,0,True,7,True,2,False,0,False,0,True,5,True,2,False,0,False,0,True,5,True,2,False,0,False,0,True,5,True,1,False,0,False,0,True,4,False,0,False,0,False,0,True,3,False,0,False,0,False,0,0.9047453452356291,0.9047453452356291,0.5231608205700032,0.5231608205700032,0.3121812230999284,0.3121812230999284,0.20517046858981974,0.20517046858981974
485.0,0.9998511461744567,0.5244562992566422,True,6,True,3,True,1,False,0,True,4,True,1,False,0,False,0,True,3,False,0,False,0,False,0,True,1,False,0,False,0,False,0,True,1,False,0,False,0,False,0,True,1,False,0,False,0,False,0,True,1,False,0,False,0,False,0,False,0,False,0,False,0,False,0,False,0,False,0,False,0,False,0,False,0,False,0,False,0,False,0,False,0,False,0,False,0,False,0,0.4368417698945243,0.4368417698945243,0.18082958648839684,0.18082958648839684,0.10258923089856052,0.10258923089856052,0.007832675517065228,0.007832675517065228
255.0,0.9218517415897589,0.6410307796313068,True,9,True,2,True,1,False,0,True,9,True,1,False,0,False,0,True,6,True,1,False,0,False,0,False,3,False,0,False,0,False,0,False,1,False,0,False,0,False,0,False,1,False,0,False,0,False,0,False,0,False,0,False,0,False,0,False,0,False,0,False,0,False,0,False,0,False,0,False,0,False,0,False,0,False,0,False,0,False,0,False,0,False,0,False,0,False,0,0.3625274248483598,0.22777749097242417,0.20335409791766038,0.20335409791766038,0.14083285901684386,0.14083285901684386,0.014438833625787554,0.014438833625787554
182.0,0.9998511461744567,0.583172386853376,True,8,True,3,True,1,False,0,True,6,False,2,False,0,False,0,True,3,False,0,False,0,False,0,False,2,False,0,False,0,False,0,False,2,False,0,False,0,False,0,False,1,False,0,False,0,False,0,False,1,False,0,False,0,False,0,False,0,False,0,False,0,False,0,False,0,False,0,False,0,False,0,False,0,False,0,False,0,False,0,False,0,False,0,False,0,False,0,0.4367885622100462,0.23606556103911305,0.1676182362930461,0.10648450549264812,0.10648450549264812,0.10648450549264812,0.004096140439759704,0.004096140439759704
204.0,0.9998511461744567,1.6308083193000653,True,10,True,6,True,1,False,0,True,7,True,5,True,1,False,0,True,6,True,4,False,0,False,0,True,5,True,2,False,0,False,0,True,4,False,1,False,0,False,0,False,2,False,0,False,0,False,0,False,2,False,0,False,0,False,0,False,2,False,0,False,0,False,0,False,2,False,0,False,0,False,0,False,2,False,0,False,0,False,0,False,2,False,0,False,0,False,0,0.9784878786687371,0.3268848007619086,0.30391633453821204,0.2831656752145841,0.19141927421351196,0.19141927421351196,0.08654971599812993,0.08654971599812993
364.0,0.9998511461744567,0.40337999616165937,True,7,True,2,False,1,False,1,True,5,False,1,False,0,False,0,True,2,False,1,False,0,False,0,True,2,False,1,False,0,False,0,True,2,False,1,False,0,False,0,False,0,False,0,False,0,False,0,False,0,False,0,False,0,False,0,False,0,False,0,False,0,False,0,False,0,False,0,False,0,False,0,False,0,False,0,False,0,False,0,False,0,False,0,False,0,False,0,0.3458374098957113,0.3364424874950032,0.3281346520138592,0.13684778212215176,0.1362167847657032,0.060931012132415,0.1237309236423151,0.004342145732528321
427.0,0.9998511461744567,0.6232747666175781,True,10,True,4,True,1,False,0,True,8,True,3,False,0,False,0,True,6,False,1,False,0,False,0,True,5,False,0,False,0,False,0,True,1,False,0,False,0,False,0,True,1,False,0,False,0,False,0,True,1,False,0,False,0,False,0,True,1,False,0,False,0,False,0,False,0,False,0,False,0,False,0,False,0,False,0,False,0,False,0,False,0,False,0,False,0,False,0,0.4864742882821772,0.4864742882821772,0.21156565109486725,0.17250462620247298,0.11590291098364464,0.11590291098364464,0.024303346030795474,0.024303346030795474
311.0,0.9998511461744567,0.8016527715325847,True,9,True,3,True,1,False,0,True,8,True,2,False,0,False,0,True,6,True,2,False,0,False,0,True,4,True,1,False,0,False,0,True,3,True,1,False,0,False,0,True,2,False,0,False,0,False,0,True,1,False,0,False,0,False,0,False,0,False,0,False,0,False,0,False,0,False,0,False,0,False,0,False,0,False,0,False,0,False,0,False,0,False,0,False,0,False,0,0.4165761484503285,0.4165761484503285,0.3213656992587802,0.3213656992587802,0.12931866134439796,0.12931866134439796,0.023113262553188692,0.004181794947914045
472.0,0.3428103602262578,3.4285714285714293,True,4,True,2,False,1,False,0,True,3,False,1,False,1,False,0,True,2,False,1,False,1,False,0,False,1,False,1,False,1,False,0,False,1,False,1,False,1,False,0,False,1,False,1,False,1,False,0,False,1,False,1,False,1,False,0,False,1,False,1,False,1,False,0,False,1,False,1,False,1,False,0,False,1,False,1,False,1,False,0,False,1,False,1,False,1,False,0,3.4285714285714275,0.24297266189160077,1.2155670687314768,0.10473949947634162,0.6452422752808987,0.014406550753991014,0.014406550753991014,0.014406550753991014
475.0,0.9998511461744567,0.8388594541718777,True,8,True,2,False,0,False,0,True,7,True,2,False,0,False,0,True,5,True,2,False,0,False,0,True,4,True,1,False,0,False,0,True,3,True,1,False,0,False,0,True,2,False,0,False,0,False,0,True,2,False,0,False,0,False,0,False,1,False,0,False,0,False,0,False,1,False,0,False,0,False,0,False,1,False,0,False,0,False,0,False,1,False,0,False,0,False,0,0.6570929192132043,0.42573091055318346,0.3267077491735681,0.3267077491735681,0.09808383728964892,0.09808383728964892,0.00957298261984098,0.005555047636153885
360.0,0.9998511461744567,1.0065983720076466,True,11,True,5,False,2,False,1,True,9,True,3,False,2,False,0,True,6,True,3,False,1,False,0,True,6,False,1,False,1,False,0,True,3,False,1,False,1,False,0,True,3,False,1,False,1,False,0,True,3,False,1,False,1,False,0,True,2,False,1,False,1,False,0,True,2,False,0,False,0,False,0,True,2,False,0,False,0,False,0,True,1,False,0,False,0,False,0,0.8102769534822604,0.8102769534822604,0.4657433895532846,0.24968993381907267,0.4506377502727686,0.008310974316520678,0.115044174192891,0.0012853199023943507
351.0,0.33566537660017864,1.3742277089812818,True,10,True,4,True,2,True,2,True,13,True,4,False,1,False,0,True,9,True,3,False,1,False,0,True,10,True,2,False,0,False,0,True,10,True,2,False,0,False,0,True,8,False,0,False,0,False,0,True,7,False,0,False,0,False,0,True,6,False,0,False,0,False,0,True,4,False,0,False,0,False,0,True,2,False,0,False,0,False,0,True,1,False,0,False,0,False,0,0.6569105062427391,0.6569105062427391,0.34525846247171477,0.34525846247171477,0.23700838401642715,0.110133072220749,0.110133072220749,0.110133072220749
190.0,0.9998511461744567,0.9957628614675406,True,8,True,3,False,0,False,0,True,6,True,3,False,0,False,0,True,4,True,2,False,0,False,0,True,3,True,1,False,0,False,0,True,3,True,1,False,0,False,0,True,2,True,1,False,0,False,0,True,2,False,0,False,0,False,0,True,2,False,0,False,0,False,0,True,2,False,0,False,0,False,0,True,2,False,0,False,0,False,0,True,2,False,0,False,0,False,0,0.9177131006324833,0.9177131006324833,0.3699321953394826,0.3699321953394826,0.05004454622129791,0.0021219130427543448,0.007999381022634358,0.0021219130427543448
137.0,0.9998511461744567,1.9058857881337599,True,8,True,6,False,3,False,1,True,7,True,4,False,2,False,1,True,6,True,4,False,2,False,1,True,4,True,3,False,2,False,1,True,4,False,2,False,2,False,1,True,3,False,2,False,1,False,1,False,2,False,2,False,1,False,1,False,2,False,2,False,1,False,1,False,3,False,2,False,0,False,0,False,3,False,2,False,0,False,0,False,2,False,1,False,0,False,0,1.3371287382606494,0.35287984700256725,0.7462502193816571,0.25125877597277796,0.4988545240591304,0.07648766179048759,0.4988545240591304,0.0013730851589104584
382.0,0.9998511461744567,0.9851945679610082,True,10,True,4,True,1,False,0,True,8,True,4,True,1,False,0,True,7,True,2,True,1,False,0,True,6,True,1,True,1,False,0,True,5,True,1,False,0,False,0,True,3,True,1,False,0,False,0,True,3,True,1,False,0,False,0,True,2,True,1,False,0,False,0,True,2,True,1,False,0,False,0,True,2,True,1,False,0,False,0,True,2,True,1,False,0,False,0,0.794483249482842,0.6790030144140367,0.601286591813,0.601286591813,0.26076592867678416,0.26076592867678416,0.0113039711661824,0.0113039711661824
198.0,0.9992557308722834,0.7417195762699228,True,9,True,3,False,2,False,1,True,8,False,1,False,1,False,1,True,6,False,1,False,1,False,0,True,5,False,1,False,0,False,0,True,5,False,1,False,0,False,0,False,3,False,0,False,0,False,0,False,1,False,0,False,0,False,0,False,1,False,0,False,0,False,0,False,0,False,0,False,0,False,0,False,0,False,0,False,0,False,0,False,0,False,0,False,0,False,0,0.4754404593648057,0.3028123604471252,0.30209569497290667,0.12752377420690855,0.24472753011218495,0.09229258575559815,0.183800523648174,0.025269394662851448
43.0,0.9998511461744567,3.3807784426946057,True,10,True,5,True,3,False,2,True,10,True,5,True,3,False,2,True,10,True,4,True,3,False,2,True,10,True,3,False,2,False,1,True,10,True,3,False,2,False,1,True,9,True,3,False,2,False,1,True,9,True,2,False,1,False,1,True,7,True,2,False,1,False,1,True,7,True,2,False,1,False,1,True,6,True,2,False,1,False,1,True,6,True,2,False,1,False,1,3.078119552954297,3.078119552954297,0.9835050351641648,0.9835050351641648,0.8996974528277293,0.2040954511330549,0.8465830544182218,0.08427848274719264
490.0,0.9998511461744567,0.7602630597903728,True,8,True,2,False,0,False,0,True,7,True,1,False,0,False,0,True,5,False,0,False,0,False,0,True,5,False,0,False,0,False,0,True,4,False,0,False,0,False,0,True,3,False,0,False,0,False,0,True,2,False,0,False,0,False,0,True,2,False,0,False,0,False,0,True,2,False,0,False,0,False,0,False,1,False,0,False,0,False,0,False,0,False,0,False,0,False,0,0.5745782930731592,0.5192367508278206,0.19428490734676185,0.19428490734676185,0.04813536200563947,0.042207030903953786,0.00988509668092936,0.00988509668092936
499.0,0.9995534385233701,2.29343646890909,True,9,True,7,True,3,True,2,True,9,True,7,True,3,True,2,True,10,True,4,True,2,True,1,True,9,True,3,True,1,True,1,True,7,True,3,True,1,True,1,True,6,True,1,True,1,True,1,True,6,True,1,True,1,True,1,True,6,True,2,False,0,False,0,True,6,True,2,False,0,False,0,True,5,True,2,False,0,False,0,True,5,True,1,False,0,False,0,1.1814898770354196,0.973311558931116,0.7138430720397891,0.7138430720397891,0.44407177510935364,0.44407177510935364,0.44407177510935364,0.44407177510935364
185.0,0.9985114617445668,0.45336308131698766,True,5,False,2,False,1,False,0,True,4,False,1,False,1,False,0,False,3,False,1,False,1,False,0,False,2,False,1,False,1,False,0,False,2,False,1,False,1,False,0,False,1,False,0,False,0,False,0,False,0,False,0,False,0,False,0,False,0,False,0,False,0,False,0,False,0,False,0,False,0,False,0,False,0,False,0,False,0,False,0,False,0,False,0,False,0,False,0,0.3783082453740749,0.1754030601690669,0.33204337346574003,0.08033129594028562,0.33204337346574003,0.002897202264459615,0.04019184043343468,0.002417720303261877
298.0,0.9998511461744567,0.8873029117498377,True,11,True,3,False,0,False,0,True,9,True,2,False,0,False,0,True,7,True,2,False,0,False,0,True,4,True,2,False,0,False,0,True,4,True,2,False,0,False,0,True,3,True,1,False,0,False,0,True,3,False,0,False,0,False,0,True,3,False,0,False,0,False,0,True,3,False,0,False,0,False,0,True,3,False,0,False,0,False,0,True,2,False,0,False,0,False,0,0.7704336636669717,0.7704336636669717,0.3599166565837017,0.3599166565837017,0.03687731370934395,0.006195294840211999,0.01680527332043714,0.005806425365175511
406.0,0.9998511461744567,0.5942190245651565,True,7,False,2,False,0,False,0,True,6,False,1,False,0,False,0,True,4,False,0,False,0,False,0,False,1,False,0,False,0,False,0,False,1,False,0,False,0,False,0,False,1,False,0,False,0,False,0,False,1,False,0,False,0,False,0,False,0,False,0,False,0,False,0,False,0,False,0,False,0,False,0,False,0,False,0,False,0,False,0,False,0,False,0,False,0,False,0,0.416974331075245,0.23565110536342163,0.1621850749529874,0.008022338076189985,0.05149347717218596,0.001472524239965586,0.029825396056127395,0.001472524239965586
370.0,0.9998511461744567,0.9778242281008299,True,6,True,4,True,1,False,0,True,5,True,3,True,1,False,0,True,4,True,2,True,1,False,0,True,3,True,2,True,1,False,0,True,3,True,2,True,1,False,0,True,3,True,2,True,1,False,0,True,2,True,2,True,1,False,0,True,2,True,1,True,1,False,0,True,2,True,1,True,1,False,0,True,2,True,1,True,1,False,0,True,1,True,1,False,0,False,0,0.9691349710531326,0.9691349710531326,0.8284423263035394,0.8284423263035394,0.5588691126570137,0.5588691126570137,0.045951864340000294,0.005174998704037331
107.0,0.9998511461744567,2.000855029259746,True,13,True,5,True,1,False,0,True,10,True,5,False,0,False,0,True,9,True,2,False,0,False,0,True,9,False,1,False,0,False,0,True,8,False,0,False,0,False,0,True,8,False,0,False,0,False,0,True,7,False,0,False,0,False,0,True,5,False,0,False,0,False,0,True,4,False,0,False,0,False,0,True,4,False,0,False,0,False,0,True,3,False,0,False,0,False,0,1.2458643198562742,1.2458643198562742,0.2529072020370713,0.23247167378708605,0.1131455194083751,0.1131455194083751,0.06957116188848911,0.06957116188848911
426.0,0.9998511461744567,1.4137093127603613,True,8,True,3,True,1,True,1,True,5,True,2,True,1,True,1,True,4,True,2,True,1,True,1,True,3,True,2,True,1,True,1,True,3,True,1,True,1,True,1,True,3,True,1,False,0,False,0,True,2,False,0,False,0,False,0,True,2,False,0,False,0,False,0,False,1,False,0,False,0,False,0,False,1,False,0,False,0,False,0,False,1,False,0,False,0,False,0,0.9399139953796907,0.4560428130452974,0.3600891933925995,0.3600891933925995,0.3147388021785763,0.3147388021785763,0.3147388021785763,0.3147388021785763
283.0,0.9997022923489134,0.9940917733939957,True,10,True,4,True,1,False,0,True,6,True,3,True,1,False,0,True,5,True,2,True,1,False,0,True,4,True,2,True,1,False,0,True,4,False,1,False,0,False,0,True,3,False,1,False,0,False,0,False,2,False,1,False,0,False,0,False,2,False,0,False,0,False,0,False,1,False,0,False,0,False,0,False,1,False,0,False,0,False,0,False,1,False,0,False,0,False,0,0.6153860296220427,0.38775630187675014,0.42816979769069224,0.2828665364844997,0.2793796242707172,0.2793796242707172,0.006874544457584559,0.00467384981228755
109.0,0.9983626079190235,1.9276729502150596,True,10,True,4,True,2,True,1,True,8,True,4,True,2,False,0,True,8,True,4,True,1,False,0,True,6,True,2,True,1,False,0,True,6,False,2,False,0,False,0,True,6,False,2,False,0,False,0,True,6,False,2,False,0,False,0,True,6,False,1,False,0,False,0,True,5,False,1,False,0,False,0,True,5,False,0,False,0,False,0,True,5,False,0,False,0,False,0,1.0252238366215873,0.6852823019285886,0.5106046097152148,0.2777489189785699,0.2777489189785699,0.2777489189785699,0.1305261419219367,0.1305261419219367
430.0,0.9985114617445668,0.5671207272934025,True,8,True,3,False,1,False,1,True,5,False,1,False,1,False,0,True,4,False,1,False,1,False,0,False,3,False,0,False,0,False,0,False,1,False,0,False,0,False,0,False,1,False,0,False,0,False,0,False,1,False,0,False,0,False,0,False,1,False,0,False,0,False,0,False,1,False,0,False,0,False,0,False,0,False,0,False,0,False,0,False,0,False,0,False,0,False,0,0.5246698964362673,0.21160825597414942,0.2271802315600702,0.14533341450085882,0.206051620823168,0.0015433683523445622,0.1372849223150179,0.0015433683523445622
463.0,0.9995534385233701,0.7747915075411946,True,11,True,3,True,1,True,1,True,8,True,2,True,1,True,1,True,6,True,2,True,1,True,1,True,6,True,3,False,0,False,0,True,5,True,3,False,0,False,0,True,4,False,0,False,0,False,0,True,3,False,0,False,0,False,0,True,2,False,0,False,0,False,0,True,2,False,0,False,0,False,0,False,0,False,0,False,0,False,0,False,0,False,0,False,0,False,0,0.5404332099669208,0.5096853824146381,0.34122267461251865,0.34122267461251865,0.23566352539987087,0.23566352539987087,0.23566352539987087,0.23566352539987087
128.0,0.9995534385233701,0.8629788901906158,True,7,True,3,True,1,False,0,True,5,True,3,True,1,False,0,True,4,True,2,False,0,False,0,True,4,True,2,False,0,False,0,True,4,True,1,False,0,False,0,True,2,True,1,False,0,False,0,True,2,False,0,False,0,False,0,True,2,False,0,False,0,False,0,True,2,False,0,False,0,False,0,True,2,False,0,False,0,False,0,True,1,False,0,False,0,False,0,0.7626223590810046,0.7626223590810046,0.36091178516090433,0.36091178516090433,0.19307701561188426,0.19307701561188426,0.04769911047020448,0.04769911047020448
66.0,0.9998511461744567,3.395723382150706,True,9,True,4,True,1,False,0,True,8,True,2,True,1,False,0,True,3,True,2,True,1,False,0,True,3,True,2,True,1,False,0,True,3,True,2,True,1,False,0,True,2,True,2,True,1,False,0,True,2,True,2,True,1,False,0,True,2,True,2,True,1,False,0,True,2,True,2,True,1,False,0,True,2,True,2,False,0,False,0,True,2,True,2,False,0,False,0,3.096905969141592,0.7198326032001815,1.6473813064875549,0.6304735007265229,0.505587697235047,0.505587697235047,0.02433358650252615,0.02433358650252615
23.0,0.9746948496576362,0.5638656462585034,True,4,False,2,False,2,False,1,True,5,False,1,False,0,False,0,True,4,False,0,False,0,False,0,True,3,False,0,False,0,False,0,False,1,False,0,False,0,False,0,False,1,False,0,False,0,False,0,False,1,False,0,False,0,False,0,False,1,False,0,False,0,False,0,False,0,False,0,False,0,False,0,False,0,False,0,False,0,False,0,False,0,False,0,False,0,False,0,0.4578793698934617,0.2826379334333019,0.1568336242550512,0.00528981318954066,0.14479610761856596,0.004688139076305197,0.10936609249224864,0.0015961447584149106
341.0,0.9998511461744567,0.9194510669234085,True,4,True,3,True,1,True,1,True,3,True,3,True,1,False,0,True,3,True,2,True,1,False,0,True,2,True,2,False,0,False,0,True,2,True,2,False,0,False,0,True,2,True,2,False,0,False,0,True,2,True,2,False,0,False,0,True,2,True,2,False,0,False,0,True,2,True,1,False,0,False,0,True,2,True,1,False,0,False,0,True,2,False,0,False,0,False,0,0.7664975520725883,0.7664975520725883,0.5642589880030476,0.5642589880030476,0.24650474502445605,0.24650474502445605,0.13985735477138977,0.13985735477138977
63.0,0.9994045846978268,1.1813798029662723,True,9,True,3,True,2,False,1,True,5,True,3,True,2,False,0,True,5,True,3,False,0,False,0,True,5,True,2,False,0,False,0,True,4,True,1,False,0,False,0,True,3,True,1,False,0,False,0,True,2,True,1,False,0,False,0,True,2,False,0,False,0,False,0,True,2,False,0,False,0,False,0,True,2,False,0,False,0,False,0,True,2,False,0,False,0,False,0,0.7909203963841359,0.7909203963841359,0.41089419187468174,0.41089419187468174,0.1655390853952733,0.15337030939166013,0.14930384112362288,0.08397064729191336
70.0,0.9998511461744567,2.732865721023519,True,12,True,4,True,4,True,2,True,12,True,4,True,4,True,2,True,14,True,4,True,3,True,1,True,13,True,3,True,3,False,0,True,12,True,3,True,3,False,0,True,11,True,3,True,2,False,0,True,11,True,3,True,2,False,0,True,10,True,3,True,2,False,0,True,10,True,3,True,2,False,0,True,10,True,2,True,2,False,0,True,11,True,1,True,1,False,0,1.5025721640122514,0.8784330934240234,0.858460527657985,0.858460527657985,0.6105566408607938,0.6105566408607938,0.23137849546386707,0.23137849546386707
358.0,0.9998511461744567,0.7106397085710473,True,12,True,2,False,0,False,0,True,8,False,1,False,0,False,0,True,6,False,0,False,0,False,0,True,5,False,0,False,0,False,0,False,1,False,0,False,0,False,0,False,1,False,0,False,0,False,0,False,1,False,0,False,0,False,0,False,0,False,0,False,0,False,0,False,0,False,0,False,0,False,0,False,0,False,0,False,0,False,0,False,0,False,0,False,0,False,0,0.4199068315370684,0.28220639576337503,0.1642129160467365,0.10594713245409818,0.05633199452724238,0.007685237877174984,0.04242827027372908,0.007685237877174984
264.0,0.9998511461744567,0.6740627727894656,True,6,True,3,False,0,False,0,True,4,True,3,False,0,False,0,True,3,True,2,False,0,False,0,True,3,True,1,False,0,False,0,True,2,True,1,False,0,False,0,True,2,False,0,False,0,False,0,True,2,False,0,False,0,False,0,True,2,False,0,False,0,False,0,True,2,False,0,False,0,False,0,False,0,False,0,False,0,False,0,False,0,False,0,False,0,False,0,0.5141397715195881,0.5141397715195881,0.3285568039584407,0.3285568039584407,0.09982995087270523,0.09982995087270523,0.002027724882137496,0.000603587177263594
332.0,0.9998511461744567,0.9868472990795755,True,12,True,4,False,0,False,0,True,11,True,3,False,0,False,0,True,9,True,1,False,0,False,0,True,8,True,1,False,0,False,0,True,6,False,0,False,0,False,0,True,6,False,0,False,0,False,0,True,4,False,0,False,0,False,0,True,4,False,0,False,0,False,0,True,4,False,0,False,0,False,0,True,2,False,0,False,0,False,0,True,2,False,0,False,0,False,0,0.9363723957273348,0.9363723957273348,0.26029977146242755,0.26029977146242755,0.040616310242354396,0.040616310242354396,0.031520689247166965,0.01239234696457688
157.0,0.9997022923489134,2.577311612028813,True,11,True,3,True,2,True,1,True,13,True,3,True,1,False,0,True,12,True,2,True,1,False,0,True,10,True,2,True,1,False,0,True,10,True,2,True,1,False,0,True,8,True,1,True,1,False,0,True,8,True,1,True,1,False,0,True,8,True,1,True,1,False,0,True,7,True,1,True,1,False,0,True,6,True,1,True,1,False,0,True,6,True,1,True,1,False,0,1.8215365303289162,1.8215365303289162,0.8684807519211841,0.8073606490570606,0.777179657818972,0.777179657818972,0.10478861960984183,0.10478861960984183
524.0,0.9668055969038404,0.44919538542790993,True,7,True,2,False,1,False,0,True,9,False,0,False,0,False,0,True,1,False,0,False,0,False,0,False,0,False,0,False,0,False,0,False,0,False,0,False,0,False,0,False,0,False,0,False,0,False,0,False,0,False,0,False,0,False,0,False,0,False,0,False,0,False,0,False,0,False,0,False,0,False,0,False,0,False,0,False,0,False,0,False,0,False,0,False,0,False,0,0.21844846040558422,0.21844846040558422,0.12515009430774782,0.10909368436957924,0.12515009430774782,0.03425940239036928,0.01597386889762165,0.01597386889762165
442.0,0.9998511461744567,0.9678028396537065,True,11,False,0,False,0,False,0,True,10,False,0,False,0,False,0,True,8,False,0,False,0,False,0,True,6,False,0,False,0,False,0,True,5,False,0,False,0,False,0,True,2,False,0,False,0,False,0,True,2,False,0,False,0,False,0,True,2,False,0,False,0,False,0,True,2,False,0,False,0,False,0,True,2,False,0,False,0,False,0,True,2,False,0,False,0,False,0,0.6692708561086573,0.6617423696453313,0.07599129928451925,0.031109414866346073,0.03304439271149863,0.0007258122085989641,0.027760239210909997,0.0007258122085989641
269.0,0.997171777314677,2.1036973045628424,True,11,True,7,True,2,False,0,True,9,True,7,True,2,False,0,True,8,True,5,True,2,False,0,True,7,True,4,True,1,False,0,True,7,True,2,False,0,False,0,True,6,True,1,False,0,False,0,True,5,True,1,False,0,False,0,True,4,True,1,False,0,False,0,True,4,True,1,False,0,False,0,True,4,True,1,False,0,False,0,True,2,True,1,False,0,False,0,2.0051241872153382,2.0051241872153382,0.6964269305799764,0.6964269305799764,0.2852031900239092,0.2852031900239092,0.07843814761414455,0.06378075907088032
133.0,0.9977671926168502,0.967545072569597,True,10,True,3,False,0,False,0,True,10,True,2,False,0,False,0,True,6,True,2,False,0,False,0,True,5,True,2,False,0,False,0,True,4,True,1,False,0,False,0,True,4,False,0,False,0,False,0,True,2,False,0,False,0,False,0,True,2,False,0,False,0,False,0,True,2,False,0,False,0,False,0,True,2,False,0,False,0,False,0,True,2,False,0,False,0,False,0,0.9085860610435331,0.9085860610435331,0.3014670196088171,0.3014670196088171,0.07253959735249661,0.009262856119223534,0.018380491074570123,0.0022097795427987866
460.0,0.9998511461744567,0.7265774771548617,True,7,True,2,True,1,False,0,True,4,True,2,True,1,False,0,True,4,True,2,True,1,False,0,True,2,True,1,True,1,False,0,True,3,True,1,False,0,False,0,True,3,True,1,False,0,False,0,True,2,False,0,False,0,False,0,True,1,False,0,False,0,False,0,True,1,False,0,False,0,False,0,False,0,False,0,False,0,False,0,False,0,False,0,False,0,False,0,0.5351237424727904,0.5351237424727904,0.369552555832833,0.369552555832833,0.2800723359436118,0.2800723359436118,0.02396880718114774,0.02396880718114774
143.0,0.9998511461744567,1.3209307569484812,True,8,True,5,True,2,False,0,True,6,True,4,True,2,False,0,True,4,True,3,True,1,False,0,True,5,True,2,False,0,False,0,True,3,True,2,False,0,False,0,True,3,True,2,False,0,False,0,True,2,True,1,False,0,False,0,True,2,True,1,False,0,False,0,True,2,True,1,False,0,False,0,True,2,True,1,False,0,False,0,True,2,True,1,False,0,False,0,0.8825804527793276,0.8825804527793276,0.6613264518665577,0.6613264518665577,0.20731620355708977,0.20731620355708977,0.0386315973115769,0.02986746503753867
541.0,0.9991068770467401,2.098256538689383,True,10,True,5,True,3,True,2,True,10,True,4,True,3,True,2,True,8,True,3,True,3,True,1,True,5,True,3,True,3,True,1,True,5,True,2,True,1,True,1,True,5,True,1,False,0,False,0,True,5,True,1,False,0,False,0,True,4,False,0,False,0,False,0,True,4,False,0,False,0,False,0,True,3,False,0,False,0,False,0,True,3,False,0,False,0,False,0,1.6915436443740206,1.6915436443740206,0.4302653663616841,0.4302653663616841,0.31352242007909464,0.31352242007909464,0.31352242007909464,0.31352242007909464
84.0,0.9935992855016373,3.394396889479502,True,12,True,5,True,4,False,2,True,12,True,5,True,4,False,1,True,13,True,5,True,4,False,1,True,13,True,5,True,4,False,1,True,13,True,5,True,3,False,0,True,13,True,5,True,3,False,0,True,12,True,5,True,3,False,0,True,12,True,5,True,3,False,0,True,12,True,5,True,3,False,0,True,12,True,5,True,3,False,0,True,12,True,5,True,3,False,0,3.2212385590606023,2.715524711239282,0.997818999747258,0.997818999747258,0.9782741078723592,0.9313397013090123,0.2824666627375913,0.017470182441032718
290.0,0.9998511461744567,0.978362429916395,True,10,True,6,False,1,False,0,True,10,True,5,False,0,False,0,True,8,False,2,False,0,False,0,True,8,False,0,False,0,False,0,True,4,False,0,False,0,False,0,True,4,False,0,False,0,False,0,True,4,False,0,False,0,False,0,True,2,False,0,False,0,False,0,True,2,False,0,False,0,False,0,True,2,False,0,False,0,False,0,True,2,False,0,False,0,False,0,0.9128974358661335,0.9128974358661335,0.23476596935620855,0.18454674814034946,0.13763935137050543,0.0011703783542035874,0.001840068967388596,0.0011703783542035874
451.0,0.9998511461744567,3.048998077200531,True,10,True,2,False,0,False,0,True,10,True,2,False,0,False,0,True,9,True,2,False,0,False,0,True,7,False,1,False,0,False,0,True,4,False,0,False,0,False,0,True,3,False,0,False,0,False,0,True,2,False,0,False,0,False,0,True,2,False,0,False,0,False,0,True,2,False,0,False,0,False,0,True,2,False,0,False,0,False,0,True,2,False,0,False,0,False,0,2.310982417884145,2.310982417884145,0.2534098650155118,0.20389437161944082,0.09833450774540167,0.09833450774540167,0.004078451861106125,0.004078451861106125
482.0,0.9998511461744567,0.7741984111262239,True,10,True,1,False,0,False,0,True,6,True,1,False,0,False,0,True,5,True,1,False,0,False,0,True,5,True,1,False,0,False,0,True,3,False,0,False,0,False,0,True,3,False,0,False,0,False,0,True,3,False,0,False,0,False,0,True,3,False,0,False,0,False,0,False,0,False,0,False,0,False,0,False,0,False,0,False,0,False,0,False,0,False,0,False,0,False,0,0.4880079461393565,0.4880079461393565,0.28610332419585005,0.28610332419585005,0.04352663750247069,0.0389040158450126,0.04352663750247069,0.0024167202482238267
456.0,0.9998511461744567,0.9729159472943829,True,9,True,4,False,1,False,0,True,8,True,4,False,0,False,0,True,7,True,3,False,0,False,0,True,6,True,1,False,0,False,0,True,5,False,0,False,0,False,0,True,4,False,0,False,0,False,0,True,3,False,0,False,0,False,0,True,2,False,0,False,0,False,0,True,2,False,0,False,0,False,0,True,2,False,0,False,0,False,0,True,2,False,0,False,0,False,0,0.7813195319339813,0.7813195319339813,0.2599688029639064,0.2599688029639064,0.10061779876628187,0.0035475621992696912,0.006171608683093776,0.0006026467355658636
320.0,0.9998511461744567,0.5766140034764278,True,8,True,2,False,0,False,0,True,3,True,1,False,0,False,0,True,2,True,1,False,0,False,0,True,2,True,1,False,0,False,0,True,2,False,0,False,0,False,0,True,1,False,0,False,0,False,0,True,1,False,0,False,0,False,0,False,0,False,0,False,0,False,0,False,0,False,0,False,0,False,0,False,0,False,0,False,0,False,0,False,0,False,0,False,0,False,0,0.4488076502205607,0.4488076502205607,0.27908091706566046,0.27908091706566046,0.05037838855318368,0.0011346119034655374,0.0343632176153927,0.0011346119034655374
72.0,0.9998511461744567,3.3835957458069696,True,8,True,5,True,4,True,3,True,8,True,6,False,3,False,2,True,6,True,4,False,3,False,2,True,6,False,3,False,3,False,2,True,7,False,3,False,3,False,1,True,6,False,3,False,3,False,1,True,6,False,3,False,3,False,1,True,5,False,3,False,3,False,1,True,6,False,3,False,3,False,0,True,6,False,3,False,3,False,0,False,5,False,3,False,2,False,0,3.2044034397320007,0.5587887669512118,0.9687489717910548,0.20891878403029926,0.9506401446001358,0.14018830977801783,0.4787817716058,0.14018830977801783
527.0,0.9815421256326288,0.5584795410217144,True,8,True,2,False,0,False,0,True,4,True,1,False,0,False,0,True,3,True,1,False,0,False,0,True,1,True,1,False,0,False,0,True,1,False,0,False,0,False,0,True,1,False,0,False,0,False,0,True,1,False,0,False,0,False,0,False,0,False,0,False,0,False,0,False,0,False,0,False,0,False,0,False,0,False,0,False,0,False,0,False,0,False,0,False,0,False,0,0.4186675107476498,0.4186675107476498,0.2943190131357291,0.2943190131357291,0.02563307719175685,0.013663009379797173,0.006451496417074531,0.0021128817815068758
394.0,0.9994045846978268,0.7957749724156149,True,8,True,4,False,1,False,1,True,5,True,3,False,1,False,0,True,4,True,2,False,0,False,0,True,4,True,1,False,0,False,0,True,4,False,0,False,0,False,0,True,3,False,0,False,0,False,0,True,3,False,0,False,0,False,0,True,2,False,0,False,0,False,0,True,2,False,0,False,0,False,0,True,1,False,0,False,0,False,0,False,0,False,0,False,0,False,0,0.5916865279196469,0.5916865279196469,0.26775713205084883,0.26775713205084883,0.174392836938938,0.02323709339387359,0.13696742610600082,0.008374563599232457
168.0,0.9998511461744567,0.537533864839157,True,9,True,2,False,0,False,0,True,6,True,1,False,0,False,0,True,4,True,1,False,0,False,0,True,2,False,0,False,0,False,0,True,2,False,0,False,0,False,0,True,1,False,0,False,0,False,0,True,1,False,0,False,0,False,0,False,0,False,0,False,0,False,0,False,0,False,0,False,0,False,0,False,0,False,0,False,0,False,0,False,0,False,0,False,0,False,0,0.44721759640818726,0.44721759640818726,0.23723440069446813,0.23723440069446813,0.08227506378918358,0.08227506378918358,0.012563030673869527,0.004164046115202998
469.0,0.9998511461744567,0.9527361385400439,True,8,True,4,True,2,False,1,True,6,True,3,True,2,False,0,True,5,True,2,True,1,False,0,True,3,True,2,True,1,False,0,True,3,True,2,True,1,False,0,True,3,True,1,False,0,False,0,True,2,True,1,False,0,False,0,True,2,True,1,False,0,False,0,True,2,True,1,False,0,False,0,True,2,True,1,False,0,False,0,True,2,False,0,False,0,False,0,0.6822216375103339,0.6822216375103339,0.5944837895849933,0.5944837895849933,0.31454932225944515,0.31454932225944515,0.13645043541872448,0.02731693212969052
413.0,0.9998511461744567,0.42839441844719633,True,3,True,3,False,1,False,0,True,4,True,2,False,0,False,0,True,2,True,2,False,0,False,0,True,1,False,0,False,0,False,0,True,1,False,0,False,0,False,0,False,0,False,0,False,0,False,0,False,0,False,0,False,0,False,0,False,0,False,0,False,0,False,0,False,0,False,0,False,0,False,0,False,0,False,0,False,0,False,0,False,0,False,0,False,0,False,0,0.33376024718540587,0.33376024718540587,0.2350415283337976,0.2091425453391354,0.1062951573511324,0.06405170903879386,0.06405170903879386,0.06405170903879386
55.0,0.9998511461744567,2.6771493020760926,True,10,True,5,True,3,True,1,True,7,True,4,True,3,True,1,True,7,True,4,True,2,False,0,True,8,True,1,True,1,False,0,True,7,True,1,True,1,False,0,True,6,True,1,True,1,False,0,True,4,True,1,True,1,False,0,True,4,True,1,True,1,False,0,True,3,True,1,True,1,False,0,True,2,True,1,True,1,False,0,True,2,True,1,True,1,False,0,1.6581762767845687,1.6581762767845687,0.7556112035480623,0.7556112035480623,0.6523757412440682,0.6523757412440682,0.1585681856140127,0.1585681856140127
155.0,0.9994045846978268,1.411092744746855,True,11,True,1,False,0,False,0,True,9,True,1,False,0,False,0,True,8,True,1,False,0,False,0,True,5,True,1,False,0,False,0,True,3,True,1,False,0,False,0,True,2,True,1,False,0,False,0,True,2,True,1,False,0,False,0,True,1,True,1,False,0,False,0,True,1,True,1,False,0,False,0,True,1,True,1,False,0,False,0,True,1,True,1,False,0,False,0,0.6870556207969711,0.6870556207969711,0.6024938465926313,0.6024938465926313,0.02910157745260733,0.02910157745260733,0.021564229920632175,0.005863301841094478
336.0,0.9986603155701101,0.9173171201172197,True,12,True,4,False,0,False,0,True,8,False,2,False,0,False,0,True,7,False,2,False,0,False,0,True,5,False,0,False,0,False,0,True,4,False,0,False,0,False,0,True,3,False,0,False,0,False,0,True,3,False,0,False,0,False,0,True,3,False,0,False,0,False,0,True,3,False,0,False,0,False,0,True,2,False,0,False,0,False,0,True,2,False,0,False,0,False,0,0.7423611755073856,0.7405343933666307,0.21502814062614126,0.1342272778457309,0.07201092720276647,0.07201092720276647,0.028569683403079842,0.0016263196740151735
178.0,0.9998511461744567,0.4488982974290314,True,5,True,3,False,0,False,0,True,3,True,2,False,0,False,0,True,2,False,0,False,0,False,0,True,1,False,0,False,0,False,0,True,1,False,0,False,0,False,0,True,1,False,0,False,0,False,0,False,0,False,0,False,0,False,0,False,0,False,0,False,0,False,0,False,0,False,0,False,0,False,0,False,0,False,0,False,0,False,0,False,0,False,0,False,0,False,0,0.37471375955208996,0.37471375955208996,0.1796113348240766,0.1796113348240766,0.09099615786002642,0.09099615786002642,0.005552690823997102,0.005552690823997102
197.0,0.9998511461744567,0.7347232786123694,True,10,True,3,True,1,False,0,True,7,True,1,False,0,False,0,True,3,False,0,False,0,False,0,True,3,False,0,False,0,False,0,True,3,False,0,False,0,False,0,True,2,False,0,False,0,False,0,True,2,False,0,False,0,False,0,True,2,False,0,False,0,False,0,True,1,False,0,False,0,False,0,True,1,False,0,False,0,False,0,False,0,False,0,False,0,False,0,0.5871665798053638,0.5871665798053638,0.19639083559372292,0.19639083559372292,0.14605275054316874,0.14605275054316874,0.010689719007163525,0.002368710260500125
19.0,0.9998511461744567,1.378215313779673,True,10,True,4,False,0,False,0,True,8,True,3,False,0,False,0,True,6,True,2,False,0,False,0,True,6,True,2,False,0,False,0,True,3,True,2,False,0,False,0,True,3,True,2,False,0,False,0,True,3,True,2,False,0,False,0,True,2,True,1,False,0,False,0,True,2,True,1,False,0,False,0,True,2,True,1,False,0,False,0,True,2,True,1,False,0,False,0,0.977131990296197,0.977131990296197,0.6523350176955292,0.6523350176955292,0.07725009538277176,0.015060236340515667,0.01052113990637225,0.01052113990637225
530.0,0.9904733551652277,0.9640806772424099,True,6,True,3,False,0,False,0,True,4,True,2,False,0,False,0,True,3,True,2,False,0,False,0,True,3,False,0,False,0,False,0,True,2,False,0,False,0,False,0,True,2,False,0,False,0,False,0,True,2,False,0,False,0,False,0,False,1,False,0,False,0,False,0,False,1,False,0,False,0,False,0,False,1,False,0,False,0,False,0,False,1,False,0,False,0,False,0,0.6720349526005586,0.42102143847980816,0.2468602901939964,0.2468602901939964,0.08625981772619523,0.08625981772619523,0.013933103344375551,0.013933103344375551
375.0,0.9998511461744567,0.9736977504493524,True,7,True,4,True,2,False,1,True,6,True,3,True,2,False,1,True,4,True,3,True,2,False,1,True,3,True,3,True,2,False,1,True,3,True,3,False,1,False,1,True,3,True,3,False,1,False,0,True,3,True,3,False,1,False,0,True,3,True,3,False,1,False,0,True,3,True,3,False,1,False,0,True,3,True,3,False,1,False,0,True,4,False,1,False,0,False,0,0.915547303299983,0.915547303299983,0.7191390797560913,0.59577221665015,0.555896621429604,0.26842499990265395,0.318851038798528,0.0036434258657257693
538.0,0.9998511461744567,1.6078062707629097,True,9,False,2,False,1,False,0,True,7,False,1,False,1,False,0,True,6,False,1,False,1,False,0,True,5,False,1,False,1,False,0,True,5,False,1,False,1,False,0,True,4,False,1,False,1,False,0,True,3,False,1,False,1,False,0,True,3,False,0,False,0,False,0,True,1,False,0,False,0,False,0,True,1,False,0,False,0,False,0,False,0,False,0,False,0,False,0,0.5758090753681179,0.5758090753681179,0.4387084332685169,0.041225647615396245,0.42370963140920165,0.004180518238083781,0.061940032001153084,0.0016786530055762302
37.0,0.47275974992557307,1.000870856556175,True,7,True,3,False,2,False,2,True,6,True,3,False,2,False,1,True,5,True,3,False,2,False,1,True,4,False,2,False,2,False,1,True,3,False,2,False,2,False,1,False,2,False,2,False,2,False,1,False,3,False,2,False,2,False,0,False,3,False,2,False,2,False,0,False,3,False,2,False,1,False,0,False,3,False,2,False,1,False,0,False,2,False,2,False,0,False,0,0.8493058651809876,0.3302526912264773,0.7844207060296936,0.22749334104316485,0.5909141574309212,0.023824260136801004,0.3911593126097982,0.021935420139012958
343.0,0.9998511461744567,0.4071008710964941,True,4,False,0,False,0,False,0,True,4,False,0,False,0,False,0,True,1,False,0,False,0,False,0,False,0,False,0,False,0,False,0,False,0,False,0,False,0,False,0,False,0,False,0,False,0,False,0,False,0,False,0,False,0,False,0,False,0,False,0,False,0,False,0,False,0,False,0,False,0,False,0,False,0,False,0,False,0,False,0,False,0,False,0,False,0,False,0,0.22423728550004957,0.22423728550004957,0.07731423420318546,0.07731423420318546,0.040603988930882295,0.03036788134289652,0.009481212377013557,0.007084945550092605
448.0,0.9998511461744567,0.6911629331944326,True,10,True,3,False,1,False,0,True,8,True,2,False,0,False,0,True,6,True,1,False,0,False,0,True,5,True,1,False,0,False,0,True,5,False,0,False,0,False,0,True,3,False,0,False,0,False,0,True,1,False,0,False,0,False,0,True,1,False,0,False,0,False,0,False,0,False,0,False,0,False,0,False,0,False,0,False,0,False,0,False,0,False,0,False,0,False,0,0.4614888516496719,0.4614888516496719,0.25994544095937433,0.25994544095937433,0.1188316317867468,0.09583723102957746,0.09452661048218464,0.0025337822457143877
507.0,0.9995534385233701,1.7477217611770868,True,10,True,4,False,2,False,1,True,10,True,3,False,1,False,0,True,7,True,3,False,1,False,0,True,7,False,2,False,1,False,0,True,5,False,2,False,1,False,0,True,5,False,0,False,0,False,0,False,4,False,0,False,0,False,0,False,2,False,0,False,0,False,0,False,2,False,0,False,0,False,0,False,2,False,0,False,0,False,0,False,2,False,0,False,0,False,0,0.8612585394563617,0.38046793127251033,0.3352786611908228,0.20198046104398712,0.3280875854853392,0.007822325505058628,0.10518887712288778,0.007822325505058628
388.0,0.9998511461744567,0.896524064070723,True,12,True,5,False,1,False,0,True,9,True,4,False,1,False,0,True,8,True,3,False,0,False,0,True,6,True,1,False,0,False,0,True,5,True,1,False,0,False,0,True,3,True,1,False,0,False,0,True,2,True,1,False,0,False,0,True,2,True,1,False,0,False,0,True,2,False,0,False,0,False,0,True,2,False,0,False,0,False,0,True,2,False,0,False,0,False,0,0.6832056834880834,0.6832056834880834,0.4541269822262901,0.4541269822262901,0.1736479136040185,0.0056084743374528075,0.00937035382225389,0.0056084743374528075
408.0,0.9998511461744567,2.1418156653523086,True,10,True,5,False,2,False,0,True,10,True,3,False,2,False,0,True,8,True,3,False,2,False,0,True,8,True,3,False,0,False,0,True,8,True,3,False,0,False,0,True,4,True,3,False,0,False,0,True,4,True,3,False,0,False,0,True,4,False,2,False,0,False,0,True,4,False,2,False,0,False,0,True,3,False,2,False,0,False,0,True,3,False,2,False,0,False,0,1.072480107084326,0.6834892151895129,0.8923169808200082,0.43781420224769496,0.24322181011609403,0.07072221496765405,0.009304040716914217,0.0011386297324325998
111.0,0.7472462042274487,1.943685358732689,True,10,True,3,False,2,False,1,True,11,True,3,False,2,False,0,True,11,True,3,False,2,False,0,True,9,True,3,False,2,False,0,True,7,False,2,False,1,False,0,True,7,False,0,False,0,False,0,True,7,False,0,False,0,False,0,False,4,False,0,False,0,False,0,False,1,False,0,False,0,False,0,False,1,False,0,False,0,False,0,False,1,False,0,False,0,False,0,0.9179035854232321,0.4235600935512927,0.3105459135298831,0.2648359081162062,0.3105459135298831,0.057777198935315015,0.12634729129518812,0.008152507476218077
5.0,0.9994045846978268,1.3403927539896505,True,11,True,6,True,4,True,1,True,10,True,6,True,3,True,1,True,9,True,5,True,3,True,1,True,9,True,4,True,2,True,1,True,9,True,2,True,1,True,1,True,8,True,1,True,1,True,1,True,7,True,1,True,1,True,1,True,7,True,1,True,1,True,1,True,6,True,1,True,1,True,1,True,5,True,1,True,1,True,1,True,4,True,1,True,1,True,1,0.9529971277913728,0.9042685005827382,0.939277802872658,0.9042685005827382,0.8290799523555566,0.8290799523555566,0.6657163361682512,0.6657163361682512
145.0,0.9998511461744567,0.7686525519679018,True,10,True,3,False,0,False,0,True,8,False,0,False,0,False,0,True,6,False,0,False,0,False,0,True,4,False,0,False,0,False,0,True,3,False,0,False,0,False,0,True,3,False,0,False,0,False,0,True,3,False,0,False,0,False,0,True,2,False,0,False,0,False,0,True,2,False,0,False,0,False,0,False,1,False,0,False,0,False,0,False,0,False,0,False,0,False,0,0.5842227457414159,0.5169883562932611,0.14202970593851788,0.14202970593851788,0.0530359478175048,0.0013858802835643393,0.0035214445806743245,0.0013858802835643393
45.0,0.9998511461744567,1.9385877938263125,True,10,True,3,True,3,False,2,True,10,True,3,True,2,False,1,True,8,True,3,False,1,False,1,True,9,True,3,False,0,False,0,True,8,True,3,False,0,False,0,True,8,True,2,False,0,False,0,True,7,True,2,False,0,False,0,True,6,True,2,False,0,False,0,True,6,False,0,False,0,False,0,True,5,False,0,False,0,False,0,True,5,False,0,False,0,False,0,1.5690755624520147,1.1965846783607688,0.4752327722576223,0.4509841291522994,0.2356790518713895,0.15641607419447698,0.2356790518713895,0.08493179373272128
52.0,0.9998511461744567,0.6274277578866978,True,5,True,2,False,1,False,0,True,5,False,0,False,0,False,0,True,3,False,0,False,0,False,0,True,2,False,0,False,0,False,0,True,2,False,0,False,0,False,0,False,0,False,0,False,0,False,0,False,0,False,0,False,0,False,0,False,0,False,0,False,0,False,0,False,0,False,0,False,0,False,0,False,0,False,0,False,0,False,0,False,0,False,0,False,0,False,0,0.3446176324967793,0.3393974685015272,0.12758788818125882,0.1177776864198362,0.12758788818125882,0.025714087475903674,0.025714087475903674,0.025714087475903674
547.0,0.9998511461744567,0.8298594703519909,True,7,True,4,False,1,False,0,True,3,True,2,False,1,False,0,True,3,True,1,False,0,False,0,True,3,True,1,False,0,False,0,True,1,False,0,False,0,False,0,True,1,False,0,False,0,False,0,True,1,False,0,False,0,False,0,True,1,False,0,False,0,False,0,True,1,False,0,False,0,False,0,True,1,False,0,False,0,False,0,True,1,False,0,False,0,False,0,0.8038129361406171,0.8038129361406171,0.26307295551190646,0.26307295551190646,0.18550179948871845,0.001139096673806731,0.049236259656925345,0.001139096673806731
405.0,0.9998511461744567,0.8446232989330428,True,8,False,1,False,0,False,0,True,4,False,1,False,0,False,0,True,4,False,1,False,0,False,0,True,2,False,1,False,0,False,0,True,2,False,0,False,0,False,0,True,2,False,0,False,0,False,0,False,1,False,0,False,0,False,0,False,0,False,0,False,0,False,0,False,0,False,0,False,0,False,0,False,0,False,0,False,0,False,0,False,0,False,0,False,0,False,0,0.4102649639036192,0.3824978143737252,0.27634502516908355,0.04310673828540628,0.07898057025526514,0.0011020857296298774,0.02702968963160538,0.0011020857296298774
409.0,0.9998511461744567,0.6143428232556423,True,7,True,4,False,0,False,0,True,7,True,4,False,0,False,0,True,5,True,1,False,0,False,0,True,4,False,0,False,0,False,0,True,3,False,0,False,0,False,0,True,2,False,0,False,0,False,0,True,2,False,0,False,0,False,0,False,0,False,0,False,0,False,0,False,0,False,0,False,0,False,0,False,0,False,0,False,0,False,0,False,0,False,0,False,0,False,0,0.44378437927376335,0.42245921574280093,0.22148138008438878,0.22148138008438878,0.016465617973197382,0.013622154669277022,0.007123941669634534,0.0025862851577373768
26.0,0.9998511461744567,2.735033916427574,True,11,True,4,False,2,False,2,True,10,True,3,False,2,False,2,True,10,True,3,False,2,False,2,True,8,True,3,False,2,False,2,True,6,True,3,False,2,False,2,True,6,True,3,False,2,False,2,True,6,True,3,False,2,False,2,True,6,True,3,False,2,False,1,True,6,True,3,False,2,False,1,True,6,True,3,False,2,False,1,True,7,False,2,False,1,False,0,2.661148175102698,0.8915291190078545,0.7275361679901241,0.5759907177936121,0.6628090537470132,0.033844698891491144,0.5922522311440119,0.033844698891491144
169.0,0.9997022923489134,3.3428746914899006,True,10,True,5,True,4,True,2,True,10,True,3,True,3,True,1,True,9,True,3,True,3,True,1,True,9,True,3,True,3,True,1,True,9,True,2,True,2,True,1,True,8,True,2,True,2,True,1,True,7,True,2,True,2,True,1,True,7,True,2,True,1,True,1,True,7,True,2,True,1,True,1,True,7,True,1,True,1,True,1,True,6,True,1,False,0,False,0,2.83137525661255,2.302089760362994,0.609904058711366,0.609904058711366,0.5565204021355705,0.5565204021355705,0.5541040553664887,0.5541040553664887
504.0,0.9840726406668652,0.9290130256339089,True,11,True,3,False,0,False,0,True,9,True,1,False,0,False,0,True,8,False,0,False,0,False,0,True,6,False,0,False,0,False,0,True,4,False,0,False,0,False,0,True,3,False,0,False,0,False,0,True,3,False,0,False,0,False,0,True,3,False,0,False,0,False,0,False,1,False,0,False,0,False,0,False,1,False,0,False,0,False,0,False,1,False,0,False,0,False,0,0.6175220978491075,0.4770947074127171,0.1603084690453551,0.1603084690453551,0.04963291305586617,0.008072029008193553,0.04963291305586617,0.004893331385657141
220.0,0.4051801131289074,2.8701300596005193,True,13,False,2,False,2,False,0,True,11,False,2,False,2,False,0,True,10,False,2,False,1,False,0,False,8,False,2,False,1,False,0,False,5,False,2,False,0,False,0,False,3,False,1,False,0,False,0,False,3,False,1,False,0,False,0,False,3,False,1,False,0,False,0,False,2,False,1,False,0,False,0,False,1,False,1,False,0,False,0,False,1,False,1,False,0,False,0,2.1156665825862144,0.23039253816661828,1.0593806268492403,0.03193391552868621,0.26113290336900236,0.02112970090960664,0.013850837138508355,0.00989213428380435
533.0,0.9922596010717476,1.347792114677357,True,11,True,6,True,3,False,0,True,11,True,4,True,3,False,0,True,9,True,3,True,2,False,0,True,8,True,3,True,2,False,0,True,7,True,3,True,2,False,0,True,7,True,3,True,2,False,0,True,5,True,3,True,1,False,0,True,4,True,3,True,1,False,0,True,4,True,2,True,1,False,0,True,3,True,2,True,1,False,0,True,3,False,1,False,0,False,0,0.8857393502028293,0.7087609211334011,0.6388979781764681,0.5638058805448293,0.5638058805448293,0.5638058805448293,0.09970161926014418,0.03981170104989062
39.0,0.4456683536766895,3.428571428571429,True,4,True,4,True,3,True,2,True,6,True,5,True,4,False,2,True,6,True,4,True,4,False,2,True,7,True,4,False,3,False,3,True,7,True,4,False,3,False,3,True,7,True,4,False,3,False,3,True,6,True,4,False,3,False,3,True,7,False,3,False,2,False,2,True,6,False,3,False,2,False,2,True,6,False,3,False,2,False,2,True,6,False,3,False,2,False,2,3.428571428571428,1.3732950276131277,1.081291299953199,0.4482946789869727,1.0,0.21975303395646856,1.0,0.12335242854697784
9.0,0.8761536171479607,1.0,True,10,True,4,True,2,True,1,True,11,True,3,True,1,True,1,True,8,True,3,True,1,True,1,True,7,True,2,True,1,True,1,True,6,True,2,True,1,True,1,True,4,True,1,True,1,True,1,True,3,True,1,True,1,True,1,True,3,True,1,True,1,False,0,True,3,True,1,True,1,False,0,True,2,True,1,True,1,False,0,True,2,True,1,True,1,False,0,1.0,1.0,1.0,1.0,1.0,1.0,0.40113825475109555,0.40113825475109555
363.0,0.9998511461744567,0.7121019840759815,True,8,True,3,True,1,False,0,True,6,True,3,False,0,False,0,True,4,True,2,False,0,False,0,True,4,True,2,False,0,False,0,True,2,True,1,False,0,False,0,True,2,True,1,False,0,False,0,True,1,False,0,False,0,False,0,True,1,False,0,False,0,False,0,True,1,False,0,False,0,False,0,True,1,False,0,False,0,False,0,True,1,False,0,False,0,False,0,0.6198391255064031,0.6198391255064031,0.39590559732628067,0.39590559732628067,0.12765581422564445,0.12765581422564445,0.04065124639624268,0.0026923371287753315
266.0,0.9998511461744567,0.8762993636893264,True,11,True,3,False,0,False,0,True,10,True,2,False,0,False,0,True,9,True,1,False,0,False,0,True,5,True,1,False,0,False,0,True,4,False,0,False,0,False,0,True,4,False,0,False,0,False,0,True,3,False,0,False,0,False,0,True,2,False,0,False,0,False,0,True,2,False,0,False,0,False,0,True,2,False,0,False,0,False,0,True,2,False,0,False,0,False,0,0.7131625310417863,0.7131625310417863,0.259612732054342,0.259612732054342,0.05847769895472973,0.05847769895472973,0.04063584371608822,0.03112906532023375
470.0,0.9998511461744567,0.9698523690262455,True,10,True,5,False,0,False,0,True,9,True,4,False,0,False,0,True,8,True,3,False,0,False,0,True,7,False,1,False,0,False,0,True,6,False,0,False,0,False,0,True,3,False,0,False,0,False,0,True,3,False,0,False,0,False,0,True,2,False,0,False,0,False,0,True,2,False,0,False,0,False,0,True,2,False,0,False,0,False,0,True,2,False,0,False,0,False,0,0.7763638136499947,0.7763638136499947,0.2806010209898105,0.22582083645850803,0.0844630259946417,0.02988997314270997,0.02988997314270997,0.02988997314270997
254.0,0.5506103006847276,3.412774905283329,True,10,True,6,True,5,False,2,True,9,True,6,True,5,False,2,True,9,True,5,False,3,False,1,True,8,True,4,False,1,False,1,True,8,True,3,False,1,False,1,True,8,True,3,False,1,False,1,True,7,True,3,False,1,False,1,True,6,True,3,False,1,False,1,True,4,True,3,False,1,False,1,True,4,True,3,False,1,False,1,True,4,False,2,False,1,False,1,3.2153964166632716,0.8304039727326491,1.8756984386369717,0.562671484313708,0.8211507246684282,0.19349275016559223,0.8004606275851219,0.003938199580848592
287.0,0.9973206311402203,0.6305716929906113,True,5,True,2,False,0,False,0,True,3,True,2,False,0,False,0,True,2,True,2,False,0,False,0,True,2,True,1,False,0,False,0,True,2,False,0,False,0,False,0,True,1,False,0,False,0,False,0,True,1,False,0,False,0,False,0,True,1,False,0,False,0,False,0,True,1,False,0,False,0,False,0,False,0,False,0,False,0,False,0,False,0,False,0,False,0,False,0,0.5470127903050033,0.5470127903050033,0.2696747122593497,0.2696747122593497,0.09213425933937303,0.09213425933937303,0.005193400067000011,0.005193400067000011
189.0,0.9989580232211968,0.9998242307366757,True,8,True,2,True,1,True,1,True,5,True,1,True,1,True,1,True,3,True,1,True,1,True,1,True,2,True,1,True,1,True,1,True,2,True,1,True,1,True,1,True,2,True,1,True,1,True,1,True,2,True,1,True,1,True,1,True,2,True,1,True,1,True,1,True,2,True,1,True,1,True,1,True,1,True,1,True,1,True,1,True,1,True,1,True,1,False,0,0.9694155572538665,0.9694155572538665,0.7921394286238584,0.7921394286238584,0.7785104044426924,0.7785104044426924,0.5549139702746932,0.5549139702746932
33.0,0.9998511461744567,1.85654188016378,True,11,True,5,True,3,False,0,True,11,True,4,True,3,False,0,True,10,True,4,True,3,False,0,True,8,True,4,True,3,False,0,True,7,True,4,True,3,False,0,True,6,True,4,True,3,False,0,True,5,True,4,True,3,False,0,True,5,True,3,True,2,False,0,True,3,True,3,False,1,False,0,True,3,True,3,False,1,False,0,True,3,True,2,False,0,False,0,1.2182776703933993,0.8323926304584119,0.6745481075711153,0.6730510932876254,0.5825877532494359,0.4620481130966539,0.0430670784616592,0.01043621394366057
191.0,0.9998511461744567,0.834620798270243,True,10,True,5,True,1,False,0,True,9,True,5,False,0,False,0,True,8,True,3,False,0,False,0,True,7,False,0,False,0,False,0,True,5,False,0,False,0,False,0,True,2,False,0,False,0,False,0,True,2,False,0,False,0,False,0,True,2,False,0,False,0,False,0,False,1,False,0,False,0,False,0,False,1,False,0,False,0,False,0,False,1,False,0,False,0,False,0,0.6239367544878448,0.48176827933492045,0.24167997601838356,0.20249842819843947,0.13227154980990094,0.13227154980990094,0.05888034921181889,0.004523810044973551
172.0,0.9998511461744567,0.6023568643995828,True,6,True,5,True,1,False,0,True,5,True,4,False,0,False,0,True,4,True,3,False,0,False,0,True,3,True,1,False,0,False,0,True,2,False,0,False,0,False,0,True,1,False,0,False,0,False,0,True,1,False,0,False,0,False,0,True,1,False,0,False,0,False,0,True,1,False,0,False,0,False,0,False,0,False,0,False,0,False,0,False,0,False,0,False,0,False,0,0.5139518639642792,0.5139518639642792,0.2526702089166015,0.2526702089166015,0.11169155345735364,0.11169155345735364,0.0019165232275105625,0.0019165232275105625
27.0,0.9998511461744567,2.2473523491187883,True,11,False,5,False,3,False,2,True,14,False,6,False,2,False,0,True,13,False,6,False,2,False,0,True,10,False,5,False,0,False,0,True,9,False,5,False,0,False,0,True,9,False,5,False,0,False,0,True,8,False,4,False,0,False,0,True,8,False,2,False,0,False,0,True,5,False,1,False,0,False,0,False,4,False,1,False,0,False,0,False,4,False,0,False,0,False,0,1.6577773490151044,0.5375668075572212,0.5816452861399684,0.09087742928698286,0.22848545499957468,0.09087742928698286,0.1401900412412836,0.07333930072067144
161.0,0.9998511461744567,0.9058289061512267,True,6,False,1,False,0,False,0,True,4,False,1,False,0,False,0,True,3,False,1,False,0,False,0,True,3,False,1,False,0,False,0,True,3,False,1,False,0,False,0,True,3,False,0,False,0,False,0,True,2,False,0,False,0,False,0,False,0,False,0,False,0,False,0,False,0,False,0,False,0,False,0,False,0,False,0,False,0,False,0,False,0,False,0,False,0,False,0,0.4426221672991417,0.4184414560666755,0.33886990752699214,0.05505325549935857,0.05086275887570339,0.01205272144177533,0.05086275887570339,0.004289574880801932
242.0,0.9998511461744567,0.620980464928042,True,8,True,3,False,0,False,0,True,5,True,2,False,0,False,0,True,2,True,2,False,0,False,0,True,2,True,2,False,0,False,0,True,2,True,2,False,0,False,0,True,2,False,0,False,0,False,0,True,2,False,0,False,0,False,0,True,2,False,0,False,0,False,0,True,2,False,0,False,0,False,0,False,0,False,0,False,0,False,0,False,0,False,0,False,0,False,0,0.5331532108827751,0.5331532108827751,0.3325952233927925,0.3325952233927925,0.0376406543823048,0.01730393921976888,0.007850094513463553,0.007850094513463553
117.0,0.9998511461744567,2.4408015013154962,True,13,True,4,False,1,False,0,True,12,True,4,False,1,False,0,True,12,True,4,False,1,False,0,True,10,True,2,False,1,False,0,True,8,True,2,False,1,False,0,True,9,False,1,False,1,False,0,True,6,False,1,False,0,False,0,True,5,False,1,False,0,False,0,True,4,False,1,False,0,False,0,True,4,False,1,False,0,False,0,True,4,False,0,False,0,False,0,1.558564388493244,1.558564388493244,0.5505520268297858,0.3311363436575969,0.3853356762453994,0.06478166322553704,0.06478166322553704,0.06478166322553704
6.0,0.9998511461744567,0.5915806959372866,True,7,True,3,False,0,False,0,True,5,True,2,False,0,False,0,True,3,True,1,False,0,False,0,True,3,True,1,False,0,False,0,True,3,False,0,False,0,False,0,True,2,False,0,False,0,False,0,True,1,False,0,False,0,False,0,False,0,False,0,False,0,False,0,False,0,False,0,False,0,False,0,False,0,False,0,False,0,False,0,False,0,False,0,False,0,False,0,0.44755396249859425,0.44755396249859425,0.26605303584400264,0.26605303584400264,0.09380912894823051,0.06330940992139518,0.005464903731494535,0.003442565090262869
38.0,0.9998511461744567,3.311398996424791,True,13,True,7,True,4,False,1,True,13,True,7,True,3,False,1,True,13,True,7,True,3,False,1,True,13,True,6,True,3,False,1,True,13,True,6,True,3,False,1,True,13,True,6,True,2,False,1,True,13,True,6,True,2,False,1,True,12,True,6,True,2,False,1,True,11,True,6,True,2,False,1,True,10,True,6,True,2,False,1,True,9,True,6,True,2,False,1,2.886799815785498,0.9785652367604603,1.2279954302371054,0.9271513753165325,0.9352052203124743,0.9256413623191545,0.6998790959119957,0.037110214257880594
61.0,0.9998511461744567,0.6703781529684525,True,6,True,2,False,0,False,0,True,2,True,1,False,0,False,0,True,1,False,0,False,0,False,0,True,1,False,0,False,0,False,0,True,1,False,0,False,0,False,0,True,1,False,0,False,0,False,0,True,1,False,0,False,0,False,0,True,1,False,0,False,0,False,0,True,1,False,0,False,0,False,0,True,1,False,0,False,0,False,0,False,0,False,0,False,0,False,0,0.5712574288757151,0.5712574288757151,0.16916966310270412,0.16916966310270412,0.040133877253086925,0.00030049427881287264,0.006890365789099797,0.00022040772118853824
386.0,0.9998511461744567,0.5778781382115333,True,4,True,3,False,0,False,0,True,3,True,1,False,0,False,0,True,2,False,0,False,0,False,0,True,2,False,0,False,0,False,0,True,1,False,0,False,0,False,0,True,1,False,0,False,0,False,0,False,0,False,0,False,0,False,0,False,0,False,0,False,0,False,0,False,0,False,0,False,0,False,0,False,0,False,0,False,0,False,0,False,0,False,0,False,0,False,0,0.392198409936917,0.392198409936917,0.16702910079992261,0.16702910079992261,0.09993779094129883,0.09993779094129883,0.006665956161066708,0.006665956161066708
200.0,0.9998511461744567,0.5693341347797365,True,7,True,3,False,0,False,0,True,6,True,2,False,0,False,0,True,4,True,2,False,0,False,0,True,2,True,1,False,0,False,0,True,2,False,0,False,0,False,0,True,1,False,0,False,0,False,0,True,1,False,0,False,0,False,0,True,1,False,0,False,0,False,0,True,1,False,0,False,0,False,0,False,0,False,0,False,0,False,0,False,0,False,0,False,0,False,0,0.5216438062951667,0.5216438062951667,0.27643363832147905,0.27643363832147905,0.04021723991336101,0.009854277792989315,0.01853257767916605,0.0017058412870401118
147.0,0.9998511461744567,1.3025180688616194,True,9,True,4,True,1,False,0,True,7,True,3,True,1,False,0,True,5,True,2,False,0,False,0,True,5,True,2,False,0,False,0,True,4,True,2,False,0,False,0,True,3,True,2,False,0,False,0,True,2,True,2,False,0,False,0,True,2,True,2,False,0,False,0,True,2,True,1,False,0,False,0,True,2,False,0,False,0,False,0,True,2,False,0,False,0,False,0,0.9274701178508661,0.9274701178508661,0.5333881639300444,0.5333881639300444,0.19232853971766994,0.19232853971766994,0.0059205081953880604,0.0059205081953880604
7.0,0.9998511461744567,0.6504896532444677,True,9,True,3,False,0,False,0,True,6,True,1,False,0,False,0,True,4,True,1,False,0,False,0,True,3,True,1,False,0,False,0,True,3,True,1,False,0,False,0,True,2,False,0,False,0,False,0,True,2,False,0,False,0,False,0,False,1,False,0,False,0,False,0,False,0,False,0,False,0,False,0,False,0,False,0,False,0,False,0,False,0,False,0,False,0,False,0,0.46429891472146023,0.4475775964242926,0.3415340646948355,0.3415340646948355,0.08275198806204669,0.056202792695450844,0.019333413664244604,0.0034819043352325744
355.0,0.9998511461744567,0.5722994613872848,True,7,True,2,False,0,False,0,True,4,True,2,False,0,False,0,True,3,True,1,False,0,False,0,True,1,False,0,False,0,False,0,True,1,False,0,False,0,False,0,True,1,False,0,False,0,False,0,True,1,False,0,False,0,False,0,False,0,False,0,False,0,False,0,False,0,False,0,False,0,False,0,False,0,False,0,False,0,False,0,False,0,False,0,False,0,False,0,0.42845746060656187,0.42845746060656187,0.24696779779502914,0.24696779779502914,0.00824735813036284,0.00824735813036284,0.005372022387638232,0.0005694815224315379
389.0,0.9997022923489134,0.9124072038103985,True,13,True,4,False,2,False,0,True,9,True,4,False,1,False,0,True,8,True,2,False,0,False,0,True,8,True,1,False,0,False,0,True,8,True,1,False,0,False,0,True,5,True,1,False,0,False,0,True,3,True,1,False,0,False,0,True,2,True,1,False,0,False,0,True,2,True,1,False,0,False,0,True,2,False,0,False,0,False,0,True,2,False,0,False,0,False,0,0.7518451565636299,0.7518451565636299,0.5193783736894,0.5193783736894,0.16564622145516797,0.013647859581076031,0.017752281313011074,0.013647859581076031
132.0,0.9998511461744567,0.9819118920107741,True,12,True,3,False,0,False,0,True,9,True,3,False,0,False,0,True,6,True,2,False,0,False,0,True,5,True,1,False,0,False,0,True,3,True,1,False,0,False,0,True,2,True,1,False,0,False,0,True,2,True,1,False,0,False,0,True,2,True,1,False,0,False,0,True,2,True,1,False,0,False,0,True,2,True,1,False,0,False,0,True,2,True,1,False,0,False,0,0.8419878434457145,0.8419878434457145,0.6075684082559719,0.6075684082559719,0.04723006421908403,0.04723006421908403,0.0218614948526357,0.009843612696129288
412.0,0.9998511461744567,1.658994327671994,True,8,True,4,False,2,False,1,True,7,True,3,False,2,False,1,True,6,True,3,False,1,False,1,True,6,True,3,False,1,False,1,True,3,True,3,False,1,False,0,True,3,False,2,False,1,False,0,True,3,False,2,False,1,False,0,True,3,False,2,False,0,False,0,True,3,False,1,False,0,False,0,True,3,False,1,False,0,False,0,True,3,False,1,False,0,False,0,1.2009870966014602,0.672919693412964,0.6591273239989017,0.32324730213152597,0.4212487876545978,0.03568278086374108,0.28094509364473225,0.03568278086374108
34.0,0.9998511461744567,3.041226071167717,True,6,True,2,False,1,False,0,True,5,True,2,False,1,False,0,True,4,False,1,False,1,False,0,True,2,False,1,False,1,False,0,False,1,False,1,False,1,False,0,False,1,False,1,False,0,False,0,False,1,False,1,False,0,False,0,False,1,False,1,False,0,False,0,False,1,False,1,False,0,False,0,False,1,False,1,False,0,False,0,False,1,False,1,False,0,False,0,2.3047543384642637,0.2506668336966898,1.0605248993199703,0.19965424914758237,0.30770330836675674,0.09735665795134246,0.023302615490143445,0.013397331160764699
334.0,0.9997022923489134,0.8986822444142821,True,12,True,3,False,0,False,0,True,11,True,1,False,0,False,0,True,7,True,1,False,0,False,0,True,6,True,1,False,0,False,0,True,5,True,1,False,0,False,0,True,3,True,1,False,0,False,0,True,3,True,1,False,0,False,0,True,2,True,1,False,0,False,0,True,2,False,0,False,0,False,0,True,2,False,0,False,0,False,0,True,1,False,0,False,0,False,0,0.8663068224863585,0.8663068224863585,0.47541200578209386,0.47541200578209386,0.046573899140623064,0.0027100623614878124,0.007725950745234747,0.0027100623614878124
243.0,0.9998511461744567,0.8255876849352187,True,11,True,3,False,0,False,0,True,8,False,1,False,0,False,0,True,8,False,0,False,0,False,0,True,6,False,0,False,0,False,0,True,5,False,0,False,0,False,0,True,3,False,0,False,0,False,0,True,3,False,0,False,0,False,0,True,2,False,0,False,0,False,0,True,2,False,0,False,0,False,0,True,2,False,0,False,0,False,0,True,1,False,0,False,0,False,0,0.6035396465852254,0.6035396465852254,0.19501040402984243,0.12134848035727029,0.09842076741225256,0.00623659931145436,0.011980858558926624,0.00045997414933546444
361.0,0.9775230723429592,1.7134528694237614,True,7,True,3,True,2,False,0,True,5,True,3,True,2,False,0,True,5,True,3,True,2,False,0,True,5,True,3,True,1,False,0,True,4,True,3,True,1,False,0,True,4,True,3,True,1,False,0,True,3,True,1,True,1,False,0,True,2,True,1,True,1,False,0,True,2,True,1,False,0,False,0,True,2,True,1,False,0,False,0,True,2,False,0,False,0,False,0,1.017917156972053,1.017917156972053,0.5950413424519891,0.5950413424519891,0.4519304287602781,0.4519304287602781,0.06056229307542877,0.06056229307542877
275.0,0.9998511461744567,0.48809650494447754,True,7,True,4,False,2,False,0,True,3,True,2,False,0,False,0,True,2,True,1,False,0,False,0,True,3,False,0,False,0,False,0,True,3,False,0,False,0,False,0,False,0,False,0,False,0,False,0,False,0,False,0,False,0,False,0,False,0,False,0,False,0,False,0,False,0,False,0,False,0,False,0,False,0,False,0,False,0,False,0,False,0,False,0,False,0,False,0,0.33309125511703364,0.33309125511703364,0.20039586288557978,0.20039586288557978,0.10667952274551684,0.016107458035862096,0.09513188857067637,0.001627906934050535
480.0,0.9998511461744567,1.1272687080402615,True,7,True,3,True,1,False,0,True,4,True,2,True,1,False,0,True,3,True,2,True,1,False,0,True,3,True,2,False,0,False,0,True,2,True,2,False,0,False,0,True,2,True,2,False,0,False,0,True,2,True,1,False,0,False,0,True,2,True,1,False,0,False,0,True,2,True,1,False,0,False,0,True,2,True,1,False,0,False,0,True,2,False,0,False,0,False,0,0.8527808476371501,0.8527808476371501,0.5635974458230328,0.5635974458230328,0.24533978170586063,0.24533978170586063,0.08642088660769431,0.08642088660769431
256.0,0.9998511461744567,0.5446868199581414,True,7,True,1,True,1,False,0,True,6,False,0,False,0,False,0,True,3,False,0,False,0,False,0,True,2,False,0,False,0,False,0,False,1,False,0,False,0,False,0,False,1,False,0,False,0,False,0,False,0,False,0,False,0,False,0,False,0,False,0,False,0,False,0,False,0,False,0,False,0,False,0,False,0,False,0,False,0,False,0,False,0,False,0,False,0,False,0,0.3897620217741688,0.26018538738017527,0.11194098662725233,0.11194098662725233,0.11194098662725233,0.11194098662725233,0.005585445053595719,0.005585445053595719
494.0,0.9998511461744567,0.9953230246992999,True,11,True,2,True,1,False,0,True,10,True,2,True,1,False,0,True,7,True,2,False,0,False,0,True,7,True,1,False,0,False,0,True,6,False,0,False,0,False,0,True,5,False,0,False,0,False,0,True,5,False,0,False,0,False,0,True,3,False,0,False,0,False,0,True,1,False,0,False,0,False,0,True,1,False,0,False,0,False,0,True,1,False,0,False,0,False,0,0.8014539980001999,0.8014539980001999,0.25942579000000016,0.25942579000000016,0.1775618337692248,0.1775618337692248,0.01250347631031336,0.01250347631031336
30.0,0.9998511461744567,1.2109612410512731,True,7,True,3,False,1,False,0,True,4,True,2,False,1,False,0,True,4,False,1,False,1,False,0,True,3,False,1,False,1,False,0,True,3,False,1,False,0,False,0,True,2,False,1,False,0,False,0,False,1,False,1,False,0,False,0,False,1,False,1,False,0,False,0,False,1,False,0,False,0,False,0,False,1,False,0,False,0,False,0,False,1,False,0,False,0,False,0,0.8821904501298071,0.35095437152889214,0.49882670513436905,0.19851823221921835,0.25243777339706464,0.001000314981468475,0.024085733523286502,0.0009575881793252951
523.0,0.9997022923489134,0.43357044010499735,True,5,True,1,True,1,True,1,True,3,True,1,True,1,True,1,True,1,True,1,True,1,True,1,True,2,True,1,False,0,False,0,True,2,True,1,False,0,False,0,False,0,False,0,False,0,False,0,False,0,False,0,False,0,False,0,False,0,False,0,False,0,False,0,False,0,False,0,False,0,False,0,False,0,False,0,False,0,False,0,False,0,False,0,False,0,False,0,0.34684437048778766,0.34684437048778766,0.3080135153978902,0.3080135153978902,0.23586392270063766,0.23586392270063766,0.21696102427283392,0.21696102427283392
340.0,0.9998511461744567,0.9636404749724011,True,8,True,2,False,0,False,0,True,7,False,1,False,0,False,0,True,6,False,1,False,0,False,0,True,5,False,0,False,0,False,0,True,4,False,0,False,0,False,0,True,3,False,0,False,0,False,0,True,3,False,0,False,0,False,0,True,2,False,0,False,0,False,0,True,2,False,0,False,0,False,0,True,2,False,0,False,0,False,0,True,2,False,0,False,0,False,0,0.7540151712922833,0.7540151712922833,0.23000757774529962,0.14743639681243212,0.0978914623229133,0.0007159586833600948,0.005198806385243383,0.0007159586833600948
223.0,0.6704376302470973,3.4285714285714297,True,4,True,2,False,1,False,1,True,4,False,1,False,1,False,1,True,2,False,1,False,1,False,1,True,2,False,1,False,1,False,1,True,2,False,1,False,1,False,1,False,1,False,1,False,0,False,0,False,1,False,1,False,0,False,0,False,1,False,1,False,0,False,0,False,1,False,1,False,0,False,0,False,1,False,1,False,0,False,0,False,1,False,1,False,0,False,0,3.428571428571428,0.3106469437945372,1.6052815657702453,0.10969573510381507,0.3211576090347345,0.0018518723564453236,0.3211576090347345,0.0018518723564453236
473.0,0.9998511461744567,0.5761886645137749,True,8,True,3,False,0,False,0,True,4,True,1,False,0,False,0,True,2,False,0,False,0,False,0,True,2,False,0,False,0,False,0,True,1,False,0,False,0,False,0,True,1,False,0,False,0,False,0,True,1,False,0,False,0,False,0,False,0,False,0,False,0,False,0,False,0,False,0,False,0,False,0,False,0,False,0,False,0,False,0,False,0,False,0,False,0,False,0,0.4317713402843924,0.4317713402843924,0.16827117061416721,0.16827117061416721,0.04222687700971764,0.030342204843914183,0.003872042303810166,0.003662029280565129
78.0,0.9991068770467401,3.4086937098481758,True,5,True,4,True,3,True,3,True,5,True,4,True,3,True,3,True,6,True,4,True,3,True,3,True,7,True,5,True,4,True,4,True,7,True,5,True,4,True,4,True,9,True,7,True,5,True,3,True,10,True,8,True,5,True,3,True,10,True,7,True,4,True,2,True,10,True,6,True,4,True,2,True,10,True,6,True,4,True,2,True,9,True,6,True,4,False,1,3.2957257906155584,2.4528399564818946,0.9809128278962049,0.8411868337723319,0.9555733639840921,0.7160484613442909,0.7807196682968,0.5656828756810692
529.0,0.6612086930634117,0.9989803370533524,True,8,True,2,True,2,False,1,True,6,True,2,True,2,False,1,True,5,True,2,True,2,False,1,True,4,True,2,True,2,False,1,True,4,True,2,True,2,False,1,True,4,True,2,False,1,False,1,True,3,False,1,False,1,False,1,True,3,False,1,False,1,False,1,True,3,False,1,False,1,False,1,True,2,False,1,False,1,False,1,False,1,False,1,False,1,False,1,0.9940672004495527,0.5755458894069581,0.9926614287688685,0.3806393400360918,0.9799784193253357,0.3298607226759145,0.7639897106222729,0.04632209268554515
118.0,0.9998511461744567,2.1400767481281022,True,10,True,4,True,2,False,1,True,6,True,2,True,2,False,1,True,6,True,2,False,1,False,1,True,6,True,2,False,1,False,1,True,5,True,2,False,1,False,1,True,5,True,2,False,1,False,1,True,5,True,2,False,1,False,0,True,5,True,1,False,0,False,0,True,3,True,1,False,0,False,0,True,3,False,0,False,0,False,0,True,3,False,0,False,0,False,0,1.2644005739419635,0.8199537480905957,0.5115514246098193,0.5115514246098193,0.4332046500525813,0.1867470678191793,0.3670095240339566,0.009818138924451107
165.0,0.9998511461744567,1.0407229832803235,True,11,True,4,False,1,False,1,True,10,False,3,False,1,False,1,True,8,False,1,False,0,False,0,True,7,False,1,False,0,False,0,True,8,False,0,False,0,False,0,True,4,False,0,False,0,False,0,False,3,False,0,False,0,False,0,False,2,False,0,False,0,False,0,False,1,False,0,False,0,False,0,False,1,False,0,False,0,False,0,False,1,False,0,False,0,False,0,0.8686486535352758,0.3691570860640897,0.2553856415752793,0.146460894931396,0.16776843638442965,0.049627518038740756,0.16776843638442965,0.010642136848489551
399.0,0.9991068770467401,0.6610272009262258,True,10,True,3,False,0,False,0,True,5,True,2,False,0,False,0,True,4,True,2,False,0,False,0,True,4,True,2,False,0,False,0,True,3,False,1,False,0,False,0,True,3,False,0,False,0,False,0,True,3,False,0,False,0,False,0,True,2,False,0,False,0,False,0,False,1,False,0,False,0,False,0,False,1,False,0,False,0,False,0,False,0,False,0,False,0,False,0,0.558908863111532,0.48655009153516016,0.3260444981733288,0.27181034605742443,0.04990327413101741,0.04990327413101741,0.003220660547146997,0.003220660547146997
196.0,0.9998511461744567,0.9560890425021459,True,13,True,5,False,0,False,0,True,11,True,4,False,0,False,0,True,5,True,1,False,0,False,0,True,5,False,0,False,0,False,0,True,4,False,0,False,0,False,0,True,4,False,0,False,0,False,0,True,3,False,0,False,0,False,0,False,1,False,0,False,0,False,0,False,1,False,0,False,0,False,0,False,1,False,0,False,0,False,0,False,1,False,0,False,0,False,0,0.7502171091402412,0.4279805257855426,0.21054489424658482,0.21054489424658482,0.02024593727614568,0.00653513084204575,0.01037188086686075,0.00653513084204575
207.0,0.9998511461744567,1.2598788770017577,True,9,True,3,False,0,False,0,True,8,True,1,False,0,False,0,True,7,True,1,False,0,False,0,True,5,True,1,False,0,False,0,True,5,True,1,False,0,False,0,True,4,True,1,False,0,False,0,True,4,True,1,False,0,False,0,True,3,True,1,False,0,False,0,True,3,True,1,False,0,False,0,True,3,False,0,False,0,False,0,True,3,False,0,False,0,False,0,0.6813389617914555,0.6813389617914555,0.5104077209739472,0.5104077209739472,0.05955857635481599,0.05820236096821461,0.05820236096821461,0.05820236096821461
56.0,0.4432866924679964,3.4285714285714293,True,6,True,4,True,3,False,0,True,6,True,3,True,3,False,0,True,5,True,3,False,2,False,0,True,5,True,3,False,2,False,0,True,5,True,3,False,2,False,0,True,5,True,3,False,2,False,0,True,4,True,3,False,2,False,0,False,3,False,2,False,2,False,0,False,3,False,2,False,1,False,0,False,3,False,2,False,1,False,0,False,3,False,2,False,0,False,0,3.428571428571428,0.44368191868893364,2.54738546303605,0.44304737820168927,0.5733532555950405,0.17410921510505004,0.0419210969832175,0.0419210969832175
249.0,0.9998511461744567,2.1400701414543044,True,10,True,6,True,3,False,1,True,9,True,2,True,2,False,0,True,8,True,2,True,1,False,0,True,6,True,2,True,1,False,0,True,6,True,2,True,1,False,0,True,5,True,2,True,1,False,0,True,4,True,2,False,0,False,0,True,3,True,1,False,0,False,0,True,3,True,1,False,0,False,0,True,3,True,1,False,0,False,0,True,2,True,1,False,0,False,0,1.2312643128269887,0.7199222133367637,0.6511035008009897,0.6511035008009897,0.3952124336275889,0.3952124336275889,0.11438116870911659,0.01358771064270624
119.0,0.9998511461744567,1.8204484888554817,True,9,True,7,True,3,True,1,True,8,True,5,True,2,True,1,True,8,True,5,True,2,True,1,True,8,True,4,True,2,False,0,True,7,True,4,True,2,False,0,True,6,True,3,True,2,False,0,True,6,True,3,True,2,False,0,True,5,True,3,True,2,False,0,True,5,True,3,True,2,False,0,True,4,True,3,True,1,False,0,True,4,True,3,True,1,False,0,1.0834601840349194,0.879792113023342,0.7783231510828479,0.7783231510828479,0.7783231510828479,0.7783231510828479,0.2301646404107139,0.2301646404107139
29.0,0.9998511461744567,0.9527373882770417,True,6,True,4,True,3,False,0,True,5,True,4,True,1,False,0,True,4,True,1,True,1,False,0,True,3,True,1,True,1,False,0,True,2,True,1,False,0,False,0,True,2,True,1,False,0,False,0,True,1,True,1,False,0,False,0,True,1,True,1,False,0,False,0,True,1,True,1,False,0,False,0,True,1,True,1,False,0,False,0,True,1,True,1,False,0,False,0,0.7767202614974519,0.7767202614974519,0.6090977854758692,0.6090977854758692,0.2686159001577879,0.2686159001577879,0.022782391769860733,0.015503542861561592
508.0,0.9998511461744567,0.9437659231590895,True,9,True,3,False,0,False,0,True,8,True,2,False,0,False,0,True,7,True,2,False,0,False,0,True,4,True,2,False,0,False,0,True,4,True,2,False,0,False,0,True,4,False,0,False,0,False,0,True,4,False,0,False,0,False,0,True,4,False,0,False,0,False,0,True,3,False,0,False,0,False,0,True,3,False,0,False,0,False,0,True,2,False,0,False,0,False,0,0.6837736244580821,0.6837736244580821,0.3377114107440784,0.30525996441478753,0.0200585506005506,0.0200585506005506,0.0200585506005506,0.0200585506005506
534.0,0.9997022923489134,0.8598609867751777,True,11,True,4,False,0,False,0,True,10,True,4,False,0,False,0,True,10,True,3,False,0,False,0,True,5,True,1,False,0,False,0,True,4,True,1,False,0,False,0,True,3,True,1,False,0,False,0,True,2,False,0,False,0,False,0,True,1,False,0,False,0,False,0,False,0,False,0,False,0,False,0,False,0,False,0,False,0,False,0,False,0,False,0,False,0,False,0,0.46757011079511446,0.46757011079511446,0.3727067718396309,0.3727067718396309,0.0495120226431483,0.04097341272515927,0.019715391945537775,0.019715391945537775
93.0,0.9998511461744567,1.474046458859705,True,7,True,2,True,2,True,1,True,6,True,2,True,1,True,1,True,4,True,1,True,1,True,1,True,3,True,1,True,1,True,1,True,3,True,1,True,1,True,1,True,2,True,1,True,1,False,0,True,2,True,1,True,1,False,0,True,2,True,1,True,1,False,0,True,2,True,1,True,1,False,0,True,2,True,1,False,0,False,0,True,2,True,1,False,0,False,0,0.8441713209532309,0.8441713209532309,0.6298192903868643,0.6298192903868643,0.5007311566158114,0.5007311566158114,0.34240088394868534,0.34240088394868534
301.0,0.9998511461744567,0.848288363935624,True,9,True,3,True,2,False,0,True,8,True,3,True,2,False,0,True,6,True,3,False,1,False,0,True,3,False,1,False,1,False,0,True,3,False,1,False,0,False,0,True,3,False,1,False,0,False,0,True,3,False,1,False,0,False,0,True,1,False,0,False,0,False,0,False,0,False,0,False,0,False,0,False,0,False,0,False,0,False,0,False,0,False,0,False,0,False,0,0.4805399440235681,0.4805399440235681,0.4089613148007023,0.24576264473117637,0.28594200497535505,0.15692178991804093,0.0763133274491271,0.008724367517545331
103.0,0.9998511461744567,0.8733499074846074,True,7,True,3,True,2,False,0,True,5,True,3,False,1,False,0,True,4,True,3,False,1,False,0,True,3,True,3,False,0,False,0,True,3,True,3,False,0,False,0,True,3,True,3,False,0,False,0,True,3,True,1,False,0,False,0,True,1,True,1,False,0,False,0,True,1,True,1,False,0,False,0,True,1,False,0,False,0,False,0,True,1,False,0,False,0,False,0,0.8240319456738059,0.8240319456738059,0.5188623841750012,0.5188623841750012,0.20727277194015983,0.11428935834883876,0.03494204949969041,0.0011202336278798588
221.0,0.6677582613873176,1.0760835319450754,True,9,True,2,False,0,False,0,True,7,True,1,False,0,False,0,True,6,True,1,False,0,False,0,True,2,True,1,False,0,False,0,True,2,True,1,False,0,False,0,True,2,True,1,False,0,False,0,True,1,True,1,False,0,False,0,True,1,False,0,False,0,False,0,True,1,False,0,False,0,False,0,True,1,False,0,False,0,False,0,True,1,False,0,False,0,False,0,0.6466736619307379,0.6466736619307379,0.4428726383903322,0.4428726383903322,0.039520964774456956,0.039520964774456956,0.005324333667708547,0.0035762176889056786
142.0,0.9998511461744567,1.69917467798516,True,10,True,6,True,3,False,1,True,9,True,6,True,2,False,1,True,7,True,4,True,2,False,0,True,8,True,3,False,1,False,0,True,8,True,3,False,1,False,0,True,7,False,2,False,0,False,0,True,6,False,0,False,0,False,0,True,6,False,0,False,0,False,0,True,5,False,0,False,0,False,0,True,4,False,0,False,0,False,0,True,3,False,0,False,0,False,0,1.0838381976926448,0.6245928577309978,0.39090018076456184,0.3343210850966569,0.33174311656468625,0.2155570361066319,0.17883161224044444,0.009887797380506476
349.0,0.9998511461744567,0.5205584662569989,True,6,True,3,False,0,False,0,True,4,True,1,False,0,False,0,True,3,False,0,False,0,False,0,True,1,False,0,False,0,False,0,True,1,False,0,False,0,False,0,True,1,False,0,False,0,False,0,False,0,False,0,False,0,False,0,False,0,False,0,False,0,False,0,False,0,False,0,False,0,False,0,False,0,False,0,False,0,False,0,False,0,False,0,False,0,False,0,0.37177545300248505,0.37177545300248505,0.17038572482864195,0.17038572482864195,0.06173181669410639,0.016333630257963916,0.010324702788101669,0.001243807867729491
428.0,0.9998511461744567,2.248132114838418,True,9,True,3,False,2,False,0,True,7,True,2,False,1,False,0,True,4,True,2,False,1,False,0,True,3,False,1,False,1,False,0,True,3,False,1,False,1,False,0,True,3,False,1,False,1,False,0,True,2,False,1,False,0,False,0,False,1,False,1,False,0,False,0,False,1,False,1,False,0,False,0,False,1,False,1,False,0,False,0,False,1,False,1,False,0,False,0,1.5960342069780231,0.4304789780012625,0.8073930285738105,0.24814293252708086,0.3919758474841608,0.030569354694966185,0.05267531340018089,0.030569354694966185
162.0,0.9998511461744567,0.5526160934845948,True,8,True,2,False,1,False,0,True,4,True,2,False,1,False,0,True,4,True,2,False,1,False,0,True,3,True,2,False,0,False,0,True,2,True,2,False,0,False,0,True,2,False,0,False,0,False,0,True,1,False,0,False,0,False,0,True,1,False,0,False,0,False,0,False,0,False,0,False,0,False,0,False,0,False,0,False,0,False,0,False,0,False,0,False,0,False,0,0.45394098025024504,0.45394098025024504,0.32321572407181953,0.3178596393765918,0.2122151035405824,0.07684328219215286,0.006773263894819552,0.0008722805900454943
312.0,0.9888359630842513,0.8436168934729036,True,7,True,5,True,3,True,1,True,7,True,5,True,3,True,1,True,8,True,3,True,3,True,1,True,7,False,3,False,2,False,0,True,6,False,3,False,1,False,0,True,5,False,1,False,1,False,0,True,3,False,1,False,1,False,0,False,2,False,0,False,0,False,0,False,2,False,0,False,0,False,0,False,2,False,0,False,0,False,0,False,1,False,0,False,0,False,0,0.65141755849785,0.44899154063502,0.43910989770916325,0.24701856852982895,0.4071960306555235,0.24701856852982895,0.24701856852982895,0.24701856852982895
246.0,0.9998511461744567,0.5603442111404545,True,5,True,4,True,1,False,0,True,5,True,2,False,0,False,0,True,2,True,2,False,0,False,0,True,2,False,0,False,0,False,0,True,1,False,0,False,0,False,0,True,1,False,0,False,0,False,0,True,1,False,0,False,0,False,0,True,1,False,0,False,0,False,0,False,0,False,0,False,0,False,0,False,0,False,0,False,0,False,0,False,0,False,0,False,0,False,0,0.47598431189330537,0.47598431189330537,0.23806241502369357,0.23806241502369357,0.10054518960916005,0.10054518960916005,0.0025477835247358447,0.0025477835247358447
163.0,0.9998511461744567,0.8234824430281267,True,8,True,3,False,2,False,1,True,6,True,3,False,1,False,1,True,6,True,3,False,1,False,1,True,5,False,2,False,1,False,1,True,4,False,2,False,1,False,0,False,2,False,1,False,1,False,0,False,2,False,1,False,1,False,0,False,2,False,1,False,1,False,0,False,2,False,1,False,1,False,0,False,2,False,1,False,1,False,0,False,1,False,1,False,0,False,0,0.7444272836518996,0.33361522078990596,0.7365132466430263,0.24498595133044765,0.5814646110256751,0.020346553209078303,0.26598940073834526,0.020346553209078303
49.0,0.9998511461744567,2.5122969164141473,True,12,True,4,True,4,True,2,True,12,True,4,True,3,True,2,True,9,True,5,True,3,False,1,True,10,True,5,True,2,False,0,True,10,True,5,True,2,False,0,True,9,True,5,True,2,False,0,True,8,True,5,True,2,False,0,True,8,True,3,True,1,False,0,True,7,True,2,False,0,False,0,True,7,True,2,False,0,False,0,True,7,True,2,False,0,False,0,1.4607887739723098,1.4607887739723098,0.8072197043950441,0.8072197043950441,0.46556526114830193,0.46556526114830193,0.24871567625772262,0.16662134312337254
339.0,0.9959809467103304,1.2136718740272414,True,12,True,6,True,2,False,0,True,8,True,6,True,1,False,0,True,8,True,4,True,1,False,0,True,8,True,4,True,1,False,0,True,7,True,3,False,0,False,0,True,7,True,2,False,0,False,0,True,3,True,2,False,0,False,0,True,2,True,1,False,0,False,0,True,2,True,1,False,0,False,0,True,2,True,1,False,0,False,0,True,2,True,1,False,0,False,0,0.9401615819015469,0.9401615819015469,0.6105863220378386,0.6105863220378386,0.29741322220150607,0.29741322220150607,0.012474584544308151,0.012474584544308151
316.0,0.9998511461744567,0.6681623274389678,True,9,True,3,True,1,False,0,True,4,True,2,True,1,False,0,True,4,True,2,False,0,False,0,True,3,True,2,False,0,False,0,True,3,True,1,False,0,False,0,True,3,True,1,False,0,False,0,True,2,False,0,False,0,False,0,True,1,False,0,False,0,False,0,True,1,False,0,False,0,False,0,True,1,False,0,False,0,False,0,False,0,False,0,False,0,False,0,0.5976553994975271,0.5976553994975271,0.36413115789368516,0.36413115789368516,0.167694455687534,0.167694455687534,0.014651670570226668,0.014651670570226668
371.0,0.9994045846978268,1.2750408132785744,True,10,False,2,False,1,False,0,True,8,False,2,False,1,False,0,True,6,False,1,False,1,False,0,True,6,False,1,False,1,False,0,True,5,False,1,False,0,False,0,True,3,False,0,False,0,False,0,True,3,False,0,False,0,False,0,True,1,False,0,False,0,False,0,True,1,False,0,False,0,False,0,True,1,False,0,False,0,False,0,True,1,False,0,False,0,False,0,0.7225684404896843,0.7225684404896843,0.3305670950260052,0.07206059351587409,0.25536768501096063,0.01929945326621387,0.01929945326621387,0.01929945326621387
136.0,0.9998511461744567,0.630449417216176,True,5,True,3,False,0,False,0,True,4,True,2,False,0,False,0,True,2,True,2,False,0,False,0,True,2,True,2,False,0,False,0,True,2,True,1,False,0,False,0,True,2,True,1,False,0,False,0,True,2,False,0,False,0,False,0,True,1,False,0,False,0,False,0,True,1,False,0,False,0,False,0,True,1,False,0,False,0,False,0,False,0,False,0,False,0,False,0,0.589731845960111,0.589731845960111,0.3828811588062992,0.3828811588062992,0.08434954582369067,0.037915718705053,0.005135370697852035,0.005135370697852035
88.0,0.9998511461744567,2.8578365727640156,True,5,True,4,False,2,False,2,True,4,True,3,False,2,False,1,True,4,True,3,False,2,False,1,True,3,False,2,False,2,False,0,True,3,False,2,False,2,False,0,True,3,False,2,False,2,False,0,False,2,False,2,False,2,False,0,False,2,False,2,False,2,False,0,False,2,False,2,False,1,False,0,False,2,False,2,False,1,False,0,False,2,False,2,False,1,False,0,2.0511185243110384,0.3906916208698379,0.9540662068662782,0.20987099171644558,0.7179368070230313,0.07648115309945874,0.2380847451777551,0.07648115309945874
292.0,0.9580232211967847,0.6333422247399265,True,6,True,2,False,1,False,1,True,4,False,1,False,0,False,0,True,4,False,0,False,0,False,0,True,3,False,0,False,0,False,0,True,2,False,0,False,0,False,0,True,2,False,0,False,0,False,0,True,2,False,0,False,0,False,0,False,1,False,0,False,0,False,0,False,0,False,0,False,0,False,0,False,0,False,0,False,0,False,0,False,0,False,0,False,0,False,0,0.4634051408763974,0.4052512167211047,0.19879963138563334,0.14962908515661516,0.12778499344432134,0.0021805043621848717,0.12778499344432134,0.0021805043621848717
319.0,0.9998511461744567,0.7616361892274048,True,9,True,4,True,1,False,0,True,7,True,3,True,1,False,0,True,5,True,2,False,0,False,0,True,5,True,2,False,0,False,0,True,4,True,1,False,0,False,0,True,4,True,1,False,0,False,0,True,3,True,1,False,0,False,0,True,3,False,0,False,0,False,0,True,2,False,0,False,0,False,0,False,0,False,0,False,0,False,0,False,0,False,0,False,0,False,0,0.5361532150054837,0.5361532150054837,0.44632742699076,0.44632742699076,0.1811395538249054,0.1811395538249054,0.09698168894084098,0.003974286579052363
288.0,0.861714796070259,3.4285714285714293,True,11,True,4,False,2,False,2,True,7,True,3,False,2,False,2,True,6,True,3,False,2,False,2,True,7,True,3,False,1,False,1,True,7,True,2,False,1,False,1,True,5,True,2,False,1,False,1,True,5,False,1,False,1,False,1,True,4,False,1,False,1,False,1,True,3,False,1,False,1,False,1,True,3,False,1,False,1,False,1,True,3,False,1,False,1,False,1,3.4285714285714275,1.770241268413822,2.3672495737971953,0.36847025690496454,1.71282014842201,0.03306380024936101,0.9103825221975901,0.03306380024936101
215.0,0.12727002083953556,1.0,False,1,False,1,False,1,False,1,False,1,False,1,False,1,False,1,False,1,False,1,False,1,False,1,False,1,False,1,False,1,False,1,False,1,False,1,False,1,False,1,False,1,False,1,False,1,False,1,False,1,False,1,False,1,False,1,False,1,False,1,False,1,False,0,False,1,False,1,False,1,False,0,False,1,False,1,False,1,False,0,False,1,False,1,False,1,False,0,1.0,0.0,1.0,0.0,1.0,0.0,0.4001357875638854,0.0
174.0,0.9995534385233701,1.9732100735268852,True,10,True,4,True,2,False,0,True,8,True,3,True,2,False,0,True,7,True,2,True,2,False,0,True,5,True,2,True,1,False,0,True,4,True,2,True,1,False,0,True,4,True,1,True,1,False,0,True,4,True,1,True,1,False,0,True,3,True,1,True,1,False,0,True,3,True,1,True,1,False,0,True,3,True,1,False,0,False,0,True,3,True,1,False,0,False,0,1.1233939632243477,1.1233939632243477,0.6857209734139283,0.6857209734139283,0.5002920635306235,0.5002920635306235,0.014297853678142621,0.014297853678142621
335.0,0.9998511461744567,0.4990299893693644,True,7,True,3,False,0,False,0,True,5,True,2,False,0,False,0,True,2,False,0,False,0,False,0,True,2,False,0,False,0,False,0,True,1,False,0,False,0,False,0,True,1,False,0,False,0,False,0,False,0,False,0,False,0,False,0,False,0,False,0,False,0,False,0,False,0,False,0,False,0,False,0,False,0,False,0,False,0,False,0,False,0,False,0,False,0,False,0,0.39545731996867234,0.39545731996867234,0.19424135533193884,0.19424135533193884,0.07976692282511032,0.07976692282511032,0.002676746447134338,0.002676746447134338
110.0,0.9997022923489134,2.9936742503957463,True,10,True,6,True,3,True,3,True,9,True,5,True,3,True,3,True,9,True,4,True,3,True,3,True,9,True,4,True,3,True,2,True,8,True,4,True,3,False,0,True,7,True,4,False,1,False,0,True,6,True,4,False,1,False,0,True,5,True,3,False,0,False,0,True,5,True,3,False,0,False,0,True,5,True,2,False,0,False,0,True,5,False,1,False,0,False,0,2.590564312887961,0.6271775450251437,0.7582626481795222,0.584773162015491,0.4429761286289383,0.34962140238676703,0.260445242229387,0.260445242229387
437.0,0.9998511461744567,0.7381047040403438,True,7,True,4,True,1,False,0,True,6,True,2,False,0,False,0,True,5,True,1,False,0,False,0,True,3,True,1,False,0,False,0,True,2,False,0,False,0,False,0,True,2,False,0,False,0,False,0,True,2,False,0,False,0,False,0,True,1,False,0,False,0,False,0,True,1,False,0,False,0,False,0,True,1,False,0,False,0,False,0,True,1,False,0,False,0,False,0,0.6045101543712729,0.6045101543712729,0.2988404542700397,0.2988404542700397,0.14491152457769071,0.14491152457769071,0.011543902506602198,0.003537147249634474
48.0,0.9998511461744567,3.343288186927516,True,9,True,4,True,3,True,2,True,10,True,5,True,3,False,1,True,10,True,6,True,4,False,1,True,11,True,4,False,1,False,1,True,10,True,4,False,1,False,1,True,9,True,4,False,1,False,0,True,8,True,4,False,1,False,0,True,8,True,3,False,1,False,0,True,8,True,3,False,1,False,0,True,8,True,3,False,1,False,0,True,8,True,3,False,1,False,0,3.1449871380098684,0.8850549240746054,0.9561896702614648,0.7621676242245808,0.9321870982292869,0.22218152159604906,0.3496536055002261,0.10640919897046418
411.0,0.9998511461744567,1.0820772127817901,True,8,True,3,True,3,True,1,True,4,True,3,True,2,False,0,True,4,True,1,True,1,False,0,True,4,True,1,False,0,False,0,True,3,True,1,False,0,False,0,True,3,True,1,False,0,False,0,True,2,True,1,False,0,False,0,True,2,False,0,False,0,False,0,True,1,False,0,False,0,False,0,True,1,False,0,False,0,False,0,False,0,False,0,False,0,False,0,0.5755948429663477,0.5755948429663477,0.40466290386553583,0.40466290386553583,0.21340435925022072,0.21340435925022072,0.11006788613666561,0.11006788613666561
140.0,0.9718666269723132,2.648358989513127,True,10,False,3,False,2,False,1,True,6,False,3,False,2,False,1,False,5,False,3,False,2,False,1,False,7,False,2,False,1,False,0,False,5,False,2,False,1,False,0,False,4,False,2,False,1,False,0,False,3,False,1,False,1,False,0,False,3,False,1,False,1,False,0,False,3,False,1,False,1,False,0,False,2,False,1,False,1,False,0,False,2,False,1,False,1,False,0,1.60618315667068,0.1774861156049989,0.7181147544879284,0.0048274233963188085,0.6068083394994632,0.0048274233963188085,0.21770074410598111,0.0020881600117077584
324.0,0.9998511461744567,0.552598402176806,True,5,True,4,False,0,False,0,True,5,True,2,False,0,False,0,True,4,True,2,False,0,False,0,True,1,True,1,False,0,False,0,True,1,True,1,False,0,False,0,True,1,False,0,False,0,False,0,True,1,False,0,False,0,False,0,True,1,False,0,False,0,False,0,False,0,False,0,False,0,False,0,False,0,False,0,False,0,False,0,False,0,False,0,False,0,False,0,0.4606519554182508,0.4606519554182508,0.3029892294165026,0.3029892294165026,0.09056408804079212,0.09056408804079212,0.0029572918139536054,0.0029572918139536054
346.0,0.9998511461744567,0.9073950643548662,True,9,True,5,False,2,False,0,True,9,True,5,False,1,False,0,True,9,False,1,False,0,False,0,True,6,False,0,False,0,False,0,True,4,False,0,False,0,False,0,True,2,False,0,False,0,False,0,False,1,False,0,False,0,False,0,False,1,False,0,False,0,False,0,False,1,False,0,False,0,False,0,False,1,False,0,False,0,False,0,False,1,False,0,False,0,False,0,0.7076071582619284,0.38844192276841405,0.22091284889875268,0.17804523545034842,0.1565153213283359,0.062327492882790686,0.02260974383337215,0.008241280205100066
390.0,0.9998511461744567,3.404199745178002,True,12,True,3,True,2,True,1,True,9,True,3,True,2,True,1,True,6,True,1,True,1,True,1,True,3,True,1,True,1,True,1,True,2,True,1,True,1,True,1,True,2,True,1,True,1,False,0,True,2,True,1,True,1,False,0,True,2,True,1,True,1,False,0,True,1,True,1,True,1,False,0,True,1,True,1,False,0,False,0,True,1,True,1,False,0,False,0,3.135925927934169,3.135925927934169,1.3129519866661081,1.3129519866661081,0.5229594630919961,0.5229594630919961,0.33129405150064595,0.33129405150064595
68.0,0.9998511461744567,1.5639690946675324,True,12,True,2,True,2,False,1,True,12,True,2,True,2,False,1,True,12,True,2,True,2,False,1,True,11,True,2,False,1,False,1,True,11,True,2,False,1,False,1,True,9,True,2,False,1,False,1,True,9,True,2,False,1,False,1,True,7,True,2,False,1,False,1,True,7,True,2,False,1,False,0,True,6,True,2,False,1,False,0,True,6,False,1,False,1,False,0,0.8280613718027577,0.7597123380915426,0.7926735264340875,0.5671384503328987,0.615418090374617,0.22738708815162928,0.4688857862272366,0.08213741375341979
372.0,0.9998511461744567,0.7332689446286643,True,10,True,4,False,0,False,0,True,8,True,2,False,0,False,0,True,6,True,2,False,0,False,0,True,5,True,1,False,0,False,0,True,4,True,1,False,0,False,0,True,2,False,0,False,0,False,0,True,2,False,0,False,0,False,0,True,2,False,0,False,0,False,0,True,2,False,0,False,0,False,0,True,2,False,0,False,0,False,0,True,1,False,0,False,0,False,0,0.63528870929074,0.63528870929074,0.31801542022722,0.31801542022722,0.04037307331471362,0.00788493817501135,0.00788493817501135,0.00788493817501135
116.0,0.9998511461744567,0.8800524025569174,True,9,True,3,True,1,True,1,True,8,True,3,True,1,True,1,True,5,True,2,True,1,False,0,True,5,True,1,False,0,False,0,True,4,True,1,False,0,False,0,True,2,True,1,False,0,False,0,True,2,False,0,False,0,False,0,False,1,False,0,False,0,False,0,False,1,False,0,False,0,False,0,False,1,False,0,False,0,False,0,False,0,False,0,False,0,False,0,0.5639730405312877,0.4374911325144938,0.36328412882044353,0.36328412882044353,0.2332674776988394,0.2332674776988394,0.17944994222148383,0.17944994222148383
180.0,0.9998511461744567,1.0325705626405568,True,6,True,4,True,1,False,0,True,4,True,2,True,1,False,0,True,2,True,2,True,1,False,0,True,3,True,1,False,0,False,0,True,3,True,1,False,0,False,0,True,2,True,1,False,0,False,0,True,2,True,1,False,0,False,0,True,2,True,1,False,0,False,0,True,2,False,0,False,0,False,0,True,2,False,0,False,0,False,0,True,2,False,0,False,0,False,0,0.9061485175641775,0.9061485175641775,0.4565229862912071,0.4565229862912071,0.22394066755732148,0.22394066755732148,0.010182292651151302,0.010182292651151302
381.0,0.9995534385233701,0.9050969239719591,True,9,True,2,True,1,False,0,True,7,True,2,True,1,False,0,True,7,True,2,False,0,False,0,True,4,True,2,False,0,False,0,True,3,True,1,False,0,False,0,True,3,True,1,False,0,False,0,True,3,True,1,False,0,False,0,True,3,True,1,False,0,False,0,True,3,False,0,False,0,False,0,False,0,False,0,False,0,False,0,False,0,False,0,False,0,False,0,0.5384602370935793,0.5384602370935793,0.4702604654154056,0.4702604654154056,0.1693178470985874,0.1693178470985874,0.006330675179663767,0.006330675179663767
414.0,0.9998511461744567,0.47345386955238683,True,7,True,2,False,1,False,0,True,5,False,1,False,0,False,0,True,2,False,1,False,0,False,0,True,2,False,0,False,0,False,0,True,2,False,0,False,0,False,0,False,0,False,0,False,0,False,0,False,0,False,0,False,0,False,0,False,0,False,0,False,0,False,0,False,0,False,0,False,0,False,0,False,0,False,0,False,0,False,0,False,0,False,0,False,0,False,0,0.32822340548157136,0.32822340548157136,0.20313119017664538,0.10330646316871178,0.1297461636824064,0.02222876869659076,0.03970921651433924,0.004321047792544508
263.0,0.9998511461744567,0.6736291964075326,True,6,True,3,False,0,False,0,True,4,True,2,False,0,False,0,True,4,True,2,False,0,False,0,True,3,True,1,False,0,False,0,True,3,True,1,False,0,False,0,True,1,False,0,False,0,False,0,True,1,False,0,False,0,False,0,True,1,False,0,False,0,False,0,True,1,False,0,False,0,False,0,True,1,False,0,False,0,False,0,True,1,False,0,False,0,False,0,0.6209603684335417,0.6209603684335417,0.3433372793910266,0.3433372793910266,0.04612107524639368,0.018545743636512742,0.0024881549007838696,0.001151873382825012
532.0,0.9621911283119976,0.6379992374465626,True,7,True,3,False,1,False,0,True,4,True,2,False,0,False,0,True,3,True,2,False,0,False,0,True,3,False,0,False,0,False,0,True,3,False,0,False,0,False,0,True,2,False,0,False,0,False,0,True,2,False,0,False,0,False,0,False,1,False,0,False,0,False,0,False,1,False,0,False,0,False,0,False,0,False,0,False,0,False,0,False,0,False,0,False,0,False,0,0.5040023960839003,0.42437076866999773,0.2410080146617691,0.2410080146617691,0.1015509875890544,0.028954626964185035,0.02896681542859175,0.0009240440232630403
226.0,0.9997022923489134,0.45411683734468494,True,7,False,0,False,0,False,0,True,3,False,0,False,0,False,0,False,1,False,0,False,0,False,0,False,1,False,0,False,0,False,0,False,0,False,0,False,0,False,0,False,0,False,0,False,0,False,0,False,0,False,0,False,0,False,0,False,0,False,0,False,0,False,0,False,0,False,0,False,0,False,0,False,0,False,0,False,0,False,0,False,0,False,0,False,0,False,0,0.26979643010299115,0.1712212190591386,0.09020243039857008,0.05212773188965077,0.09020243039857008,0.04807637749254735,0.02591571265943851,0.005320397925388786
484.0,0.9998511461744567,0.5576901278692973,True,5,True,2,True,1,False,0,True,4,True,2,False,0,False,0,True,3,True,2,False,0,False,0,True,2,True,1,False,0,False,0,True,2,False,0,False,0,False,0,True,1,False,0,False,0,False,0,True,1,False,0,False,0,False,0,False,0,False,0,False,0,False,0,False,0,False,0,False,0,False,0,False,0,False,0,False,0,False,0,False,0,False,0,False,0,False,0,0.4174753343690587,0.4174753343690587,0.27395488242551835,0.27395488242551835,0.12738431880068124,0.12738431880068124,0.009545649984211629,0.0020932683326747793
173.0,0.9998511461744567,0.5929497464458008,True,7,True,3,True,1,False,0,True,5,True,2,False,0,False,0,True,3,True,1,False,0,False,0,True,3,False,0,False,0,False,0,True,3,False,0,False,0,False,0,True,1,False,0,False,0,False,0,False,0,False,0,False,0,False,0,False,0,False,0,False,0,False,0,False,0,False,0,False,0,False,0,False,0,False,0,False,0,False,0,False,0,False,0,False,0,False,0,0.362492869939512,0.362492869939512,0.23947826426554547,0.23947826426554547,0.10375725622136346,0.10375725622136346,0.08159343928477993,0.0035003569217723638
262.0,0.9998511461744567,1.4150734726847163,True,5,True,3,True,2,True,1,True,3,True,2,True,2,True,1,True,4,True,2,True,2,True,1,True,2,True,2,True,2,True,1,True,2,True,2,True,1,True,1,True,2,True,2,False,0,False,0,True,2,False,1,False,0,False,0,True,2,False,1,False,0,False,0,False,1,False,1,False,0,False,0,False,1,False,1,False,0,False,0,False,1,False,0,False,0,False,0,1.0029661866658846,0.48589285393588394,0.5732610223621537,0.3992136569957265,0.31665807072837465,0.31665807072837465,0.31665807072837465,0.31665807072837465
410.0,0.9998511461744567,0.47066058808177874,True,8,True,4,False,0,False,0,True,6,False,1,False,0,False,0,True,4,False,1,False,0,False,0,True,2,False,0,False,0,False,0,False,0,False,0,False,0,False,0,False,0,False,0,False,0,False,0,False,0,False,0,False,0,False,0,False,0,False,0,False,0,False,0,False,0,False,0,False,0,False,0,False,0,False,0,False,0,False,0,False,0,False,0,False,0,False,0,0.28947087631764656,0.27568849353236446,0.2414579087265265,0.10900037178400794,0.0788866479423605,0.0016557468289264928,0.0031108188128566167,0.0016557468289264928
210.0,0.9998511461744567,1.1052517552009737,True,12,False,4,False,1,False,0,True,11,False,4,False,1,False,0,True,9,False,3,False,0,False,0,False,7,False,1,False,0,False,0,False,6,False,0,False,0,False,0,False,4,False,0,False,0,False,0,False,3,False,0,False,0,False,0,False,2,False,0,False,0,False,0,False,2,False,0,False,0,False,0,False,1,False,0,False,0,False,0,False,0,False,0,False,0,False,0,0.5623262891604558,0.24989690488424546,0.2566466716033621,0.08715315062815035,0.1512521888322084,0.08082475506398873,0.05029628229156466,0.0012872024155501937
474.0,0.9995534385233701,0.982999788964993,True,11,True,1,False,0,False,0,True,7,False,0,False,0,False,0,True,7,False,0,False,0,False,0,True,5,False,0,False,0,False,0,True,3,False,0,False,0,False,0,True,2,False,0,False,0,False,0,True,2,False,0,False,0,False,0,False,1,False,0,False,0,False,0,False,1,False,0,False,0,False,0,False,1,False,0,False,0,False,0,False,1,False,0,False,0,False,0,0.6924779911828339,0.4097388643482155,0.14928074486721682,0.14928074486721682,0.016073551485222767,0.007716409422771089,0.0012948944827214197,0.00025838252919189986
17.0,0.9998511461744567,0.8557212873481714,True,9,True,4,False,1,False,0,True,8,True,2,False,1,False,0,True,6,True,2,False,1,False,0,True,6,False,0,False,0,False,0,True,2,False,0,False,0,False,0,False,0,False,0,False,0,False,0,False,0,False,0,False,0,False,0,False,0,False,0,False,0,False,0,False,0,False,0,False,0,False,0,False,0,False,0,False,0,False,0,False,0,False,0,False,0,False,0,0.3410426599100529,0.3410426599100529,0.22480729680046058,0.218548087707326,0.21694997682725295,0.0793743472590922,0.06172123792554963,0.042754161379871626
306.0,0.9998511461744567,1.4953248846775649,True,15,True,4,False,0,False,0,True,14,True,3,False,0,False,0,True,13,False,0,False,0,False,0,True,11,False,0,False,0,False,0,True,9,False,0,False,0,False,0,True,8,False,0,False,0,False,0,False,6,False,0,False,0,False,0,False,5,False,0,False,0,False,0,False,4,False,0,False,0,False,0,False,4,False,0,False,0,False,0,False,3,False,0,False,0,False,0,0.8879287274025223,0.35789616542226643,0.17714641739920167,0.16146059766907597,0.07676230364089698,0.07676230364089698,0.07676230364089698,0.07676230364089698
498.0,0.9998511461744567,1.1693591641588768,True,11,True,2,True,1,True,1,True,6,True,2,True,1,True,1,True,5,True,2,True,1,False,0,True,4,True,2,True,1,False,0,True,3,True,2,True,1,False,0,True,3,True,2,True,1,False,0,True,3,True,2,False,0,False,0,True,2,True,2,False,0,False,0,True,2,True,2,False,0,False,0,True,2,True,1,False,0,False,0,True,2,False,0,False,0,False,0,0.9624150843047276,0.9624150843047276,0.5671394420549187,0.5671394420549187,0.3848271028255023,0.3848271028255023,0.1810452027320514,0.1810452027320514
25.0,0.9998511461744567,1.6692183384938557,True,5,True,4,True,3,False,0,True,5,True,3,True,3,False,0,True,4,True,3,False,2,False,0,True,4,True,3,False,1,False,0,True,3,True,2,False,1,False,0,True,3,True,2,False,0,False,0,True,2,False,1,False,0,False,0,False,1,False,1,False,0,False,0,False,1,False,1,False,0,False,0,False,1,False,1,False,0,False,0,False,1,False,1,False,0,False,0,1.2334275286710152,0.4037202800942766,0.7069813248654756,0.3918901507404991,0.3110205647468751,0.16467290566006246,0.05664869806305912,0.051279601895596036
293.0,0.9998511461744567,0.8546911459608532,True,11,True,5,True,3,False,0,True,9,True,4,True,2,False,0,True,6,True,3,True,2,False,0,True,5,True,3,True,1,False,0,True,5,True,2,False,0,False,0,True,4,True,1,False,0,False,0,True,3,True,1,False,0,False,0,True,3,True,1,False,0,False,0,True,2,False,0,False,0,False,0,True,1,False,0,False,0,False,0,True,1,False,0,False,0,False,0,0.6289463754895632,0.6289463754895632,0.49134425709434754,0.49134425709434754,0.26926015575024426,0.26926015575024426,0.02808949963190107,0.02808949963190107
378.0,0.9998511461744567,0.9063482457976365,True,11,True,3,False,0,False,0,True,8,True,2,False,0,False,0,True,7,True,2,False,0,False,0,True,3,True,1,False,0,False,0,True,3,False,0,False,0,False,0,True,3,False,0,False,0,False,0,True,3,False,0,False,0,False,0,True,3,False,0,False,0,False,0,True,2,False,0,False,0,False,0,True,2,False,0,False,0,False,0,True,1,False,0,False,0,False,0,0.6036168382398132,0.6036168382398132,0.28581734282473337,0.28581734282473337,0.027098156629577427,0.023436141400680215,0.023436141400680215,0.023436141400680215
106.0,0.9998511461744567,0.3773665448572752,True,4,True,2,False,0,False,0,True,1,False,0,False,0,False,0,True,1,False,0,False,0,False,0,True,1,False,0,False,0,False,0,False,0,False,0,False,0,False,0,False,0,False,0,False,0,False,0,False,0,False,0,False,0,False,0,False,0,False,0,False,0,False,0,False,0,False,0,False,0,False,0,False,0,False,0,False,0,False,0,False,0,False,0,False,0,False,0,0.29694025111199,0.29694025111199,0.12448988414773109,0.12448988414773109,0.08942563390752084,0.031469317447457804,0.031469317447457804,0.031469317447457804
354.0,0.9998511461744567,0.7944686226334343,True,6,True,3,True,1,False,0,True,5,True,2,True,1,False,0,True,3,True,2,False,0,False,0,True,3,False,0,False,0,False,0,True,3,False,0,False,0,False,0,True,2,False,0,False,0,False,0,True,1,False,0,False,0,False,0,True,1,False,0,False,0,False,0,True,1,False,0,False,0,False,0,False,0,False,0,False,0,False,0,False,0,False,0,False,0,False,0,0.5216512389226318,0.5216512389226318,0.23765387129917728,0.23765387129917728,0.19950562418073245,0.19950562418073245,0.003703756716340177,0.003703756716340177
188.0,0.982584102411432,0.9905132363137716,True,9,True,5,True,1,False,0,True,9,True,3,True,1,False,0,True,7,True,3,True,1,False,0,True,6,True,1,False,0,False,0,True,5,True,1,False,0,False,0,True,5,True,1,False,0,False,0,True,3,True,1,False,0,False,0,True,3,True,1,False,0,False,0,True,3,True,1,False,0,False,0,True,3,True,1,False,0,False,0,True,2,True,1,False,0,False,0,0.9277658767692367,0.9277658767692367,0.8637211651937657,0.8637211651937657,0.24002716723199205,0.24002716723199205,0.01776209109903947,0.016298521811105374
379.0,0.9979160464423936,1.2037536645069378,True,14,True,4,False,2,False,0,True,12,True,4,False,2,False,0,True,9,True,4,False,0,False,0,True,10,True,2,False,0,False,0,True,8,True,2,False,0,False,0,True,8,True,2,False,0,False,0,True,6,True,1,False,0,False,0,True,5,True,1,False,0,False,0,True,5,True,1,False,0,False,0,True,3,False,0,False,0,False,0,True,3,False,0,False,0,False,0,0.9780536166781342,0.9780536166781342,0.5017410490251231,0.5017410490251231,0.18782325220257076,0.048118139821454166,0.048118139821454166,0.048118139821454166
94.0,0.9995534385233701,1.8719423062216487,True,14,True,5,False,1,False,0,True,14,False,3,False,1,False,0,True,12,False,2,False,0,False,0,True,10,False,2,False,0,False,0,True,9,False,0,False,0,False,0,True,7,False,0,False,0,False,0,False,5,False,0,False,0,False,0,False,4,False,0,False,0,False,0,False,4,False,0,False,0,False,0,False,3,False,0,False,0,False,0,False,3,False,0,False,0,False,0,1.0165326381873274,0.3868921395847291,0.28816693667905596,0.12066325040199466,0.16418581551935,0.01763565427436892,0.006843187054199749,0.005403807955858346
506.0,0.9998511461744567,0.9337826800230773,True,12,True,5,True,2,True,1,True,9,True,3,True,2,False,0,True,7,True,3,True,1,False,0,True,7,True,3,False,0,False,0,True,6,False,1,False,0,False,0,True,4,False,1,False,0,False,0,True,4,False,0,False,0,False,0,True,3,False,0,False,0,False,0,True,2,False,0,False,0,False,0,True,2,False,0,False,0,False,0,True,2,False,0,False,0,False,0,0.8202452670464079,0.8202452670464079,0.39155818299642936,0.2795926030899196,0.23431206072108463,0.23431206072108463,0.10324774853565961,0.10324774853565961
446.0,0.9998511461744567,1.5549548390278596,True,13,True,4,True,1,False,0,True,10,True,3,True,1,False,0,True,11,False,2,False,0,False,0,True,10,False,2,False,0,False,0,True,10,False,1,False,0,False,0,True,10,False,1,False,0,False,0,True,7,False,1,False,0,False,0,True,4,False,1,False,0,False,0,True,4,False,0,False,0,False,0,True,3,False,0,False,0,False,0,False,1,False,0,False,0,False,0,0.9506656873858231,0.5608906196726602,0.4896502461900931,0.18832465968618825,0.18832465968618825,0.18832465968618825,0.06225687331667352,0.0315343384806082
130.0,0.9998511461744567,0.9798025775192678,True,9,True,4,True,2,False,0,True,8,True,3,True,2,False,0,True,8,True,3,False,0,False,0,True,6,True,3,False,0,False,0,True,5,True,3,False,0,False,0,True,5,True,3,False,0,False,0,True,4,True,1,False,0,False,0,True,3,False,0,False,0,False,0,True,3,False,0,False,0,False,0,True,3,False,0,False,0,False,0,True,3,False,0,False,0,False,0,0.8823031425265172,0.6582504710629505,0.4159467726011306,0.4159467726011306,0.16529507478422137,0.16529507478422137,0.05769295122242088,0.05769295122242088
166.0,0.9994045846978268,0.4820288903786798,True,7,True,2,False,0,False,0,True,4,False,0,False,0,False,0,True,3,False,0,False,0,False,0,True,1,False,0,False,0,False,0,True,1,False,0,False,0,False,0,True,1,False,0,False,0,False,0,False,0,False,0,False,0,False,0,False,0,False,0,False,0,False,0,False,0,False,0,False,0,False,0,False,0,False,0,False,0,False,0,False,0,False,0,False,0,False,0,0.3824759189121739,0.3824759189121739,0.14751187204979302,0.1373115747795492,0.07213023583752103,0.030262001819779772,0.05273217134944199,0.0015668128348299234
22.0,0.9997022923489134,0.7527292787520811,True,9,True,4,False,0,False,0,True,8,True,2,False,0,False,0,True,5,True,1,False,0,False,0,True,3,True,1,False,0,False,0,True,2,True,1,False,0,False,0,True,1,True,1,False,0,False,0,True,1,True,1,False,0,False,0,True,1,True,1,False,0,False,0,True,1,False,0,False,0,False,0,True,1,False,0,False,0,False,0,True,1,False,0,False,0,False,0,0.6975218841486167,0.6975218841486167,0.46005774575527125,0.46005774575527125,0.06096689471902592,0.06096689471902592,0.02217844180315009,0.0014162009761587448
519.0,0.9992557308722834,2.8077891521946428,True,9,True,7,True,5,True,2,True,8,True,7,True,5,True,2,True,9,True,6,True,3,True,2,True,9,True,6,True,3,True,2,True,10,True,6,True,3,True,1,True,10,True,5,True,3,True,1,True,10,True,4,True,3,True,1,True,11,True,5,False,2,False,0,True,11,False,3,False,2,False,0,True,11,False,2,False,2,False,0,True,9,False,2,False,1,False,0,1.8797179373770092,0.8296817554373886,0.6495474231241555,0.4683229278218493,0.6077587062246066,0.4350890429567008,0.42267993368259893,0.42267993368259893
149.0,0.9997022923489134,0.7353262355902597,True,8,True,3,False,0,False,0,True,7,True,2,False,0,False,0,True,4,True,2,False,0,False,0,True,3,True,2,False,0,False,0,True,3,True,1,False,0,False,0,True,1,True,1,False,0,False,0,True,1,True,1,False,0,False,0,True,1,False,0,False,0,False,0,True,1,False,0,False,0,False,0,True,1,False,0,False,0,False,0,True,1,False,0,False,0,False,0,0.6484663545443635,0.6484663545443635,0.4393662556120067,0.4393662556120067,0.08185673815748602,0.05581894610086542,0.01899281364092631,0.009202509795716771
344.0,0.9998511461744567,0.6622957565887371,True,7,True,4,True,2,False,0,True,4,True,3,True,2,False,0,True,4,True,2,False,0,False,0,True,2,False,1,False,0,False,0,True,2,False,0,False,0,False,0,True,2,False,0,False,0,False,0,True,2,False,0,False,0,False,0,True,1,False,0,False,0,False,0,True,1,False,0,False,0,False,0,False,0,False,0,False,0,False,0,False,0,False,0,False,0,False,0,0.5482051732455674,0.5482051732455674,0.28948659635546076,0.20060980557260008,0.18452820778258552,0.16111456299113036,0.006789451396293263,0.0008586115764646868
202.0,0.9998511461744567,0.6961749758127785,True,7,True,3,False,1,False,0,True,6,True,2,False,1,False,0,True,5,True,2,False,0,False,0,True,5,True,1,False,0,False,0,True,2,False,0,False,0,False,0,True,1,False,0,False,0,False,0,True,1,False,0,False,0,False,0,True,1,False,0,False,0,False,0,True,1,False,0,False,0,False,0,False,0,False,0,False,0,False,0,False,0,False,0,False,0,False,0,0.5223642809530157,0.5223642809530157,0.27847263734579664,0.27847263734579664,0.15740457313919298,0.02008592568446332,0.043664418687882435,0.001322985309058309
44.0,0.993450431676094,3.1818525779831948,True,12,True,4,True,3,True,1,True,11,True,2,True,1,True,1,True,9,True,2,True,1,True,1,True,8,True,2,True,1,True,1,True,8,True,2,True,1,True,1,True,7,True,2,True,1,False,0,True,7,False,1,False,0,False,0,True,6,False,0,False,0,False,0,True,4,False,0,False,0,False,0,True,4,False,0,False,0,False,0,True,4,False,0,False,0,False,0,2.538789684462457,2.538789684462457,0.44486238481006074,0.3832515071567044,0.3832515071567044,0.3832515071567044,0.3229487770721027,0.3229487770721027
15.0,0.9998511461744567,0.7418494512298905,True,10,True,2,False,0,False,0,True,7,True,2,False,0,False,0,True,6,True,1,False,0,False,0,True,5,True,1,False,0,False,0,True,4,False,0,False,0,False,0,True,4,False,0,False,0,False,0,True,2,False,0,False,0,False,0,True,2,False,0,False,0,False,0,True,2,False,0,False,0,False,0,True,1,False,0,False,0,False,0,True,1,False,0,False,0,False,0,0.6868574252516966,0.6868574252516966,0.29332827392426886,0.29332827392426886,0.02560579329405478,0.016619438448186204,0.015772200793047197,0.003655320099795336
526.0,0.5440607323608216,0.6994045505023293,True,9,True,2,False,0,False,0,True,5,True,1,False,0,False,0,True,3,True,1,False,0,False,0,True,3,True,1,False,0,False,0,True,2,True,1,False,0,False,0,True,1,False,0,False,0,False,0,True,1,False,0,False,0,False,0,True,1,False,0,False,0,False,0,False,0,False,0,False,0,False,0,False,0,False,0,False,0,False,0,False,0,False,0,False,0,False,0,0.48670014717718174,0.48670014717718174,0.3265863675978645,0.3265863675978645,0.018661737140416662,0.0018026163549422281,0.0018026163549422281,0.0018026163549422281
345.0,0.9998511461744567,0.5142560685438708,True,6,True,3,False,1,False,0,True,2,True,2,False,0,False,0,True,2,True,2,False,0,False,0,True,2,True,2,False,0,False,0,True,2,True,1,False,0,False,0,False,1,False,0,False,0,False,0,False,0,False,0,False,0,False,0,False,0,False,0,False,0,False,0,False,0,False,0,False,0,False,0,False,0,False,0,False,0,False,0,False,0,False,0,False,0,False,0,0.38767651396940683,0.3271021287074945,0.3091205568905704,0.3091205568905704,0.10822044726745152,0.05845903943935654,0.004643074011785392,0.004643074011785392
235.0,0.9998511461744567,0.4669483143326765,True,7,True,2,False,0,False,0,True,3,True,2,False,0,False,0,True,2,True,2,False,0,False,0,True,2,False,0,False,0,False,0,True,2,False,0,False,0,False,0,True,2,False,0,False,0,False,0,True,1,False,0,False,0,False,0,False,0,False,0,False,0,False,0,False,0,False,0,False,0,False,0,False,0,False,0,False,0,False,0,False,0,False,0,False,0,False,0,0.41230941082994765,0.41230941082994765,0.22050905284196287,0.22050905284196287,0.09074265437862775,0.0026383770557810164,0.0016923247320570554,0.001134456837973204
500.0,0.9726108961000298,0.9999474481863654,True,5,True,2,False,1,False,1,True,4,False,1,False,1,False,1,False,2,False,1,False,1,False,1,False,2,False,1,False,1,False,1,False,2,False,1,False,1,False,1,False,1,False,1,False,1,False,1,False,1,False,1,False,1,False,1,False,1,False,1,False,1,False,1,False,1,False,1,False,1,False,1,False,1,False,1,False,1,False,1,False,1,False,1,False,1,False,1,0.9998826022564498,0.19560891403637062,0.9998625356562585,0.12923393608032857,0.9998625356562585,0.007375751739767782,0.7764160621185483,0.0020302215325130957
201.0,0.9998511461744567,2.0018211020078107,True,10,True,5,True,2,True,2,True,10,True,5,True,2,True,2,True,10,True,5,True,2,True,2,True,10,True,5,True,2,True,1,True,10,True,3,True,2,True,1,True,9,True,2,True,1,True,1,True,9,True,2,True,1,True,1,True,10,True,3,False,0,False,0,True,7,True,2,False,0,False,0,True,6,True,1,False,0,False,0,True,6,True,1,False,0,False,0,1.0632093462388676,0.7361338106029458,0.6188647689857254,0.6188647689857254,0.40780021456462023,0.40780021456462023,0.40780021456462023,0.40780021456462023
167.0,0.9998511461744567,0.9504804417272223,True,9,True,6,True,3,True,1,True,8,True,5,True,3,True,1,True,7,True,3,True,3,False,0,True,7,True,3,True,1,False,0,True,6,True,3,False,0,False,0,True,6,False,1,False,0,False,0,True,6,False,1,False,0,False,0,False,2,False,0,False,0,False,0,False,1,False,0,False,0,False,0,False,1,False,0,False,0,False,0,False,1,False,0,False,0,False,0,0.7044996389241781,0.448840043978796,0.41316916387200275,0.3066360218460535,0.2996161963055533,0.2996161963055533,0.15505365847715935,0.15505365847715935
127.0,0.39982137540934803,3.4285714285714293,True,6,True,4,True,3,True,2,True,6,True,5,True,4,True,1,True,6,True,5,True,4,True,1,True,6,True,5,True,4,True,1,True,6,True,5,True,4,True,1,True,6,True,5,True,4,True,1,True,6,True,4,True,4,True,1,True,7,True,4,True,4,False,0,True,7,True,4,True,4,False,0,True,5,True,4,True,4,False,0,True,5,True,4,True,3,False,0,3.428571428571428,0.9965995280248353,0.9827093277760262,0.9827093277760262,0.778113630442321,0.778113630442321,0.43900996981038776,0.43900996981038776
112.0,0.3986305448050015,3.4285714285714297,True,3,False,1,False,1,False,0,False,2,False,1,False,1,False,0,False,1,False,1,False,1,False,0,False,1,False,1,False,1,False,0,False,1,False,1,False,1,False,0,False,1,False,1,False,1,False,0,False,1,False,1,False,1,False,0,False,1,False,1,False,0,False,0,False,1,False,1,False,0,False,0,False,1,False,1,False,0,False,0,False,1,False,1,False,0,False,0,3.4285714285714275,0.1136914039623506,1.4632983678618061,0.0614550583100889,0.4391199095047966,0.005902191948077567,0.0016196112405221393,0.0015134729444292155
535.0,0.9994045846978268,0.5146939248642675,True,9,True,2,False,0,False,0,True,7,True,1,False,0,False,0,True,7,False,0,False,0,False,0,False,1,False,0,False,0,False,0,False,1,False,0,False,0,False,0,False,0,False,0,False,0,False,0,False,0,False,0,False,0,False,0,False,0,False,0,False,0,False,0,False,0,False,0,False,0,False,0,False,0,False,0,False,0,False,0,False,0,False,0,False,0,False,0,0.30864514939177345,0.24983772087991338,0.16415567544269233,0.16415567544269233,0.09641251613605359,0.015870564437754867,0.03552860004226335,0.0012293668097909812
384.0,0.9998511461744567,0.7121999779167988,True,10,True,3,False,0,False,0,True,6,True,3,False,0,False,0,True,5,True,1,False,0,False,0,True,2,True,1,False,0,False,0,True,2,False,0,False,0,False,0,True,2,False,0,False,0,False,0,True,2,False,0,False,0,False,0,True,2,False,0,False,0,False,0,True,2,False,0,False,0,False,0,False,1,False,0,False,0,False,0,False,0,False,0,False,0,False,0,0.5567964284251437,0.5261659241138393,0.2922208542987555,0.2922208542987555,0.08572040281848779,0.06124177486310491,0.012862621842939981,0.004125374267733782
401.0,0.9998511461744567,0.7013425569230398,True,12,False,2,False,0,False,0,True,8,False,2,False,0,False,0,True,6,False,2,False,0,False,0,True,5,False,1,False,0,False,0,True,3,False,0,False,0,False,0,True,2,False,0,False,0,False,0,False,1,False,0,False,0,False,0,False,1,False,0,False,0,False,0,False,1,False,0,False,0,False,0,False,1,False,0,False,0,False,0,False,0,False,0,False,0,False,0,0.5699177333878092,0.37664570968643535,0.280280505338853,0.041212325362542004,0.09079919998940036,0.005699370527667388,0.052074198948187836,0.004541872933947989
24.0,0.9998511461744567,0.5374653035161265,True,5,True,1,True,1,True,1,True,4,True,2,True,1,True,1,True,2,False,0,False,0,False,0,True,2,False,0,False,0,False,0,True,2,False,0,False,0,False,0,False,0,False,0,False,0,False,0,False,0,False,0,False,0,False,0,False,0,False,0,False,0,False,0,False,0,False,0,False,0,False,0,False,0,False,0,False,0,False,0,False,0,False,0,False,0,False,0,0.34381243964452857,0.32556854931540036,0.19286816662252876,0.16596878763742418,0.16704038977246552,0.16596878763742418,0.15982429097122783,0.15982429097122783
212.0,0.9994045846978268,0.4556912064216492,True,10,False,2,False,0,False,0,True,6,False,1,False,0,False,0,False,1,False,0,False,0,False,0,False,1,False,0,False,0,False,0,False,1,False,0,False,0,False,0,False,0,False,0,False,0,False,0,False,0,False,0,False,0,False,0,False,0,False,0,False,0,False,0,False,0,False,0,False,0,False,0,False,0,False,0,False,0,False,0,False,0,False,0,False,0,False,0,0.32496088978351956,0.18108497805101748,0.15157556747356218,0.07317885389039482,0.08810650256778702,0.020520789551982967,0.056088165394074206,0.0005883328650163975
90.0,0.43420660910985415,1.7670735505814386,True,12,True,4,True,3,False,1,True,13,True,3,True,2,False,0,True,12,True,3,True,2,False,0,True,11,True,3,True,1,False,0,True,11,True,1,False,0,False,0,True,9,True,1,False,0,False,0,True,8,True,1,False,0,False,0,True,6,True,1,False,0,False,0,True,6,True,1,False,0,False,0,True,5,True,1,False,0,False,0,True,5,True,1,False,0,False,0,1.06301611796176,1.06301611796176,0.7165602753517575,0.7165602753517575,0.2853674218586144,0.2853674218586144,0.13918037546364556,0.09835899810184419
416.0,0.9998511461744567,0.4593096897132456,True,7,False,1,False,0,False,0,True,3,False,0,False,0,False,0,True,3,False,0,False,0,False,0,True,1,False,0,False,0,False,0,True,1,False,0,False,0,False,0,False,0,False,0,False,0,False,0,False,0,False,0,False,0,False,0,False,0,False,0,False,0,False,0,False,0,False,0,False,0,False,0,False,0,False,0,False,0,False,0,False,0,False,0,False,0,False,0,0.33549477534910227,0.33549477534910227,0.14278482379524263,0.08709526447745551,0.08106179209996663,0.011171425072566913,0.05865103984130614,0.00437538538133632
245.0,0.9997022923489134,0.4193809901456116,True,7,False,3,False,2,False,0,True,6,False,1,False,0,False,0,False,3,False,0,False,0,False,0,False,2,False,0,False,0,False,0,False,1,False,0,False,0,False,0,False,0,False,0,False,0,False,0,False,0,False,0,False,0,False,0,False,0,False,0,False,0,False,0,False,0,False,0,False,0,False,0,False,0,False,0,False,0,False,0,False,0,False,0,False,0,False,0,0.30885014458924126,0.1915140828709873,0.16420116685236935,0.07594435262497819,0.12029051081566579,0.004543149706491483,0.04628144678830269,0.004543149706491483
58.0,0.9998511461744567,0.9590364703111632,True,8,True,2,False,0,False,0,True,6,True,2,False,0,False,0,True,4,True,1,False,0,False,0,True,3,True,1,False,0,False,0,True,2,True,1,False,0,False,0,True,2,True,1,False,0,False,0,True,2,True,1,False,0,False,0,True,2,True,1,False,0,False,0,True,1,True,1,False,0,False,0,True,1,False,0,False,0,False,0,True,1,False,0,False,0,False,0,0.6542231452166026,0.6542231452166026,0.5207705414814158,0.5207705414814158,0.08854610457251032,0.08854610457251032,0.004122740619352538,0.0010954943621069829
108.0,0.9903245013396844,3.418465637373242,True,9,True,6,True,3,False,1,True,11,True,6,True,4,False,2,True,11,True,5,True,4,False,2,True,13,True,6,True,3,False,0,True,11,True,5,True,3,False,0,True,12,True,4,True,3,False,0,True,11,True,4,True,3,False,0,True,11,True,4,True,3,False,0,True,10,True,3,True,3,False,0,True,10,True,3,True,3,False,0,True,10,True,3,True,3,False,0,3.3073189052574805,1.5790054854195725,0.9998362010086874,0.9998362010086874,0.987550438848655,0.987550438848655,0.23423010724630344,0.02739664438964721
327.0,0.9991068770467401,0.4154277878660606,True,5,True,2,True,1,False,0,True,3,True,1,False,0,False,0,True,2,False,0,False,0,False,0,True,1,False,0,False,0,False,0,True,1,False,0,False,0,False,0,False,0,False,0,False,0,False,0,False,0,False,0,False,0,False,0,False,0,False,0,False,0,False,0,False,0,False,0,False,0,False,0,False,0,False,0,False,0,False,0,False,0,False,0,False,0,False,0,0.314258834868116,0.314258834868116,0.18032755289115854,0.18032755289115854,0.1475645539851107,0.1475645539851107,0.029068431573068484,0.029068431573068484
213.0,0.9998511461744567,0.866567729477717,True,10,True,5,True,2,False,0,True,9,True,2,True,1,False,0,True,6,True,2,False,0,False,0,True,6,True,1,False,0,False,0,True,4,False,0,False,0,False,0,True,4,False,0,False,0,False,0,True,3,False,0,False,0,False,0,True,3,False,0,False,0,False,0,True,2,False,0,False,0,False,0,False,0,False,0,False,0,False,0,False,0,False,0,False,0,False,0,0.5164652509472726,0.5164652509472726,0.2657361894924859,0.2657361894924859,0.17993762516393813,0.17993762516393813,0.07652444415380617,0.07652444415380617
350.0,0.9998511461744567,1.3207478774346753,True,10,True,6,False,0,False,0,True,8,True,5,False,0,False,0,True,8,True,4,False,0,False,0,True,7,True,2,False,0,False,0,True,7,True,1,False,0,False,0,True,6,True,1,False,0,False,0,True,5,True,1,False,0,False,0,True,4,True,1,False,0,False,0,True,3,True,1,False,0,False,0,True,3,False,0,False,0,False,0,True,3,False,0,False,0,False,0,0.8226351201323572,0.8226351201323572,0.5280726183848066,0.5280726183848066,0.07717642054334653,0.012524795606633788,0.06389559665744489,0.012524795606633788
444.0,0.9998511461744567,0.7567549703398669,True,7,True,5,True,2,False,0,True,5,True,5,True,2,False,0,True,4,True,3,True,2,False,0,True,4,True,3,False,1,False,0,True,4,True,2,False,0,False,0,True,3,True,1,False,0,False,0,True,3,True,1,False,0,False,0,True,2,False,0,False,0,False,0,True,2,False,0,False,0,False,0,True,2,False,0,False,0,False,0,True,2,False,0,False,0,False,0,0.6758855599097063,0.6479464610518063,0.4202142687534693,0.4202142687534693,0.2797429913858644,0.22790591624675688,0.06859423189921102,0.0077845015737344645
86.0,0.9998511461744567,2.098973176703182,True,5,True,2,True,2,True,1,True,5,True,2,True,2,True,1,True,2,True,2,True,2,True,1,True,2,True,2,True,2,True,1,True,2,True,2,True,2,True,1,True,2,True,2,True,2,True,1,True,2,True,2,True,1,False,0,True,2,True,2,True,1,False,0,True,2,True,2,True,1,False,0,True,2,True,2,True,1,False,0,True,2,True,2,True,1,False,0,1.4878345629387697,0.8986775574828993,0.8213352239746217,0.8213352239746217,0.6553550285236152,0.6553550285236152,0.37732680301592453,0.37732680301592453
248.0,0.9998511461744567,2.801051251950624,True,8,True,4,True,2,True,2,True,7,True,4,True,2,False,1,True,6,True,4,True,2,False,1,True,6,True,4,True,2,False,1,True,6,True,3,True,2,False,1,True,7,True,4,True,2,False,0,True,7,True,4,True,2,False,0,True,7,True,4,True,2,False,0,True,7,True,4,True,2,False,0,True,7,True,4,True,2,False,0,True,7,True,4,False,0,False,0,1.8907273120459869,0.9605827996629344,1.0685724715651845,0.6464297054673435,0.5998423176096513,0.5998423176096513,0.3003797036078898,0.1464177028982622
457.0,0.9672521583804704,0.9370218216981745,True,10,True,2,True,2,False,0,True,5,True,2,True,2,False,0,True,4,True,2,True,1,False,0,True,2,True,2,True,1,False,0,True,2,True,2,True,1,False,0,True,2,True,2,False,0,False,0,True,2,True,2,False,0,False,0,True,2,True,2,False,0,False,0,True,2,True,1,False,0,False,0,True,2,True,1,False,0,False,0,True,2,True,1,False,0,False,0,0.9143518225875332,0.9143518225875332,0.6332089350465719,0.6332089350465719,0.30674354923272096,0.30674354923272096,0.07143643915809927,0.07143643915809927
122.0,0.9998511461744567,2.082290765965662,True,4,True,4,True,2,False,1,True,4,False,1,False,1,False,1,True,2,False,1,False,1,False,1,True,2,False,1,False,1,False,1,False,1,False,1,False,1,False,1,False,1,False,1,False,1,False,1,False,1,False,1,False,1,False,1,False,1,False,1,False,1,False,1,False,1,False,1,False,1,False,1,False,1,False,1,False,1,False,1,False,2,False,1,False,0,False,0,2.0461425373166593,0.26574641229984464,0.6270557536848756,0.119245399268476,0.5674897048391638,0.11117802647019402,0.5517943461707592,0.00021795759364377602
192.0,0.9998511461744567,0.9922120933865902,True,9,True,3,False,1,False,0,True,8,True,3,False,1,False,0,True,7,False,2,False,1,False,0,True,5,False,1,False,1,False,0,True,3,False,1,False,0,False,0,True,3,False,1,False,0,False,0,True,3,False,1,False,0,False,0,True,3,False,1,False,0,False,0,True,3,False,0,False,0,False,0,True,2,False,0,False,0,False,0,True,2,False,0,False,0,False,0,0.9324548878946475,0.9324548878946475,0.46164281549884373,0.15830432993587693,0.27049263774625354,0.007506671191203254,0.016620820657990372,0.0007320145110819686
2.0,0.9985114617445668,0.917614664176048,True,8,True,2,False,1,False,0,True,6,True,2,False,1,False,0,True,4,False,1,False,0,False,0,True,2,False,0,False,0,False,0,True,2,False,0,False,0,False,0,False,1,False,0,False,0,False,0,False,1,False,0,False,0,False,0,False,1,False,0,False,0,False,0,False,1,False,0,False,0,False,0,False,1,False,0,False,0,False,0,False,1,False,0,False,0,False,0,0.6682558818032615,0.31244320360062366,0.21640546142961445,0.18466125263113398,0.19618039464285175,0.06918272613401111,0.06918272613401111,0.06918272613401111
329.0,0.9992557308722834,1.1216889276918538,True,11,True,5,False,0,False,0,True,9,True,1,False,0,False,0,True,8,True,1,False,0,False,0,True,4,True,1,False,0,False,0,True,4,True,1,False,0,False,0,True,3,True,1,False,0,False,0,True,2,True,1,False,0,False,0,True,2,True,1,False,0,False,0,True,1,True,1,False,0,False,0,True,1,True,1,False,0,False,0,True,1,False,0,False,0,False,0,0.7675042277678882,0.7675042277678882,0.5680713609473018,0.5680713609473018,0.04817541063954944,0.018856039817960465,0.018856039817960465,0.018856039817960465
281.0,0.9998511461744567,1.0597043080957658,True,10,False,3,False,0,False,0,True,10,False,1,False,0,False,0,True,7,False,0,False,0,False,0,True,5,False,0,False,0,False,0,False,3,False,0,False,0,False,0,False,3,False,0,False,0,False,0,False,2,False,0,False,0,False,0,False,1,False,0,False,0,False,0,False,0,False,0,False,0,False,0,False,0,False,0,False,0,False,0,False,0,False,0,False,0,False,0,0.4862333911701238,0.26243897644710584,0.18430139885354205,0.02698346075146704,0.04101831963675278,0.02275977926161389,0.02275977926161389,0.02275977926161389
265.0,0.9998511461744567,0.8784282685163619,True,9,True,6,False,1,False,0,True,9,True,5,False,1,False,0,True,8,True,1,False,0,False,0,True,7,True,1,False,0,False,0,True,5,True,1,False,0,False,0,True,3,True,1,False,0,False,0,True,3,False,0,False,0,False,0,True,3,False,0,False,0,False,0,True,2,False,0,False,0,False,0,True,2,False,0,False,0,False,0,True,2,False,0,False,0,False,0,0.7804896667763745,0.7804896667763745,0.39172184211776384,0.39172184211776384,0.15003167665216594,0.005029298981100689,0.005029298981100689,0.005029298981100689
447.0,0.9998511461744567,1.0627926642987686,True,11,True,4,True,3,False,1,True,8,True,3,True,3,False,1,True,7,True,3,False,2,False,1,True,4,True,3,False,2,False,0,True,4,True,3,False,2,False,0,True,4,True,3,False,1,False,0,True,4,True,3,False,1,False,0,True,4,True,3,False,0,False,0,True,4,True,3,False,0,False,0,True,3,False,1,False,0,False,0,True,2,False,1,False,0,False,0,0.8021557631891099,0.634076307478887,0.7616490039475393,0.5192810670266562,0.40073048999693706,0.1587929870005201,0.22904742327378527,0.018342498868523575
89.0,0.9723131884489431,0.5997118408685103,True,6,False,2,False,1,False,0,True,3,False,1,False,1,False,0,False,2,False,1,False,0,False,0,False,1,False,1,False,0,False,0,False,1,False,1,False,0,False,0,False,1,False,1,False,0,False,0,False,1,False,1,False,0,False,0,False,1,False,1,False,0,False,0,False,1,False,1,False,0,False,0,False,0,False,0,False,0,False,0,False,0,False,0,False,0,False,0,0.5468477481710675,0.19948367894924143,0.5076061790215739,0.04499682853655755,0.1694512667217006,0.0022052211880201748,0.06515825529426268,0.0019613308006920785
224.0,0.9995534385233701,0.5042698121282664,True,5,True,2,False,0,False,0,True,3,True,1,False,0,False,0,True,2,False,0,False,0,False,0,True,2,False,0,False,0,False,0,False,0,False,0,False,0,False,0,False,0,False,0,False,0,False,0,False,0,False,0,False,0,False,0,False,0,False,0,False,0,False,0,False,0,False,0,False,0,False,0,False,0,False,0,False,0,False,0,False,0,False,0,False,0,False,0,0.28433610309638474,0.2739895991747784,0.19997774321639813,0.19997774321639813,0.03180237478830531,0.008496600453031066,0.03161273495864421,0.00440229688065336
