id_ip,ratio_active,max_rel_dev,t10p7_d,t10p7_n,t10p14_d,t10p14_n,t10p21_d,t10p21_n,t10p28_d,t10p28_n,t15p7_d,t15p7_n,t15p14_d,t15p14_n,t15p21_d,t15p21_n,t15p28_d,t15p28_n,t20p7_d,t20p7_n,t20p14_d,t20p14_n,t20p21_d,t20p21_n,t20p28_d,t20p28_n,t25p7_d,t25p7_n,t25p14_d,t25p14_n,t25p21_d,t25p21_n,t25p28_d,t25p28_n,t30p7_d,t30p7_n,t30p14_d,t30p14_n,t30p21_d,t30p21_n,t30p28_d,t30p28_n,t35p7_d,t35p7_n,t35p14_d,t35p14_n,t35p21_d,t35p21_n,t35p28_d,t35p28_n,t40p7_d,t40p7_n,t40p14_d,t40p14_n,t40p21_d,t40p21_n,t40p28_d,t40p28_n,t45p7_d,t45p7_n,t45p14_d,t45p14_n,t45p21_d,t45p21_n,t45p28_d,t45p28_n,t50p7_d,t50p7_n,t50p14_d,t50p14_n,t50p21_d,t50p21_n,t50p28_d,t50p28_n,t55p7_d,t55p7_n,t55p14_d,t55p14_n,t55p21_d,t55p21_n,t55p28_d,t55p28_n,t60p7_d,t60p7_n,t60p14_d,t60p14_n,t60p21_d,t60p21_n,t60p28_d,t60p28_n,S_p7,S_p7_test,S_p14,S_p14_test,S_p21,S_p21_test,S_p28,S_p28_test
1732869.0,0.019306169040647178,3.428571428571429,True,7,False,1,False,1,False,1,True,4,False,1,False,1,False,1,True,3,False,1,False,1,False,1,False,2,False,1,False,1,False,1,False,1,False,1,False,1,False,1,False,1,False,1,False,1,False,1,False,1,False,1,False,1,False,1,False,1,False,1,False,1,False,1,False,1,False,1,False,1,False,0,False,1,False,1,False,1,False,0,False,1,False,1,False,1,False,0,3.4285714285714284,0.22452180447499326,2.559538274605103,0.02062177743006143,1.009044892540038,0.012839529062760875,0.48212706833396485,0.011895330379089259
156573.0,0.9897017221698348,0.805954011314713,True,8,True,2,False,0,False,0,True,6,True,2,False,0,False,0,True,5,True,2,False,0,False,0,True,5,True,2,False,0,False,0,True,4,False,0,False,0,False,0,True,3,False,0,False,0,False,0,False,1,False,0,False,0,False,0,False,0,False,0,False,0,False,0,False,0,False,0,False,0,False,0,False,0,False,0,False,0,False,0,False,0,False,0,False,0,False,0,0.4285237325713524,0.37869351175408456,0.2952370994126409,0.2952370994126409,0.015214349431739247,0.012257741666019626,0.004964675831818048,0.0007521159887240117
370378.0,0.08248548315052856,3.4285714285714284,True,6,True,3,True,3,True,1,True,7,True,3,True,2,True,1,True,6,True,3,True,2,True,1,True,6,True,3,True,2,True,1,True,6,True,3,True,2,True,1,True,6,True,3,True,1,True,1,True,6,True,3,True,1,True,1,True,6,True,3,True,1,True,1,True,6,True,3,True,1,True,1,True,7,True,1,True,1,True,1,True,5,True,1,True,1,True,1,3.4285714285714284,3.4285714285714284,1.0,1.0,1.0,1.0,1.0,1.0
1489157.0,0.011613479577150232,3.4285714285714293,True,2,True,2,True,2,True,1,True,3,True,3,True,3,True,2,True,3,True,3,True,3,True,2,True,4,True,4,True,4,True,3,True,4,True,4,True,4,True,3,True,4,True,4,True,4,True,3,True,4,True,4,True,4,True,3,True,4,True,4,True,4,True,3,True,5,True,4,True,4,True,3,True,5,True,4,True,4,True,3,True,5,True,4,True,4,True,3,3.4285714285714284,3.428571428571428,1.0,1.0,1.0,1.0,1.0,1.0
1753002.0,0.01923172365874237,3.4285714285714293,True,10,False,1,False,1,False,1,True,8,False,1,False,1,False,1,True,6,False,1,False,1,False,1,True,6,False,1,False,1,False,1,False,2,False,1,False,1,False,1,False,1,False,1,False,1,False,1,False,1,False,1,False,1,False,1,False,1,False,1,False,1,False,1,False,1,False,1,False,1,False,1,False,1,False,1,False,1,False,1,False,1,False,1,False,1,False,1,3.4285714285714284,0.2839078764035735,1.6495228991345616,0.02617457150293095,0.823840647370059,0.005020174533170522,0.6112807115942738,0.004249615900101404
475413.0,0.004764504441907787,3.4285714285714284,True,3,True,3,True,3,True,3,True,3,True,3,True,3,True,3,True,3,True,3,True,3,True,3,True,3,True,3,True,3,True,3,True,4,True,3,True,3,True,3,True,4,True,3,True,3,True,3,True,4,True,3,True,3,True,3,True,4,True,3,True,3,True,3,True,5,True,4,True,3,True,3,True,5,True,4,True,3,True,3,True,5,True,4,True,3,True,3,3.428571428571428,3.0268151606832503,1.0,0.9647555128537122,1.0,0.7901329015313165,1.0,0.7222450319603864
105987.0,0.044195741724155045,1.4845658982534353,True,13,True,2,True,1,False,0,True,11,True,2,True,1,False,0,True,9,True,2,True,1,False,0,True,8,True,2,True,1,False,0,True,8,True,2,False,0,False,0,True,5,True,2,False,0,False,0,True,4,True,2,False,0,False,0,True,3,True,2,False,0,False,0,True,3,True,1,False,0,False,0,True,3,True,1,False,0,False,0,True,3,False,0,False,0,False,0,1.0225542998410737,0.8987371029177915,0.5852777690544233,0.5852777690544233,0.25225632103061507,0.25225632103061507,0.008554716558140553,0.0013342394523383296
135165.0,0.06767085215147153,1.3492888855090195,False,5,False,3,False,3,False,1,False,5,False,3,False,3,False,1,False,6,False,3,False,1,False,1,False,6,False,2,False,1,False,1,False,5,False,2,False,1,False,1,False,5,False,1,False,1,False,1,False,5,False,1,False,1,False,1,False,4,False,1,False,1,False,1,False,3,False,1,False,1,False,1,False,3,False,1,False,1,False,1,False,2,False,1,False,1,False,1,1.0,0.0,1.0,0.0,1.0,0.0,0.9659950783155943,0.0
1770039.0,0.019852101841282447,3.4285714285714293,True,8,False,1,False,1,False,1,True,5,False,1,False,1,False,1,True,2,False,1,False,1,False,1,True,2,False,1,False,1,False,1,True,2,False,1,False,1,False,1,True,2,False,1,False,1,False,1,True,2,False,1,False,1,False,1,False,1,False,1,False,1,False,1,False,1,False,1,False,1,False,0,False,1,False,1,False,1,False,0,False,2,False,1,False,0,False,0,3.428571428571428,0.4030037335970356,0.6708479234076503,0.06386685941885746,0.5974750935046554,0.0027116335985448454,0.470038939600481,0.0027116335985448454
143940.0,0.010372723212070077,3.0632673202710525,True,8,True,3,True,3,True,2,True,9,True,3,True,3,True,2,True,9,True,3,True,2,True,2,True,9,True,3,True,2,True,2,True,9,True,3,True,2,True,2,True,9,True,3,True,2,False,1,True,8,True,3,True,2,False,1,True,7,True,3,True,2,False,1,True,6,True,3,True,2,False,1,True,4,True,3,False,1,False,1,True,5,True,2,False,1,False,1,2.506284139666835,0.8350662782148096,1.4347201140564962,0.723425870209673,0.8913582715148191,0.5225824533652697,0.8913582715148191,0.33907803518021523
1804229.0,0.01965358082286962,3.4285714285714293,True,5,False,2,False,1,False,1,True,5,False,2,False,1,False,1,True,5,False,1,False,1,False,1,True,3,False,1,False,1,False,1,False,2,False,1,False,1,False,1,False,2,False,1,False,1,False,1,False,2,False,1,False,1,False,0,False,1,False,1,False,1,False,0,False,1,False,1,False,1,False,0,False,1,False,1,False,1,False,0,False,1,False,1,False,1,False,0,3.428571428571428,0.2515300289192279,0.8525432678204751,0.007166936373996694,0.6099265886499928,0.004820030936256238,0.3852519931585071,0.0030845175766641047
1681669.0,0.01970321107747283,3.428571428571429,True,9,False,2,False,1,False,1,True,8,False,2,False,1,False,1,True,6,False,1,False,1,False,1,False,4,False,1,False,1,False,1,False,3,False,1,False,1,False,1,False,2,False,1,False,1,False,1,False,2,False,1,False,1,False,1,False,2,False,1,False,1,False,1,False,2,False,1,False,1,False,1,False,2,False,1,False,1,False,1,False,2,False,1,False,1,False,1,3.428571428571429,0.217342607454967,1.0094591895880725,0.012549813085265281,0.6217303822937624,0.012549813085265281,0.6217303822937624,0.004964282445443022
1786188.0,0.01965358082286962,3.428571428571429,True,11,False,3,False,1,False,1,True,10,False,1,False,1,False,1,True,7,False,1,False,1,False,1,True,7,False,1,False,1,False,1,False,5,False,1,False,1,False,1,False,4,False,1,False,1,False,1,False,4,False,1,False,1,False,1,False,3,False,1,False,1,False,0,False,2,False,1,False,1,False,0,False,2,False,1,False,1,False,0,False,2,False,1,False,1,False,0,3.4285714285714275,0.27012382744816876,0.9359013719658447,0.02384708083905664,0.9359013719658447,0.02384708083905664,0.41551301299964194,0.002965813384901369
1572545.0,0.14174400714675667,2.1719635678112112,True,8,True,8,True,4,True,3,True,9,True,9,True,4,True,3,True,10,True,9,True,3,True,2,True,12,True,8,True,2,True,1,True,12,True,7,True,2,True,1,True,13,True,6,True,2,True,1,True,12,True,6,True,2,True,1,True,12,True,5,True,2,True,1,True,10,True,5,True,2,True,1,True,10,True,5,True,2,True,1,True,10,True,5,True,2,True,1,1.4605199118327166,1.0785879540632823,0.9654777848897149,0.7537124960385011,0.7186071245224698,0.7186071245224698,0.7186071245224698,0.7186071245224698
168060.0,0.1314953595711946,3.427766207371276,True,9,True,4,True,4,True,2,True,7,True,4,True,4,True,2,True,8,True,4,True,3,True,2,True,8,True,4,True,3,True,2,True,8,True,4,True,3,True,2,True,8,True,5,True,4,True,2,True,8,True,5,True,3,True,2,True,8,True,4,True,3,True,2,True,8,True,4,True,3,True,2,True,8,True,4,True,3,True,2,True,10,True,6,True,3,False,1,2.7972800648199385,2.0798275769122507,1.3228896584776058,1.3228896584776058,0.9817748638216717,0.9817748638216717,0.8883205206291072,0.5584610869569291
1783666.0,0.018884311876519927,3.4285714285714293,True,12,False,1,False,1,False,1,True,7,False,1,False,1,False,1,False,3,False,1,False,1,False,1,False,4,False,1,False,1,False,0,False,1,False,1,False,1,False,0,False,1,False,1,False,1,False,0,False,1,False,1,False,1,False,0,False,1,False,1,False,1,False,0,False,1,False,1,False,1,False,0,False,1,False,1,False,0,False,0,False,1,False,1,False,0,False,0,3.428571428571428,0.1973285757881641,0.6134813973810267,0.09264165038501315,0.5063605388805452,0.0008917074326619562,0.20160355288979553,0.0008917074326619562
165547.0,0.02312769864509405,3.428571428571429,True,5,True,4,True,3,True,3,True,5,True,5,True,4,True,3,True,5,True,5,True,3,True,2,True,5,True,5,True,3,True,2,True,6,True,5,True,3,True,2,True,6,True,4,True,3,True,2,True,7,True,4,True,2,True,2,True,7,True,4,True,2,True,2,True,7,True,4,True,2,True,2,True,7,True,4,True,2,True,2,True,7,True,4,True,2,True,2,3.2187160021794643,3.2187160021794643,1.0,1.0,1.0,1.0,1.0,1.0
175742.0,0.5685145664797261,1.7312741124549185,True,12,True,7,True,4,True,2,True,13,True,6,True,3,False,1,True,11,True,5,False,2,False,1,True,11,True,5,False,2,False,1,True,11,True,4,False,1,False,0,True,10,True,4,False,0,False,0,True,9,True,3,False,0,False,0,True,8,True,2,False,0,False,0,True,7,True,1,False,0,False,0,True,5,True,1,False,0,False,0,True,3,True,1,False,0,False,0,0.8769876800169905,0.8043988464051293,0.6924595528016304,0.6924595528016304,0.30789142164674765,0.15580654704447572,0.2714582369166078,0.13553980121976184
556848.0,0.12102337584991811,3.4271986872759705,True,6,True,5,True,5,True,4,True,6,True,5,True,5,True,4,True,7,True,5,True,5,True,4,True,6,True,4,True,4,True,4,True,6,True,4,True,4,True,4,True,7,True,5,True,5,True,4,True,6,True,5,True,5,True,4,True,7,True,5,True,5,True,3,True,7,True,5,True,5,True,3,True,7,True,5,True,5,True,2,True,7,True,5,True,5,True,2,3.3770674559432616,3.2648580525854483,1.0,1.0,1.0,1.0,0.9862904863128309,0.9862904863128309
1771837.0,0.01851208496699588,3.4285714285714293,True,6,True,2,False,1,False,1,True,6,True,2,False,1,False,1,True,4,True,2,False,1,False,1,True,3,True,2,False,1,False,1,True,3,True,2,False,1,False,1,True,3,True,2,False,1,False,0,True,3,True,2,False,1,False,0,False,2,False,1,False,1,False,0,False,2,False,1,False,1,False,0,False,2,False,1,False,1,False,0,False,1,False,1,False,1,False,0,3.4285714285714284,0.4443248696821927,1.4417646540184834,0.4379546781205621,0.612120798456202,0.010422915197499862,0.3270337901477448,0.0063967830935082745
659213.0,0.9627524939202938,1.6034287862278258,True,12,True,2,True,1,True,1,True,12,True,2,True,1,True,1,True,11,True,2,False,0,False,0,True,11,True,2,False,0,False,0,True,8,False,1,False,0,False,0,True,6,False,1,False,0,False,0,True,6,False,1,False,0,False,0,True,4,False,1,False,0,False,0,True,3,False,1,False,0,False,0,True,3,False,1,False,0,False,0,True,3,False,0,False,0,False,0,0.9581153198341551,0.6816188647669735,0.5527601479442456,0.27561912408374567,0.18924216394097249,0.18924216394097249,0.1502317512456534,0.1502317512456534
1803510.0,0.021365824606680232,3.428571428571429,True,7,False,1,False,1,False,1,True,4,False,1,False,1,False,1,True,4,False,1,False,1,False,1,True,2,False,1,False,1,False,1,True,2,False,1,False,1,False,1,True,2,False,1,False,1,False,1,False,1,False,1,False,1,False,0,False,1,False,1,False,1,False,0,False,1,False,1,False,1,False,0,False,1,False,1,False,1,False,0,False,1,False,1,False,1,False,0,3.428571428571428,0.3977009869278975,1.0175987597611391,0.020968132260036677,0.9258905866338693,0.016924819346296756,0.3972936038642301,0.002139399006947211
710570.0,0.4183086009231227,1.7729576076999474,True,9,True,4,True,2,False,0,True,8,True,4,True,1,False,0,True,7,True,3,False,0,False,0,True,7,True,3,False,0,False,0,True,6,True,2,False,0,False,0,True,4,True,2,False,0,False,0,True,4,True,2,False,0,False,0,True,3,True,1,False,0,False,0,True,3,True,1,False,0,False,0,True,2,False,0,False,0,False,0,True,2,False,0,False,0,False,0,0.9999995194923316,0.9999995194923316,0.5356566094967601,0.5356566094967601,0.17153461518586835,0.17153461518586835,0.026490280247807422,0.005645595081724842
254996.0,0.10903766936324383,3.387856108556273,True,9,True,5,True,4,True,4,True,9,True,5,True,4,True,4,True,10,True,5,True,4,True,4,True,10,True,4,True,4,True,4,True,12,True,4,True,4,True,3,True,13,True,4,True,3,True,3,True,14,True,4,True,3,True,2,True,13,True,4,True,3,True,2,True,13,True,4,True,3,True,2,True,13,True,4,True,3,True,2,True,12,True,3,True,3,True,1,3.006347150752894,3.006347150752894,0.9986427496623661,0.9104353825004775,0.9848008072338231,0.9104353825004775,0.6619138882237066,0.6619138882237066
834812.0,0.005533773388257481,3.4285714285714284,True,7,True,5,True,5,True,3,True,6,True,5,True,4,True,3,True,7,True,4,True,4,True,3,True,5,True,4,True,4,True,3,True,5,True,4,True,4,True,3,True,5,True,4,True,3,True,3,True,5,True,4,True,3,True,3,True,5,True,4,True,3,True,3,True,5,True,4,True,3,True,2,True,5,True,4,True,3,True,2,True,5,True,4,True,3,True,2,3.4285714285714284,2.863636831328648,1.0,0.9403665348521888,1.0,0.9105176896065854,1.0,0.8297207104380384
841082.0,0.1493126209737456,3.2128058802614934,True,12,True,7,False,3,False,2,True,12,True,7,False,3,False,2,True,13,True,6,False,3,False,2,True,14,True,5,False,3,False,2,True,14,True,5,False,2,False,2,True,14,True,5,False,2,False,1,True,13,True,5,False,2,False,1,True,13,True,5,False,2,False,1,True,13,True,5,False,1,False,1,True,13,True,5,False,0,False,0,True,12,True,4,False,0,False,0,1.737964638203351,1.579002488933234,0.9794952354135693,0.9620405151191669,0.5217369719857643,0.03138168725458098,0.5217369719857643,0.03138168725458098
1777285.0,0.018760236240011913,3.428571428571429,True,7,True,3,False,2,False,1,True,7,False,3,False,1,False,1,True,7,False,2,False,1,False,1,False,5,False,2,False,1,False,1,False,4,False,2,False,1,False,1,False,3,False,2,False,1,False,1,False,2,False,2,False,1,False,1,False,2,False,2,False,1,False,1,False,3,False,1,False,1,False,1,False,2,False,1,False,1,False,1,False,2,False,1,False,1,False,1,3.428571428571428,0.2246691188915341,1.7428803542414346,0.10082416214922142,0.7353087297810362,0.05421433731498751,0.6359985918938431,0.003035779712001115
1656.0,0.7687726438036627,1.5447288326604214,True,9,True,5,True,3,False,1,True,9,True,3,True,2,False,1,True,8,True,3,True,2,False,0,True,6,True,3,False,1,False,0,True,4,True,3,False,1,False,0,True,3,True,3,False,1,False,0,True,3,True,3,False,0,False,0,True,3,True,3,False,0,False,0,True,3,True,2,False,0,False,0,True,3,True,2,False,0,False,0,True,3,True,2,False,0,False,0,1.0168067762768058,1.0168067762768058,0.7528357240242335,0.7528357240242335,0.395857918648116,0.2046636742887523,0.16807418158883156,0.039825818948179034
182510.0,0.02809072410541466,2.4355069461430556,True,8,True,5,True,3,True,2,True,7,True,4,True,3,True,2,True,7,True,4,True,2,True,2,True,7,True,4,True,2,True,2,True,7,True,3,True,2,True,2,True,8,True,3,True,2,True,2,True,8,True,3,True,2,True,2,True,7,True,2,True,2,True,2,True,8,True,2,True,2,True,2,True,10,True,4,False,2,False,2,True,8,True,4,False,2,False,2,2.026587867006259,1.9470943908064395,0.8944166643830447,0.8944166643830447,0.8283174756176925,0.5237507788359554,0.7602555889466055,0.5237507788359554
556273.0,0.07121941535560078,2.6995089804278884,False,6,False,3,False,3,False,2,False,6,False,3,False,3,False,2,False,6,False,3,False,3,False,2,False,6,False,3,False,3,False,2,False,7,False,3,False,3,False,1,False,7,False,3,False,2,False,1,False,7,False,3,False,2,False,1,False,6,False,3,False,2,False,1,False,6,False,2,False,2,False,1,False,6,False,2,False,2,False,1,False,6,False,2,False,2,False,1,1.5300000934492903,0.0,1.0,0.0,1.0,0.0,0.7890875975553047,0.0
1807236.0,0.018884311876519927,3.4285714285714293,True,9,False,2,False,1,False,1,True,8,False,1,False,1,False,1,True,4,False,1,False,1,False,1,False,2,False,1,False,1,False,1,False,2,False,1,False,1,False,1,False,2,False,1,False,1,False,1,False,2,False,2,False,0,False,0,False,2,False,2,False,0,False,0,False,2,False,2,False,0,False,0,False,2,False,1,False,0,False,0,False,2,False,1,False,0,False,0,3.428571428571428,0.20044375191612976,1.2142857142857142,0.012796819394490865,0.36602229972602324,0.012796819394490865,0.36602229972602324,0.012796819394490865
274101.0,0.04876172514765001,3.4285714285714284,True,7,True,4,True,3,True,2,True,6,True,4,True,2,False,1,True,6,True,3,True,2,False,1,True,6,True,2,True,2,False,1,True,5,True,2,True,2,False,1,True,4,True,2,True,2,False,1,True,4,True,2,True,2,False,1,True,4,True,2,True,2,False,1,True,4,True,2,True,2,False,1,True,3,True,2,True,2,False,1,True,3,True,2,True,2,False,1,3.4237104893893013,1.0,1.0,1.0,1.0,1.0,0.9663382172755085,0.12057607704207644
1561250.0,0.003771899349843665,3.4285714285714284,True,4,True,4,False,3,False,2,True,5,False,3,False,2,False,2,True,5,False,3,False,2,False,2,True,5,False,2,False,2,False,2,True,5,False,2,False,2,False,2,True,4,False,2,False,2,False,2,False,3,False,2,False,2,False,2,False,3,False,2,False,2,False,2,False,3,False,2,False,2,False,2,False,3,False,2,False,2,False,2,False,4,False,3,False,3,False,1,3.4285714285714284,0.39680240595495264,2.5602240896358546,0.12605327592029722,1.0,0.03789943463957171,1.0,0.0076521401415735515
1741971.0,0.01940542954985359,3.4285714285714293,True,10,True,2,False,1,False,1,True,9,True,2,False,1,False,1,True,7,False,1,False,1,False,1,True,4,False,1,False,1,False,1,True,3,False,1,False,1,False,1,True,2,False,1,False,1,False,1,True,2,False,1,False,1,False,1,False,1,False,1,False,1,False,1,False,1,False,1,False,1,False,1,False,1,False,1,False,1,False,1,False,1,False,1,False,1,False,1,3.428571428571428,0.40251173662421014,2.6433046902971715,0.15820316812619512,0.9189659261601708,0.017169175362452656,0.9189659261601708,0.0022250710991261044
1842991.0,0.568390490843218,3.4285714285714297,True,10,False,3,False,3,False,1,True,8,False,3,False,3,False,0,True,6,False,3,False,1,False,0,True,6,False,3,False,1,False,0,False,5,False,2,False,1,False,0,False,5,False,1,False,1,False,0,False,3,False,1,False,1,False,0,False,3,False,1,False,0,False,0,False,2,False,1,False,0,False,0,False,2,False,1,False,0,False,0,False,2,False,1,False,0,False,0,3.4285714285714275,0.27956168824813804,1.0306171560947068,0.05744495795475313,0.419047061787777,0.02084855493567015,0.10010869247808118,0.0007823677878818488
666015.0,0.08318030671497345,1.7911904757361525,True,12,True,6,True,5,True,2,True,12,True,6,True,4,True,2,True,12,True,6,True,4,True,2,True,12,True,5,True,3,False,1,True,12,True,5,True,3,False,0,True,12,True,3,True,2,False,0,True,10,True,3,True,2,False,0,True,9,True,3,True,2,False,0,True,10,True,2,False,0,False,0,True,8,True,1,False,0,False,0,True,6,True,1,False,0,False,0,1.0,1.0,0.9854645720640497,0.9854645720640497,0.49796987288206657,0.4587996779150431,0.2695571270164232,0.21846266588272018
508180.0,0.011414958558737406,3.4130505981969654,True,4,True,3,True,3,True,2,True,5,True,4,True,4,True,3,True,7,True,5,True,4,True,3,True,8,True,6,True,3,False,2,True,7,True,6,True,3,False,2,True,7,True,6,True,3,False,2,True,7,True,5,True,3,False,2,True,7,True,5,True,3,False,2,True,8,True,6,True,3,False,2,True,9,False,4,False,2,False,2,True,9,False,4,False,2,False,2,2.6476782924263675,1.0184204484171677,0.9962868652105906,0.503244583829559,0.9719177936689856,0.503244583829559,0.8888579780393977,0.21986210812732843
137804.0,0.04878654027495161,3.3914681537892073,True,9,True,7,True,4,True,3,True,9,True,6,True,4,True,3,True,11,True,5,True,4,False,2,True,11,True,5,True,4,False,1,True,9,True,5,True,4,False,1,True,9,True,5,True,4,False,0,True,10,False,4,False,2,False,0,True,9,False,4,False,2,False,0,True,9,False,4,False,2,False,0,True,9,False,4,False,2,False,0,True,9,False,4,False,2,False,0,3.18122315909463,1.9395315355595872,1.5725787646933918,0.36462630875953345,0.7665215082166074,0.36462630875953345,0.33149270054186775,0.19227653910473455
590832.0,0.04652836369050573,2.4316279942434496,True,8,True,4,True,4,True,3,True,11,True,7,True,6,True,4,True,11,True,6,True,4,True,3,True,11,True,4,True,3,True,3,True,11,True,4,True,3,True,2,True,11,True,3,True,3,True,1,True,10,True,2,True,2,True,1,True,9,True,1,True,1,True,1,True,9,True,1,True,1,True,1,True,8,True,1,True,1,True,1,True,8,True,1,True,1,True,1,1.8029597838110487,1.8029597838110487,0.9999180020874996,0.9999180020874996,0.9996460969130766,0.9996460969130766,0.7955152107879454,0.7955152107879454
1806425.0,0.019951362350488857,3.4285714285714293,True,7,False,3,False,1,False,0,True,6,False,3,False,1,False,0,True,4,False,1,False,1,False,0,False,1,False,1,False,1,False,0,False,1,False,1,False,1,False,0,False,1,False,1,False,1,False,0,False,1,False,1,False,1,False,0,False,1,False,1,False,1,False,0,False,1,False,1,False,1,False,0,False,2,False,1,False,0,False,0,False,2,False,1,False,0,False,0,3.428571428571428,0.22068193793354454,1.1965618849710284,0.05477953758027032,0.5070990553008119,0.012052757932490651,0.00641864786115446,0.002100706832471759
359221.0,0.06479229738448558,3.378160294572738,True,9,True,5,True,3,True,2,True,8,True,4,True,3,True,2,True,9,True,4,True,3,True,2,True,9,True,5,True,3,False,1,True,8,True,4,True,3,False,1,True,9,True,4,True,2,False,1,True,7,True,3,True,2,False,1,True,7,True,2,False,1,False,1,True,7,False,1,False,1,False,1,True,7,False,1,False,1,False,1,True,7,False,1,False,1,False,1,2.9819312726156397,0.8549756855463372,0.9937384717714145,0.4657697517057703,0.9893555604510661,0.42782756681602946,0.9893555604510661,0.24830395553789053
195801.0,0.0641471040746439,1.408993697329871,False,4,False,2,False,2,False,1,False,4,False,2,False,1,False,1,False,4,False,2,False,1,False,1,False,5,False,2,False,1,False,1,False,5,False,2,False,1,False,1,False,5,False,2,False,1,False,1,False,4,False,2,False,1,False,1,False,4,False,2,False,1,False,1,False,4,False,2,False,1,False,1,False,4,False,2,False,1,False,1,False,4,False,1,False,1,False,1,1.0,0.0,1.0,0.0,1.0,0.0,0.7102251068477724,0.0
266980.0,0.3764951114199216,3.4274929167662083,True,11,True,7,True,3,True,1,True,11,True,6,True,3,True,1,True,11,True,6,True,3,True,1,True,11,True,5,True,3,True,1,True,11,True,5,True,3,True,1,True,11,True,5,True,3,True,1,True,11,True,5,True,3,False,0,True,10,True,5,True,3,False,0,True,10,True,5,True,3,False,0,True,10,True,5,True,2,False,0,True,10,True,5,True,2,False,0,3.278597995714692,2.306080388741329,0.9994771097188714,0.9980494653997535,0.9988964714292379,0.9959669247008338,0.3643275832468169,0.3643275832468169
215374.0,0.24658791999602958,2.9117238593512673,True,9,True,5,True,5,True,3,True,10,True,6,True,5,True,3,True,10,True,6,True,4,True,3,True,11,True,6,True,3,True,2,True,11,True,5,True,3,True,2,True,10,True,5,True,3,True,2,True,10,True,6,True,4,True,1,True,11,True,6,True,3,True,1,True,11,True,6,True,3,True,1,True,10,True,6,True,3,True,1,True,10,True,6,True,3,True,1,2.0664420881662235,1.44166454764374,0.9639829033127313,0.9639829033127313,0.943352645935452,0.943352645935452,0.9391937179966287,0.9391937179966287
1523783.0,0.020025807732393666,3.4183878129152188,True,10,True,7,True,6,False,4,True,10,True,7,True,6,False,4,True,11,True,7,True,6,False,3,True,12,True,7,True,5,False,1,True,12,True,7,True,4,False,1,True,14,True,8,True,2,False,0,True,14,True,7,True,2,False,0,True,14,True,7,True,2,False,0,True,14,True,6,True,2,False,0,True,13,True,6,True,1,False,0,True,13,True,6,True,1,False,0,3.4166574871955664,0.9929387409586584,1.0,0.918575051847569,0.918575051847569,0.918575051847569,0.33309037900874644,0.03939388810012309
460129.0,0.09829271924164971,3.428571428571429,True,6,True,4,True,3,True,3,True,7,True,5,True,4,True,4,True,9,True,5,False,2,False,2,True,9,True,5,False,2,False,2,True,9,True,5,False,2,False,2,True,9,True,5,False,2,False,1,True,8,True,5,False,2,False,1,True,8,True,5,False,2,False,1,True,8,True,5,False,2,False,1,True,7,True,5,False,2,False,1,True,6,True,5,False,2,False,1,3.428470570773256,1.3671883295637057,1.0,0.9999849662114806,1.0,0.1921096282920115,0.7785714285714286,0.16241551249071687
20342.0,0.7409548860985656,3.3442868793762623,True,5,True,3,True,3,True,2,True,5,True,4,True,4,True,2,True,6,True,4,True,3,True,2,True,7,True,5,True,4,True,2,True,7,True,5,True,3,True,2,True,6,True,4,True,3,True,2,True,7,True,5,True,4,True,3,True,7,True,4,True,4,True,3,True,8,True,4,True,4,True,3,True,9,True,4,True,3,True,3,True,9,True,4,True,3,True,2,3.336416860493436,3.2901202458528718,0.9139991532791643,0.8957471334331161,0.9128857733602006,0.7344102309517974,0.7344102309517974,0.7344102309517974
462951.0,0.32594669710655616,2.693802637969111,True,6,True,5,False,2,False,2,True,7,True,4,False,3,False,2,True,8,True,3,False,2,False,2,True,6,True,3,False,2,False,2,True,6,False,2,False,2,False,2,True,6,False,2,False,2,False,2,True,5,False,2,False,2,False,2,True,7,False,3,False,3,False,1,True,7,False,3,False,2,False,1,True,6,False,3,False,2,False,1,False,5,False,2,False,1,False,1,1.7397129947801508,0.5790012140657352,0.9471961711389436,0.2807966372789859,0.9471961711389436,0.09335052177482654,0.7367186183518083,0.0037288246959597186
1541414.0,0.017246513474614124,3.4274856154224613,True,6,True,4,True,3,True,3,True,7,True,3,True,3,True,3,True,9,True,5,True,4,True,3,True,9,True,5,True,4,False,2,True,9,True,5,True,4,False,2,True,9,True,6,True,5,False,3,True,9,True,6,True,5,False,3,True,8,True,6,True,5,False,3,True,9,True,5,True,5,False,2,True,8,True,4,True,4,False,2,True,9,True,3,True,3,False,2,3.374253135920676,2.5563743590424615,1.2987398844524423,0.9981062147379253,0.9973080025155076,0.6990624877662273,0.9784149238736177,0.2496379822899363
112174.0,0.09548860985656857,3.4285714285714284,False,5,False,2,False,2,False,2,False,5,False,2,False,2,False,2,False,5,False,2,False,2,False,2,False,5,False,2,False,2,False,2,False,5,False,2,False,2,False,2,False,5,False,2,False,2,False,2,False,4,False,2,False,2,False,2,False,4,False,2,False,2,False,2,False,4,False,2,False,2,False,2,False,4,False,2,False,2,False,2,False,4,False,2,False,2,False,2,3.4285714285714284,0.0,1.0,0.0,1.0,0.0,1.0,0.0
174611.0,0.08615812199116582,2.5253842180836212,False,3,False,3,False,2,False,1,False,4,False,3,False,2,False,1,False,4,False,3,False,2,False,1,False,5,False,4,False,3,False,2,False,5,False,3,False,3,False,1,False,5,False,3,False,3,False,1,False,4,False,3,False,3,False,1,False,5,False,3,False,2,False,1,False,5,False,3,False,2,False,1,False,4,False,3,False,2,False,1,False,5,False,3,False,2,False,0,1.0,0.0,1.0,0.0,1.0,0.0,0.5563208998563622,0.0
1750983.0,0.01980247158667924,3.4285714285714293,True,7,False,1,False,1,False,1,True,7,False,1,False,1,False,1,True,6,False,1,False,1,False,1,False,3,False,1,False,1,False,1,False,2,False,1,False,1,False,1,False,1,False,1,False,1,False,1,False,1,False,1,False,1,False,1,False,1,False,1,False,1,False,1,False,1,False,1,False,1,False,1,False,1,False,1,False,1,False,1,False,2,False,1,False,1,False,0,3.4285714285714275,0.23074759934171643,2.2005967922417007,0.00986965763770688,0.7383177570093458,0.008450565119968403,0.5744180234723854,0.006865835602044283
1806990.0,0.017842076529852598,3.4285714285714293,True,7,True,2,False,1,False,1,True,5,True,2,False,1,False,1,True,4,False,1,False,1,False,0,True,3,False,1,False,1,False,0,True,3,False,1,False,1,False,0,True,2,False,1,False,1,False,0,True,2,False,1,False,1,False,0,False,1,False,1,False,1,False,0,False,1,False,1,False,1,False,0,False,1,False,1,False,1,False,0,False,1,False,1,False,1,False,0,3.428571428571428,0.4326285211513485,1.1632575962005505,0.1912453625883968,1.1632575962005505,0.01654986105113983,0.1957040886812934,0.01501249148307978
802368.0,0.038612338081294356,3.3376310779150478,True,7,True,5,True,4,True,3,True,6,True,5,True,4,True,3,True,6,True,5,True,3,True,3,True,6,True,5,True,3,True,3,True,8,True,6,True,4,True,4,True,8,True,6,True,3,True,3,True,9,True,6,True,3,True,3,True,8,True,5,True,3,True,3,True,8,True,4,True,3,True,3,True,8,True,4,True,3,False,2,True,9,True,4,False,1,False,1,2.1946839019911657,1.0,0.9486568432329842,0.6076300624280669,0.6831748266519915,0.592014083591759,0.6831748266519915,0.5461551170016412
176934.0,0.03471636309494268,3.3917273037260887,True,6,True,4,True,4,True,2,True,6,True,4,True,4,True,2,True,6,True,4,True,4,True,2,True,6,True,4,True,4,True,2,True,6,True,4,True,3,True,2,True,5,True,5,True,3,True,3,True,5,True,5,True,3,True,2,True,6,True,6,True,4,True,2,True,7,True,5,True,3,True,2,True,6,True,5,True,3,True,2,True,6,True,5,True,3,True,2,3.343246399799629,2.6288753899346524,1.0,1.0,0.9795606507056216,0.7816671645067061,0.9795606507056216,0.6913754004435739
1808388.0,0.018710605985408704,3.4285714285714293,True,7,False,2,False,2,False,1,True,5,False,2,False,1,False,1,True,5,False,2,False,1,False,1,False,3,False,2,False,1,False,1,False,3,False,2,False,1,False,1,False,4,False,2,False,0,False,0,False,3,False,2,False,0,False,0,False,3,False,2,False,0,False,0,False,4,False,1,False,0,False,0,False,3,False,1,False,0,False,0,False,2,False,1,False,0,False,0,3.428571428571428,0.21149510411409705,1.7259807549962993,0.04552109811896295,0.33540386419453794,0.004521765787860178,0.33540386419453794,0.004521765787860178
590875.0,0.042309792049233214,3.256760883387041,True,4,True,4,True,4,True,3,True,5,True,5,True,5,True,4,True,7,True,5,True,5,True,4,True,9,True,5,True,4,True,4,True,9,True,5,True,4,True,4,True,9,True,5,True,4,True,4,True,10,True,6,True,4,True,4,True,10,True,6,True,4,True,4,True,9,True,6,True,4,True,4,True,10,True,5,True,4,True,3,True,10,True,4,True,4,True,3,2.7010471549471466,2.7010471549471466,1.0,1.0,0.9780339232253267,0.9780339232253267,0.9780339232253267,0.9780339232253267
1554168.0,0.019107648022234355,3.428571428571429,True,7,True,4,True,3,True,3,True,9,True,6,True,5,True,4,True,10,True,6,True,5,False,2,True,10,True,6,True,5,False,2,True,10,True,6,True,5,False,2,True,11,True,6,True,3,False,2,True,11,True,6,True,3,False,2,True,11,True,6,True,3,False,2,True,11,True,5,True,3,False,2,True,11,True,5,True,3,False,2,True,11,True,5,True,3,False,2,3.4285714285714284,2.5888197221674805,1.0,0.999986322133967,1.0,0.9964522815016662,1.0,0.1943299408244963
303317.0,0.042210531540026804,3.4279868392947273,True,6,True,3,True,2,True,2,True,6,True,3,True,2,True,2,True,7,True,3,True,2,True,2,True,8,True,4,True,2,True,2,True,8,True,3,True,2,True,2,True,9,True,4,True,3,True,2,True,7,True,3,True,3,True,2,True,8,True,4,True,3,True,2,True,8,True,4,True,3,True,2,True,8,True,4,True,3,True,2,True,8,True,4,True,3,True,2,3.318291179030854,2.8898165046386968,1.0,1.0,1.0,1.0,0.9996568732092752,0.9941413962574016
381622.0,0.060524095488609854,2.2198394085002082,False,3,False,3,False,3,False,2,False,4,False,4,False,4,False,2,False,4,False,4,False,4,False,1,False,5,False,4,False,3,False,1,False,5,False,4,False,3,False,1,False,7,False,3,False,1,False,1,False,7,False,3,False,1,False,1,False,6,False,3,False,1,False,1,False,7,False,1,False,1,False,1,False,6,False,1,False,1,False,1,False,6,False,1,False,1,False,1,1.6299688582358474,0.0,1.0,0.0,1.0,0.0,0.9435783762516642,0.0
1845.0,0.44218075338726487,2.593874917429992,True,8,True,6,True,4,True,4,True,9,True,6,True,3,True,3,True,9,True,5,True,3,True,3,True,9,True,5,True,3,True,3,True,10,True,6,True,3,True,2,True,11,True,5,True,2,True,1,True,10,True,5,True,2,False,0,True,11,True,5,True,1,False,0,True,11,True,5,True,1,False,0,True,10,True,5,True,1,False,0,True,10,True,5,True,1,False,0,1.5641679450581325,0.8964974047875544,0.7923940465773568,0.7923940465773568,0.7007401836318173,0.7007401836318173,0.35228291465424094,0.35228291465424094
443967.0,0.07481760881433322,3.216834297659206,True,9,True,5,True,4,True,3,True,11,True,6,True,4,True,2,True,9,True,6,True,3,True,2,True,9,True,5,True,3,True,2,True,10,True,4,True,3,True,2,True,9,True,4,True,3,True,2,True,9,True,4,True,3,True,2,True,10,True,4,True,3,True,2,True,10,True,4,True,3,True,2,True,10,True,4,True,3,True,2,True,10,True,4,True,3,True,2,2.9649551119706943,1.1681458172256134,0.9998104027107585,0.9998104027107585,0.9601860999635998,0.9601860999635998,0.9282764002923912,0.9282764002923912
143746.0,0.5314655814184327,2.8184884403426604,True,12,True,5,True,2,False,1,True,12,False,3,False,1,False,1,True,11,False,2,False,1,False,1,True,9,False,2,False,1,False,1,True,9,False,2,False,1,False,1,True,8,False,1,False,1,False,1,True,8,False,1,False,1,False,1,True,7,False,1,False,1,False,1,True,5,False,1,False,1,False,1,True,5,False,1,False,1,False,1,True,6,False,1,False,1,False,0,1.893170299048722,0.9200804373190195,0.6420142618020969,0.12517725723702047,0.6312883443496167,0.10573058930025786,0.5532170114256538,0.01870298188546618
1771035.0,0.02005062285969527,3.428571428571429,False,6,False,2,False,2,False,1,False,3,False,1,False,1,False,1,False,2,False,1,False,1,False,1,False,2,False,1,False,1,False,1,False,2,False,1,False,1,False,1,False,2,False,1,False,1,False,1,False,1,False,1,False,1,False,1,False,1,False,1,False,1,False,0,False,1,False,1,False,1,False,0,False,1,False,1,False,1,False,0,False,1,False,1,False,1,False,0,3.428571428571428,0.021978021978021917,1.3159083797006539,0.010462995712956169,0.6755079571614452,0.003338005311301255,0.41072868916109306,0.003338005311301255
570506.0,0.18467417737852995,3.034046717943849,True,9,True,3,True,3,True,2,True,8,True,3,True,3,True,2,True,9,True,3,True,3,True,2,True,10,True,4,True,4,True,2,True,10,True,4,True,4,True,2,True,9,True,4,True,4,True,2,True,9,True,4,True,4,True,2,True,9,True,4,True,4,True,2,True,8,True,4,True,4,True,2,True,8,True,4,True,4,False,1,True,8,True,4,True,3,False,0,2.4332046808120786,0.9999414302708954,0.9887600877799602,0.9887600877799602,0.972719738537218,0.972719738537218,0.598788248112758,0.5163532722005144
217937.0,0.0949923073105365,3.1475158741415554,True,8,True,6,True,5,True,5,True,8,True,6,True,5,True,5,True,8,True,6,True,5,True,5,True,8,True,6,True,5,True,5,True,9,True,6,True,5,True,4,True,10,True,6,True,4,True,2,True,10,True,6,True,4,True,2,True,10,True,6,True,3,True,1,True,10,True,6,True,3,True,1,True,11,True,6,True,2,True,1,True,11,True,6,True,2,True,1,2.3776263253068355,1.55216709603743,0.9975090996294673,0.9975090996294673,0.9657246414529698,0.9657246414529698,0.9561967936396943,0.9561967936396943
134530.0,0.035163035386371534,3.385851668721853,True,7,True,5,True,4,True,2,True,8,True,4,True,4,True,2,True,9,True,3,True,2,True,2,True,11,True,6,False,3,False,1,True,10,True,6,False,3,False,1,True,10,True,6,False,2,False,1,True,10,True,6,False,2,False,1,True,10,True,6,False,2,False,1,True,10,True,6,False,2,False,1,True,9,True,6,False,1,False,1,True,9,True,6,False,1,False,1,3.0418781065876273,1.0,1.0,1.0,0.8468068370735452,0.24347556551641317,0.6360725262846124,0.24347556551641317
1780853.0,0.018636160603503895,3.428571428571429,True,9,False,2,False,1,False,1,True,7,False,2,False,1,False,1,True,5,False,2,False,1,False,1,True,4,False,1,False,1,False,1,True,3,False,1,False,1,False,1,False,2,False,1,False,1,False,1,False,1,False,1,False,1,False,1,False,1,False,1,False,1,False,1,False,2,False,1,False,0,False,0,False,2,False,1,False,0,False,0,False,2,False,1,False,0,False,0,3.4285714285714284,0.32201241579427103,1.7682612292568984,0.04181923394196087,0.4978215562415751,0.020996729837855586,0.4978215562415751,0.0006317793676437537
848885.0,0.008635664300957864,1.9857468392296251,True,12,True,5,True,3,False,1,True,12,True,5,False,2,False,1,True,12,True,4,False,2,False,1,True,12,True,4,False,1,False,1,True,10,True,3,False,1,False,1,True,8,True,3,False,1,False,0,True,8,True,3,False,1,False,0,True,7,True,3,False,1,False,0,True,6,True,3,False,1,False,0,True,6,True,3,False,1,False,0,True,6,True,2,False,1,False,0,1.2760187447126032,0.6862717727476957,0.999829790227904,0.6862717727476957,0.999829790227904,0.11468776343946573,0.3335910490000145,0.0244340153932795
457784.0,0.02019951362350489,3.428541094939092,True,7,True,5,True,4,True,3,True,8,True,6,True,4,True,3,True,10,True,4,True,3,True,3,True,10,True,3,True,3,True,3,True,8,True,3,True,3,True,3,True,8,True,3,True,3,True,3,True,8,True,3,True,3,True,3,True,8,True,3,True,3,True,3,True,7,True,3,True,3,True,2,True,7,True,3,True,3,True,2,True,7,True,3,True,3,True,2,3.427410544625879,0.9997039816675589,2.1942426688189394,0.9984957379331308,0.9999264528908104,0.9983634964345712,0.836523482362684,0.836523482362684
11.0,1.0,1.56824799969143,True,8,True,4,True,2,True,1,True,6,True,3,True,1,False,0,True,4,True,3,False,0,False,0,True,4,True,2,False,0,False,0,True,3,False,0,False,0,False,0,True,3,False,0,False,0,False,0,True,1,False,0,False,0,False,0,False,0,False,0,False,0,False,0,False,0,False,0,False,0,False,0,False,0,False,0,False,0,False,0,False,0,False,0,False,0,False,0,0.42581011703946614,0.42581011703946614,0.2755069452848641,0.26597347557470025,0.19722063226202335,0.19722063226202335,0.1380296056322111,0.1380296056322111
1776703.0,0.019132463149535955,3.4285714285714293,True,8,False,1,False,1,False,0,True,5,False,1,False,1,False,0,False,3,False,1,False,1,False,0,False,3,False,1,False,1,False,0,False,2,False,1,False,1,False,0,False,1,False,1,False,1,False,0,False,1,False,1,False,1,False,0,False,1,False,1,False,1,False,0,False,2,False,1,False,0,False,0,False,2,False,1,False,0,False,0,False,1,False,1,False,0,False,0,3.428571428571428,0.17834807998353866,0.8803839101388692,0.03236538342362677,0.4922945829432506,0.013491194905979383,0.01965091517904881,0.012563700303234388
76595.0,0.03434413618541863,3.4285714285714297,True,6,True,5,True,4,True,2,True,7,True,6,True,3,True,3,True,7,True,6,True,3,True,3,True,6,True,6,True,3,True,3,True,6,True,6,True,3,True,3,True,7,True,7,True,3,False,2,True,8,True,6,True,3,False,2,True,8,True,5,True,3,False,2,True,8,True,5,True,3,False,2,True,8,True,5,True,3,False,2,True,8,True,5,False,2,False,2,3.42160511844277,2.1430472712579616,1.3821642480276546,1.3821642480276546,1.0,0.5590528055544638,1.0,0.3405294021649022
75195.0,0.9015335748672391,1.1332842175035567,True,6,True,5,True,3,True,1,True,5,True,4,True,2,True,1,True,5,True,3,True,2,False,0,True,5,True,2,True,2,False,0,True,4,True,2,True,1,False,0,True,3,True,2,True,1,False,0,True,2,True,2,False,0,False,0,True,2,True,2,False,0,False,0,True,2,True,2,False,0,False,0,True,2,True,2,False,0,False,0,True,2,True,2,False,0,False,0,0.9508838484150982,0.9508838484150982,0.6483592083079923,0.6483592083079923,0.3705364455312036,0.3705364455312036,0.179712250961543,0.179712250961543
218798.0,0.3352027395900541,3.428571428571429,True,6,True,4,True,2,True,1,True,8,True,3,True,3,True,1,True,8,True,3,True,3,True,1,True,6,True,3,True,3,True,1,True,5,True,3,True,3,True,1,True,5,True,3,True,3,True,1,True,4,True,3,True,3,True,1,True,4,True,3,True,3,True,1,True,4,True,3,True,3,True,1,True,4,True,3,True,3,True,1,True,4,True,3,True,3,True,1,3.428571428571428,3.428571428571428,1.0,1.0,1.0,1.0,1.0,1.0
1804233.0,0.020075437986996875,3.4285714285714293,True,7,False,1,False,1,False,1,True,6,False,1,False,1,False,1,False,4,False,1,False,1,False,1,False,2,False,1,False,1,False,1,False,1,False,1,False,1,False,1,False,1,False,1,False,1,False,0,False,1,False,1,False,1,False,0,False,1,False,1,False,1,False,0,False,1,False,1,False,1,False,0,False,1,False,1,False,1,False,0,False,1,False,1,False,1,False,0,3.428571428571428,0.1639534396266227,1.3735469606073905,0.0996276807826005,0.9633600929470805,0.015319572165661837,0.3438929635196752,0.015319572165661837
80219.0,0.018933942131123132,1.104690612146071,True,8,True,1,False,0,False,0,True,6,True,1,False,0,False,0,True,4,True,1,False,0,False,0,True,4,False,0,False,0,False,0,False,2,False,0,False,0,False,0,False,2,False,0,False,0,False,0,False,0,False,0,False,0,False,0,False,0,False,0,False,0,False,0,False,0,False,0,False,0,False,0,False,0,False,0,False,0,False,0,False,0,False,0,False,0,False,0,0.39339286740577956,0.27786775914634143,0.21730258131501445,0.21730258131501445,0.01743915002848963,0.004517990899166613,0.007659275712742384,0.004517990899166613
1754541.0,0.29046106506526376,3.4285714285714293,True,5,True,2,True,2,False,1,True,5,True,2,True,2,False,1,True,5,True,2,True,2,False,1,True,5,True,2,True,2,False,1,False,4,False,1,False,1,False,1,False,3,False,1,False,1,False,1,False,4,False,2,False,2,False,1,False,3,False,2,False,2,False,1,False,3,False,2,False,2,False,1,False,3,False,2,False,2,False,1,False,3,False,2,False,2,False,1,3.428571428571429,0.2741740300303548,1.5223456296299365,0.26304149232717833,1.0,0.26304149232717833,1.0,0.07264239383118114
38475.0,0.10191572782768375,3.4256991215737087,True,6,True,5,True,5,True,4,True,6,True,5,True,5,True,4,True,6,True,5,True,5,True,4,True,8,True,6,True,6,True,3,True,7,True,6,True,6,True,3,True,8,True,6,True,6,True,3,True,9,True,6,True,5,True,3,True,10,True,6,True,4,True,2,True,11,True,6,True,4,True,2,True,10,True,6,True,4,True,2,True,11,True,6,True,4,True,1,2.0031197732114285,0.9886282103703933,1.4099071894468376,0.8549121032435926,0.8325575551243983,0.8092359961013222,0.656850959588059,0.656850959588059
1592521.0,0.01851208496699588,3.4285714285714293,True,8,True,2,False,1,False,1,True,6,True,2,False,1,False,1,True,4,False,1,False,1,False,1,True,4,False,1,False,1,False,1,True,2,False,1,False,1,False,1,True,2,False,1,False,1,False,1,False,1,False,1,False,1,False,1,False,1,False,1,False,1,False,1,False,2,False,1,False,1,False,1,False,2,False,1,False,1,False,1,False,2,False,1,False,1,False,1,3.428571428571428,0.3757608306480487,1.231123557461697,0.15017681243276496,1.0,0.006796755801814849,0.7310947887870967,0.005247638757060408
658688.0,0.04208645590351878,3.243291768051,True,8,True,5,True,4,True,3,True,7,True,5,True,4,True,3,True,10,True,8,True,6,False,2,True,11,True,7,True,5,False,1,True,11,True,7,True,5,False,1,True,11,True,6,True,5,False,1,True,11,True,6,True,5,False,1,True,11,True,6,True,5,False,1,True,11,True,6,True,5,False,1,True,11,True,6,True,4,False,1,True,11,True,6,True,4,False,1,3.0352969903352207,0.9999894265247607,0.9944117284373145,0.9944117284373145,0.9560536439644148,0.9560536439644148,0.7250721993732736,0.19026760650864957
68512.0,0.045089086307012756,3.172899637278974,True,5,True,3,True,3,True,3,True,7,True,5,True,5,True,5,True,8,True,5,True,5,True,5,True,8,True,5,True,5,True,5,True,9,True,5,True,4,True,4,True,9,True,5,True,4,True,4,True,8,True,5,True,4,True,4,True,8,True,5,True,4,True,4,True,8,True,5,True,4,True,4,True,8,True,4,True,4,True,3,True,7,True,4,True,4,True,3,3.0109664879068747,2.271187601436696,0.9870973788350506,0.9870973788350506,0.9653873567525431,0.9653873567525431,0.8319206811376948,0.8319206811376948
2022235.0,0.2475308948334905,3.4285714285714284,True,3,True,2,True,2,False,1,True,2,True,2,True,2,False,1,True,2,True,2,True,2,False,1,True,2,True,2,True,2,False,1,True,2,True,2,True,2,False,1,True,2,True,2,True,2,False,1,True,2,True,2,False,1,False,1,True,2,True,2,False,1,False,1,True,2,True,2,False,1,False,1,True,2,True,2,False,1,False,1,True,2,True,2,False,1,False,1,3.4285714285714284,0.6517295058594731,1.6886553581035155,0.6155119432225292,1.0,0.3956963931952546,1.0,0.000249755203172082
20.0,0.8844607672837361,2.413315453912164,True,6,True,3,True,1,True,1,True,6,True,3,True,1,True,1,True,6,True,1,True,1,True,1,True,3,True,1,True,1,True,1,True,3,True,2,True,2,True,2,True,5,True,1,True,1,True,1,True,3,True,1,True,1,True,1,True,2,True,1,True,1,True,1,True,2,True,1,True,1,True,1,True,2,True,1,True,1,True,1,True,2,True,1,True,1,False,0,1.9611457355137207,0.7929745753208363,0.7421849450680896,0.7421849450680896,0.6573079811896047,0.6573079811896047,0.5623178619872987,0.5623178619872987
1385.0,0.20393071616457392,1.8459251426378265,True,14,True,5,True,3,False,1,True,12,True,5,True,2,False,0,True,9,True,4,False,1,False,0,True,7,True,3,False,1,False,0,True,6,True,3,False,0,False,0,True,6,False,2,False,0,False,0,True,6,False,2,False,0,False,0,True,6,False,2,False,0,False,0,True,6,False,1,False,0,False,0,True,4,False,0,False,0,False,0,True,3,False,0,False,0,False,0,1.4275012060764243,0.6224407538601067,0.5461356645674162,0.3074708562107559,0.26366522236000545,0.18188083381921158,0.11382881149964306,0.020177441983404355
615532.0,0.10739987096133803,1.7805233284332325,True,11,True,5,True,3,True,2,True,10,True,4,True,3,True,2,True,11,True,4,True,2,True,2,True,8,True,3,True,2,True,2,True,9,False,1,False,1,False,1,True,7,False,1,False,1,False,1,True,3,False,1,False,1,False,1,True,3,False,1,False,1,False,1,False,2,False,1,False,1,False,1,False,2,False,1,False,1,False,1,False,2,False,1,False,1,False,1,1.40131119630209,0.48601826391867003,0.9991411334158075,0.28292254925420757,0.994258466406999,0.28292254925420757,0.6700511665864598,0.25901904685914906
1774.0,0.9311380217380515,0.9400811684758403,True,10,True,5,True,2,False,0,True,9,True,5,True,2,False,0,True,8,True,5,False,1,False,0,True,7,True,4,False,1,False,0,True,6,True,4,False,1,False,0,True,4,True,3,False,1,False,0,True,3,True,2,False,1,False,0,True,3,True,2,False,1,False,0,True,2,False,1,False,1,False,0,True,2,False,1,False,1,False,0,True,2,False,1,False,1,False,0,0.9204787534306169,0.8169084330561094,0.8768594154403868,0.4800954627190525,0.8528122844799239,0.153588348584728,0.09438137037824125,0.0006768410839833725
792282.0,0.03632934636954688,3.4285714285714293,True,3,True,2,True,2,True,2,True,5,True,3,True,3,True,3,True,6,True,3,True,3,True,3,True,7,True,3,True,3,True,3,True,7,True,3,True,3,True,3,True,7,True,3,True,3,True,3,True,7,True,3,True,3,True,3,True,7,True,3,True,3,True,3,True,8,True,3,True,3,True,2,True,8,True,3,True,3,True,2,True,8,True,3,True,3,True,2,3.4012193112539135,1.285964254468192,1.0,0.9315856493683036,1.0,0.9315856493683036,0.9315856493683036,0.9315856493683036
450863.0,0.6663109831753437,0.6609315606449641,True,7,False,1,False,0,False,0,True,7,False,0,False,0,False,0,True,6,False,0,False,0,False,0,False,2,False,0,False,0,False,0,False,2,False,0,False,0,False,0,False,1,False,0,False,0,False,0,False,0,False,0,False,0,False,0,False,0,False,0,False,0,False,0,False,0,False,0,False,0,False,0,False,0,False,0,False,0,False,0,False,0,False,0,False,0,False,0,0.3662603766726024,0.22515205227316631,0.14526136326792924,0.046558966489657704,0.09031699655502594,0.0002521070194298444,0.07946610581356849,3.5604145065502816e-05
60027.0,0.709365229043625,3.004361388195371,True,8,True,4,True,3,False,2,True,9,False,3,False,2,False,2,True,8,False,2,False,2,False,2,True,8,False,2,False,2,False,2,False,6,False,2,False,2,False,1,False,6,False,2,False,2,False,1,False,6,False,2,False,2,False,1,False,6,False,2,False,2,False,1,False,6,False,2,False,2,False,1,False,6,False,2,False,2,False,1,False,6,False,2,False,1,False,1,1.6671581224226886,0.29301468625816074,0.9993008761859948,0.13446979923911564,0.9961951048353254,0.10327593489269728,0.7103272233170825,0.022041033076466345
191769.0,0.005533773388257481,3.428571428571428,True,8,True,5,True,4,False,2,True,8,True,5,True,4,False,2,True,7,True,4,True,3,False,1,True,7,True,3,True,3,False,1,True,7,True,2,True,2,False,1,True,7,True,2,True,2,False,1,True,7,True,2,False,1,False,1,True,7,True,2,False,1,False,1,True,6,True,2,False,1,False,1,True,6,True,2,False,1,False,1,True,6,True,2,False,1,False,1,3.428571428571428,1.5889455257797647,1.0,0.6806785848499489,1.0,0.37358711273427037,1.0,0.02747079412928193
63945.0,0.6804059754826542,3.357192568381724,True,7,True,5,True,4,True,3,True,7,True,5,True,3,True,3,True,6,True,5,True,3,True,3,True,5,True,4,True,3,True,3,True,5,True,3,True,3,True,3,True,4,True,3,True,3,True,3,True,5,True,4,True,4,True,3,True,6,True,4,True,3,True,2,True,7,True,4,True,2,True,1,True,6,True,2,True,2,True,1,True,6,True,2,True,2,True,1,3.046794012143988,2.1550913878841222,1.0,1.0,1.0,1.0,0.6128559008399405,0.6128559008399405
1756032.0,0.019330984167948782,3.4285714285714293,True,9,True,4,False,0,False,0,True,8,True,4,False,0,False,0,True,8,True,3,False,0,False,0,True,7,False,1,False,0,False,0,True,5,False,1,False,0,False,0,True,3,False,1,False,0,False,0,False,2,False,0,False,0,False,0,False,2,False,0,False,0,False,0,False,2,False,0,False,0,False,0,False,2,False,0,False,0,False,0,False,2,False,0,False,0,False,0,3.428571428571428,0.38562603295839293,0.3763293664112622,0.2105037887737248,0.06991448101715311,0.00948910620407946,0.06991448101715311,0.005013980156436111
44252.0,0.9992059159263487,1.3053939770947178,True,12,True,3,False,0,False,0,True,11,True,3,False,0,False,0,True,10,True,1,False,0,False,0,True,9,True,1,False,0,False,0,True,8,True,1,False,0,False,0,True,7,True,1,False,0,False,0,True,7,True,1,False,0,False,0,True,4,True,1,False,0,False,0,True,1,True,1,False,0,False,0,True,1,False,0,False,0,False,0,True,1,False,0,False,0,False,0,0.9814319405183218,0.9814319405183218,0.5294768315332632,0.5294768315332632,0.07316140073409527,0.07316140073409527,0.07316140073409527,0.07316140073409527
818808.0,0.27470345922874584,2.2028459743073703,True,13,True,8,False,3,False,1,True,12,True,8,False,3,False,1,True,12,True,4,False,2,False,1,True,10,True,4,False,2,False,1,True,9,True,4,False,1,False,1,True,11,True,3,False,0,False,0,True,11,True,2,False,0,False,0,True,10,True,2,False,0,False,0,True,9,True,2,False,0,False,0,True,9,False,0,False,0,False,0,True,9,False,0,False,0,False,0,1.0662432711485434,0.8386081197783593,0.5231203575460522,0.5203125828009324,0.33346882674005507,0.06847475287482035,0.33346882674005507,0.06847475287482035
66356.0,0.04652836369050573,1.0063606585844385,True,10,True,3,True,1,False,0,True,8,True,2,False,0,False,0,True,7,True,2,False,0,False,0,True,7,False,0,False,0,False,0,True,7,False,0,False,0,False,0,True,4,False,0,False,0,False,0,True,1,False,0,False,0,False,0,True,1,False,0,False,0,False,0,True,1,False,0,False,0,False,0,False,0,False,0,False,0,False,0,False,0,False,0,False,0,False,0,0.5100824654503785,0.5100824654503785,0.2327481891161734,0.2100997722464363,0.12431097453059377,0.12431097453059377,0.0149929304857577,0.0149929304857577
1595118.0,0.020149883368901684,2.271552025198284,False,3,False,2,False,1,False,1,False,2,False,1,False,1,False,1,False,2,False,1,False,1,False,1,False,2,False,1,False,1,False,1,False,3,False,2,False,2,False,1,False,2,False,2,False,1,False,1,False,2,False,2,False,1,False,1,False,2,False,2,False,1,False,1,False,2,False,2,False,1,False,1,False,2,False,2,False,1,False,1,False,2,False,2,False,1,False,1,1.0,0.0,1.0,0.0,1.0,0.0,0.9957554199291241,0.0
350593.0,0.09566231574767979,1.0,True,8,True,1,False,0,False,0,True,7,True,1,False,0,False,0,True,6,True,1,False,0,False,0,True,5,True,1,False,0,False,0,True,2,True,1,False,0,False,0,True,2,True,1,False,0,False,0,True,2,True,1,False,0,False,0,True,2,True,1,False,0,False,0,True,2,True,1,False,0,False,0,True,2,True,1,False,0,False,0,True,1,True,1,False,0,False,0,1.0,1.0,0.6090490897133867,0.6090490897133867,0.015298782753768874,0.015298782753768874,0.002204761475700818,0.0018700848875432496
421601.0,0.05901037272321207,2.788285883040957,False,6,False,3,False,3,False,1,False,7,False,3,False,3,False,0,False,6,False,3,False,3,False,0,False,6,False,3,False,3,False,0,False,6,False,3,False,2,False,0,False,6,False,3,False,2,False,0,False,6,False,3,False,2,False,0,False,6,False,2,False,1,False,0,False,5,False,2,False,1,False,0,False,5,False,2,False,1,False,0,False,5,False,2,False,1,False,0,1.3762969649532781,0.0,1.0,0.0,1.0,0.0,0.1403294324994673,0.0
1807123.0,0.019752841332076033,3.4285714285714293,True,9,False,2,False,1,False,1,True,7,False,1,False,1,False,1,True,6,False,1,False,1,False,1,True,5,False,1,False,1,False,1,True,4,False,1,False,1,False,1,True,2,False,1,False,1,False,1,False,1,False,1,False,1,False,0,False,1,False,1,False,1,False,0,False,1,False,1,False,1,False,0,False,1,False,1,False,1,False,0,False,1,False,1,False,1,False,0,3.428571428571428,0.36911048158640225,1.2536489674734248,0.08795493934142116,0.7179915693419996,0.037925840390777045,0.3982985236068068,0.03106463292504435
515852.0,0.09856568564196734,3.3931724198036695,True,7,True,5,True,4,True,4,True,8,True,5,True,4,True,4,True,10,True,5,False,3,False,3,True,11,True,6,False,4,False,2,True,11,True,6,False,3,False,2,True,11,True,6,False,3,False,2,True,11,True,6,False,3,False,1,True,10,True,6,False,2,False,1,True,9,True,6,False,2,False,1,True,10,True,6,False,2,False,1,True,10,True,5,False,2,False,0,3.1371001919870882,1.3564940181881968,0.9994998126493715,0.9828586330402888,0.9442589394425298,0.16345441846228667,0.5554481358912365,0.15730302689904976
1591154.0,0.020298774132711302,3.428571428571429,True,5,False,1,False,1,False,1,True,3,False,1,False,1,False,1,True,3,False,1,False,1,False,1,True,3,False,1,False,1,False,1,False,4,False,2,False,1,False,0,False,3,False,1,False,1,False,0,False,3,False,1,False,1,False,0,False,3,False,1,False,1,False,0,False,3,False,1,False,1,False,0,False,3,False,1,False,1,False,0,False,3,False,1,False,1,False,0,3.428571428571429,0.25727349529945553,1.0,0.05969203722227276,1.0,0.02147494412687792,0.271693556502197,0.0069222197459327724
753178.0,0.036056379969229245,3.4282577739985793,True,9,True,7,True,5,True,4,True,9,True,5,True,4,True,4,True,10,True,5,True,4,True,3,True,10,True,5,True,4,True,2,True,10,True,5,True,4,True,2,True,11,True,6,True,5,True,3,True,11,True,6,True,5,True,3,True,9,True,6,True,4,True,3,True,9,True,6,True,3,True,2,True,8,True,6,True,3,True,2,True,8,True,6,True,3,True,2,2.483057767848316,1.7467405123681357,0.999981904401671,0.999981904401671,0.9903420010456264,0.9802311218553537,0.8235991407848939,0.7620790095529365
498991.0,0.0803017519479875,2.4230738386446387,True,12,True,4,True,3,True,1,True,10,True,4,True,3,True,1,True,10,True,3,True,2,True,1,True,10,True,2,True,2,True,1,True,9,True,2,True,2,True,1,True,6,True,2,True,1,False,0,False,5,False,2,False,0,False,0,False,5,False,1,False,0,False,0,False,4,False,1,False,0,False,0,False,3,False,1,False,0,False,0,False,3,False,1,False,0,False,0,1.747421757271958,0.379052580727615,0.7883319269777578,0.379052580727615,0.3629665629793079,0.3629665629793079,0.315815823775382,0.315815823775382
319600.0,0.06270782669115092,3.4285714285714284,False,1,False,1,False,1,False,1,False,1,False,1,False,1,False,1,False,1,False,1,False,1,False,1,False,1,False,1,False,1,False,1,False,1,False,1,False,1,False,1,False,1,False,1,False,1,False,1,False,1,False,1,False,1,False,1,False,1,False,1,False,1,False,1,False,1,False,1,False,1,False,1,False,1,False,1,False,1,False,1,False,1,False,1,False,1,False,1,3.4285714285714284,0.0,1.0,0.0,1.0,0.0,1.0,0.0
98094.0,0.09295746687180505,3.123332706304543,True,9,True,6,True,5,True,3,True,10,True,6,True,5,True,2,True,11,True,5,True,4,True,1,True,11,True,5,True,4,True,1,True,11,True,6,True,4,False,0,True,10,True,6,True,4,False,0,True,10,True,5,True,4,False,0,True,10,True,5,True,4,False,0,True,11,True,4,False,3,False,0,True,10,True,4,False,3,False,0,True,10,True,3,False,2,False,0,2.105857466270095,2.105857466270095,0.9984530365866019,0.744632748458139,0.9252316472014325,0.4930024566269203,0.25392347371840485,0.25392347371840485
328914.0,0.24078118020745445,0.8620509204295874,True,8,True,1,False,0,False,0,True,5,True,1,False,0,False,0,True,3,False,0,False,0,False,0,True,2,False,0,False,0,False,0,False,1,False,0,False,0,False,0,False,1,False,0,False,0,False,0,False,1,False,0,False,0,False,0,False,1,False,0,False,0,False,0,False,0,False,0,False,0,False,0,False,0,False,0,False,0,False,0,False,0,False,0,False,0,False,0,0.45404216543640435,0.29331795057961657,0.19853198202965547,0.19853198202965547,0.05650470103123092,0.020175622045744707,0.022536816840614864,0.0006346477488553474
2008461.0,0.29123033401161347,3.4285714285714297,True,5,False,1,False,1,False,0,True,3,False,1,False,1,False,0,True,2,False,1,False,1,False,0,False,1,False,1,False,1,False,0,False,1,False,1,False,1,False,0,False,1,False,1,False,1,False,0,False,1,False,1,False,0,False,0,False,1,False,1,False,0,False,0,False,1,False,1,False,0,False,0,False,1,False,1,False,0,False,0,False,1,False,1,False,0,False,0,3.4285714285714275,0.21991841207771667,1.1479322955624698,0.008819903103848878,0.3972445560719999,0.008819903103848878,0.0077851320323188014,0.0077851320323188014
76409.0,0.005583403642860688,3.4285714285714284,True,7,True,5,True,3,True,3,True,7,True,6,True,4,True,2,True,7,True,6,True,4,True,2,True,7,True,6,True,4,True,2,True,7,True,6,True,4,True,2,True,8,True,7,True,5,True,2,True,9,True,6,True,4,True,1,True,9,True,5,True,3,True,1,True,9,True,4,True,3,True,1,True,8,True,4,True,3,True,1,True,7,True,4,True,3,True,1,2.0905291786079516,1.9003502978818052,1.0,1.0,1.0,1.0,0.7180115201253711,0.7180115201253711
225587.0,0.022283984316839544,3.20928583322518,True,3,True,3,True,3,True,3,True,4,True,3,True,3,True,3,True,5,True,4,True,3,True,3,True,7,True,5,True,5,True,5,True,9,True,6,True,4,True,4,True,11,True,5,True,2,True,2,True,11,True,5,True,2,True,2,True,11,True,4,True,2,True,2,True,12,True,3,True,2,True,2,True,13,True,3,True,2,False,1,True,14,True,3,True,1,False,0,2.495830947579781,2.495830947579781,0.8933560749310723,0.8933560749310723,0.8933560749310723,0.8933560749310723,0.5844839991712117,0.5074570767005038
620676.0,0.06536304531242246,3.1837131651803485,True,8,True,6,True,5,True,3,True,8,True,6,True,4,True,3,True,8,True,6,True,4,True,2,True,8,True,6,True,4,True,2,True,10,True,6,True,4,False,1,True,10,True,5,True,4,False,1,True,10,True,4,True,4,False,1,True,11,True,4,True,4,False,1,True,11,True,4,True,3,False,1,True,11,True,4,True,3,False,1,True,11,True,4,True,2,False,1,2.924559441812223,1.0,0.9985987769858258,0.9985987769858258,0.8999030023975444,0.8999030023975444,0.6523888841829737,0.2788545072941577
1772112.0,0.018636160603503895,3.4285714285714293,True,8,False,1,False,1,False,1,True,6,False,1,False,1,False,1,False,4,False,1,False,1,False,1,False,2,False,1,False,1,False,1,False,1,False,1,False,1,False,0,False,1,False,1,False,1,False,0,False,1,False,1,False,1,False,0,False,1,False,1,False,1,False,0,False,1,False,1,False,1,False,0,False,1,False,1,False,1,False,0,False,1,False,1,False,1,False,0,3.428571428571428,0.17977306147531993,0.7912509515351435,0.048075879287885384,0.7912509515351435,0.02470729468257896,0.2711601296113015,0.02470729468257896
1774387.0,0.01915727827683756,3.4285714285714293,True,8,False,1,False,1,False,1,True,5,False,1,False,1,False,1,True,4,False,1,False,1,False,1,True,2,False,1,False,1,False,1,False,1,False,1,False,1,False,1,False,1,False,1,False,1,False,1,False,1,False,1,False,1,False,1,False,2,False,1,False,0,False,0,False,2,False,1,False,0,False,0,False,2,False,1,False,0,False,0,False,2,False,1,False,0,False,0,3.428571428571428,0.2807390711966605,0.6133696059676814,0.06443676657911637,0.44917288949478096,0.014963046360021154,0.44917288949478096,0.014963046360021154
190.0,0.9420566777507569,1.614474458638877,True,8,False,3,False,1,False,1,False,5,False,3,False,1,False,1,False,3,False,2,False,1,False,0,False,2,False,2,False,1,False,0,False,2,False,1,False,1,False,0,False,2,False,1,False,1,False,0,False,2,False,1,False,0,False,0,False,2,False,1,False,0,False,0,False,2,False,1,False,0,False,0,False,2,False,1,False,0,False,0,False,2,False,0,False,0,False,0,0.8449806882812559,0.11835240919268154,0.5619576525744365,0.011846187997979351,0.3642503373532442,0.00029368112300151615,0.18126797988805288,0.00029368112300151615
502550.0,0.027917018214303438,3.4285714285714284,True,9,True,7,True,5,True,3,True,10,False,6,False,2,False,1,True,11,False,5,False,1,False,1,True,13,False,4,False,1,False,0,True,12,False,3,False,1,False,0,True,11,False,3,False,1,False,0,True,10,False,3,False,0,False,0,True,10,False,3,False,0,False,0,True,10,False,3,False,0,False,0,True,11,False,2,False,0,False,0,True,9,False,2,False,0,False,0,1.3945816809610974,0.8315847715989296,0.9404394474684741,0.14630157254070858,0.36155944493613307,0.11133501409114392,0.2223999555688227,0.11133501409114392
1718500.0,0.018536900094297485,3.4285714285714284,True,5,False,1,False,1,False,1,False,4,False,1,False,1,False,1,False,3,False,1,False,1,False,1,False,3,False,1,False,1,False,1,False,2,False,1,False,1,False,1,False,1,False,1,False,1,False,1,False,1,False,1,False,1,False,1,False,1,False,1,False,1,False,1,False,1,False,1,False,1,False,1,False,1,False,1,False,1,False,1,False,2,False,1,False,1,False,0,3.4285714285714284,0.14334944588859352,1.3596384424967143,0.0258907893420739,1.0,0.022718074855993742,0.5853820898609174,0.002562276749235348
566752.0,0.18735421112710307,3.2536138482816725,True,6,True,5,True,4,True,3,True,8,True,8,True,5,False,1,True,8,True,8,True,5,False,1,True,8,True,8,True,4,False,1,True,10,True,7,False,3,False,1,True,10,True,7,False,3,False,1,True,10,True,6,False,3,False,1,True,10,True,6,False,3,False,1,True,11,True,6,False,2,False,0,True,11,True,6,False,2,False,0,True,11,True,5,False,2,False,0,2.559320467269872,1.9877515755235775,0.9552683827300125,0.6180798084631014,0.9206065089901263,0.2851870142168957,0.45063218664899585,0.13956217957256484
1650640.0,0.01873542111271031,3.4285714285714293,True,4,False,1,False,1,False,1,True,4,False,1,False,1,False,1,True,4,False,1,False,1,False,1,True,4,False,1,False,1,False,1,True,4,False,1,False,1,False,1,False,3,False,1,False,1,False,1,False,1,False,1,False,1,False,1,False,1,False,1,False,1,False,1,False,1,False,1,False,1,False,1,False,1,False,1,False,1,False,1,False,1,False,1,False,1,False,1,3.4285714285714293,0.33325847190389024,1.0724064333491101,0.04311037932512008,1.0,0.001599451377723465,1.0,0.0009690278581002881
85341.0,0.1501315201746985,1.893104896231111,True,13,True,6,True,2,False,0,True,13,True,6,True,1,False,0,True,13,True,4,True,1,False,0,True,12,True,3,False,0,False,0,True,9,True,1,False,0,False,0,True,9,True,1,False,0,False,0,True,8,False,0,False,0,False,0,True,6,False,0,False,0,False,0,True,6,False,0,False,0,False,0,True,5,False,0,False,0,False,0,True,4,False,0,False,0,False,0,1.4699212888724213,0.6499468778864349,0.38230664971509815,0.38230664971509815,0.20877661557800145,0.20877661557800145,0.04671813502385697,0.011703260066111852
266081.0,0.38438632190183136,3.428571428571429,True,12,True,5,True,4,True,2,True,10,True,5,True,4,True,1,True,11,True,3,True,3,True,1,True,9,True,3,True,2,True,1,True,9,True,3,True,2,True,1,True,9,True,3,True,2,True,1,True,8,True,3,True,2,True,1,True,8,True,3,True,2,True,1,True,9,True,4,True,3,False,0,True,8,True,4,True,3,False,0,True,8,True,4,True,3,False,0,3.2017710956350536,3.2017710956350536,1.1597993211727602,0.9990919728400652,0.9985575862193902,0.9985575862193902,0.4522606730436409,0.4522606730436409
454046.0,0.19670951411980744,2.3572677426526267,True,12,True,6,True,2,True,2,True,12,True,5,True,2,True,2,True,11,True,3,True,2,True,2,True,11,True,2,False,1,False,1,True,11,False,1,False,1,False,1,True,10,False,1,False,1,False,1,True,10,False,1,False,1,False,1,True,9,False,1,False,1,False,1,True,10,False,1,False,1,False,0,True,9,False,1,False,1,False,0,True,8,False,1,False,1,False,0,1.4103005520447869,0.8347325847729481,0.7078115341839911,0.2880973511103721,0.6568216953159274,0.2329772359526314,0.48760637065052514,0.23108027800623826
10256.0,1.0,0.955030021745719,True,8,True,4,True,1,False,0,True,6,True,3,False,0,False,0,True,6,True,3,False,0,False,0,True,4,True,2,False,0,False,0,True,4,True,2,False,0,False,0,True,4,False,0,False,0,False,0,True,4,False,0,False,0,False,0,True,3,False,0,False,0,False,0,True,2,False,0,False,0,False,0,True,2,False,0,False,0,False,0,True,2,False,0,False,0,False,0,0.745399877530975,0.6817304916393142,0.332486275247329,0.32241319757938663,0.1357283711246518,0.1357283711246518,0.005630182532542024,0.005630182532542024
290222.0,0.9978410839247606,1.2251000314096074,True,8,True,5,False,1,False,1,True,7,False,2,False,1,False,1,True,6,False,1,False,1,False,1,True,6,False,0,False,0,False,0,True,6,False,0,False,0,False,0,True,4,False,0,False,0,False,0,True,3,False,0,False,0,False,0,False,2,False,0,False,0,False,0,False,2,False,0,False,0,False,0,False,2,False,0,False,0,False,0,False,2,False,0,False,0,False,0,0.9801707982874599,0.40226892718803464,0.24162553786133464,0.12277122363719312,0.20359051157223243,0.0006293280174294312,0.20359051157223243,0.0004993472253947675
97179.0,0.5478435654374907,2.0157889418635344,True,11,True,6,True,4,True,2,True,10,True,6,True,3,True,1,True,10,True,5,False,2,False,0,True,9,True,4,False,2,False,0,True,9,False,3,False,2,False,0,True,10,False,2,False,1,False,0,True,8,False,2,False,0,False,0,True,6,False,1,False,0,False,0,True,5,False,0,False,0,False,0,False,5,False,0,False,0,False,0,False,5,False,0,False,0,False,0,1.5380745096237385,0.5129721231670963,0.47475540191001026,0.2508918083404496,0.3958569398340069,0.15764222171034342,0.15764222171034342,0.15764222171034342
782264.0,0.10806987939848131,3.2936751592377664,True,11,True,7,True,5,True,3,True,11,True,6,True,4,True,2,True,11,True,6,True,4,True,2,True,11,True,6,True,4,True,2,True,11,True,6,True,4,True,2,True,11,True,6,True,4,True,1,True,10,True,6,True,4,True,1,True,10,True,6,True,4,False,0,True,10,True,6,True,4,False,0,True,10,True,6,True,3,False,0,True,10,True,6,True,2,False,0,3.0674987351107297,1.3343539262745325,1.0448053241776092,0.9646588697384543,0.8211774395270292,0.6481538806750673,0.4170904506988313,0.4170904506988313
486691.0,0.2848032160404983,1.997196525125795,True,10,True,5,True,3,True,2,True,11,True,6,True,4,True,2,True,12,True,6,True,3,False,1,True,9,True,5,True,3,False,1,True,9,True,3,True,3,False,1,True,10,True,2,True,2,False,0,True,10,True,2,True,2,False,0,True,10,True,2,True,2,False,0,True,9,True,2,True,2,False,0,True,9,True,2,True,2,False,0,True,7,True,2,True,2,False,0,1.3931828127987376,1.3931828127987376,0.8020217314895919,0.8020217314895919,0.7560767446447886,0.7560767446447886,0.329546362223097,0.19448976765631898
847240.0,0.030547421708273362,3.4244742608706065,True,6,True,6,True,3,True,2,True,7,True,5,True,2,True,2,True,9,True,6,True,4,True,2,True,9,True,6,True,3,True,2,True,9,True,6,True,3,True,2,True,9,True,6,True,3,True,2,True,9,True,6,True,3,True,2,True,10,True,5,False,1,False,1,True,10,True,4,False,1,False,1,True,9,True,3,False,1,False,1,True,9,True,3,False,1,False,1,3.3807427927490754,0.9137046284972178,0.9664241137749955,0.6034845447809197,0.931956586665341,0.43128069137084263,0.9304020176904194,0.4275002837428264
378191.0,0.11643257729912154,3.4215234256249936,True,10,True,6,True,3,False,2,True,9,True,5,True,3,False,2,True,8,True,4,True,3,False,2,True,10,True,5,True,4,False,2,True,10,True,5,True,3,False,2,True,9,True,4,True,3,False,2,True,10,True,5,True,3,False,1,True,10,True,5,True,2,False,1,True,10,True,5,True,2,False,1,True,10,True,4,True,2,False,1,True,10,True,5,True,3,False,0,3.2131432549325796,1.0244309387294483,0.9978680505337959,0.9978680505337959,0.9802404274584255,0.9802404274584255,0.5947905355210885,0.013284414394827563
1793818.0,0.01816467318477344,3.428571428571429,True,7,False,2,False,1,False,1,True,5,False,1,False,1,False,1,True,4,False,1,False,1,False,1,True,4,False,1,False,1,False,1,True,3,False,1,False,1,False,1,False,2,False,1,False,1,False,1,False,1,False,1,False,1,False,1,False,1,False,1,False,1,False,1,False,2,False,1,False,1,False,0,False,2,False,1,False,1,False,0,False,1,False,1,False,1,False,0,3.428571428571428,0.3198531927467264,0.7380917237743807,0.07566875024265257,0.7380917237743807,0.018234477258497195,0.4974084799405457,0.002235806255906769
139177.0,0.09546379472926696,3.4132885578214687,True,8,True,6,True,6,True,4,True,9,True,7,True,7,True,4,True,10,True,7,True,7,False,3,True,10,True,7,True,7,False,1,True,10,True,7,True,7,False,1,True,10,True,7,True,7,False,1,True,10,True,7,True,5,False,1,True,10,True,7,True,5,False,1,True,10,True,7,True,4,False,1,True,10,True,7,True,4,False,1,True,10,True,7,True,4,False,1,3.3516934543166905,2.878819576146811,1.0449889852801366,0.9525971684793194,0.9974233479114952,0.6638533328900106,0.9460479992677242,0.18274420229506835
769752.0,0.07409797012258673,2.1197608042547578,True,14,True,3,False,1,False,0,True,14,True,3,False,1,False,0,True,12,True,3,False,1,False,0,True,10,True,3,False,0,False,0,True,9,True,1,False,0,False,0,True,8,True,1,False,0,False,0,True,7,True,1,False,0,False,0,True,7,True,1,False,0,False,0,True,6,True,1,False,0,False,0,True,6,False,0,False,0,False,0,True,6,False,0,False,0,False,0,0.9412831205335931,0.9412831205335931,0.5201938766801721,0.5201938766801721,0.20394669189326384,0.03504041848074451,0.08758361587295314,0.03492754828620236
1815921.0,0.018760236240011913,3.428571428571429,True,9,False,1,False,1,False,1,False,5,False,1,False,1,False,1,False,4,False,1,False,1,False,1,False,2,False,1,False,1,False,1,False,2,False,1,False,1,False,1,False,2,False,1,False,1,False,1,False,1,False,1,False,1,False,1,False,1,False,1,False,1,False,1,False,1,False,1,False,1,False,1,False,1,False,1,False,1,False,1,False,1,False,1,False,1,False,1,3.428571428571428,0.14576108302344046,1.4634546199735876,0.00302654926512427,1.0286569717707443,0.002883437752140054,0.6299064154189212,0.0016054585591009684
1754276.0,0.019132463149535955,3.4285714285714293,True,8,True,3,False,1,False,1,True,4,True,3,False,1,False,1,True,4,True,2,False,1,False,1,True,3,True,2,False,1,False,1,True,2,False,1,False,1,False,0,False,1,False,1,False,1,False,0,False,1,False,1,False,1,False,0,False,1,False,1,False,1,False,0,False,1,False,1,False,1,False,0,False,1,False,1,False,1,False,0,False,1,False,1,False,1,False,0,3.428571428571428,0.3060341693929481,1.323743469645109,0.25651720542231493,0.7020341141382662,0.004119267933942693,0.27100395458604415,0.004119267933942693
134220.0,0.15310933545089087,2.2936790301301646,True,13,True,6,True,2,False,0,True,12,True,5,False,1,False,0,True,12,True,5,False,1,False,0,True,11,True,5,False,1,False,0,True,10,True,3,False,1,False,0,True,9,True,3,False,0,False,0,True,7,True,3,False,0,False,0,True,6,True,3,False,0,False,0,True,6,True,3,False,0,False,0,True,5,True,1,False,0,False,0,True,5,True,1,False,0,False,0,1.194334543385809,1.0,0.6313354023702135,0.6313354023702135,0.3305219489012407,0.10661986610773536,0.023354854160480467,0.0011290982949455726
1801119.0,0.019827286713980843,3.4285714285714293,True,8,False,1,False,1,False,1,True,7,False,1,False,1,False,1,True,5,False,1,False,1,False,1,True,4,False,1,False,1,False,1,True,4,False,1,False,1,False,1,True,2,False,1,False,1,False,1,True,2,False,1,False,1,False,1,False,1,False,1,False,1,False,1,False,1,False,1,False,1,False,1,False,1,False,1,False,1,False,0,False,1,False,1,False,1,False,0,3.4285714285714284,0.42979128046027804,0.9320744349222786,0.023304617960694475,0.9320744349222786,0.005762703511830298,0.5159603818352368,0.005762703511830298
10374.0,0.7077770608963224,0.7881063888488458,True,7,True,2,False,0,False,0,True,3,True,1,False,0,False,0,True,3,True,1,False,0,False,0,True,1,True,1,False,0,False,0,True,1,True,1,False,0,False,0,True,1,True,1,False,0,False,0,True,1,False,0,False,0,False,0,True,1,False,0,False,0,False,0,True,1,False,0,False,0,False,0,True,1,False,0,False,0,False,0,True,1,False,0,False,0,False,0,0.6677271546481559,0.6677271546481559,0.3562898506228107,0.3562898506228107,0.015520921553127892,0.0007004160825242863,0.0008330388285525916,0.0004721640352230106
1814391.0,0.020273959005409698,3.428571428571429,True,6,True,3,True,3,False,1,True,4,True,3,True,3,False,1,True,3,True,3,False,2,False,1,True,4,True,3,False,1,False,1,True,4,False,1,False,1,False,1,True,3,False,1,False,1,False,1,True,3,False,1,False,1,False,1,False,2,False,1,False,1,False,1,False,2,False,1,False,1,False,1,False,1,False,1,False,1,False,1,False,2,False,1,False,1,False,0,3.428571428571428,0.40193672853958684,0.813870727468344,0.2757645694662787,0.813870727468344,0.1656593406593407,0.5772426359639237,0.021965032438233098
1738108.0,0.01890912700382153,3.428571428571429,True,8,False,1,False,1,False,1,True,3,False,1,False,1,False,1,True,3,False,1,False,1,False,1,False,2,False,1,False,1,False,1,False,2,False,1,False,1,False,1,False,2,False,1,False,1,False,1,False,2,False,1,False,1,False,1,False,1,False,1,False,1,False,1,False,1,False,1,False,1,False,1,False,1,False,1,False,1,False,1,False,1,False,1,False,1,False,1,3.4285714285714284,0.22516256064307025,1.9088033737480226,0.09798953621178945,1.1781657026340975,0.012915332818192012,0.7450732617263893,0.012129403843583566
1367.0,0.9999751848726984,1.8639695911162435,True,4,True,3,True,3,True,1,True,3,True,3,True,3,True,1,True,4,True,2,True,2,False,0,True,4,True,2,True,2,False,0,True,2,True,2,True,1,False,0,True,2,True,2,True,1,False,0,True,2,True,2,True,1,False,0,True,2,True,2,False,0,False,0,True,2,True,2,False,0,False,0,True,2,True,2,False,0,False,0,True,2,True,2,False,0,False,0,1.2864290578941369,1.2864290578941369,0.7197369284823307,0.7197369284823307,0.41765745164921714,0.41765745164921714,0.16801127789600942,0.16801127789600942
142278.0,0.08913593726735818,3.375515117670848,True,7,True,6,True,5,True,4,True,7,True,6,True,5,True,3,True,8,True,6,True,5,True,3,True,8,True,6,True,5,True,3,True,8,True,6,True,5,True,3,True,8,True,6,True,5,True,3,True,7,True,6,True,5,True,3,True,8,True,7,True,4,False,2,True,8,True,7,True,4,False,2,True,8,True,7,True,4,False,2,True,9,True,6,True,4,False,2,3.168876704885435,2.466468421999988,0.9965231294063391,0.8852850584849711,0.9810944029326509,0.6782390572966619,0.7957466588796024,0.41122192620358816
1800201.0,0.01970321107747283,3.4285714285714293,True,10,False,2,False,1,False,1,True,7,False,2,False,1,False,1,True,5,False,1,False,1,False,1,True,2,False,1,False,1,False,1,True,2,False,1,False,1,False,1,False,1,False,1,False,1,False,0,False,1,False,1,False,1,False,0,False,1,False,1,False,1,False,0,False,2,False,0,False,0,False,0,False,2,False,0,False,0,False,0,False,2,False,0,False,0,False,0,3.428571428571428,0.3306996990376383,0.48215660398108445,0.016783468692690564,0.48215660398108445,0.008111762054979753,0.3093784143170519,0.008111762054979753
88152.0,0.07169090277433124,2.8749397103585403,True,8,True,5,True,3,True,3,True,7,True,4,True,3,True,3,True,7,True,4,True,3,True,3,True,7,True,4,True,3,True,3,True,6,True,4,True,3,True,3,True,8,True,4,True,2,True,2,True,9,True,4,True,2,False,1,True,8,True,4,True,2,False,1,True,8,True,4,False,1,False,1,True,8,True,4,False,1,False,1,True,9,True,5,False,1,False,1,2.4395165500594325,2.4395165500594325,0.9930138580266171,0.9930138580266171,0.8495373989169318,0.4545089646288894,0.8155301482118642,0.36927152834077104
1637350.0,0.01915727827683756,3.4285714285714284,True,7,True,2,False,1,False,1,True,4,True,2,False,1,False,1,True,4,False,1,False,1,False,1,True,4,False,1,False,1,False,1,True,4,False,1,False,1,False,1,True,3,False,1,False,1,False,1,True,3,False,2,False,1,False,1,False,2,False,1,False,1,False,1,False,2,False,1,False,1,False,0,False,2,False,1,False,1,False,0,False,1,False,1,False,1,False,0,3.4285714285714284,0.40414256928270487,1.0,0.17005360549986367,1.0,0.02009587352208316,0.47441171913999947,0.006603161793316126
89256.0,0.003771899349843665,3.4285714285714284,True,6,False,3,False,3,False,2,True,8,False,3,False,3,False,3,True,9,False,3,False,2,False,2,True,10,False,4,False,1,False,1,True,10,False,3,False,1,False,1,True,9,False,3,False,1,False,1,True,8,False,2,False,1,False,1,True,8,False,2,False,1,False,1,True,7,False,2,False,1,False,1,True,7,False,2,False,1,False,1,True,7,False,2,False,1,False,1,3.4285714285714284,0.9078195454051401,1.0,0.07161117256201212,1.0,0.04044791160249444,1.0,0.04044791160249444
1810816.0,0.01923172365874237,3.4285714285714293,True,9,False,2,False,1,False,1,True,7,False,1,False,1,False,1,True,6,False,1,False,1,False,1,False,2,False,1,False,1,False,1,False,1,False,1,False,1,False,1,False,1,False,1,False,1,False,1,False,1,False,1,False,1,False,0,False,1,False,1,False,1,False,0,False,1,False,1,False,1,False,0,False,1,False,1,False,1,False,0,False,1,False,1,False,1,False,0,3.428571428571428,0.22217085775588086,1.1482529129587957,0.021297714722454772,0.7268121487188959,0.01980237535379203,0.35229871692466364,0.00167750486683506
121596.0,0.9920095290088838,1.3336526707355005,True,8,True,6,True,4,True,3,True,7,True,5,True,2,True,1,True,7,True,4,True,2,True,1,True,7,True,3,True,2,False,0,True,7,True,3,True,2,False,0,True,5,True,3,True,2,False,0,True,4,True,2,True,1,False,0,True,4,True,2,True,1,False,0,True,2,True,2,True,1,False,0,True,2,True,2,True,1,False,0,True,2,True,2,True,1,False,0,0.939952455588353,0.939952455588353,0.7835928695000768,0.7835928695000768,0.6968835161982708,0.6968835161982708,0.2183899436605176,0.2183899436605176
378824.0,0.14025509950866047,2.029540526666685,True,10,True,5,True,2,True,2,True,12,True,3,True,2,True,2,True,12,True,4,True,1,True,1,True,12,True,3,True,1,True,1,True,11,True,3,True,1,True,1,True,11,True,2,True,1,True,1,True,10,True,2,True,1,True,1,True,10,True,2,True,1,True,1,True,10,True,2,True,1,True,1,True,6,True,1,True,1,True,1,True,5,True,1,True,1,True,1,1.6254026101985277,1.0005000020623684,0.6309838414113804,0.6309838414113804,0.6309838414113804,0.6309838414113804,0.6026346628646136,0.6026346628646136
627210.0,0.07087200357337833,2.2600194907296394,True,10,True,6,False,1,False,1,True,10,True,4,False,1,False,1,True,8,True,4,False,1,False,1,True,8,True,4,False,1,False,1,True,8,True,4,False,1,False,1,True,6,True,3,False,1,False,1,True,5,False,2,False,1,False,1,True,5,False,1,False,1,False,1,True,5,False,1,False,1,False,1,True,5,False,1,False,1,False,1,True,6,False,1,False,1,False,1,1.2705246544121613,0.6381471825147091,0.9999381787371934,0.3599674283678558,0.9992407209413039,0.006802004484507559,0.7097230481223187,0.005513003653800509
473818.0,0.8525733287011762,0.4468779790580186,True,4,True,1,False,0,False,0,True,3,True,1,False,0,False,0,True,2,False,0,False,0,False,0,True,1,False,0,False,0,False,0,True,1,False,0,False,0,False,0,True,1,False,0,False,0,False,0,False,0,False,0,False,0,False,0,False,0,False,0,False,0,False,0,False,0,False,0,False,0,False,0,False,0,False,0,False,0,False,0,False,0,False,0,False,0,False,0,0.3525788400260102,0.3525788400260102,0.17170548389563703,0.17170548389563703,0.03242480716722466,0.03242480716722466,0.03242480716722466,0.03242480716722466
97079.0,0.5319370688371632,1.0311180022094055,True,10,True,2,True,1,False,0,True,10,True,2,True,1,False,0,True,9,False,1,False,0,False,0,True,9,False,0,False,0,False,0,True,4,False,0,False,0,False,0,True,4,False,0,False,0,False,0,True,3,False,0,False,0,False,0,True,3,False,0,False,0,False,0,True,1,False,0,False,0,False,0,True,1,False,0,False,0,False,0,False,0,False,0,False,0,False,0,0.567795419028605,0.567795419028605,0.21344851784984897,0.1917260027966874,0.17728344928430453,0.17728344928430453,0.013185966995234829,0.012840493332530461
1800418.0,0.019430244677155192,3.4285714285714293,True,9,False,1,False,1,False,0,True,6,False,1,False,1,False,0,True,4,False,1,False,1,False,0,True,3,False,1,False,1,False,0,False,2,False,1,False,1,False,0,False,1,False,1,False,1,False,0,False,1,False,1,False,1,False,0,False,2,False,1,False,0,False,0,False,2,False,1,False,0,False,0,False,1,False,0,False,0,False,0,False,1,False,0,False,0,False,0,3.4285714285714275,0.26266594640606333,0.5177201315308734,0.04621924051929439,0.4142579612756937,0.02232770953287378,0.010109418938107307,0.006979387893581924
1538089.0,0.1477492679537446,3.4285714285714284,True,11,True,8,True,4,False,2,True,12,True,7,False,2,False,1,True,12,True,7,False,2,False,1,True,13,True,7,False,2,False,0,True,12,True,6,False,2,False,0,True,11,True,6,False,2,False,0,True,10,True,5,False,2,False,0,True,10,True,4,False,2,False,0,True,10,True,4,False,2,False,0,True,10,True,4,False,1,False,0,True,11,True,2,False,1,False,0,1.3902940942547295,1.0,1.0,1.0,0.7539148767871634,0.10101091229680956,0.2159817440586918,0.029275978908802368
429754.0,0.04389796019653581,3.307807015457324,True,5,True,4,True,4,True,4,True,6,True,5,True,4,True,4,True,7,True,6,True,5,True,4,True,8,True,7,False,5,False,3,True,8,True,6,False,4,False,3,True,8,True,6,False,4,False,3,True,8,False,5,False,4,False,3,True,8,False,5,False,4,False,3,True,8,False,5,False,4,False,3,True,8,False,5,False,4,False,2,True,9,False,5,False,4,False,1,3.10083261319652,2.0600386630930334,0.9886969678262498,0.37962611495669174,0.9832572792634491,0.2151965377812359,0.8344160859162173,0.2151965377812359
678031.0,0.07352722219464985,3.426731476807088,True,7,True,6,True,5,False,4,True,8,True,7,True,5,False,4,True,8,True,6,False,4,False,3,True,9,True,6,False,3,False,2,True,9,True,5,False,3,False,2,True,9,True,5,False,3,False,2,True,9,True,5,False,3,False,1,True,9,True,5,False,3,False,1,True,9,True,4,False,3,False,1,True,9,True,4,False,3,False,1,True,9,True,4,False,3,False,1,3.3995499697416895,1.0787308481884674,0.9724335903989754,0.9724335903989754,0.9520553137843305,0.18022708960782716,0.7296134446578315,0.03739146285313193
650409.0,0.10447168593974887,3.2418716757990955,True,8,True,5,True,5,True,4,True,9,True,6,True,6,True,4,True,10,True,6,True,6,True,3,True,10,True,6,True,6,True,3,True,11,True,6,True,6,False,0,True,11,True,6,True,6,False,0,True,10,True,6,True,6,False,0,True,9,True,6,True,6,False,0,True,9,True,6,True,2,False,0,True,9,True,5,True,2,False,0,True,8,True,4,True,2,False,0,2.9146075804950677,2.618229840929172,0.99996308324198,0.99996308324198,0.99996308324198,0.99996308324198,0.2652675537194523,0.2652675537194523
1551785.0,0.003424487567621222,3.4285714285714293,True,5,True,3,True,3,False,2,True,6,False,2,False,2,False,2,True,7,False,4,False,3,False,3,True,8,False,5,False,2,False,2,True,8,False,4,False,2,False,2,True,8,False,3,False,2,False,2,True,7,False,3,False,2,False,2,True,6,False,3,False,2,False,2,True,6,False,3,False,2,False,2,True,6,False,3,False,2,False,2,True,5,False,3,False,2,False,2,3.4285714285714284,0.6003479513548692,1.296111805672586,0.14807636650981895,1.0,0.10916344419109245,1.0,0.024953871769198208
270281.0,0.046280212417489704,3.3902787475470766,True,7,True,6,True,5,True,5,True,7,True,6,True,5,True,5,True,9,True,6,True,5,True,4,True,10,True,7,True,5,True,3,True,11,True,7,True,5,True,2,True,11,True,6,True,5,True,2,True,11,True,6,True,5,True,2,True,12,True,5,True,4,True,2,True,12,True,5,True,4,True,2,True,13,True,6,True,4,True,2,True,13,True,6,True,4,True,2,3.217886429068362,1.798323892292072,0.9565263641526766,0.9174792706690265,0.9340417281019122,0.7345434779038444,0.9301635299721536,0.7345434779038444
11363.0,0.06260856618194452,3.2951963140702003,True,8,True,5,True,4,True,4,True,9,True,4,True,4,True,4,True,9,True,4,True,4,True,4,True,9,True,4,True,4,True,4,True,8,True,5,True,4,True,3,True,9,True,5,True,4,False,2,True,9,True,5,True,4,False,1,True,9,True,5,True,4,False,1,True,8,True,5,True,3,False,1,True,8,True,4,True,2,False,1,True,8,True,4,True,2,False,1,3.0356124784320415,0.95755808167177,0.993330697584201,0.8840982863039675,0.9521812887590911,0.8596017634071961,0.9111315199028727,0.3249552875443788
1513927.0,0.003374857313018016,3.4285714285714284,True,7,True,6,True,4,True,3,True,9,True,4,True,2,True,2,True,10,True,5,False,1,False,1,True,10,True,4,False,1,False,1,True,10,True,4,False,1,False,1,True,10,True,4,False,1,False,1,True,11,True,3,False,2,False,2,True,11,True,3,False,2,False,2,True,10,False,2,False,2,False,2,True,10,False,2,False,2,False,2,True,10,False,2,False,2,False,2,3.4285714285714284,0.7579261332253195,1.0,0.4791216103809683,1.0,0.1594547126009179,1.0,0.1594547126009179
335679.0,0.17745297533376347,1.832446482200589,True,12,True,5,False,1,False,1,True,10,True,5,False,1,False,1,True,9,True,5,False,1,False,1,True,8,True,5,False,1,False,0,True,7,True,3,False,0,False,0,True,6,True,3,False,0,False,0,True,7,False,1,False,0,False,0,True,7,False,1,False,0,False,0,True,7,False,0,False,0,False,0,True,4,False,0,False,0,False,0,True,2,False,0,False,0,False,0,1.2545867717996821,0.6320789311978434,0.4538967885878987,0.3687962225896216,0.26687812990213794,0.04867640639843883,0.2181356439937583,0.003901062009176128
1758858.0,0.019355799295250383,3.4285714285714293,True,6,True,2,False,1,False,1,True,3,True,2,False,1,False,1,True,3,False,1,False,1,False,1,True,2,False,1,False,1,False,1,False,1,False,1,False,1,False,1,False,1,False,1,False,1,False,1,False,1,False,1,False,1,False,1,False,1,False,1,False,1,False,1,False,1,False,1,False,1,False,1,False,1,False,1,False,1,False,1,False,1,False,1,False,1,False,1,3.428571428571428,0.2952799718311084,2.0644802291598117,0.16538259647459236,0.9234600731289475,0.01521929333437074,0.6438939423263014,0.000612732915325388
1490141.0,0.014839446126358628,3.4285714285714293,True,6,True,5,True,4,True,2,True,6,True,4,True,4,True,2,True,6,True,4,True,4,True,2,True,7,True,5,True,5,True,2,True,9,True,6,True,4,True,3,True,9,True,6,True,4,True,2,True,9,True,6,True,4,True,2,True,9,True,5,True,4,True,2,True,9,True,5,True,3,False,1,True,9,True,5,True,3,False,1,True,8,True,5,True,3,False,1,3.4285714285714284,0.9997703383085725,1.4266367847730963,0.796595402515722,1.0,0.7862606932036026,1.0,0.4513805522208885
1739300.0,0.018288748821281453,3.428571428571429,True,9,False,1,False,1,False,1,True,4,False,1,False,1,False,1,False,2,False,1,False,1,False,1,False,2,False,1,False,1,False,1,False,2,False,1,False,1,False,1,False,1,False,1,False,1,False,1,False,1,False,1,False,1,False,1,False,1,False,1,False,1,False,1,False,1,False,1,False,1,False,1,False,1,False,1,False,1,False,1,False,1,False,1,False,1,False,1,3.4285714285714284,0.19991096118032872,2.804436340019484,0.015978369252038622,0.7451088962716871,0.013896594441362181,0.6097694295368715,0.013896594441362181
720439.0,0.18189488312075042,3.428571428571428,False,4,False,2,False,1,False,1,False,4,False,2,False,1,False,1,False,4,False,2,False,1,False,1,False,3,False,2,False,1,False,1,False,3,False,2,False,1,False,1,False,2,False,2,False,1,False,1,False,2,False,2,False,1,False,1,False,2,False,2,False,1,False,1,False,2,False,2,False,1,False,1,False,2,False,2,False,1,False,1,False,2,False,1,False,1,False,1,3.428571428571428,0.0,1.0,0.0,1.0,0.0,1.0,0.0
1629393.0,0.09883865204228498,3.4285714285714293,True,9,True,6,True,5,True,3,True,8,True,5,True,5,True,3,True,12,True,6,True,3,True,1,True,12,True,5,True,3,True,1,True,12,True,6,False,1,False,0,True,12,True,4,False,0,False,0,True,11,True,3,False,0,False,0,True,11,True,3,False,0,False,0,True,8,False,1,False,0,False,0,True,6,False,1,False,0,False,0,True,6,False,1,False,0,False,0,3.4285714285714275,1.0,0.8470791626802116,0.46681102599130797,0.31305675709938263,0.26711226974991037,0.26711226974991037,0.26711226974991037
1523377.0,0.0067993448806392374,3.428571428571429,True,6,True,5,False,2,False,1,True,7,True,6,False,3,False,2,True,7,True,5,False,2,False,2,True,8,True,6,False,3,False,3,True,7,True,6,False,3,False,3,True,9,True,5,False,3,False,2,True,9,True,5,False,3,False,2,True,9,True,5,False,3,False,2,True,9,True,4,False,3,False,2,True,9,True,4,False,3,False,2,True,8,True,4,False,3,False,2,3.4285714285714284,3.1664255840103435,1.0,0.7069290807615604,1.0,0.043767089119164444,1.0,0.04075018237712078
1656905.0,0.01900838751302794,3.4285714285714293,True,9,False,1,False,1,False,1,True,6,False,1,False,1,False,1,True,4,False,1,False,1,False,1,True,2,False,1,False,1,False,1,False,1,False,1,False,1,False,1,False,1,False,1,False,1,False,1,False,1,False,1,False,1,False,1,False,1,False,1,False,1,False,1,False,1,False,1,False,1,False,1,False,1,False,1,False,1,False,1,False,1,False,1,False,1,False,1,3.4285714285714293,0.26564072496924884,1.4043767047702334,0.0251502681488678,1.0,0.013980631740330516,0.799891721539491,0.008532741080384033
1620781.0,0.003424487567621222,3.428571428571429,True,9,True,7,True,4,False,3,True,9,True,7,True,4,False,3,True,9,True,8,True,3,False,2,True,9,True,7,True,3,False,2,True,11,True,5,False,2,False,1,True,10,True,4,False,2,False,1,True,11,True,4,False,1,False,1,True,11,True,3,False,1,False,1,True,10,True,3,False,1,False,1,True,7,True,3,False,1,False,1,True,7,True,3,False,1,False,1,2.791902440439918,1.062305495161359,1.1690189328743543,0.7311390044596128,1.0,0.25528019018303744,1.0,0.041378485521176386
695822.0,0.04337684252320215,3.394068885246325,True,7,True,5,True,5,False,3,True,7,True,5,True,5,False,3,True,9,True,7,True,5,False,2,True,9,True,7,True,5,False,2,True,9,True,6,True,5,False,2,True,9,True,6,True,5,False,2,True,9,True,6,True,5,False,2,True,9,True,6,True,5,False,2,True,8,True,6,True,5,False,2,True,9,True,6,True,4,False,0,True,9,True,5,True,4,False,0,1.7263681612465909,0.9999610585009662,1.5411845824278965,0.9819780199733683,0.8891506078192014,0.8778091547276,0.5353611628092413,0.01819405041918724
220165.0,0.004317832150478932,3.428571428571429,True,3,True,1,True,1,True,1,True,2,True,1,True,1,True,1,True,4,True,3,True,3,True,3,True,5,True,3,True,3,True,3,True,5,True,3,True,3,True,3,True,5,True,3,True,3,True,3,True,4,True,3,True,3,True,3,True,5,True,4,True,4,True,3,True,5,True,4,True,4,True,3,True,5,True,4,True,4,True,3,True,5,True,4,True,4,True,3,3.4285714285714284,2.5028248587570623,1.0,0.8413533834586466,1.0,0.8370931471180022,1.0,0.8370931471180022
740343.0,0.0722368355749665,1.0168613522317875,True,11,True,4,False,1,False,0,True,10,True,4,False,1,False,0,True,9,True,4,False,1,False,0,True,9,True,4,False,0,False,0,True,9,True,2,False,0,False,0,True,6,True,2,False,0,False,0,True,6,False,0,False,0,False,0,True,4,False,0,False,0,False,0,True,1,False,0,False,0,False,0,True,1,False,0,False,0,False,0,False,0,False,0,False,0,False,0,0.5644808089187162,0.5644808089187162,0.3863945052929714,0.3513986726507696,0.21648385506942894,0.07103302353980835,0.013413894180117738,0.013413894180117738
529692.0,0.07020199513623505,3.4103763933171414,True,7,True,6,True,4,True,4,True,7,True,5,True,4,True,3,True,7,True,5,True,4,True,3,True,7,True,5,True,4,True,3,True,7,True,5,True,4,True,3,True,8,True,5,True,4,True,2,True,8,True,5,True,4,True,2,True,8,True,5,True,4,True,2,True,8,True,5,True,4,True,2,True,9,True,5,True,4,True,1,True,8,True,4,True,3,True,1,3.330541794502491,1.0,1.0,1.0,1.0,1.0,0.9326673921697471,0.9326673921697471
706508.0,0.10414908928482804,2.4616947140247554,True,10,True,6,True,5,True,4,True,10,True,6,True,4,True,4,True,11,True,6,True,2,True,2,True,9,True,6,True,2,True,2,True,10,True,7,True,2,True,2,True,10,True,6,True,2,True,2,True,10,True,6,True,2,True,2,True,11,True,5,False,2,False,1,True,12,True,5,False,1,False,1,True,12,False,3,False,1,False,1,True,10,False,2,False,1,False,1,1.9398418156743027,1.1836421800268,0.7708092735896726,0.5179630346825274,0.7098597890906908,0.43536136854865287,0.6812268623248913,0.43536136854865287
206936.0,0.032036329346369546,3.40632656632874,True,8,True,5,True,4,False,3,True,8,True,5,True,4,False,3,True,9,True,6,True,5,False,3,True,9,True,6,True,5,False,3,True,9,True,7,True,4,False,2,True,9,True,7,True,4,False,2,True,9,True,6,True,3,False,1,True,9,True,6,True,3,False,1,True,9,True,6,True,3,False,1,True,10,True,5,True,3,False,1,True,11,True,5,True,3,False,0,3.2048233541667357,0.9417184146162895,0.9560104254073714,0.7414260671163607,0.746640537098042,0.7414260671163607,0.5651664885523991,0.05628868718440129
1776564.0,0.019678395950171224,3.4285714285714293,True,9,True,3,False,1,False,1,True,5,False,1,False,1,False,1,True,3,False,1,False,1,False,1,True,3,False,1,False,1,False,1,True,3,False,1,False,1,False,1,False,2,False,1,False,1,False,1,False,2,False,1,False,1,False,1,False,2,False,1,False,1,False,1,False,1,False,1,False,1,False,1,False,1,False,1,False,1,False,1,False,2,False,1,False,0,False,0,3.428571428571428,0.31908428538755584,0.8089499588094886,0.10751703615009414,0.5894927822039916,0.05608152410365771,0.5894927822039916,0.03828522149600584
125740.0,0.7533624497493672,3.3410402550083886,True,6,True,5,True,4,True,4,True,9,True,4,True,3,True,3,True,9,True,4,True,3,True,3,True,9,True,4,True,3,True,3,True,11,True,4,True,3,False,2,True,12,True,4,True,3,False,2,True,12,True,3,True,3,False,2,True,12,True,3,True,3,False,2,True,12,True,3,True,3,False,2,True,11,True,3,True,3,False,2,True,11,True,3,True,3,False,2,3.117423897930161,1.9285600628269983,0.9876561712443543,0.7250361663357484,0.975142970574581,0.6675761793795146,0.8648566837984096,0.293162045734052
1626484.0,0.30495309940939996,3.4285714285714293,True,10,True,3,True,3,True,2,True,8,True,3,True,3,True,1,True,9,True,2,True,1,True,1,True,9,True,2,True,1,True,1,True,7,True,2,True,1,True,1,True,5,True,2,True,1,True,1,True,4,True,2,True,1,True,1,True,4,True,2,True,1,True,1,True,4,True,2,True,1,True,1,True,4,True,1,True,1,True,1,True,4,True,1,True,1,True,1,3.4285714285714275,1.0,1.0,1.0,1.0,1.0,0.9991184808711765,0.9991184808711765
1794870.0,0.018710605985408704,3.4285714285714297,True,5,False,2,False,1,False,1,True,3,False,1,False,1,False,1,True,3,False,1,False,1,False,1,True,3,False,1,False,1,False,0,True,3,False,1,False,1,False,0,True,3,False,1,False,1,False,0,True,3,False,1,False,1,False,0,True,3,False,1,False,0,False,0,False,1,False,1,False,0,False,0,False,1,False,1,False,0,False,0,False,1,False,1,False,0,False,0,3.428571428571428,0.4878585468054776,2.1859680591934287,0.03963343800374139,0.40487433622195707,0.0056588104133651574,0.23512282480398713,0.001633384675670401
1779305.0,0.020149883368901684,3.4285714285714293,True,8,True,3,False,1,False,1,True,7,False,1,False,1,False,1,True,6,False,1,False,1,False,1,True,3,False,1,False,1,False,1,True,2,False,1,False,1,False,1,True,2,False,1,False,1,False,1,False,1,False,1,False,1,False,1,False,1,False,1,False,1,False,1,False,1,False,1,False,1,False,0,False,1,False,1,False,1,False,0,False,1,False,1,False,0,False,0,3.428571428571428,0.3797804704562617,2.183509292532526,0.13138628152911952,0.5957965275662503,0.04329781724719962,0.45096826325615114,0.03685448985334262
1710697.0,0.019132463149535955,3.4285714285714284,True,10,False,1,False,1,False,1,True,9,False,1,False,1,False,1,True,8,False,1,False,1,False,1,True,4,False,1,False,1,False,0,True,3,False,1,False,1,False,0,True,2,False,1,False,1,False,0,False,1,False,1,False,1,False,0,False,1,False,1,False,1,False,0,False,1,False,1,False,1,False,0,False,1,False,1,False,1,False,0,False,1,False,1,False,1,False,0,3.4285714285714284,0.3759682462555886,1.462471721253402,0.015469022858185398,1.0,0.004603117400692284,0.21767594108019633,0.0038607587282775842
482423.0,0.28703657749764255,2.7239614178230855,True,10,True,4,True,4,True,2,True,8,True,4,True,3,True,2,True,8,True,3,False,2,False,1,True,7,True,4,False,3,False,1,True,8,True,5,False,2,False,0,True,7,True,4,False,2,False,0,True,8,True,4,False,1,False,0,True,9,True,3,False,0,False,0,True,8,True,2,False,0,False,0,True,7,True,2,False,0,False,0,True,7,False,1,False,0,False,0,1.1901622690592446,0.6109864460373459,0.773024361329732,0.5762975802303494,0.4332367569474752,0.16259430942262318,0.2941727136504274,0.15061594295972194
1807194.0,0.018313563948583057,3.4285714285714293,True,2,True,2,False,1,False,1,True,2,True,2,False,1,False,1,True,2,False,1,False,1,False,1,True,2,False,1,False,1,False,1,True,2,False,1,False,1,False,1,True,3,False,1,False,1,False,0,True,3,False,1,False,0,False,0,True,4,False,0,False,0,False,0,True,4,False,0,False,0,False,0,False,3,False,0,False,0,False,0,False,2,False,0,False,0,False,0,3.4285714285714275,0.5135696890583139,0.4250498582974702,0.1947963913983331,0.3982067180225881,0.0034327305876235992,0.31959557278288897,0.0034327305876235992
395063.0,0.13094942677055935,2.85129658587253,True,8,True,5,True,5,True,4,True,8,True,5,True,5,False,2,True,12,True,4,True,2,False,1,True,11,True,4,True,2,False,1,True,10,True,3,True,2,False,1,True,8,True,3,True,2,False,1,True,9,True,3,True,2,False,0,True,9,True,3,True,2,False,0,True,9,True,3,True,2,False,0,True,8,True,2,False,1,False,0,True,8,True,2,False,1,False,0,2.4184333441738213,1.2031662500987121,0.8472056140498649,0.8206908221100322,0.7503127149545789,0.5084769147793888,0.3826584830256029,0.13772939570747503
667444.0,0.08499181100799047,3.403752876169309,True,8,True,4,True,3,True,3,True,9,True,4,True,3,True,3,True,9,True,4,True,3,True,2,True,11,True,5,True,4,True,3,True,11,True,5,True,4,True,3,True,12,True,5,True,3,True,2,True,13,True,6,True,4,True,1,True,14,True,5,False,3,False,0,True,14,True,5,False,3,False,0,True,12,True,5,False,3,False,0,True,11,True,5,False,3,False,0,3.2717553666908707,3.2717553666908707,0.9275587934940025,0.8788104134869019,0.8357185551222139,0.4016527772660791,0.4016527772660791,0.4016527772660791
411578.0,0.1452429400962827,1.525547759941723,True,11,True,5,False,1,False,1,True,13,True,5,False,1,False,0,True,14,True,4,False,0,False,0,True,13,True,2,False,0,False,0,True,10,False,1,False,0,False,0,True,7,False,1,False,0,False,0,True,6,False,1,False,0,False,0,True,4,False,0,False,0,False,0,False,3,False,0,False,0,False,0,False,2,False,0,False,0,False,0,False,2,False,0,False,0,False,0,0.8718296874055845,0.4918914732729899,0.42591885516098515,0.2505987055639396,0.16120408783320408,0.008559297979962115,0.12079032955508376,0.008559297979962115
1756668.0,0.018958757258424736,3.4285714285714293,True,9,True,3,False,2,False,2,True,7,True,3,False,2,False,0,True,7,True,3,False,1,False,0,True,5,True,2,False,1,False,0,True,4,False,1,False,1,False,0,True,4,False,1,False,1,False,0,True,4,False,1,False,1,False,0,False,2,False,1,False,0,False,0,False,2,False,1,False,0,False,0,False,2,False,1,False,0,False,0,False,1,False,1,False,0,False,0,3.428571428571428,0.4335461424480268,1.0010276428534461,0.2853955310597433,0.44234565685570715,0.003504165943412569,0.14852636406714767,0.003504165943412569
1707263.0,0.02037321951461611,3.4285714285714284,True,9,False,1,False,1,False,1,False,5,False,1,False,1,False,1,False,5,False,1,False,1,False,1,False,4,False,1,False,1,False,1,False,2,False,1,False,1,False,0,False,2,False,1,False,1,False,0,False,2,False,1,False,1,False,0,False,2,False,1,False,1,False,0,False,2,False,1,False,1,False,0,False,2,False,1,False,1,False,0,False,2,False,1,False,1,False,0,3.428571428571428,0.12552633052001771,0.7306124374187202,0.016896739899347243,0.6208911464553529,0.010506600372343166,0.26507859441991183,0.002193400724775888
704060.0,0.045907985507965654,1.6775375619888517,True,11,True,5,False,4,False,1,True,10,True,4,False,3,False,1,True,10,True,4,False,1,False,0,True,9,True,3,False,1,False,0,True,8,True,2,False,1,False,0,True,8,True,2,False,1,False,0,True,6,True,2,False,1,False,0,True,5,True,2,False,1,False,0,True,5,False,1,False,1,False,0,True,3,False,1,False,0,False,0,False,2,False,1,False,0,False,0,0.8488397835829156,0.5791695274668879,0.8013529687107427,0.4659771001456575,0.5464260771448526,0.026513730365013016,0.1539832770288655,0.026513730365013016
702295.0,0.06360117127400863,3.4285714285714293,True,3,True,3,True,3,True,2,True,3,True,3,True,3,True,2,True,5,True,4,True,3,True,2,True,4,True,4,True,3,True,2,True,4,True,4,True,3,True,2,True,5,True,5,True,4,True,3,True,5,True,5,True,4,True,3,True,5,True,5,True,4,True,3,True,5,True,5,True,4,True,3,True,5,True,5,True,4,True,3,True,6,True,5,True,4,True,3,3.428571428571428,2.177537923432031,1.0,1.0,1.0,1.0,1.0,0.749101694525947
731771.0,0.011886445977467864,3.4285334028110714,True,7,True,4,True,4,True,3,True,6,True,4,True,4,True,3,True,5,True,5,True,4,True,3,True,5,True,5,True,4,True,3,True,5,True,5,True,4,True,3,True,6,True,6,False,4,False,3,True,6,True,6,False,4,False,3,True,6,True,6,False,4,False,3,True,6,True,5,False,4,False,2,True,6,True,5,False,4,False,2,True,6,True,5,False,4,False,2,3.411865798449481,2.558769465542954,1.0,0.9107490669046178,0.9999712939841648,0.3212078403672965,0.9601781877264955,0.3212078403672965
327749.0,0.23822522209538935,2.596037843842114,True,8,True,6,True,4,True,3,True,10,True,7,True,4,True,3,True,11,True,7,True,3,True,2,True,13,True,7,False,1,False,0,True,13,True,6,False,1,False,0,True,13,True,4,False,1,False,0,True,13,False,2,False,1,False,0,True,13,False,2,False,1,False,0,True,13,False,2,False,1,False,0,True,12,False,1,False,0,False,0,True,10,False,1,False,0,False,0,2.056686149688443,1.002492977164946,0.7233287934807476,0.37003708745329006,0.5140346629431513,0.2437038222627987,0.2437038222627987,0.2437038222627987
1757983.0,0.01898357238572634,3.4285714285714293,False,6,False,1,False,1,False,1,False,4,False,1,False,1,False,1,False,2,False,1,False,1,False,1,False,2,False,1,False,1,False,1,False,1,False,1,False,1,False,1,False,1,False,1,False,1,False,1,False,1,False,1,False,1,False,1,False,2,False,2,False,0,False,0,False,2,False,1,False,0,False,0,False,2,False,1,False,0,False,0,False,2,False,1,False,0,False,0,3.428571428571428,0.07638804601421428,0.7932444429964244,0.05063480453920593,0.4415140136675002,0.012102096957849199,0.4415140136675002,0.008361396248360234
656467.0,0.06486674276639039,1.746165224804747,False,3,False,3,False,3,False,3,False,3,False,3,False,2,False,1,False,4,False,3,False,2,False,1,False,4,False,3,False,2,False,1,False,4,False,3,False,2,False,1,False,3,False,3,False,1,False,1,False,3,False,3,False,1,False,1,False,4,False,2,False,1,False,1,False,3,False,2,False,1,False,1,False,3,False,2,False,1,False,1,False,3,False,1,False,1,False,1,1.0,0.0,1.0,0.0,1.0,0.0,0.9688303689382005,0.0
184652.0,0.04990322100352375,2.907519815360607,True,11,True,8,False,3,False,2,True,12,True,9,False,2,False,1,True,12,True,7,False,2,False,1,True,12,True,7,False,2,False,1,True,13,True,7,False,2,False,1,True,13,True,7,False,2,False,1,True,13,True,6,False,2,False,1,True,12,True,6,False,2,False,0,True,11,True,5,False,2,False,0,True,12,True,4,False,2,False,0,True,14,True,3,False,1,False,0,2.056094597019517,2.056094597019517,0.9674633438905641,0.9674633438905641,0.6362461303721533,0.04877171572676044,0.4281381158285115,0.016375247360483174
1704446.0,0.01950469005906,3.428571428571429,True,8,False,4,False,2,False,1,False,6,False,4,False,1,False,1,False,5,False,2,False,1,False,1,False,3,False,1,False,1,False,1,False,2,False,1,False,1,False,1,False,3,False,1,False,0,False,0,False,2,False,1,False,0,False,0,False,2,False,1,False,0,False,0,False,2,False,1,False,0,False,0,False,2,False,1,False,0,False,0,False,2,False,0,False,0,False,0,3.428571428571429,0.12590704196784822,0.5764152087165998,0.021081515685739426,0.337602644608139,0.006470119610077721,0.3084954912197437,0.006470119610077721
704540.0,0.06764603702416994,1.1966316729873592,True,10,False,1,False,0,False,0,True,7,False,1,False,0,False,0,True,5,False,1,False,0,False,0,True,5,False,1,False,0,False,0,True,4,False,1,False,0,False,0,True,3,False,0,False,0,False,0,True,2,False,0,False,0,False,0,True,2,False,0,False,0,False,0,True,1,False,0,False,0,False,0,False,0,False,0,False,0,False,0,False,0,False,0,False,0,False,0,0.5063170364335144,0.5063170364335144,0.3226880038868559,0.008610221408734901,0.020768446174354655,0.001671617867142963,0.010602793721916432,0.001671617867142963
625257.0,0.01282942081492878,3.4285442964664545,True,4,True,4,True,4,True,4,True,5,True,5,True,5,True,4,True,5,True,5,True,5,True,4,True,6,True,6,True,6,True,4,True,6,True,6,True,6,True,4,True,6,True,6,True,6,True,4,True,6,True,6,True,5,True,4,True,7,True,7,True,6,True,3,True,9,True,7,True,6,True,2,True,9,True,7,True,6,True,2,True,9,True,7,True,6,True,2,3.3872125164927893,3.348527892912037,2.413316431904361,0.9999062198830638,1.0,0.9999062198830638,0.9968450889852433,0.9968450889852433
594703.0,0.040796069283835425,3.4273702376270587,True,5,True,4,True,2,True,2,True,8,True,6,True,3,True,2,True,8,True,6,True,3,True,2,True,8,True,6,True,3,True,2,True,8,True,5,True,3,True,2,True,8,True,5,True,3,True,2,True,9,True,6,True,3,True,2,True,11,True,5,True,3,True,2,True,10,True,5,True,3,True,2,True,10,True,5,True,3,True,2,True,10,True,5,True,3,True,2,3.377271310095319,3.2230363551912267,1.4563319724868202,1.0,0.9989570320153166,0.998515792747142,0.9962893955536628,0.7529716174778335
294385.0,0.04208645590351878,3.4285714285714284,False,5,False,3,False,3,False,1,False,5,False,3,False,3,False,1,False,5,False,3,False,3,False,1,False,5,False,3,False,2,False,1,False,5,False,3,False,1,False,1,False,5,False,3,False,1,False,1,False,4,False,3,False,1,False,1,False,4,False,3,False,1,False,1,False,4,False,3,False,1,False,1,False,4,False,2,False,1,False,1,False,3,False,2,False,1,False,1,3.4285714285714284,0.0,1.0,0.0,1.0,0.0,1.0,0.0
1795560.0,0.018487269839694277,3.4285714285714293,True,6,True,3,False,1,False,0,True,6,False,1,False,1,False,0,True,4,False,1,False,1,False,0,True,3,False,1,False,1,False,0,False,2,False,1,False,1,False,0,False,2,False,1,False,1,False,0,False,3,False,1,False,0,False,0,False,2,False,1,False,0,False,0,False,2,False,1,False,0,False,0,False,2,False,1,False,0,False,0,False,2,False,1,False,0,False,0,3.428571428571428,0.2960043883161083,1.5523072060682679,0.12604897636597032,0.36578724096061127,0.07054521232600254,0.07054521232600254,0.07054521232600254
1730925.0,0.018685790858107103,3.4285714285714293,True,7,False,2,False,2,False,1,True,5,False,2,False,2,False,1,False,5,False,1,False,1,False,1,False,4,False,1,False,1,False,1,False,3,False,1,False,1,False,1,False,2,False,1,False,1,False,1,False,1,False,1,False,1,False,1,False,1,False,1,False,0,False,0,False,1,False,1,False,0,False,0,False,1,False,1,False,0,False,0,False,1,False,1,False,0,False,0,3.4285714285714284,0.1883503401360545,2.2508848451621746,0.08068130611899263,0.4314796425024826,0.031825252787140226,0.40736464127297034,0.031825252787140226
530234.0,0.04154052310288352,1.232536901053256,True,11,True,2,True,1,False,0,True,10,True,2,False,0,False,0,True,6,True,1,False,0,False,0,True,6,False,0,False,0,False,0,True,4,False,0,False,0,False,0,True,4,False,0,False,0,False,0,True,3,False,0,False,0,False,0,False,2,False,0,False,0,False,0,False,2,False,0,False,0,False,0,False,1,False,0,False,0,False,0,False,0,False,0,False,0,False,0,0.5996003314324707,0.4231905558139828,0.22717473511595526,0.22717473511595526,0.11056617163025861,0.11056617163025861,0.008760622456772638,0.008760622456772638
1644164.0,0.011563849322547025,3.4285714285714297,True,6,True,4,True,4,True,3,True,5,True,4,True,4,True,3,True,7,True,5,True,4,True,2,True,6,True,5,True,3,True,2,True,6,True,5,True,3,True,2,True,6,True,5,True,3,True,2,True,7,True,4,True,2,True,2,True,7,True,3,True,2,True,2,True,7,True,3,True,2,True,2,True,6,True,3,True,2,True,2,True,6,True,3,True,2,True,2,3.4285714285714284,3.4285714285714275,1.0,1.0,1.0,1.0,1.0,1.0
1512545.0,0.006700084371432826,3.4285566173201287,True,5,True,5,True,3,True,3,True,5,True,5,True,3,True,3,True,6,True,5,True,4,True,4,True,6,True,5,True,4,True,4,True,7,True,5,True,3,True,3,True,9,True,6,True,4,True,3,True,10,True,5,True,2,True,2,True,10,True,5,True,2,True,2,True,9,True,5,True,2,True,2,True,9,True,5,True,2,True,2,True,8,True,5,True,2,True,2,3.0949310205365568,2.773107009388195,1.0,1.0,0.9896362363618808,0.9723214285714286,0.8273021128981394,0.8273021128981394
547843.0,0.18144821082932155,3.419216011604716,True,11,True,4,True,2,True,2,True,11,True,4,False,1,False,1,True,10,True,4,False,1,False,1,True,10,True,4,False,1,False,1,True,8,True,4,False,1,False,1,True,9,True,3,False,1,False,1,True,8,True,2,False,1,False,1,True,7,True,2,False,1,False,1,True,7,True,2,False,1,False,1,True,6,True,2,False,1,False,1,True,5,True,2,False,1,False,1,2.7058096754901526,0.9539587661377044,0.9814749507400834,0.6671098575500594,0.877687389061688,0.13770990122928875,0.877687389061688,0.13770990122928875
172000.0,0.040126060846692145,3.4285714285714293,False,5,False,2,False,2,False,2,False,5,False,2,False,2,False,2,False,4,False,2,False,2,False,2,False,4,False,2,False,2,False,2,False,4,False,3,False,1,False,1,False,4,False,3,False,1,False,1,False,4,False,2,False,1,False,1,False,4,False,2,False,1,False,1,False,4,False,2,False,1,False,1,False,3,False,1,False,1,False,1,False,3,False,1,False,1,False,1,3.4285714285714293,0.0,1.0,0.0,1.0,0.0,1.0,0.0
1532026.0,0.18276341257630652,3.4285714285714293,True,7,True,5,True,2,True,2,True,7,True,4,True,2,True,2,True,6,True,4,True,2,True,2,True,5,True,4,True,2,True,2,True,4,True,3,True,2,True,2,True,4,True,2,True,2,True,2,True,4,True,2,True,2,True,2,True,5,True,3,True,3,True,2,True,4,True,3,True,3,True,2,True,4,True,3,True,3,True,2,True,4,True,3,True,3,True,2,3.4285714285714275,3.4285714285714275,1.0,1.0,1.0,1.0,1.0,1.0
1798464.0,0.018884311876519927,3.4285714285714293,True,7,True,3,False,1,False,1,True,7,True,3,False,0,False,0,True,7,False,2,False,0,False,0,True,7,False,2,False,0,False,0,False,6,False,1,False,0,False,0,False,3,False,1,False,0,False,0,False,3,False,1,False,0,False,0,False,2,False,1,False,0,False,0,False,2,False,1,False,0,False,0,False,2,False,1,False,0,False,0,False,2,False,1,False,0,False,0,3.428571428571428,0.2770444719434133,1.2788538633582307,0.15294691686827813,0.14474888412829082,0.09274771850875008,0.14474888412829082,0.02392410284614326
625121.0,0.12305821628864956,3.171522497978549,True,12,True,6,True,4,True,3,True,11,True,6,True,4,True,2,True,11,True,6,True,4,False,1,True,10,True,5,True,3,False,1,True,11,True,5,True,3,False,0,True,11,True,5,True,3,False,0,True,11,True,5,True,2,False,0,True,11,True,5,True,2,False,0,True,10,True,4,True,2,False,0,True,9,True,3,True,2,False,0,True,8,True,3,False,1,False,0,1.6656659032536891,1.4161145842358704,0.9564008034955832,0.7906982440570081,0.7787674166502593,0.5675018887749176,0.2819819433590753,0.1657999826846664
716292.0,0.11308253511340513,3.3972877165467277,True,9,True,6,True,4,True,4,True,10,True,6,True,4,True,4,True,10,True,6,True,3,True,3,True,10,True,6,True,3,True,3,True,10,True,6,True,3,True,3,True,9,True,6,True,3,True,3,True,11,True,6,True,3,True,3,True,12,True,5,True,3,False,2,True,12,True,5,True,3,False,1,True,10,True,5,True,3,False,1,True,10,True,5,True,3,False,1,3.1281574512535664,1.538494866507596,1.3013643735892448,0.9082133910243994,0.8192096762806662,0.6323463710455329,0.697793046635321,0.43909187643721964
790785.0,0.01970321107747283,3.428545528124371,True,6,True,4,True,2,True,2,True,8,True,6,True,4,True,3,True,9,True,4,True,3,True,3,True,9,True,4,True,3,True,3,True,9,True,4,True,3,True,3,True,10,True,4,True,3,True,3,True,10,True,4,True,3,True,3,True,10,True,3,True,3,True,2,True,11,True,3,True,3,True,2,True,11,True,3,True,3,True,2,True,11,True,3,True,3,True,2,3.4214093074488856,3.4214093074488856,0.9999928886647246,0.9999285455119133,0.9999285309822947,0.9999285309822947,0.7925353925353926,0.7923325262308314
1616078.0,0.006154151570797559,3.4285714285714293,True,4,True,3,True,3,True,2,True,4,True,3,True,3,True,2,True,4,True,3,True,3,True,2,True,4,True,3,True,3,True,2,True,4,True,3,True,3,True,2,True,4,True,3,True,3,True,2,True,4,True,3,True,3,True,2,True,4,True,3,True,3,True,2,True,4,True,3,True,3,True,2,True,7,True,4,True,3,True,2,True,6,True,4,True,3,True,2,3.4285714285714275,3.187638692699647,1.0,1.0,1.0,0.9999932081085384,1.0,0.8037401839552577
479584.0,0.7920244180852648,1.6573517813474168,True,8,True,6,False,3,False,3,True,10,True,6,False,3,False,2,True,12,True,5,False,2,False,1,True,10,True,4,False,1,False,1,True,11,True,3,False,1,False,1,True,10,True,2,False,1,False,1,True,9,True,2,False,1,False,1,True,8,True,2,False,1,False,0,True,8,True,2,False,0,False,0,True,7,True,2,False,0,False,0,True,6,True,1,False,0,False,0,0.9690803488117733,0.9690803488117733,0.6802596368230478,0.6802596368230478,0.4604057379487718,0.08672634449671796,0.43620502245504206,0.030150221166787387
39997.0,0.08499181100799047,3.428571428571429,True,5,True,4,True,3,True,1,True,5,True,4,True,3,True,1,True,5,True,3,True,2,True,1,True,5,True,3,True,1,True,1,True,5,True,3,True,1,True,1,True,5,True,3,True,1,True,1,True,5,True,3,True,1,True,1,True,5,True,2,True,1,True,1,True,5,True,2,True,1,True,1,True,5,True,2,True,1,True,1,True,4,True,2,True,1,True,1,3.428571428571429,1.0,1.0,1.0,1.0,1.0,1.0,1.0
42844.0,0.14313365427564642,2.3201076288511926,True,10,True,4,True,3,True,3,True,7,True,3,True,2,True,2,True,6,True,3,True,2,True,1,True,5,True,2,True,2,True,1,True,5,True,1,True,1,False,0,True,5,True,1,True,1,False,0,True,5,True,1,True,1,False,0,True,5,True,1,True,1,False,0,True,5,True,1,True,1,False,0,True,5,False,1,False,1,False,0,True,5,False,1,False,1,False,0,1.2399550466360116,1.2399550466360116,0.7728498694915729,0.532095598968186,0.7129629413693659,0.532095598968186,0.2929822379446704,0.2929822379446704
10409.0,0.22919251575760582,3.3700504810009666,True,6,True,2,True,2,True,2,True,4,True,2,True,2,True,2,True,5,True,3,True,3,True,2,True,4,True,4,True,4,True,3,True,7,True,4,True,4,True,3,True,8,True,4,True,4,True,3,True,8,True,4,True,4,True,2,True,8,True,4,True,4,True,2,True,9,True,4,True,3,True,1,True,8,True,4,True,3,True,1,True,8,True,4,True,3,True,1,2.9922691945496376,1.1713624776072726,0.9117120829977713,0.8985435712872586,0.8513483341828326,0.8289656372675897,0.8289656372675897,0.8289656372675897
1792379.0,0.019852101841282447,3.4285714285714293,True,6,True,2,False,1,False,0,True,4,True,2,False,1,False,0,True,4,True,2,False,1,False,0,False,2,False,1,False,1,False,0,False,1,False,1,False,1,False,0,False,1,False,1,False,1,False,0,False,1,False,1,False,1,False,0,False,1,False,1,False,1,False,0,False,1,False,1,False,1,False,0,False,1,False,1,False,1,False,0,False,1,False,1,False,1,False,0,3.428571428571428,0.249546468401487,1.1654934074602756,0.20090642801794967,0.6798686163007599,0.08660205394899285,0.0785444508612532,0.0785444508612532
485327.0,0.0721872053203633,3.265387483531909,True,8,True,7,True,5,True,3,True,8,True,6,True,5,True,3,True,10,True,6,True,3,True,1,True,11,True,5,True,2,True,1,True,11,True,4,True,2,True,1,True,11,True,4,True,2,True,1,True,12,True,3,True,2,True,1,True,10,True,3,True,2,True,1,True,10,True,3,True,2,True,1,True,8,True,2,True,2,True,1,True,9,True,2,True,2,False,0,3.039386146445998,3.039386146445998,0.9126188934305413,0.6775366398655179,0.744736777128669,0.6604088111877471,0.5970012983628176,0.5970012983628176
287377.0,0.004193756513970917,3.428571428571429,True,4,True,3,True,2,True,2,True,6,True,3,False,2,False,2,True,9,True,5,False,1,False,1,True,8,True,4,False,1,False,1,True,6,True,4,False,1,False,1,True,6,True,3,False,1,False,1,True,6,True,3,False,1,False,1,True,5,True,3,False,1,False,1,True,4,True,3,False,1,False,1,True,4,False,2,False,1,False,1,True,3,False,1,False,1,False,1,3.4285714285714284,3.2648521071390944,1.0,0.5339883824662425,1.0,0.12424845178247125,1.0,0.12424845178247125
148765.0,0.00933048786540275,3.427726367043403,True,6,True,5,True,4,True,3,True,7,True,5,True,4,True,3,True,8,True,4,True,4,True,3,True,8,True,4,True,4,True,3,True,8,True,4,True,4,True,3,True,7,True,4,True,4,True,3,True,7,True,5,True,5,True,3,True,8,True,6,True,4,True,2,True,8,True,6,True,4,True,2,True,8,True,6,True,4,True,2,True,9,True,5,True,4,True,2,3.3597835635712006,2.7025761124121783,1.0,1.0,1.0,1.0,1.0,0.9998509440179341
1805186.0,0.0186609757308055,3.4285714285714293,True,7,False,1,False,1,False,0,True,6,False,1,False,1,False,0,True,5,False,1,False,1,False,0,True,3,False,1,False,1,False,0,True,2,False,1,False,1,False,0,True,2,False,1,False,1,False,0,False,1,False,1,False,1,False,0,False,1,False,1,False,1,False,0,False,1,False,1,False,1,False,0,False,1,False,1,False,1,False,0,False,1,False,1,False,1,False,0,3.428571428571428,0.3835588949345686,0.8515682430776772,0.003292350429548727,0.6423028191320874,0.0017230402792338122,0.007825630252100825,0.0007735587183301015
590796.0,0.16913990768772644,2.7446311332675983,True,6,True,5,True,5,True,4,True,7,True,5,True,4,True,3,True,7,True,5,True,4,True,3,True,7,True,5,True,3,True,3,True,9,True,4,True,3,True,3,True,8,True,4,True,2,True,2,True,9,True,4,True,2,True,1,True,9,True,4,True,2,True,1,True,9,True,4,True,2,True,1,True,7,True,4,True,2,True,1,True,6,True,4,True,2,True,1,1.9655485395007084,1.0,1.0,1.0,1.0,1.0,0.6645702820591194,0.6645702820591194
1557668.0,0.14730259566231574,2.225221749569722,True,12,True,5,True,3,False,2,True,15,True,4,True,2,False,0,True,14,True,4,True,2,False,0,True,14,True,4,True,2,False,0,True,13,True,3,True,2,False,0,True,13,True,3,False,1,False,0,True,12,True,3,False,1,False,0,True,9,True,3,False,1,False,0,True,8,True,3,False,1,False,0,True,8,True,3,False,1,False,0,True,8,False,2,False,1,False,0,1.162581113202528,0.9982637274954723,0.8166079776457594,0.5793239309930156,0.7745964072531536,0.33353784623464294,0.12539556956231684,0.04893135190053445
1806900.0,0.018859496749218323,3.4285714285714293,True,7,False,2,False,1,False,1,True,6,False,2,False,1,False,1,True,5,False,1,False,1,False,1,True,4,False,1,False,1,False,0,False,1,False,1,False,1,False,0,False,1,False,1,False,1,False,0,False,1,False,1,False,1,False,0,False,1,False,1,False,1,False,0,False,1,False,1,False,1,False,0,False,1,False,1,False,1,False,0,False,1,False,1,False,1,False,0,3.428571428571428,0.2982471761082949,1.0102073134314853,0.034694831122492366,0.8934361239400278,0.015052003981227682,0.20452107186801066,0.007357001441096932
745827.0,0.9167700630304233,1.6745321729660283,True,11,True,5,True,2,True,2,True,9,True,2,True,2,True,2,True,9,True,2,True,2,False,1,True,9,True,2,False,1,False,1,True,7,True,2,False,1,False,1,True,8,False,0,False,0,False,0,False,5,False,0,False,0,False,0,False,4,False,0,False,0,False,0,False,4,False,0,False,0,False,0,False,2,False,0,False,0,False,0,False,2,False,0,False,0,False,0,1.2508062903492798,0.39661606995721477,0.3373721015106849,0.31772001627653174,0.3373721015106849,0.24137827406161852,0.32386126246793134,0.1893177634513467
1796080.0,0.019901732095885652,3.428571428571429,True,6,False,2,False,1,False,1,False,4,False,2,False,1,False,1,False,3,False,2,False,1,False,1,False,2,False,1,False,1,False,1,False,2,False,1,False,1,False,0,False,3,False,1,False,0,False,0,False,3,False,1,False,0,False,0,False,2,False,1,False,0,False,0,False,2,False,1,False,0,False,0,False,2,False,1,False,0,False,0,False,2,False,1,False,0,False,0,3.428571428571428,0.1315602922821517,1.1070994196754356,0.01051892013707069,0.31368124282117626,0.005715888011733793,0.26179583095771153,0.0029121162013364694
1780396.0,0.01940542954985359,3.4285714285714293,True,8,False,1,False,1,False,1,True,5,False,1,False,1,False,1,True,5,False,1,False,1,False,1,True,4,False,1,False,1,False,1,True,3,False,1,False,1,False,1,True,2,False,1,False,1,False,1,False,1,False,1,False,1,False,1,False,1,False,1,False,1,False,1,False,1,False,1,False,1,False,1,False,1,False,1,False,1,False,1,False,1,False,1,False,1,False,1,3.428571428571428,0.3577335963865978,1.9395992311937431,0.04494343844095005,0.976309263961275,0.009082929151664917,0.6027883014077607,0.009082929151664917
476751.0,0.6532085959600973,2.1706862602441017,True,4,True,3,True,3,True,3,True,7,True,6,True,5,True,5,True,6,True,6,True,5,True,4,True,7,True,6,True,4,False,3,True,8,True,5,True,3,False,2,True,9,True,5,False,1,False,1,True,9,True,5,False,1,False,1,True,8,True,4,False,1,False,1,True,7,True,4,False,1,False,1,True,8,True,3,False,1,False,0,True,7,False,1,False,0,False,0,1.740913204593226,1.427150781392713,0.6368930620384772,0.5730522268685118,0.5501743899780037,0.3465086762502024,0.549755317571553,0.2358120608600623
189981.0,0.7596654920839744,2.2131563399607637,True,7,True,5,True,5,True,4,True,7,True,5,True,5,False,3,True,9,True,6,True,6,False,3,True,8,True,6,True,6,False,3,True,8,True,6,True,6,False,2,True,8,True,6,True,6,False,2,True,8,True,6,False,4,False,2,True,10,True,4,False,3,False,2,True,9,True,4,False,2,False,1,True,10,True,2,False,1,False,0,True,10,True,2,False,1,False,0,1.9819303700940187,0.8122501236608045,0.9307063280931781,0.6034839690151703,0.9014193769891087,0.39896529932821156,0.5020574525301791,0.11687688755713829
1566851.0,0.0062037818254007645,3.420176755053543,True,9,True,5,True,4,False,3,True,10,True,5,True,3,False,2,True,8,True,5,True,3,False,2,True,8,True,5,True,3,False,2,True,7,True,5,True,3,False,2,True,8,True,4,True,3,False,1,True,8,True,4,True,2,False,1,True,9,True,4,True,1,False,0,True,9,True,4,False,0,False,0,True,9,True,4,False,0,False,0,True,9,True,4,False,0,False,0,3.215746386816015,3.215746386816015,1.06284207595683,0.6851406348018697,0.45869885299838214,0.45869885299838214,0.4173587196443358,0.034941077154289735
1589081.0,0.01940542954985359,3.428571428571429,True,8,False,1,False,1,False,1,True,5,False,1,False,1,False,1,True,5,False,2,False,2,False,0,True,5,False,2,False,2,False,0,False,2,False,2,False,2,False,0,False,2,False,2,False,2,False,0,False,2,False,2,False,2,False,0,False,2,False,2,False,1,False,0,False,2,False,2,False,0,False,0,False,2,False,2,False,0,False,0,False,2,False,2,False,0,False,0,3.428571428571429,0.281038244011756,1.1049026004287443,0.04409202196881124,0.4646210596914822,0.035362190377702295,0.15350200555384147,0.023757527388812302
491563.0,0.03533674127748276,3.4285714285714293,True,4,True,4,True,3,True,3,True,4,True,4,True,3,True,3,True,6,True,5,True,3,True,2,True,7,True,4,True,2,True,2,True,7,True,4,True,2,True,2,True,8,True,4,True,2,True,2,True,8,True,4,True,2,True,2,True,9,True,4,True,2,True,2,True,9,True,4,True,2,True,2,True,8,True,4,True,2,True,2,True,8,True,4,True,2,True,2,3.4285714285714284,3.428545735309995,1.0,0.9598188961730837,1.0,0.9591585615301209,1.0,0.689053615912633
1550502.0,0.0032755968038116036,3.4285714285714293,True,6,True,5,True,2,True,2,True,6,True,5,True,2,True,2,True,5,True,5,True,2,False,1,True,6,True,5,False,1,False,1,True,6,True,3,False,1,False,1,True,6,True,3,False,1,False,1,True,8,False,2,False,1,False,1,True,8,False,1,False,1,False,1,True,7,False,1,False,1,False,1,True,7,False,1,False,1,False,1,True,7,False,1,False,1,False,1,3.4285714285714284,1.3665521919264754,1.0,0.35521376117358394,1.0,0.24002184614383015,1.0,0.1711675534584882
1753175.0,0.018338379075884658,3.4285714285714293,True,9,True,3,False,1,False,1,True,6,True,3,False,1,False,1,True,4,False,1,False,1,False,1,True,4,False,1,False,1,False,1,True,3,False,1,False,1,False,1,True,3,False,1,False,1,False,1,False,1,False,1,False,1,False,1,False,1,False,1,False,1,False,1,False,1,False,1,False,1,False,1,False,2,False,1,False,0,False,0,False,1,False,1,False,0,False,0,3.428571428571428,0.3709923535884377,0.8153911306085221,0.15524312740171448,0.5445142180785625,0.019711155204617806,0.5445142180785625,0.019711155204617806
603147.0,0.06866345724353566,3.0516785424859063,True,5,True,5,True,5,True,3,True,6,True,6,True,5,True,3,True,7,True,7,True,6,True,4,True,8,True,6,True,5,True,4,True,9,True,5,True,5,True,3,True,8,True,5,True,5,True,3,True,8,True,5,True,5,True,3,True,8,True,5,True,5,True,2,True,8,True,5,True,5,True,1,True,9,True,4,True,4,True,1,True,9,True,4,True,2,True,1,2.303797440761002,2.303797440761002,0.9947786763143991,0.9947786763143991,0.9311287500373279,0.9311287500373279,0.9065389987385108,0.9065389987385108
10197.0,0.9947640081393617,0.9507718574955586,True,8,False,2,False,0,False,0,True,6,False,2,False,0,False,0,True,5,False,2,False,0,False,0,True,3,False,1,False,0,False,0,True,2,False,0,False,0,False,0,True,2,False,0,False,0,False,0,False,1,False,0,False,0,False,0,False,1,False,0,False,0,False,0,False,1,False,0,False,0,False,0,False,1,False,0,False,0,False,0,False,1,False,0,False,0,False,0,0.8907611869536127,0.3883632800362301,0.26809095200099686,0.09069375106713373,0.01181273985741005,0.01181273985741005,0.008262350910649988,0.008262350910649988
389884.0,0.0665293562955978,3.383796490353916,False,5,False,4,False,2,False,1,False,5,False,4,False,2,False,1,False,5,False,4,False,2,False,1,False,5,False,4,False,2,False,1,False,5,False,4,False,2,False,1,False,6,False,3,False,2,False,1,False,4,False,3,False,2,False,1,False,4,False,3,False,2,False,1,False,4,False,3,False,2,False,1,False,3,False,3,False,2,False,1,False,3,False,3,False,2,False,1,2.9767685339126957,0.0,1.8029266900653453,0.0,1.0,0.0,0.93580075228323,0.0
1381.0,0.8944612635862822,0.4613666807508755,True,8,True,1,False,0,False,0,True,3,False,0,False,0,False,0,True,2,False,0,False,0,False,0,True,2,False,0,False,0,False,0,True,1,False,0,False,0,False,0,False,0,False,0,False,0,False,0,False,0,False,0,False,0,False,0,False,0,False,0,False,0,False,0,False,0,False,0,False,0,False,0,False,0,False,0,False,0,False,0,False,0,False,0,False,0,False,0,0.31602041005144155,0.31602041005144155,0.14259789438559936,0.14259789438559936,0.036663422257421543,0.002169616642157874,0.02550098287269795,0.00012590409686817714
1784961.0,0.0186609757308055,3.4285714285714293,True,8,True,2,True,2,False,1,True,7,False,1,False,1,False,1,True,5,False,1,False,1,False,1,False,3,False,1,False,1,False,0,False,1,False,1,False,1,False,0,False,1,False,1,False,1,False,0,False,1,False,1,False,1,False,0,False,1,False,1,False,1,False,0,False,2,False,0,False,0,False,0,False,2,False,0,False,0,False,0,False,2,False,0,False,0,False,0,3.428571428571428,0.23140252307750817,0.4908492860260647,0.1134705465501334,0.4908492860260647,0.10479650657877254,0.21699138749084088,0.009272725179679277
1602557.0,0.01818948831207504,3.4285714285714293,True,7,True,6,True,3,True,3,True,7,True,6,True,3,True,3,True,7,True,6,True,3,True,3,True,7,True,6,True,3,True,3,True,7,True,5,True,3,True,3,True,7,True,4,True,3,True,3,True,7,True,4,True,3,True,3,True,6,True,4,True,3,True,3,True,6,True,4,True,3,True,3,True,6,True,3,True,3,True,3,True,5,True,3,True,3,True,3,3.428571428571428,3.428571428571428,1.0,1.0,1.0,1.0,1.0,1.0
513511.0,0.08906149188545337,3.1659578915510105,True,7,True,4,True,4,True,3,True,7,True,5,True,4,True,2,True,12,True,6,False,1,False,0,True,10,True,6,False,1,False,0,True,8,True,5,False,1,False,0,True,8,True,5,False,0,False,0,True,7,True,3,False,0,False,0,True,7,True,3,False,0,False,0,True,7,True,3,False,0,False,0,True,7,True,2,False,0,False,0,True,7,True,2,False,0,False,0,2.8597818073892274,2.8597818073892274,1.1536753431422813,1.1536753431422813,0.31972954458832875,0.19142783285795179,0.19142783285795179,0.19142783285795179
747475.0,0.007742319718100154,3.423286191135078,True,3,True,3,True,3,True,2,True,4,True,3,True,3,True,2,True,5,True,4,True,4,True,3,True,6,True,4,True,3,True,2,True,7,True,3,True,2,True,2,True,9,True,5,True,4,False,2,True,10,True,6,True,5,False,2,True,9,True,6,True,5,False,2,True,9,True,6,True,5,False,2,True,9,True,6,True,5,False,2,True,9,True,6,True,5,False,2,2.230020274259148,0.9987424859267675,0.9998217260089969,0.9978973299460911,0.9998217260089969,0.98629191791663,0.9930012979377563,0.32856459224964024
284159.0,0.012779790560325575,3.4273321611972625,True,8,True,6,True,4,False,2,True,9,True,6,True,4,False,2,True,10,True,5,True,4,False,2,True,10,True,6,True,5,False,3,True,10,True,6,True,5,False,3,True,11,True,6,True,5,False,2,True,10,True,5,True,5,False,2,True,10,True,5,True,5,False,2,True,11,True,6,True,5,False,1,True,11,True,6,True,5,False,1,True,11,True,6,True,5,False,1,3.422381085306783,3.422381085306783,1.0,0.9992697846794829,1.0,0.7971501951015945,0.8496509297903027,0.06355938216100165
1630552.0,0.020745446424140154,3.428571428571429,True,7,True,2,False,1,False,1,True,6,False,1,False,1,False,1,True,3,False,1,False,1,False,1,True,3,False,1,False,1,False,1,True,3,False,1,False,1,False,1,True,3,False,1,False,1,False,1,True,2,False,1,False,1,False,1,True,2,False,1,False,1,False,1,False,1,False,1,False,1,False,1,False,1,False,1,False,1,False,1,False,1,False,1,False,1,False,1,3.428571428571429,0.454471483047049,1.0,0.14159081675872381,1.0,0.004780851789460723,0.6947899159663867,0.004780851789460723
550700.0,0.07662911310735024,3.428571428571429,False,6,False,3,False,2,False,2,False,6,False,2,False,2,False,2,False,6,False,2,False,2,False,2,False,6,False,2,False,2,False,1,False,6,False,2,False,2,False,1,False,5,False,2,False,2,False,1,False,5,False,2,False,2,False,1,False,5,False,2,False,2,False,1,False,5,False,2,False,2,False,1,False,5,False,2,False,2,False,1,False,5,False,2,False,2,False,1,3.428571428571429,0.0,1.0,0.0,1.0,0.0,1.0,0.0
314181.0,0.5042682018958757,2.4791717873505887,True,8,True,6,True,5,True,4,True,8,True,6,True,5,True,3,True,9,True,6,True,4,True,2,True,10,True,4,True,3,True,2,True,9,True,3,True,2,False,1,True,8,True,3,True,1,False,0,True,6,True,3,True,1,False,0,True,6,True,3,True,1,False,0,True,7,True,2,False,0,False,0,True,6,True,2,False,0,False,0,True,6,False,1,False,0,False,0,1.4601961369968248,0.9180041502020725,0.6430330941502672,0.5567722028029932,0.45673149605558633,0.45673149605558633,0.3284229695207078,0.28055374153392415
182151.0,0.6346468807384982,0.5008776424445581,True,6,True,2,True,2,False,0,True,6,True,2,False,1,False,0,True,4,False,0,False,0,False,0,True,2,False,0,False,0,False,0,True,2,False,0,False,0,False,0,False,0,False,0,False,0,False,0,False,0,False,0,False,0,False,0,False,0,False,0,False,0,False,0,False,0,False,0,False,0,False,0,False,0,False,0,False,0,False,0,False,0,False,0,False,0,False,0,0.3085531887173474,0.3067349847582717,0.17878303967595474,0.17878303967595474,0.15085023929751018,0.13014163016117003,0.06591202556458935,0.012843345766182554
1802049.0,0.018363194203186262,3.428571428571429,True,6,False,2,False,2,False,1,True,7,False,2,False,2,False,1,True,6,False,2,False,2,False,1,True,5,False,2,False,2,False,1,True,4,False,2,False,2,False,1,True,3,False,2,False,2,False,1,True,3,False,2,False,2,False,1,True,3,False,2,False,2,False,1,True,3,False,2,False,2,False,1,False,3,False,2,False,1,False,0,False,4,False,2,False,0,False,0,3.428571428571428,0.5050582703834926,1.0395243896375117,0.06816119077872566,0.5703870295779452,0.005743073047858992,0.5273915704524825,0.0018666481221886048
377112.0,0.15497046999851108,3.380435876784697,True,7,True,5,True,5,True,3,True,8,True,6,True,5,True,3,True,9,True,7,True,5,True,3,True,11,True,6,True,4,True,3,True,11,True,5,True,4,True,3,True,11,True,5,True,4,True,3,True,11,True,5,True,4,False,2,True,11,True,5,True,4,False,2,True,12,True,5,True,3,False,1,True,12,True,5,True,3,False,1,True,10,True,5,True,2,False,1,2.926860923880975,2.926860923880975,1.1416520979467226,0.9963256243771454,0.9881759906052066,0.9881759906052066,0.7006526411770605,0.3919849380432152
358041.0,0.016601320164772445,3.425695359994981,True,5,True,5,True,3,True,2,True,6,True,4,True,2,True,2,True,6,True,4,True,2,True,2,True,6,True,4,True,2,True,2,True,7,True,5,True,2,True,2,True,8,True,5,True,2,True,2,True,9,True,5,True,2,True,1,True,10,True,4,True,2,True,1,True,10,True,4,True,2,True,1,True,9,True,4,True,2,True,1,True,9,True,4,True,2,True,1,3.331451928718457,2.8758399673576247,2.24514881816171,2.24514881816171,2.0292950314931577,2.0292950314931577,0.9908928352701878,0.9154597003508654
753601.0,0.1258375105464291,3.388191503199313,True,8,True,5,True,5,False,3,True,10,True,6,True,4,False,2,True,10,True,6,True,4,False,2,True,10,True,6,True,4,False,2,True,11,True,6,True,4,False,2,True,12,True,5,True,4,False,2,True,12,True,5,True,4,False,2,True,12,True,5,True,4,False,2,True,12,True,5,True,4,False,2,True,11,True,5,True,4,False,2,True,11,True,5,True,4,False,2,2.7011855747927567,2.3464048972405176,0.9776878856180311,0.9483718652038794,0.9125235244213828,0.8597730718405857,0.8846224024082736,0.004247933283702263
1817512.0,0.018859496749218323,3.4285714285714293,True,3,False,1,False,1,False,1,True,3,False,1,False,1,False,1,True,3,False,1,False,1,False,0,True,2,False,1,False,1,False,0,True,2,False,1,False,1,False,0,False,1,False,1,False,0,False,0,False,1,False,1,False,0,False,0,False,1,False,1,False,0,False,0,False,1,False,1,False,0,False,0,False,1,False,1,False,0,False,0,False,1,False,1,False,0,False,0,3.428571428571428,0.31195690616753263,0.8135343293051894,0.06421656881930861,0.3063710540795305,0.016996008585187624,0.15674490776089275,0.016996008585187624
537892.0,0.003449302694922825,3.428571428571429,True,5,True,5,True,4,True,2,True,8,True,4,True,2,False,1,True,7,True,3,True,2,False,1,True,7,True,3,True,2,False,1,True,8,True,4,True,2,False,1,True,8,True,4,True,2,False,1,True,10,False,2,False,1,False,1,True,10,False,2,False,1,False,1,True,9,False,2,False,1,False,1,True,9,False,2,False,1,False,1,True,9,False,1,False,1,False,1,3.4285714285714284,1.1313551187346105,1.0,0.37255580065054017,1.0,0.37255580065054017,1.0,0.13646588145455144
1602087.0,0.003920790113653283,3.3893104821824345,True,9,True,3,True,3,True,3,True,8,True,3,True,3,True,3,True,9,True,4,False,2,False,2,True,7,False,3,False,2,False,2,True,8,False,3,False,2,False,0,True,7,False,3,False,2,False,0,True,6,False,3,False,2,False,0,True,5,False,3,False,1,False,0,True,5,False,3,False,1,False,0,True,4,False,3,False,1,False,0,True,4,False,3,False,1,False,0,3.072056705716533,0.6797761039763821,1.2099236055323308,0.20886540666161008,1.0,0.1628797692940263,0.29713476422932217,0.1628797692940263
1587366.0,0.019256538786043973,3.4285714285714293,True,7,False,1,False,1,False,1,True,7,False,1,False,1,False,1,True,5,False,1,False,1,False,1,True,4,False,1,False,1,False,1,False,3,False,1,False,1,False,1,False,1,False,1,False,1,False,1,False,2,False,1,False,1,False,1,False,2,False,1,False,1,False,1,False,2,False,1,False,1,False,1,False,2,False,1,False,1,False,1,False,2,False,1,False,1,False,1,3.428571428571428,0.2799990271900385,1.230784794982098,0.0939523769963249,1.0,0.07315768219210661,1.0,0.017495490507741983
1629734.0,0.15598789021787682,3.4285714285714297,True,10,True,7,True,5,True,3,True,11,True,7,True,5,True,2,True,13,True,7,True,5,False,0,True,11,True,6,True,4,False,0,True,11,True,5,True,4,False,0,True,11,True,5,True,4,False,0,True,11,True,5,True,4,False,0,True,10,True,4,True,4,False,0,True,7,True,4,True,3,False,0,True,7,True,4,True,3,False,0,True,7,True,4,True,3,False,0,3.4285714285714275,1.0,1.7858249391679746,1.0,1.0,1.0,0.19114473143368724,0.18895657414440226
1670492.0,0.2477046007246017,3.4285714285714297,True,5,True,2,True,2,True,2,True,3,True,2,True,2,True,2,True,3,True,2,True,2,True,2,True,2,True,2,True,2,True,2,True,2,True,2,True,2,False,1,True,2,True,2,True,2,False,1,True,2,True,2,True,2,False,1,True,2,True,2,True,2,False,1,True,2,True,2,True,2,False,1,True,2,True,2,True,2,False,1,True,2,True,2,True,2,False,1,3.428571428571428,0.7572760058969291,1.734984639491821,0.7279021576664836,1.0,0.6308559855424066,1.0,0.2646815448609879
1790508.0,0.039083825500024816,3.4285714285714297,True,9,False,2,False,2,False,2,True,6,False,2,False,2,False,2,True,6,False,2,False,2,False,2,True,4,False,2,False,2,False,2,False,3,False,2,False,2,False,2,False,3,False,2,False,2,False,2,False,3,False,2,False,2,False,2,False,3,False,2,False,2,False,2,False,3,False,2,False,2,False,2,False,3,False,2,False,2,False,2,False,3,False,2,False,2,False,2,3.428571428571428,0.27838776229054496,1.4001091819913938,0.03784449547497782,1.1146941706377702,0.005542263076000294,0.9268195664928617,0.004146299712802176
520007.0,0.035733783314308404,3.427108338766032,True,3,True,3,True,3,True,3,True,5,True,4,True,4,True,4,True,5,True,4,True,4,True,3,True,4,True,4,True,3,True,3,True,4,True,4,True,3,True,3,True,4,True,4,True,3,True,3,True,4,True,4,True,3,True,3,True,4,True,4,True,3,True,3,True,4,True,4,True,3,True,3,True,4,True,4,True,3,True,3,True,5,True,5,True,3,True,3,3.409305891848265,3.2327279030797973,1.0,1.0,0.9983308217922472,0.9983308217922472,0.9946820715046949,0.9946820715046949
1951628.0,0.47277780535014147,3.428571428571428,True,10,True,2,True,2,False,1,True,8,False,1,False,1,False,1,True,5,False,1,False,1,False,1,True,5,False,1,False,1,False,1,True,3,False,1,False,1,False,1,False,1,False,1,False,1,False,1,False,1,False,1,False,1,False,1,False,1,False,1,False,1,False,1,False,1,False,1,False,1,False,1,False,1,False,1,False,1,False,1,False,1,False,1,False,1,False,1,3.428571428571428,0.34976704171715955,1.2773688089745214,0.11531393437791088,1.0,0.11531393437791088,1.0,0.005155497687373444
296975.0,0.08831703806640528,2.7422250581062992,False,7,False,3,False,1,False,0,False,6,False,3,False,1,False,0,False,6,False,3,False,1,False,0,False,6,False,3,False,1,False,0,False,6,False,2,False,1,False,0,False,5,False,2,False,1,False,0,False,5,False,2,False,1,False,0,False,5,False,2,False,1,False,0,False,5,False,2,False,1,False,0,False,5,False,2,False,1,False,0,False,4,False,2,False,1,False,0,1.6020473909958086,0.0,1.0,0.0,1.0,0.0,0.09774128994716066,0.0
851368.0,0.01665095041937565,3.4285714285714297,True,3,True,2,True,2,True,2,True,3,True,2,True,2,True,2,True,5,True,3,True,3,True,2,True,6,True,4,True,3,True,2,True,6,True,4,True,3,True,2,True,6,True,4,True,3,True,2,True,6,True,4,True,3,True,1,True,6,True,4,True,3,True,1,True,7,True,4,True,2,True,1,True,7,True,4,True,2,True,1,True,7,True,3,True,2,True,1,3.4285714285714275,3.4285714285714275,1.0,1.0,1.0,1.0,1.0,1.0
471658.0,0.44984862772346024,3.2646600442793376,True,4,True,4,True,4,True,3,True,4,True,4,True,4,True,3,True,4,True,4,True,4,True,3,True,4,True,4,True,4,True,3,True,5,True,5,True,5,True,4,True,7,True,5,True,4,True,4,True,7,True,5,True,4,True,4,True,8,True,5,True,4,True,3,True,8,True,5,True,3,True,3,True,8,True,5,True,3,True,3,True,7,True,4,True,3,True,3,3.180213673393977,2.5670294963439773,0.9662508810172968,0.9369600719161644,0.9626830458318564,0.9369600719161644,0.8869130005389412,0.8869130005389412
497796.0,0.1282445778946846,3.403832976867782,True,8,True,5,True,4,True,4,True,8,True,5,True,4,True,4,True,9,True,6,True,4,True,4,True,9,True,6,True,4,True,3,True,9,True,6,True,4,True,3,True,8,True,6,True,4,True,3,True,10,True,5,True,3,True,2,True,10,True,5,True,3,True,2,True,9,True,6,True,3,True,2,True,9,True,6,True,3,True,2,True,9,True,6,True,3,True,2,3.2897415729858275,2.8601195361621032,2.46095890477525,0.9999661052763457,0.9932178780205986,0.9932178780205986,0.9719355368391301,0.9719355368391301
578610.0,0.017916521911757407,3.428571428571429,True,6,True,6,True,4,True,4,True,9,True,6,True,4,True,4,True,10,True,6,True,4,True,4,True,10,True,7,True,5,True,4,True,10,True,7,True,5,True,4,True,10,True,7,True,5,True,4,True,11,True,7,True,5,False,3,True,12,True,7,True,5,False,3,True,12,True,7,True,5,False,3,True,12,True,7,True,5,False,3,True,12,True,7,True,5,False,2,3.428571428571428,3.0754595759427557,2.70527053302125,0.9982452834533543,0.9965529678365388,0.9965529678365388,0.8800989424764416,0.35090675594849724
84111.0,0.8571889423792745,2.0007417140836865,True,9,True,6,True,2,True,1,True,9,True,4,True,1,True,1,True,7,True,3,True,1,True,1,True,7,True,3,True,1,True,1,True,7,True,3,True,2,True,2,True,6,True,2,True,2,True,2,True,6,True,2,True,2,False,1,True,5,True,2,True,1,False,0,True,5,True,1,True,1,False,0,True,4,True,1,True,1,False,0,True,2,True,1,True,1,False,0,1.2906422079886644,1.2906422079886644,0.9038050058505309,0.9038050058505309,0.7385756203475663,0.7385756203475663,0.4425365383345955,0.35694590056728565
1496013.0,0.005037470842225421,3.4285714285714284,True,6,True,6,True,5,True,3,True,6,True,6,True,5,True,3,True,6,True,6,True,5,True,3,True,6,True,5,True,5,True,3,True,8,True,4,True,3,True,3,True,8,True,3,True,3,True,3,True,8,True,3,True,3,True,3,True,6,True,3,True,3,True,3,True,6,True,3,True,3,True,3,True,5,True,3,True,3,True,3,True,5,True,3,True,3,True,3,3.4285714285714284,1.0,1.0,1.0,1.0,1.0,1.0,0.694885361552028
1665349.0,0.019529505186361606,3.4285714285714284,True,7,True,4,True,4,True,4,True,6,True,4,True,4,True,4,True,6,True,4,True,4,True,4,True,5,True,4,True,4,True,4,True,4,True,4,True,4,True,4,True,5,True,4,True,4,True,3,True,6,True,3,True,3,True,3,True,6,True,3,True,3,True,2,True,6,True,3,True,3,False,1,True,6,True,3,True,3,False,0,True,7,True,2,True,2,False,0,3.4285714285714284,0.7104007656912107,1.0,0.7055357715997492,1.0,0.6239162075189547,0.5456128464417105,0.4571373542790363
328511.0,0.010695319866990918,3.4285714285714297,False,3,False,2,False,2,False,2,False,3,False,2,False,2,False,1,False,3,False,2,False,2,False,1,False,3,False,2,False,2,False,1,False,4,False,3,False,3,False,1,False,4,False,3,False,3,False,1,False,4,False,3,False,3,False,1,False,4,False,3,False,3,False,1,False,4,False,3,False,3,False,1,False,4,False,3,False,3,False,1,False,4,False,3,False,3,False,1,3.428571428571428,0.0,1.0,0.0,1.0,0.0,1.0,0.0
748237.0,0.07484242394163482,3.1838475256749983,True,9,True,4,True,2,False,1,True,9,True,3,True,2,False,1,True,9,True,4,False,2,False,1,True,10,True,4,False,2,False,0,True,9,True,3,False,2,False,0,True,7,True,3,False,1,False,0,True,7,True,3,False,1,False,0,True,7,True,3,False,1,False,0,True,6,True,3,False,1,False,0,True,5,True,3,False,1,False,0,True,5,False,2,False,1,False,0,2.406180941465592,0.8777157108961838,0.9109457727663554,0.5856380879349493,0.768818118689005,0.18520472858357448,0.2345519874438608,0.026357704162065225
156921.0,0.4364484589805946,2.658398790260334,True,11,True,8,True,5,False,3,True,11,True,7,True,4,False,2,True,11,True,6,False,3,False,2,True,12,True,6,False,3,False,1,True,13,True,6,False,2,False,1,True,12,True,4,False,2,False,1,True,12,True,4,False,2,False,1,True,12,True,4,False,2,False,1,True,12,True,2,False,1,False,1,True,11,True,2,False,1,False,1,True,10,True,2,False,1,False,1,2.1281158744891018,1.8787771250427767,0.7733761778656855,0.6028348003247216,0.7351749027887493,0.1909475668904908,0.7351749027887493,0.07887712402134195
318162.0,0.11261104769467467,3.4285714285714284,True,5,True,4,True,3,True,2,True,6,True,4,True,2,True,2,True,7,True,3,True,2,True,2,True,7,True,2,True,2,True,2,True,7,True,2,True,1,True,1,True,7,True,2,True,1,True,1,True,7,True,2,True,1,True,1,True,7,True,2,True,1,True,1,True,7,True,2,True,1,True,1,True,6,True,2,True,1,True,1,True,5,True,2,True,1,True,1,3.4285714285714284,3.4285714285714284,1.0,1.0,1.0,1.0,1.0,1.0
1790061.0,0.01898357238572634,3.4285714285714293,True,9,True,3,False,0,False,0,True,7,False,2,False,0,False,0,True,5,False,1,False,0,False,0,False,3,False,1,False,0,False,0,False,2,False,1,False,0,False,0,False,2,False,1,False,0,False,0,False,1,False,1,False,0,False,0,False,1,False,1,False,0,False,0,False,1,False,1,False,0,False,0,False,1,False,1,False,0,False,0,False,1,False,1,False,0,False,0,3.428571428571428,0.23037315607457617,0.7950742620793381,0.10890404923453657,0.03614798734611717,0.020039952057530987,0.020039952057530987,0.020039952057530987
275602.0,0.07968137376544741,3.4046507895354146,True,9,True,5,True,5,True,5,True,10,True,6,True,5,True,4,True,9,True,6,True,5,True,3,True,10,True,5,True,5,True,2,True,10,True,4,True,4,True,1,True,10,True,4,True,4,True,1,True,9,True,4,True,4,True,1,True,9,True,4,True,4,True,1,True,9,True,4,True,4,True,1,True,9,True,4,True,4,True,1,True,8,True,4,True,3,True,1,3.009480346616684,1.855700310877678,0.999985349035661,0.9923782255777742,0.9962293253003405,0.9798678849773145,0.7465726120537959,0.7465726120537959
1676147.0,0.0194798749317584,3.4285714285714284,True,10,True,3,False,1,False,1,True,8,False,1,False,1,False,1,True,6,False,1,False,1,False,1,True,5,False,1,False,1,False,1,True,4,False,1,False,1,False,1,True,3,False,1,False,1,False,1,False,1,False,1,False,1,False,1,False,1,False,1,False,1,False,1,False,2,False,1,False,1,False,0,False,2,False,1,False,1,False,0,False,2,False,1,False,1,False,0,3.4285714285714284,0.3596482257899581,1.1410992140169398,0.14915203554188566,0.7949134199134198,0.005732041533176377,0.4686335264268716,0.001989412863716566
1790713.0,0.019752841332076033,3.4285714285714293,True,9,False,1,False,1,False,1,True,4,False,1,False,1,False,0,True,3,False,1,False,1,False,0,True,3,False,1,False,1,False,0,True,2,False,1,False,1,False,0,False,1,False,1,False,1,False,0,False,1,False,1,False,1,False,0,False,1,False,1,False,1,False,0,False,1,False,1,False,1,False,0,False,1,False,1,False,0,False,0,False,1,False,1,False,0,False,0,3.4285714285714275,0.3049281314168379,1.550552060987286,0.05862187097612551,0.5238791659360462,0.020396071688540317,0.1356819309921854,0.020396071688540317
650373.0,0.23388257481760882,3.3514061594991635,True,9,True,7,True,5,True,2,True,11,True,6,True,3,True,2,True,10,True,6,True,3,True,2,True,8,True,6,True,3,True,2,True,8,True,5,True,3,True,1,True,7,True,5,True,3,True,1,True,7,True,5,True,3,True,1,True,7,True,5,True,3,True,1,True,8,True,5,False,2,False,0,True,8,True,5,False,2,False,0,True,8,True,5,False,1,False,0,2.904876352264943,2.904876352264943,1.8834352689996365,1.8834352689996365,0.921233171334478,0.4854753315649265,0.4539793491167463,0.4539793491167463
433920.0,0.6992158419772694,1.978226828451474,True,11,True,5,True,3,True,2,True,10,True,4,True,2,True,2,True,10,True,3,True,2,False,1,True,8,True,3,True,2,False,1,True,7,True,3,False,0,False,0,True,6,True,3,False,0,False,0,True,6,True,2,False,0,False,0,True,5,False,1,False,0,False,0,True,4,False,1,False,0,False,0,True,3,False,1,False,0,False,0,True,3,False,1,False,0,False,0,1.0500122596860808,1.0500122596860808,0.6024022331387564,0.42154185462269156,0.2871618744191743,0.26947016236572124,0.2871618744191743,0.1749219088028729
1569842.0,0.02412030373715817,3.428571428571429,True,8,False,3,False,3,False,1,True,8,False,3,False,2,False,1,True,6,False,3,False,2,False,1,False,4,False,3,False,2,False,1,False,4,False,2,False,2,False,1,False,3,False,2,False,2,False,1,False,3,False,2,False,2,False,1,False,3,False,2,False,2,False,1,False,3,False,2,False,2,False,1,False,3,False,2,False,2,False,1,False,3,False,2,False,1,False,1,3.428571428571428,0.2361891839503779,1.806828143930812,0.009814803267444026,1.0,0.009814803267444026,0.8347756354783252,0.004632449413084749
262580.0,0.03300411931113206,3.1989801274950986,True,5,True,3,True,3,True,2,True,6,True,4,True,3,True,3,True,7,True,5,True,3,True,3,True,8,True,6,True,3,True,3,True,9,True,7,True,3,True,3,True,11,True,6,True,3,True,2,True,10,True,6,True,3,True,2,True,10,True,5,True,3,True,2,True,8,True,5,True,2,True,2,True,8,True,5,True,2,True,2,True,8,True,5,True,2,True,2,2.460872223308116,1.5927416235281036,1.8873647432376084,1.0,0.9966951478015126,0.9966951478015126,0.9620772239175593,0.9620772239175593
1805322.0,0.019182093404139164,3.4285714285714293,True,8,True,3,False,1,False,1,True,6,True,3,False,1,False,1,True,4,False,1,False,1,False,1,True,4,False,1,False,1,False,1,True,4,False,1,False,1,False,0,True,4,False,1,False,1,False,0,True,3,False,1,False,0,False,0,True,3,False,1,False,0,False,0,False,1,False,1,False,0,False,0,False,1,False,1,False,0,False,0,False,1,False,1,False,0,False,0,3.4285714285714275,0.4555124479698422,2.0237100023088987,0.16614046633289742,0.3755904046622668,0.00614098313391963,0.2857790324251529,0.0029630427755629888
1682336.0,0.019330984167948782,3.428571428571429,True,4,False,1,False,1,False,1,True,3,False,1,False,1,False,1,False,2,False,1,False,1,False,1,False,2,False,1,False,1,False,1,False,1,False,1,False,1,False,1,False,1,False,1,False,1,False,1,False,1,False,1,False,1,False,1,False,1,False,1,False,1,False,1,False,1,False,1,False,1,False,1,False,1,False,1,False,1,False,1,False,1,False,1,False,1,False,1,3.428571428571429,0.18168987221056648,1.0505525992632008,0.006772693712210348,1.0,0.003731916570733796,0.7429108310834179,0.003731916570733796
53715.0,0.16167055436994393,3.328604010338974,True,10,True,8,True,5,True,3,True,11,True,8,True,4,False,2,True,11,True,7,False,2,False,1,True,12,True,7,False,1,False,1,True,12,True,5,False,1,False,1,True,12,True,4,False,1,False,1,True,13,False,2,False,1,False,1,True,10,False,2,False,1,False,1,True,9,False,2,False,1,False,1,True,7,False,2,False,1,False,1,True,7,False,2,False,1,False,1,3.1575090898005627,2.616346898647113,0.8972551045828533,0.38150446808718674,0.8327134737927939,0.15753964779798518,0.741454924576837,0.10021423832809986
47839.0,0.20864559035187852,2.559596827853239,True,9,True,8,True,6,True,4,True,13,True,5,True,3,True,3,True,14,True,5,True,2,True,2,True,14,True,4,True,2,False,1,True,12,True,3,True,2,False,1,True,11,True,3,True,2,False,1,True,11,True,2,True,2,False,1,True,11,True,2,True,2,False,1,True,10,True,2,True,2,False,1,True,10,True,2,True,2,False,1,True,9,True,2,True,2,False,1,1.779697410949628,0.9503388484520061,0.926746650632943,0.926746650632943,0.9079085547697535,0.7835432665788056,0.7052223311257528,0.23639536033352126
650976.0,0.07325425579433223,3.3673759657222506,True,8,True,5,True,4,True,3,True,9,True,5,True,4,True,3,True,9,True,5,True,4,True,3,True,11,True,7,True,5,True,4,True,11,True,7,True,4,True,3,True,11,True,6,True,4,False,2,True,10,True,6,True,4,False,2,True,10,True,5,True,3,False,2,True,10,True,5,True,3,False,2,True,10,True,5,True,3,False,2,True,9,True,5,True,3,False,2,3.1909373566175834,2.480720517220683,0.9831508042978315,0.9418337518647137,0.9081346371707507,0.7706579600135108,0.7878142876029657,0.3445588701102411
1630055.0,0.01950469005906,3.428571428571429,True,5,True,2,False,1,False,1,True,2,False,1,False,1,False,1,True,2,False,1,False,1,False,1,False,1,False,1,False,1,False,1,False,1,False,1,False,1,False,1,False,2,False,1,False,1,False,1,False,2,False,1,False,1,False,1,False,2,False,1,False,1,False,1,False,2,False,1,False,1,False,1,False,2,False,1,False,1,False,1,False,2,False,1,False,1,False,1,3.428571428571429,0.21615021493182834,1.3097588126159554,0.1497253758983155,1.0,0.006105977987803901,1.0,0.005843996560452309
808002.0,0.04536205270733039,0.8955851690093601,True,13,True,5,False,1,False,0,True,11,False,4,False,0,False,0,True,8,False,2,False,0,False,0,True,8,False,0,False,0,False,0,True,6,False,0,False,0,False,0,True,5,False,0,False,0,False,0,True,3,False,0,False,0,False,0,True,3,False,0,False,0,False,0,True,1,False,0,False,0,False,0,True,1,False,0,False,0,False,0,False,0,False,0,False,0,False,0,0.5584222567339646,0.5584222567339646,0.24192716344447335,0.13160684500508166,0.11413250681314338,0.006680935451885169,0.019876787167267207,0.006680935451885169
10158.0,0.5607474316343243,1.4446493082594394,True,13,True,4,True,1,False,0,True,10,True,2,True,1,False,0,True,9,True,2,True,1,False,0,True,8,True,2,True,1,False,0,True,9,False,0,False,0,False,0,True,6,False,0,False,0,False,0,True,5,False,0,False,0,False,0,True,5,False,0,False,0,False,0,True,4,False,0,False,0,False,0,True,3,False,0,False,0,False,0,True,3,False,0,False,0,False,0,0.693903966534425,0.693903966534425,0.26629721169637793,0.26546785362710834,0.26546785362710834,0.26546785362710834,0.09147022678236771,0.09147022678236771
18264.0,0.0746190877959204,3.4285714285714284,False,5,False,4,False,2,False,2,False,5,False,4,False,2,False,2,False,5,False,4,False,2,False,2,False,5,False,4,False,2,False,2,False,5,False,4,False,2,False,2,False,6,False,4,False,2,False,1,False,6,False,4,False,2,False,1,False,6,False,4,False,2,False,1,False,7,False,3,False,2,False,1,False,7,False,3,False,2,False,1,False,6,False,2,False,2,False,1,3.4285714285714284,0.0,1.0,0.0,1.0,0.0,1.0,0.0
542865.0,0.18407861432329148,3.4082348115348675,True,9,True,5,True,5,True,3,True,10,True,6,True,6,False,2,True,9,True,6,False,3,False,2,True,9,True,6,False,3,False,2,True,9,True,6,False,3,False,2,True,10,True,4,False,2,False,2,True,10,True,4,False,2,False,2,True,9,True,4,False,2,False,2,True,9,True,4,False,2,False,2,True,9,True,4,False,2,False,1,True,10,False,2,False,1,False,1,3.342299728766893,0.6282352889680937,0.9969825842131634,0.5503214482066549,0.9847452414432533,0.1843368546574522,0.9130097995374291,0.12308535816309163
1793991.0,0.01873542111271031,3.4285714285714293,True,7,True,4,False,2,False,1,True,7,False,2,False,2,False,1,True,5,False,2,False,2,False,1,True,6,False,1,False,1,False,1,True,5,False,1,False,1,False,1,False,2,False,1,False,1,False,1,False,2,False,1,False,1,False,0,False,2,False,1,False,1,False,0,False,2,False,1,False,1,False,0,False,3,False,1,False,0,False,0,False,3,False,1,False,0,False,0,3.428571428571428,0.3162820294982892,1.4026931425355735,0.11405582283526622,0.5335473099930385,0.009560067149961826,0.39077910799578197,0.009560067149961826
10809.0,0.05444438929971711,3.4285714285714293,True,9,True,5,True,3,True,3,True,8,True,5,True,3,True,3,True,8,True,4,True,2,True,2,True,8,True,4,True,2,True,2,True,9,True,5,True,3,False,1,True,9,True,5,True,3,False,1,True,9,True,5,True,3,False,1,True,8,True,5,True,3,False,1,True,8,True,4,True,3,False,1,True,7,True,4,True,3,False,1,True,6,True,4,True,3,False,1,3.428571428571428,1.993069934485396,1.0,1.0,1.0,0.9985913523576653,1.0,0.2725061890984122
1586204.0,0.0050622859695270235,3.428571428571429,True,8,True,4,True,2,False,1,True,9,True,4,True,3,False,2,True,10,True,5,True,4,False,2,True,11,True,5,True,4,False,1,True,11,True,4,True,4,False,1,True,11,True,4,True,4,False,1,True,10,True,4,True,4,False,1,True,8,True,4,False,3,False,1,True,8,True,4,False,3,False,1,True,8,True,4,False,3,False,1,True,8,True,4,False,3,False,1,3.428571428571428,2.080920352143766,1.0,0.8375540985808448,1.0,0.43200022217390394,0.6197887715397443,0.02625705713622003
1783861.0,0.018809866494615118,3.4285714285714293,True,7,False,1,False,1,False,1,True,5,False,1,False,1,False,1,True,4,False,1,False,1,False,1,False,2,False,1,False,1,False,1,False,1,False,1,False,1,False,1,False,2,False,1,False,0,False,0,False,1,False,1,False,0,False,0,False,1,False,1,False,0,False,0,False,1,False,1,False,0,False,0,False,1,False,1,False,0,False,0,False,1,False,1,False,0,False,0,3.428571428571428,0.2476952416085056,1.316369485360711,0.039944639366751966,0.3250056716192175,0.00999597585513068,0.3250056716192175,0.004517675885469337
175953.0,0.27147749267953747,1.7010285713558781,True,16,True,5,True,1,False,0,True,13,True,4,True,1,False,0,True,10,True,4,True,1,False,0,True,7,True,3,True,1,False,0,True,6,True,2,False,0,False,0,True,6,False,1,False,0,False,0,True,6,False,1,False,0,False,0,True,6,False,1,False,0,False,0,True,5,False,1,False,0,False,0,True,4,False,1,False,0,False,0,True,3,False,1,False,0,False,0,0.8646437578182027,0.7409453285092451,0.7036732732298615,0.3254956892953476,0.2699646874947193,0.2699646874947193,0.015659186128787257,0.015659186128787257
105230.0,0.07578539877909574,3.187559859606052,True,5,True,5,True,4,True,3,True,5,True,5,True,4,True,3,True,5,True,5,True,4,True,3,True,5,True,4,True,3,True,3,True,7,True,6,True,5,True,3,True,10,True,7,True,5,True,2,True,10,True,6,True,5,True,2,True,10,True,6,True,5,True,2,True,10,True,6,True,5,True,2,True,10,True,6,True,5,True,2,True,10,True,6,True,5,True,1,2.2222549694265172,0.999827384342784,1.2544555641625945,0.9986756238731873,0.9244910528288197,0.8512007094818466,0.6677705346245738,0.6677705346245738
722293.0,0.05836517941337039,1.7091960241055306,True,11,True,4,True,3,False,1,True,11,False,3,False,2,False,1,True,11,False,2,False,2,False,1,True,9,False,2,False,2,False,1,True,9,False,1,False,1,False,0,True,6,False,1,False,1,False,0,True,6,False,1,False,0,False,0,True,4,False,1,False,0,False,0,True,4,False,1,False,0,False,0,True,4,False,1,False,0,False,0,True,3,False,0,False,0,False,0,1.3091155563812478,1.0,0.5523296310120269,0.11448623062029763,0.3807493933129405,0.10478448820306394,0.25199341150930293,0.017699920837161272
1769690.0,0.018338379075884658,3.4285714285714293,True,10,False,2,False,1,False,1,True,7,False,1,False,1,False,1,False,4,False,1,False,1,False,1,False,4,False,1,False,1,False,1,False,3,False,1,False,1,False,1,False,2,False,1,False,1,False,1,False,2,False,1,False,1,False,1,False,1,False,1,False,1,False,1,False,1,False,1,False,1,False,1,False,1,False,1,False,1,False,1,False,1,False,1,False,1,False,0,3.4285714285714284,0.1941144153154802,1.5769463397035262,0.0640516092509819,1.2676545664476513,0.0640516092509819,0.5641766484252421,0.019111262758991245
138149.0,0.06635565040448657,3.4285714285714293,False,3,False,3,False,3,False,2,False,3,False,3,False,3,False,2,False,3,False,3,False,3,False,1,False,4,False,4,False,3,False,1,False,4,False,4,False,3,False,1,False,4,False,4,False,2,False,1,False,4,False,4,False,2,False,1,False,4,False,4,False,2,False,1,False,4,False,4,False,2,False,1,False,4,False,4,False,2,False,1,False,5,False,3,False,2,False,1,3.4285714285714293,0.0,1.0,0.0,1.0,0.0,1.0,0.0
1780773.0,0.018561715221599086,3.4285714285714293,True,10,True,2,False,1,False,1,True,6,True,2,False,1,False,1,True,6,False,1,False,1,False,1,False,2,False,1,False,1,False,1,False,1,False,1,False,1,False,1,False,1,False,1,False,1,False,1,False,1,False,1,False,1,False,0,False,1,False,1,False,1,False,0,False,1,False,1,False,1,False,0,False,2,False,0,False,0,False,0,False,1,False,0,False,0,False,0,3.428571428571428,0.20867032445979816,0.5488957727989497,0.1609593242548348,0.5011740968151538,0.0208342778874123,0.39397131323771084,0.00738204058789827
210123.0,0.10156831604546131,3.3605917700389605,True,11,True,6,False,3,False,3,True,12,True,6,False,2,False,2,True,11,True,6,False,2,False,1,True,10,True,4,False,2,False,1,True,10,True,4,False,2,False,1,True,10,True,4,False,2,False,1,True,9,True,4,False,1,False,1,True,9,True,4,False,1,False,1,True,9,True,3,False,1,False,1,True,9,True,2,False,1,False,1,True,9,True,2,False,1,False,1,3.060965934627298,2.534667597722426,0.9989577926663579,0.9989577926663579,0.9905353255969631,0.08806988990923328,0.8190966596778804,0.013725083656202314
487813.0,0.010893840885403742,3.428567206002232,True,5,True,4,True,4,True,3,True,5,True,4,True,4,True,3,True,5,True,4,True,4,True,3,True,6,True,4,True,3,True,3,True,7,True,4,True,4,True,4,True,7,True,4,True,4,True,4,True,7,True,4,True,4,True,4,True,8,True,5,True,5,True,4,True,8,True,5,True,5,True,4,True,7,True,5,True,5,True,4,True,8,True,5,True,4,True,3,3.4248296035574506,3.4248296035574506,1.0,0.9999368968882281,0.999974453222195,0.9962632022009961,0.9994233467781679,0.9959197715834311
1796470.0,0.01957913544096481,3.4285714285714293,True,8,False,2,False,1,False,1,True,6,False,1,False,1,False,1,True,5,False,1,False,1,False,1,True,3,False,1,False,1,False,1,False,2,False,1,False,1,False,1,False,1,False,1,False,1,False,1,False,1,False,1,False,1,False,0,False,1,False,1,False,1,False,0,False,2,False,1,False,0,False,0,False,2,False,1,False,0,False,0,False,1,False,1,False,0,False,0,3.428571428571428,0.2947844432531516,1.3187106422596753,0.00762686423445316,0.47022520056181116,0.006556212953602441,0.3546590902265124,0.005934313910222446
624588.0,0.023003623008586035,3.4285714285714293,True,5,True,4,True,3,True,3,True,6,True,5,True,3,True,3,True,6,True,5,True,3,True,3,True,7,True,6,True,3,True,3,True,7,True,5,True,3,True,3,True,7,True,5,True,3,True,3,True,7,True,5,True,3,True,3,True,7,True,5,True,3,True,3,True,7,True,5,True,3,True,3,True,7,True,5,True,3,True,3,True,5,True,4,True,3,True,3,3.428571428571428,1.0,1.0,1.0,1.0,1.0,1.0,0.6019983128002913
1582120.0,0.01997617747779046,3.428571428571429,True,5,True,2,False,1,False,1,True,4,True,2,False,1,False,1,True,4,True,2,False,1,False,1,True,2,False,1,False,1,False,1,True,2,False,1,False,1,False,1,True,2,False,1,False,1,False,1,False,1,False,1,False,1,False,1,False,1,False,1,False,1,False,1,False,2,False,1,False,1,False,0,False,2,False,1,False,1,False,0,False,2,False,1,False,1,False,0,3.428571428571428,0.35135065404164195,1.039446459163014,0.2264348319296256,1.0,0.0019186051178858366,0.4818057697140955,0.0019186051178858366
1885471.0,0.0300511191622413,3.428571428571429,True,7,True,5,True,3,False,1,True,7,True,5,True,3,False,1,True,7,True,5,True,3,False,1,True,8,True,5,False,2,False,1,True,8,True,4,False,2,False,1,True,7,True,4,False,2,False,1,True,8,False,3,False,1,False,0,True,7,False,2,False,1,False,0,True,6,False,2,False,1,False,0,True,7,False,1,False,1,False,0,True,6,False,1,False,1,False,0,3.4285714285714284,0.974049611556907,0.7110365605443814,0.37415425655321216,0.678779601881431,0.23828065965819537,0.36979615306738156,0.08075279796957266
1604303.0,0.005161546478733436,3.428571428571429,True,4,True,4,True,3,True,3,True,4,True,4,True,3,True,3,True,5,True,5,True,3,True,3,True,5,True,5,True,3,True,3,True,6,True,5,True,3,False,2,True,6,True,5,True,3,False,2,True,6,True,5,True,3,False,2,True,6,True,5,True,3,False,2,True,7,True,6,True,3,False,2,True,8,True,7,True,4,False,3,True,10,True,5,False,3,False,2,3.4285714285714284,2.829010989010989,1.0,1.0,1.0,0.5813006953423001,1.0,0.2799079453476718
1813553.0,0.019281353913345574,3.4285714285714293,True,8,False,2,False,2,False,2,False,7,False,2,False,2,False,2,False,4,False,2,False,2,False,2,False,4,False,2,False,2,False,2,False,3,False,2,False,2,False,2,False,2,False,2,False,2,False,2,False,2,False,2,False,2,False,2,False,2,False,2,False,2,False,2,False,2,False,2,False,2,False,1,False,2,False,2,False,2,False,1,False,2,False,2,False,2,False,1,3.4285714285714275,0.12636763396127257,1.1656056361938716,0.020420576989920083,0.9936996450350704,0.013268872014503906,0.9870340886905953,0.007060223128736725
1620676.0,0.2214998262941089,3.4285714285714293,True,10,True,6,True,4,False,2,True,8,True,5,True,4,False,2,True,8,True,4,False,2,False,2,True,8,False,3,False,2,False,2,True,7,False,3,False,2,False,2,True,7,False,3,False,2,False,2,True,7,False,3,False,2,False,2,True,7,False,3,False,1,False,1,True,7,False,3,False,1,False,1,True,8,False,3,False,0,False,0,True,8,False,1,False,0,False,0,3.1893084318306646,0.6872274155827858,0.8565484207593829,0.21156488148040883,0.5446769539225259,0.16183056451268554,0.5446769539225259,0.016729059673919647
334600.0,0.18038116035535262,3.4281099088733087,True,6,True,4,True,3,True,3,True,7,True,5,True,3,True,2,True,6,True,4,True,3,True,2,True,7,True,5,True,3,True,2,True,7,True,5,True,3,True,2,True,7,True,5,True,3,True,2,True,8,True,6,True,3,True,2,True,8,True,6,True,3,True,2,True,8,True,6,True,3,True,2,True,7,True,4,True,3,True,2,True,7,True,4,True,3,True,2,3.2561381690984272,1.2377574009113523,0.9885201023442001,0.9885201023442001,0.9885201023442001,0.9885201023442001,0.9814587612019278,0.9814587612019278
635778.0,0.13700431783215047,2.5858054322361426,True,11,True,6,True,4,True,3,True,14,True,5,True,1,True,1,True,13,True,4,True,1,False,0,True,13,True,3,False,0,False,0,True,12,True,3,False,0,False,0,True,12,True,2,False,0,False,0,True,10,True,2,False,0,False,0,True,8,True,2,False,0,False,0,True,7,True,2,False,0,False,0,True,7,True,2,False,0,False,0,True,7,True,2,False,0,False,0,1.0532679197708148,0.7047319779103166,0.6295653573792985,0.6055139757907158,0.21611948032297765,0.21611948032297765,0.16203681963683197,0.16203681963683197
1776695.0,0.019033202640329545,3.428571428571429,True,9,True,2,False,1,False,1,True,8,False,1,False,1,False,1,True,6,False,1,False,1,False,1,True,5,False,1,False,1,False,1,True,3,False,1,False,1,False,1,True,2,False,1,False,1,False,1,False,1,False,1,False,1,False,0,False,1,False,1,False,1,False,0,False,1,False,1,False,1,False,0,False,1,False,1,False,0,False,0,False,1,False,1,False,0,False,0,3.4285714285714284,0.35352262985706534,1.2878184209244559,0.13027717468743283,0.515921429160239,0.012372144645920562,0.3896988376842808,0.01051692487175533
570613.0,0.13561467070326072,2.0928751823524894,True,11,True,5,True,1,True,1,True,11,True,5,True,1,True,1,True,10,True,4,True,1,True,1,True,10,True,3,False,0,False,0,True,9,True,2,False,0,False,0,True,9,True,2,False,0,False,0,True,9,True,1,False,0,False,0,True,7,True,1,False,0,False,0,True,7,False,0,False,0,False,0,True,4,False,0,False,0,False,0,True,4,False,0,False,0,False,0,1.446862339361922,0.9351590006540619,0.47951041322362625,0.47951041322362625,0.23661277461440614,0.23661277461440614,0.2318910224707359,0.2318910224707359
318186.0,0.06707528909623306,3.4285714285714293,True,11,True,6,True,3,True,3,True,10,True,6,True,3,True,2,True,10,True,5,True,3,False,1,True,12,False,4,False,2,False,0,True,12,False,4,False,2,False,0,True,11,False,3,False,1,False,0,True,11,False,3,False,1,False,0,True,11,False,3,False,1,False,0,True,11,False,2,False,1,False,0,True,10,False,2,False,1,False,0,True,9,False,2,False,1,False,0,3.428571428571428,0.7923511131885029,2.1632760872024415,0.21192716812028844,1.0,0.21192716812028844,0.23524948503260537,0.18220399029632636
1806139.0,0.018809866494615118,3.4285714285714293,True,8,False,2,False,2,False,2,True,8,False,2,False,2,False,1,True,7,False,1,False,1,False,1,True,4,False,1,False,1,False,1,True,4,False,1,False,1,False,1,False,2,False,1,False,1,False,0,False,2,False,1,False,1,False,0,False,2,False,1,False,1,False,0,False,2,False,1,False,1,False,0,False,2,False,1,False,1,False,0,False,2,False,1,False,1,False,0,3.428571428571428,0.3192470736004746,1.2238061908094904,0.009031425344639145,0.8042801476197349,0.005245746022300688,0.3265861222845055,0.004419934309233202
338309.0,0.672043277582014,0.9437733677358447,True,7,False,4,False,1,False,1,True,6,False,2,False,1,False,0,True,6,False,2,False,1,False,0,True,6,False,1,False,0,False,0,True,4,False,0,False,0,False,0,False,3,False,0,False,0,False,0,False,2,False,0,False,0,False,0,False,2,False,0,False,0,False,0,False,1,False,0,False,0,False,0,False,1,False,0,False,0,False,0,False,1,False,0,False,0,False,0,0.6360438438791819,0.3203017524458865,0.2951866252661218,0.069521198812865,0.2440511045075388,0.029983636632920307,0.12009349494286678,0.011298464596933904
196131.0,0.380217380515162,2.4863707844812715,True,13,True,4,True,3,False,2,True,14,True,5,True,3,False,1,True,16,True,5,True,2,False,0,True,15,True,4,True,2,False,0,True,15,True,3,True,2,False,0,True,14,True,2,True,2,False,0,True,13,True,2,False,0,False,0,True,11,True,2,False,0,False,0,True,11,True,2,False,0,False,0,True,10,True,2,False,0,False,0,True,10,True,1,False,0,False,0,1.5970862804101913,0.9043626419456292,0.6570527120819261,0.6570527120819261,0.3594214711321047,0.3594214711321047,0.17133176315787968,0.029135341918076443
1588780.0,0.019380614422551987,3.4285699084295933,True,5,True,3,True,3,True,3,True,8,True,5,True,5,True,3,True,9,True,6,True,6,True,4,True,9,True,6,True,5,True,4,True,9,True,6,True,5,True,4,True,10,True,7,True,5,True,3,True,10,True,7,True,5,True,3,True,10,True,6,True,5,True,3,True,11,True,6,True,5,True,3,True,11,True,5,True,5,True,3,True,10,True,5,True,5,True,2,3.4274113902153216,3.4080923674950228,0.9999982195043761,0.9999607595688554,0.9999974729913621,0.9998878149802701,0.9768704056387112,0.9768704056387112
527630.0,0.4465234006650454,3.403289974435202,True,10,True,5,True,4,True,2,True,9,True,5,True,4,True,2,True,8,True,5,True,4,True,2,True,8,True,5,True,4,True,2,True,7,True,4,True,4,True,2,True,7,True,4,True,3,True,1,True,7,True,4,True,3,True,1,True,5,True,4,True,2,True,1,True,5,True,4,True,2,True,1,True,4,True,4,True,2,True,1,True,4,True,4,True,2,True,1,2.080530134567026,1.0,1.0,1.0,1.0,1.0,0.9994992136086042,0.9994992136086042
1673776.0,0.0381408506625639,3.4285714285714293,True,6,True,3,True,2,False,1,True,6,True,2,False,1,False,1,True,6,False,1,False,1,False,1,True,6,False,1,False,1,False,1,True,6,False,1,False,1,False,1,True,6,False,1,False,1,False,1,True,6,False,1,False,1,False,1,True,6,False,1,False,1,False,1,True,6,False,1,False,1,False,1,True,6,False,1,False,1,False,1,True,6,False,1,False,1,False,1,3.428571428571429,1.079240694149829,1.9295426334598214,0.1634332280486755,1.0,0.12550402571637098,1.0,0.05568696781231452
1790190.0,0.019455059804456797,3.4285714285714293,True,11,False,2,False,2,False,2,True,10,False,2,False,2,False,2,True,10,False,2,False,2,False,2,True,6,False,2,False,1,False,1,True,5,False,2,False,1,False,1,False,3,False,2,False,1,False,1,False,3,False,2,False,1,False,1,False,3,False,2,False,1,False,1,False,3,False,2,False,1,False,0,False,3,False,1,False,1,False,0,False,3,False,1,False,1,False,0,3.428571428571428,0.32548319122510777,1.1670724105893284,0.09530030227362328,0.7745216369751685,0.009690204749987804,0.49578630362353043,0.006368074718743278
1776052.0,0.01957913544096481,3.4285714285714293,True,6,False,2,False,1,False,1,True,6,False,2,False,0,False,0,False,4,False,1,False,0,False,0,False,2,False,1,False,0,False,0,False,2,False,1,False,0,False,0,False,2,False,1,False,0,False,0,False,2,False,1,False,0,False,0,False,1,False,1,False,0,False,0,False,1,False,1,False,0,False,0,False,1,False,1,False,0,False,0,False,1,False,1,False,0,False,0,3.4285714285714275,0.18023244001056554,1.0235831414004213,0.09697243246996727,0.14298594814782012,0.0028957158746596625,0.14298594814782012,0.0028957158746596625
676318.0,0.09352821479974192,2.8267988326953244,True,10,True,6,True,5,True,3,True,10,True,5,True,4,True,3,True,10,True,5,True,4,True,3,True,10,True,5,True,4,True,3,True,10,True,5,True,4,True,2,True,10,True,6,True,5,True,2,True,10,True,6,True,5,False,1,True,12,True,6,True,4,False,0,True,12,True,6,True,4,False,0,True,13,True,4,True,3,False,0,True,14,True,3,True,2,False,0,1.5145243929603622,0.9740572388493822,0.984663539460689,0.9125617826357466,0.8647018018215764,0.7132346169656417,0.4355995309361803,0.37007539031718084
609094.0,0.07290684401210978,2.728606519615951,True,7,True,5,True,4,True,4,True,8,True,5,True,4,True,3,True,10,True,5,True,3,True,2,True,10,True,5,True,3,True,2,True,11,True,5,True,3,True,1,True,11,True,5,True,3,True,1,True,11,True,5,True,3,True,1,True,12,True,4,True,2,True,1,True,11,True,4,True,2,True,1,True,10,True,3,True,2,True,1,True,10,True,3,True,2,True,1,2.2311443856683546,1.3373980341655198,0.8724170982473122,0.7879478896003476,0.7231042661819864,0.6141532058554249,0.6141532058554249,0.6141532058554249
369428.0,0.024418085264777407,3.4285714285714284,True,6,True,5,True,4,True,3,True,5,True,5,True,4,True,3,True,8,True,4,True,2,True,2,True,7,True,3,True,2,True,2,True,7,True,3,True,2,True,2,True,6,True,3,True,2,True,2,True,6,True,3,True,2,True,2,True,6,True,3,True,2,True,2,True,6,True,3,True,2,True,2,True,6,True,2,True,2,True,2,True,6,True,2,True,2,True,2,3.165973857029052,2.3060354076135128,1.0,1.0,1.0,1.0,1.0,1.0
594145.0,0.35123331182688966,2.644087073914644,True,11,True,6,True,3,True,2,True,11,True,6,True,3,True,2,True,10,True,6,True,3,True,2,True,10,True,4,True,2,True,2,True,9,True,4,True,2,True,1,True,9,True,4,True,2,True,1,True,9,True,4,True,2,True,1,True,9,True,4,True,2,True,1,True,8,True,4,True,2,True,1,True,8,True,2,True,2,True,1,True,8,True,2,True,2,True,1,1.8112174923118296,1.0,1.0,1.0,1.0,1.0,0.8269044996583876,0.8269044996583876
1812006.0,0.0194798749317584,3.4285714285714293,True,7,False,1,False,1,False,1,True,5,False,1,False,1,False,1,True,4,False,1,False,1,False,0,True,4,False,1,False,1,False,0,False,2,False,1,False,0,False,0,False,2,False,1,False,0,False,0,False,1,False,1,False,0,False,0,False,1,False,1,False,0,False,0,False,1,False,1,False,0,False,0,False,1,False,1,False,0,False,0,False,1,False,1,False,0,False,0,3.4285714285714284,0.27137632660127303,1.560638392102233,0.053415748784610764,0.2778105461837915,0.053415748784610764,0.16373717116904582,0.006832337184708815
599190.0,0.730309196486178,1.6008719770199096,True,5,True,3,False,1,False,1,True,4,True,3,False,1,False,1,True,3,True,2,False,1,False,1,True,3,True,2,False,1,False,1,True,3,True,2,False,1,False,1,True,2,False,1,False,1,False,1,True,3,False,1,False,0,False,0,True,3,False,0,False,0,False,0,True,2,False,0,False,0,False,0,True,2,False,0,False,0,False,0,True,2,False,0,False,0,False,0,1.5242045722564843,0.6058997713174533,0.44208098245878896,0.3230634439621459,0.35013754386624263,0.0002258763004695252,0.35013754386624263,0.0002258763004695252
1584685.0,0.003424487567621222,3.01104772184103,True,10,True,5,False,2,False,2,True,11,True,5,False,2,False,2,True,10,True,5,False,2,False,2,True,10,True,6,False,3,False,3,True,9,True,6,False,3,False,3,True,8,False,4,False,3,False,3,True,8,False,4,False,3,False,3,True,9,False,4,False,3,False,1,True,8,False,4,False,3,False,1,False,7,False,3,False,3,False,1,False,7,False,2,False,2,False,1,2.4571108801662804,0.5420158169274777,1.0,0.31412664736980217,1.0,0.09597995614921705,1.0,0.0870550161812298
524623.0,0.003474117822224428,3.4285714285714284,True,10,True,5,True,4,False,2,True,8,True,5,True,4,False,2,True,9,False,2,False,2,False,2,True,9,False,2,False,2,False,2,True,8,False,2,False,2,False,2,True,7,False,2,False,2,False,2,True,7,False,2,False,2,False,2,True,7,False,2,False,2,False,2,True,5,False,2,False,2,False,2,False,4,False,2,False,2,False,2,False,4,False,2,False,2,False,2,3.4285714285714284,0.5219152924247872,1.0,0.15994476482468303,1.0,0.15994476482468303,1.0,0.017887490431393132
1517683.0,0.003474117822224428,3.359741964520121,True,8,True,5,True,4,False,2,True,8,True,5,True,3,False,1,True,9,True,5,False,3,False,1,True,10,False,4,False,3,False,1,True,11,False,3,False,3,False,1,True,10,False,3,False,2,False,1,True,10,False,3,False,2,False,1,True,8,False,2,False,2,False,1,True,8,False,2,False,2,False,1,True,7,False,2,False,2,False,1,True,7,False,2,False,2,False,1,2.9049094250459437,0.9012856988511543,1.0266343825665858,0.24081919304048383,1.0,0.15681939359471084,1.0,0.07559802501336034
1811876.0,0.01955432031366321,3.4285714285714293,True,4,True,2,True,2,False,1,False,4,False,2,False,1,False,1,False,4,False,2,False,1,False,1,False,4,False,2,False,0,False,0,False,4,False,2,False,0,False,0,False,3,False,1,False,0,False,0,False,2,False,1,False,0,False,0,False,2,False,1,False,0,False,0,False,1,False,1,False,0,False,0,False,1,False,1,False,0,False,0,False,1,False,1,False,0,False,0,3.428571428571428,0.14072816231217947,0.9738960006059689,0.14072816231217947,0.23114864433341706,0.12995605508633787,0.23114864433341706,0.044188447768124445
1598789.0,0.4121296342250236,1.1736379056256303,True,9,True,3,True,2,True,1,True,8,True,2,True,2,False,0,True,6,True,2,True,2,False,0,True,5,True,2,True,2,False,0,True,4,True,2,True,2,False,0,True,3,True,2,True,2,False,0,True,2,True,2,True,2,False,0,True,2,True,2,True,1,False,0,True,2,True,2,False,0,False,0,True,2,True,2,False,0,False,0,True,3,False,1,False,0,False,0,0.7731962297704957,0.7413816783408872,0.6032055546418807,0.5863229347900698,0.4510944300098148,0.4510944300098148,0.13517817742127167,0.13517817742127167
67484.0,0.8065660826840042,1.5717303187082905,True,7,True,3,False,1,False,1,True,4,False,1,False,1,False,1,True,4,False,1,False,1,False,1,False,2,False,1,False,1,False,1,False,1,False,1,False,1,False,1,False,1,False,1,False,1,False,1,False,1,False,1,False,1,False,1,False,2,False,1,False,1,False,0,False,1,False,1,False,0,False,0,False,2,False,0,False,0,False,0,False,1,False,0,False,0,False,0,1.1697224908141115,0.22846264123286264,0.5002135450600409,0.11152854797997794,0.4702835745150431,0.0032431904914829147,0.4341325472345537,0.0006483631376701474
1605613.0,0.007593428954290536,3.4285714285714293,True,6,True,5,True,4,True,4,True,6,True,5,True,4,True,4,True,6,True,5,True,4,True,4,True,6,True,5,True,4,True,4,True,6,True,5,True,4,True,4,True,6,True,5,True,4,True,4,True,7,True,6,True,4,True,3,True,8,True,6,True,4,False,2,True,8,True,6,True,4,False,2,True,8,True,6,True,4,False,2,True,8,True,6,True,4,False,2,3.4285714285714284,2.62280887616971,1.0,1.0,1.0,1.0,1.0,0.4363447025216047
532881.0,0.08995483646831108,2.892474390430784,True,13,True,9,False,2,False,0,True,13,True,9,False,2,False,0,True,13,True,7,False,2,False,0,True,13,True,7,False,2,False,0,True,13,True,7,False,2,False,0,True,13,True,5,False,2,False,0,True,13,True,5,False,2,False,0,True,14,True,4,False,1,False,0,True,14,True,4,False,1,False,0,True,14,True,3,False,1,False,0,True,14,True,3,False,1,False,0,2.1796952016290327,2.171620768160718,0.9462458107972409,0.6021302175762334,0.62112271027377,0.07906312800739937,0.07906312800739937,0.07906312800739937
381279.0,0.7457442056677751,0.9506829522307505,True,6,True,2,False,0,False,0,True,3,True,1,False,0,False,0,True,2,True,1,False,0,False,0,True,2,True,1,False,0,False,0,True,2,True,1,False,0,False,0,True,2,False,0,False,0,False,0,True,2,False,0,False,0,False,0,True,1,False,0,False,0,False,0,True,1,False,0,False,0,False,0,True,1,False,0,False,0,False,0,True,1,False,0,False,0,False,0,0.888121880411976,0.888121880411976,0.33960428229395706,0.33960428229395706,0.004499550927166321,0.004166514556140462,0.004166514556140462,0.004166514556140462
1560084.0,0.0035981934587324435,3.4285714285714293,True,6,True,3,True,3,False,2,True,7,True,3,False,2,False,2,True,8,True,4,False,3,False,3,True,8,False,3,False,3,False,2,True,8,False,3,False,3,False,2,True,8,False,3,False,3,False,2,True,9,False,3,False,2,False,2,True,9,False,3,False,2,False,2,True,8,False,3,False,2,False,2,True,6,False,3,False,2,False,2,True,6,False,3,False,2,False,2,3.188842567546064,0.8555524192370958,1.0,0.24106868385226826,1.0,0.13770707618595615,1.0,0.06119924157279266
251908.0,0.06938309593528215,3.4285714285714284,False,3,False,3,False,2,False,2,False,4,False,2,False,2,False,2,False,5,False,2,False,2,False,1,False,5,False,2,False,2,False,1,False,5,False,2,False,2,False,1,False,4,False,2,False,2,False,1,False,3,False,2,False,2,False,1,False,3,False,2,False,2,False,1,False,3,False,2,False,2,False,1,False,3,False,2,False,2,False,1,False,4,False,2,False,2,False,1,3.4285714285714284,0.0,1.0,0.0,1.0,0.0,1.0,0.0
747868.0,0.42548017271328603,3.2825998087860486,True,5,True,4,True,4,True,4,True,4,True,4,True,4,True,4,True,4,True,4,True,4,True,4,True,4,True,4,True,4,True,4,True,4,True,4,True,4,True,4,True,4,True,4,True,4,True,4,True,4,True,4,True,4,True,4,True,4,True,4,True,4,True,4,True,5,True,5,True,4,True,4,True,5,True,4,True,4,True,4,True,7,True,6,True,5,True,3,3.2726528774017045,2.726466124110716,0.9694514469305934,0.9000709172112854,0.9450160901365062,0.9000709172112854,0.9362007460879382,0.8985277287415347
453366.0,0.08176584445878207,3.165115992038972,True,8,True,6,True,6,True,5,True,8,True,6,True,6,True,5,True,8,True,6,True,6,True,4,True,9,True,6,True,6,True,4,True,9,True,6,True,6,True,3,True,9,True,6,True,6,True,3,True,9,True,6,True,6,True,3,True,10,True,6,True,6,True,3,True,10,True,6,True,6,True,3,True,10,True,6,True,6,True,3,True,11,True,5,True,5,True,3,2.9147426631303848,1.0,1.0,1.0,0.9858729102045808,0.9070922985082399,0.8378914838713825,0.8378914838713825
1618526.0,0.020000992605092065,3.427246681250039,True,6,True,2,True,2,True,2,True,4,True,2,True,2,True,2,True,2,True,2,True,2,True,2,True,2,True,2,True,2,True,2,True,2,True,2,True,2,True,2,True,2,True,2,True,2,True,2,True,2,True,2,True,2,True,2,True,3,True,2,True,2,False,1,True,3,True,2,True,2,False,1,True,3,True,2,True,2,False,1,True,3,True,2,True,2,False,1,3.3881493005314867,0.9996995004143329,0.9999874456830913,0.9996308126991548,0.9999874456830913,0.9995040752162024,0.9990251558800408,0.41906160672068504
674306.0,0.07074792793687032,3.400262284800618,True,6,True,3,True,3,True,3,True,8,True,4,True,4,True,4,True,9,True,5,True,4,True,4,True,9,True,5,True,4,True,3,True,9,True,5,True,4,True,3,True,9,True,5,True,4,True,3,True,10,True,6,True,4,True,2,True,10,True,6,True,4,True,2,True,10,True,6,True,3,True,2,True,12,True,7,True,3,True,1,True,12,True,7,True,3,True,1,3.249202134821898,2.452898786569228,1.1574894183479902,0.9847503492659362,0.9654480572927602,0.8974433909693249,0.7373203637157894,0.7373203637157894
356244.0,0.16335798302645294,3.4126671464112337,True,9,True,4,True,4,False,3,True,9,True,4,True,4,False,3,True,10,True,4,True,4,False,3,True,11,True,4,False,2,False,2,True,12,True,4,False,2,False,1,True,12,True,4,False,2,False,1,True,14,True,5,False,1,False,0,True,14,True,5,False,1,False,0,True,14,True,5,False,1,False,0,True,14,True,4,False,1,False,0,True,13,False,3,False,1,False,0,3.1833625822297797,0.8573403798754877,1.011208677354133,0.5848473238397545,0.874617291658919,0.23234795772994432,0.38729780935644703,0.034083054446157855
1579517.0,0.019455059804456797,3.4285714285714293,True,8,True,3,False,1,False,1,True,5,True,2,False,1,False,1,True,4,False,1,False,1,False,1,True,4,False,1,False,1,False,1,True,4,False,1,False,1,False,1,False,3,False,1,False,1,False,1,False,1,False,1,False,1,False,1,False,1,False,1,False,1,False,1,False,1,False,1,False,1,False,1,False,1,False,1,False,1,False,1,False,2,False,1,False,1,False,0,3.428571428571428,0.3003416281687953,1.6026167106565488,0.19446270937165472,1.0,0.07825267764286392,0.5605934322387066,0.014378304393333558
127696.0,0.10908729961784704,3.4285714285714293,True,4,True,3,True,3,True,3,True,7,True,4,True,3,True,3,True,8,True,4,True,3,True,3,True,8,True,3,True,3,True,3,True,7,True,3,True,3,True,3,True,8,True,4,True,3,True,3,True,8,True,4,True,3,True,3,True,9,True,4,True,2,True,2,True,10,True,4,True,2,True,1,True,10,True,4,True,2,True,1,True,10,True,4,True,2,True,1,3.428571428571428,3.428571428571428,1.0,1.0,1.0,1.0,1.0,1.0
10396.0,0.9994292520720631,2.530563613219045,True,9,True,4,True,4,True,3,True,8,True,4,True,3,False,2,True,10,True,6,True,5,False,0,True,10,True,6,True,5,False,0,True,10,True,6,True,3,False,0,True,11,True,4,True,2,False,0,True,11,True,4,True,2,False,0,True,10,True,4,True,2,False,0,True,9,True,3,True,2,False,0,True,9,True,1,True,1,False,0,True,8,True,1,True,1,False,0,1.778557034292511,1.778557034292511,0.8505055194509754,0.8505055194509754,0.8169788290808238,0.8169788290808238,0.1924092441853028,0.1463883023878849
1801124.0,0.01965358082286962,3.4285714285714293,True,8,True,2,False,1,False,1,True,7,True,2,False,1,False,1,True,5,True,2,False,1,False,1,True,5,False,1,False,1,False,0,True,4,False,1,False,1,False,0,True,4,False,1,False,1,False,0,True,4,False,1,False,0,False,0,True,3,False,1,False,0,False,0,True,3,False,1,False,0,False,0,False,1,False,1,False,0,False,0,False,1,False,1,False,0,False,0,3.4285714285714284,0.541598768074848,1.469010339734121,0.22971990467513698,0.37455276399514786,0.006072857228150172,0.23857000856308067,0.0025013015822713163
625568.0,0.004243386768574123,3.4285714285714284,True,6,True,4,True,2,False,1,True,8,True,4,True,2,False,1,True,8,False,2,False,1,False,1,True,7,False,1,False,1,False,1,True,6,False,1,False,1,False,1,True,6,False,1,False,1,False,1,True,5,False,1,False,1,False,1,True,5,False,1,False,1,False,1,True,5,False,1,False,1,False,1,True,4,False,1,False,1,False,1,True,4,False,1,False,1,False,1,3.4285714285714284,0.8837431326926705,1.0,0.19724358315502266,1.0,0.15615940087749072,1.0,0.09924597513755848
1783093.0,0.018239118566678248,3.4285714285714293,True,6,False,3,False,1,False,1,True,6,False,2,False,1,False,0,True,3,False,1,False,1,False,0,True,3,False,1,False,1,False,0,True,3,False,1,False,1,False,0,True,3,False,1,False,1,False,0,False,1,False,1,False,1,False,0,False,1,False,1,False,1,False,0,False,1,False,1,False,1,False,0,False,1,False,1,False,1,False,0,False,1,False,1,False,1,False,0,3.428571428571428,0.38924160259004464,1.707514187452382,0.01154009887130242,0.9347333598542745,0.011231535986692449,0.1393449820001757,0.0050018927975546655
1488443.0,0.018536900094297485,3.4285714285714293,True,6,True,4,True,4,True,3,True,7,True,4,True,4,True,2,True,7,True,4,True,4,True,2,True,7,True,4,True,3,True,2,True,7,True,4,True,3,True,2,True,8,True,4,True,3,True,2,True,8,True,4,True,3,True,2,True,10,True,6,True,4,True,2,True,10,True,6,True,4,True,2,True,10,True,7,True,4,True,2,True,10,True,7,True,4,True,2,3.428571428571428,2.8341460520070547,1.3432925234766346,1.0,1.0,0.954800384535446,1.0,0.7433769179256353
1786928.0,0.019603950568266415,3.428571428571429,True,6,True,2,True,2,False,1,True,6,False,1,False,1,False,1,True,4,False,1,False,1,False,1,True,3,False,1,False,1,False,0,True,2,False,1,False,1,False,0,False,1,False,1,False,1,False,0,False,1,False,1,False,1,False,0,False,1,False,1,False,1,False,0,False,1,False,1,False,1,False,0,False,1,False,1,False,1,False,0,False,1,False,1,False,1,False,0,3.428571428571428,0.3089588786625011,0.6121183206106872,0.1261058370357157,0.6121183206106872,0.1261058370357157,0.23445912873225652,0.0067722601549136925
1781759.0,0.019455059804456797,3.428571428571429,True,6,False,1,False,1,False,1,True,5,False,1,False,1,False,0,True,3,False,1,False,0,False,0,True,2,False,1,False,0,False,0,True,2,False,1,False,0,False,0,True,2,False,1,False,0,False,0,True,2,False,1,False,0,False,0,True,2,False,1,False,0,False,0,True,2,False,1,False,0,False,0,False,1,False,1,False,0,False,0,False,1,False,1,False,0,False,0,3.428571428571428,0.530413670700677,1.2299751718869365,0.01650873304491629,0.17524147547217653,0.007195472949899963,0.10076108938107736,0.006072176460781993
316980.0,0.04094496004764504,1.0818646568386379,True,9,False,1,False,0,False,0,True,7,False,1,False,0,False,0,True,5,False,1,False,0,False,0,True,3,False,0,False,0,False,0,True,3,False,0,False,0,False,0,True,2,False,0,False,0,False,0,False,1,False,0,False,0,False,0,False,0,False,0,False,0,False,0,False,0,False,0,False,0,False,0,False,0,False,0,False,0,False,0,False,0,False,0,False,0,False,0,0.4042970767482698,0.3923147582233375,0.22653228641743828,0.01816596424938235,0.023486387992075013,0.01816596424938235,0.01816596424938235,0.01816596424938235
430173.0,0.17266365576455409,1.721677634415817,True,11,True,5,False,1,False,1,True,11,False,4,False,2,False,0,True,10,False,4,False,2,False,0,True,10,False,3,False,1,False,0,True,8,False,2,False,0,False,0,True,8,False,2,False,0,False,0,True,8,False,2,False,0,False,0,True,6,False,1,False,0,False,0,True,5,False,1,False,0,False,0,True,5,False,0,False,0,False,0,False,4,False,0,False,0,False,0,0.8758998442819712,0.5580217937798722,0.5313696074586447,0.10838981683530483,0.2639266037436343,0.024045473690277753,0.12435018486928497,0.0073189474354608125
1512833.0,0.09032706337783512,3.4285714285714293,False,2,False,2,False,1,False,1,False,2,False,1,False,1,False,1,False,2,False,1,False,1,False,1,False,2,False,1,False,1,False,1,False,2,False,1,False,1,False,1,False,1,False,1,False,1,False,1,False,1,False,1,False,1,False,1,False,1,False,1,False,1,False,1,False,1,False,1,False,1,False,1,False,1,False,1,False,1,False,1,False,1,False,1,False,1,False,1,3.428571428571429,0.0,1.0,0.0,1.0,0.0,1.0,0.0
142212.0,0.24569457541317186,2.2315805861035765,True,9,True,5,True,5,False,3,True,11,True,4,True,3,False,2,True,13,True,5,True,2,False,0,True,13,True,5,True,2,False,0,True,12,False,4,False,0,False,0,True,12,False,4,False,0,False,0,True,11,False,4,False,0,False,0,True,10,False,3,False,0,False,0,True,9,False,2,False,0,False,0,True,8,False,2,False,0,False,0,True,7,False,2,False,0,False,0,1.054175297617197,0.876960773014876,0.6167167212842601,0.26861056765194397,0.2828683432959917,0.26861056765194397,0.17437773694359,0.02428283879010313
479898.0,0.06553675120353368,3.1980699036764553,False,4,False,3,False,3,False,2,False,5,False,3,False,2,False,1,False,5,False,3,False,2,False,1,False,5,False,3,False,2,False,1,False,5,False,3,False,2,False,1,False,4,False,3,False,2,False,1,False,4,False,3,False,2,False,1,False,5,False,4,False,2,False,1,False,5,False,3,False,2,False,1,False,5,False,3,False,1,False,1,False,5,False,3,False,1,False,1,2.1137896465934,0.0,1.0,0.0,1.0,0.0,0.7900034238824506,0.0
791820.0,0.0036974539679388557,3.428571428571428,True,7,True,3,False,2,False,2,True,8,True,3,False,1,False,1,True,6,True,3,False,1,False,1,True,6,True,2,False,1,False,1,True,6,True,2,False,1,False,1,True,5,False,1,False,1,False,1,True,5,False,1,False,1,False,1,True,4,False,1,False,1,False,1,True,4,False,1,False,1,False,1,True,3,False,1,False,1,False,1,True,3,False,1,False,1,False,1,3.428571428571428,0.6674666721135123,1.0,0.3406680431032045,1.0,0.056328778195963505,1.0,0.009057100864868313
10729.0,0.9949873442850762,2.2929719693803623,True,4,False,1,False,1,False,1,True,4,False,1,False,1,False,0,True,2,False,1,False,1,False,0,False,1,False,1,False,1,False,0,False,1,False,1,False,1,False,0,False,1,False,1,False,1,False,0,False,1,False,1,False,1,False,0,False,1,False,1,False,1,False,0,False,1,False,1,False,1,False,0,False,1,False,1,False,0,False,0,False,1,False,1,False,0,False,0,1.6133504283839333,0.23605857369424685,0.8696844347872807,0.06640477701153347,0.5466969436864924,0.00016853078533204236,0.11294520659428103,6.486382081158777e-05
1548925.0,0.0037470842225420615,3.428571428571429,True,6,True,3,True,2,False,1,True,6,True,3,True,2,False,1,True,4,True,3,False,1,False,1,True,4,True,2,False,1,False,1,True,4,True,2,False,1,False,1,True,3,False,1,False,1,False,1,True,4,False,2,False,2,False,2,False,3,False,2,False,2,False,2,False,4,False,3,False,3,False,2,False,4,False,3,False,3,False,2,False,5,False,3,False,2,False,1,3.428571428571429,0.43912637076890904,1.0,0.3290011304359669,1.0,0.16702897910370382,1.0,0.060533466445833566
1802752.0,0.018760236240011913,3.4285714285714293,True,8,True,3,False,2,False,2,True,7,False,2,False,2,False,2,True,5,False,2,False,2,False,2,True,4,False,2,False,2,False,2,True,4,False,2,False,2,False,2,True,3,False,2,False,2,False,2,True,4,False,3,False,1,False,1,False,3,False,3,False,1,False,1,False,4,False,2,False,0,False,0,False,4,False,1,False,0,False,0,False,4,False,1,False,0,False,0,3.428571428571428,0.4185260912081073,1.4816007820920962,0.13756420618986792,0.48753865907441524,0.00866055525597654,0.48753865907441524,0.00866055525597654
279680.0,0.13755025063278575,1.5025410283923717,True,9,False,3,False,1,False,0,True,7,False,2,False,1,False,0,True,7,False,2,False,1,False,0,True,6,False,2,False,1,False,0,False,5,False,2,False,1,False,0,False,5,False,2,False,1,False,0,False,5,False,2,False,0,False,0,False,4,False,2,False,0,False,0,False,4,False,1,False,0,False,0,False,4,False,1,False,0,False,0,False,3,False,0,False,0,False,0,0.8763620803210599,0.25362042218169767,0.5788089231501096,0.07142926781483735,0.39775553891534515,0.07142926781483735,0.037564315026909545,0.021852296956774483
553079.0,0.0069234205171472525,3.4285714285714284,True,6,True,3,True,2,True,2,True,6,True,4,True,3,True,3,True,6,True,3,True,3,True,3,True,5,True,3,True,3,True,3,True,5,True,3,True,3,True,3,True,5,True,3,True,3,True,3,True,4,True,3,True,3,True,3,True,5,True,4,True,3,True,3,True,6,True,4,True,3,True,3,True,6,True,4,True,3,True,3,True,5,True,3,True,3,True,2,1.8396946564885495,1.8396946564885495,1.0,1.0,1.0,1.0,1.0,1.0
151800.0,0.1469551838800933,3.428227624449333,True,8,True,6,True,2,True,2,True,8,True,6,True,2,True,2,True,8,True,5,True,2,True,2,True,8,True,5,True,2,True,2,True,8,True,5,True,2,True,2,True,8,True,5,True,2,True,2,True,9,True,5,True,2,True,2,True,9,True,5,True,2,True,2,True,9,True,5,True,2,True,2,True,9,True,5,True,2,True,2,True,8,True,5,True,2,True,1,3.4193741551648915,3.4193741551648915,1.9010319602174823,1.0,1.0,1.0,0.9966200108936265,0.9966200108936265
382625.0,0.04275646434066207,3.191919325864121,True,8,True,4,True,3,False,2,True,9,True,5,True,4,False,2,True,9,True,4,True,4,False,2,True,9,True,4,True,4,False,2,True,9,True,4,False,2,False,2,True,8,True,4,False,2,False,2,True,8,True,4,False,2,False,2,True,9,False,3,False,2,False,2,True,10,False,3,False,2,False,2,True,10,False,3,False,2,False,2,True,8,False,3,False,2,False,2,2.5512084264068147,0.9738381412998633,0.9886963841996281,0.43919936677809807,0.9539226621613495,0.25138254560215517,0.8408720080339569,0.09110182490065173
1625190.0,0.0037470842225420615,3.428571428571429,True,10,False,3,False,1,False,1,True,7,False,4,False,2,False,2,True,8,False,5,False,2,False,1,True,8,False,5,False,3,False,2,False,6,False,5,False,3,False,2,False,6,False,5,False,3,False,2,False,7,False,5,False,2,False,1,False,7,False,4,False,2,False,1,False,7,False,3,False,2,False,1,False,7,False,3,False,2,False,1,False,7,False,3,False,2,False,1,3.2651275291815574,0.262568126233721,1.0,0.04219879497394749,1.0,0.037600098831173774,1.0,0.037600098831173774
677144.0,0.8416298575611693,3.4285714285714293,True,4,True,3,False,2,False,0,True,3,True,3,False,2,False,0,True,3,True,3,False,2,False,0,True,3,True,3,False,2,False,0,True,3,True,3,False,2,False,0,True,3,False,2,False,2,False,0,True,3,False,2,False,2,False,0,True,3,False,2,False,2,False,0,True,3,False,2,False,2,False,0,True,3,False,2,False,1,False,0,True,3,False,2,False,1,False,0,1.7148202936114716,0.6598981636661744,1.0,0.3405759650471245,0.6810603522760579,0.06803205230655535,0.0812812070750656,0.04565296775509408
1803635.0,0.01900838751302794,3.4285714285714293,False,4,False,2,False,1,False,1,False,4,False,1,False,1,False,1,False,4,False,1,False,1,False,1,False,4,False,1,False,1,False,1,False,3,False,1,False,1,False,1,False,2,False,1,False,1,False,0,False,1,False,1,False,1,False,0,False,1,False,1,False,0,False,0,False,1,False,1,False,0,False,0,False,1,False,1,False,0,False,0,False,1,False,1,False,0,False,0,3.428571428571428,0.07930587041670042,1.3793214249200345,0.016035918439414543,0.43809048055155786,0.00597131809505164,0.3164386793051058,0.0054353883970737205
450900.0,0.46893146061839297,3.428571428571429,True,5,True,3,True,3,False,1,True,3,True,3,False,2,False,1,True,3,True,3,False,2,False,1,True,3,True,3,False,2,False,1,True,3,True,3,False,2,False,1,True,3,False,2,False,2,False,1,False,2,False,2,False,2,False,1,False,2,False,2,False,2,False,1,False,3,False,2,False,2,False,1,False,3,False,2,False,2,False,1,False,3,False,2,False,1,False,1,3.4285714285714284,0.38392109963728877,1.279305150863579,0.30459549083662457,1.0,0.14930770146763514,1.0,0.06768016384111422
32178.0,0.07685244925306467,3.4285714285714293,True,10,True,5,True,3,False,2,True,11,True,5,True,2,False,1,True,11,True,5,True,2,False,1,True,11,True,4,True,2,False,1,True,9,True,4,False,1,False,1,True,9,True,3,False,1,False,1,True,8,True,2,False,1,False,1,True,7,True,2,False,1,False,1,True,7,True,2,False,1,False,1,True,7,True,2,False,1,False,1,True,8,True,2,False,1,False,0,1.18630744144174,1.0,1.0,1.0,0.74012324712105,0.2817700733011153,0.5783479574320373,0.027341221182210013
1696606.0,0.01818948831207504,3.4285714285714293,True,9,True,2,False,1,False,1,True,7,True,2,False,1,False,1,True,7,True,2,False,1,False,1,True,5,False,1,False,1,False,1,False,3,False,1,False,1,False,1,False,3,False,1,False,1,False,1,False,2,False,1,False,1,False,1,False,2,False,1,False,1,False,1,False,1,False,1,False,1,False,1,False,1,False,1,False,1,False,1,False,1,False,1,False,1,False,1,3.4285714285714293,0.27311585156030044,1.1446152825463167,0.24780621199134722,1.0,0.032688389839490344,0.9226190476190478,0.01551571132761443
147238.0,0.2580773239366718,2.860921955005675,True,11,True,8,False,3,False,2,True,12,False,4,False,3,False,1,True,10,False,3,False,3,False,1,True,10,False,3,False,3,False,1,True,9,False,3,False,3,False,0,True,8,False,3,False,3,False,0,True,8,False,3,False,2,False,0,True,7,False,3,False,2,False,0,True,5,False,3,False,2,False,0,False,6,False,1,False,0,False,0,False,4,False,1,False,0,False,0,1.1542292935420662,0.521453387289514,0.697408602938273,0.14041441131056404,0.5487144862244043,0.09553532188014253,0.2532435167903223,0.09553532188014253
585393.0,0.11236289642165864,3.417318922455767,True,8,True,7,True,4,True,3,True,8,True,7,True,4,True,3,True,9,True,7,True,3,True,3,True,9,True,7,True,3,True,2,True,9,True,7,True,3,True,2,True,9,True,7,True,2,True,2,True,9,True,5,True,2,True,2,True,9,True,5,True,2,True,2,True,9,True,4,True,2,True,2,True,9,True,4,True,2,True,2,True,9,True,4,False,1,False,1,1.8696047712251662,1.8696047712251662,0.9999615230982501,0.6442048055453723,0.9999615230982501,0.5926803931843401,0.6569786870781461,0.5876306513822983
838232.0,0.04747133852796665,3.426846053133419,True,7,True,6,True,5,True,3,True,6,True,6,True,5,True,2,True,8,True,6,True,5,True,2,True,8,True,6,True,5,True,2,True,8,True,6,True,5,True,2,True,8,True,6,True,5,True,2,True,8,True,6,True,5,True,2,True,8,True,6,True,5,True,2,True,8,True,6,True,5,True,2,True,8,True,6,True,5,True,2,True,9,True,7,True,6,True,2,3.340938347437122,2.6135762969830374,0.9998759964022463,0.9997533827637851,0.996567208347634,0.996567208347634,0.996567208347634,0.996567208347634
1843143.0,0.08568663457243536,3.4285714285714293,True,8,True,5,False,4,False,3,True,8,True,5,False,4,False,2,True,9,True,4,False,3,False,1,True,8,True,4,False,2,False,1,True,9,True,3,False,1,False,1,True,9,True,3,False,1,False,1,True,8,False,1,False,1,False,1,True,7,False,1,False,1,False,1,True,6,False,1,False,1,False,1,True,5,False,1,False,1,False,1,True,4,False,1,False,1,False,1,3.4285714285714293,0.7820667878280517,1.0,0.3906512502071112,1.0,0.02040178637531585,1.0,0.010467622872870059
821084.0,0.15077671348454016,2.289138027279819,True,13,True,5,True,2,True,1,True,11,True,5,True,1,False,0,True,12,True,4,False,0,False,0,True,9,True,3,False,0,False,0,True,9,True,2,False,0,False,0,True,8,True,1,False,0,False,0,True,7,True,1,False,0,False,0,True,5,True,1,False,0,False,0,True,5,True,1,False,0,False,0,True,4,True,1,False,0,False,0,True,4,True,1,False,0,False,0,1.0270261254562858,1.0,1.0,1.0,0.1767328189972132,0.1767328189972132,0.10439402844571194,0.10439402844571194
1616299.0,0.004119311132066108,3.428571428571429,True,6,True,2,True,2,True,2,True,8,True,4,True,4,True,3,True,8,True,4,True,4,True,3,True,9,True,3,True,3,True,3,True,6,True,3,True,3,True,3,True,7,True,4,True,4,True,4,True,8,True,4,True,4,True,3,True,8,True,4,True,4,True,3,True,8,True,4,True,4,True,3,True,7,True,4,True,4,True,3,True,6,True,4,True,3,True,3,3.3576578852293593,1.982674884764142,1.0,0.6973949190977096,0.9999543823677477,0.6878091321468149,0.957467912971273,0.6878091321468149
1580751.0,0.0194798749317584,3.4285714285714293,True,10,True,4,False,1,False,1,True,9,False,1,False,1,False,1,True,8,False,1,False,1,False,1,True,6,False,1,False,1,False,1,True,3,False,1,False,1,False,1,True,2,False,1,False,1,False,1,True,2,False,1,False,1,False,1,False,1,False,1,False,1,False,1,False,1,False,1,False,1,False,1,False,1,False,1,False,1,False,1,False,1,False,1,False,1,False,1,3.4285714285714293,0.4174513213257058,1.3179609941561643,0.11897058518041506,1.3179609941561643,0.003762115042725221,0.9254658385093166,0.0010853493566553027
547610.0,0.33170380664052806,0.6769639586575698,True,8,False,2,False,1,False,0,True,6,False,1,False,0,False,0,True,4,False,0,False,0,False,0,True,3,False,0,False,0,False,0,True,2,False,0,False,0,False,0,True,2,False,0,False,0,False,0,True,1,False,0,False,0,False,0,False,0,False,0,False,0,False,0,False,0,False,0,False,0,False,0,False,0,False,0,False,0,False,0,False,0,False,0,False,0,False,0,0.4388170776998186,0.4388170776998186,0.19059925517307377,0.06397213791866431,0.1264209825135581,0.04386919879010936,0.017811656011235827,0.0012221833440325424
1726723.0,0.0186609757308055,3.4285714285714293,True,6,False,1,False,1,False,1,True,4,False,1,False,1,False,1,True,4,False,1,False,1,False,1,True,4,False,1,False,1,False,1,True,3,False,1,False,1,False,1,True,3,False,1,False,1,False,1,False,1,False,1,False,1,False,1,False,2,False,1,False,1,False,0,False,2,False,1,False,1,False,0,False,2,False,1,False,1,False,0,False,2,False,1,False,1,False,0,3.428571428571429,0.35562712756675874,2.8528571428571436,0.014956355120289495,2.1909350841893467,0.005067282859861397,0.40828739783311163,0.0011221479742339838
149504.0,0.6481463099905702,3.3482622348387405,True,7,True,3,False,1,False,1,True,7,True,3,False,1,False,1,True,5,True,3,False,1,False,0,True,4,True,3,False,1,False,0,True,4,True,3,False,1,False,0,True,4,True,3,False,1,False,0,True,4,True,3,False,1,False,0,True,4,True,3,False,1,False,0,True,4,True,3,False,1,False,0,True,4,True,3,False,1,False,0,True,4,True,3,False,1,False,0,3.0503990009994224,3.0503990009994224,1.9733942875620545,0.9501833703174462,0.9834143017817837,0.011562619643759672,0.17485564808039686,0.00014575595109404143
1786055.0,0.019281353913345574,3.4285714285714293,True,10,False,1,False,1,False,1,True,9,False,1,False,1,False,1,True,5,False,1,False,1,False,1,False,4,False,1,False,1,False,1,False,2,False,1,False,1,False,1,False,2,False,1,False,1,False,0,False,1,False,1,False,1,False,0,False,1,False,1,False,1,False,0,False,1,False,1,False,1,False,0,False,1,False,1,False,1,False,0,False,1,False,1,False,1,False,0,3.428571428571428,0.22710892757517456,1.070866865476531,0.007139048199458007,0.721117727897389,0.005817091096660409,0.3070098127273543,0.002434965877546559
112980.0,0.004963025460320612,3.428571428571429,True,8,True,6,True,5,True,4,True,9,True,5,True,4,True,4,True,8,True,5,True,4,True,4,True,7,True,5,True,4,False,3,True,7,True,5,True,4,False,3,True,7,True,5,True,4,False,3,True,7,True,5,True,4,False,3,True,8,True,5,True,4,False,3,True,8,True,5,True,4,False,3,True,10,True,6,True,5,False,3,True,10,True,6,True,5,False,3,3.199208126699728,0.9921695209796008,0.9999306194348043,0.987819711927012,0.9916587249753419,0.9856991296938058,0.9040616568228935,0.2460578652398116
73422.0,0.7891458633182789,0.5891386394757925,True,7,True,3,False,0,False,0,True,4,False,0,False,0,False,0,True,4,False,0,False,0,False,0,False,2,False,0,False,0,False,0,False,1,False,0,False,0,False,0,False,1,False,0,False,0,False,0,False,0,False,0,False,0,False,0,False,0,False,0,False,0,False,0,False,0,False,0,False,0,False,0,False,0,False,0,False,0,False,0,False,0,False,0,False,0,False,0,0.3670233920484351,0.22654747328952254,0.11303442147062302,0.11303442147062302,0.08475661457147765,0.0036840124986828406,0.07663815835575204,0.00015663387395941432
1770540.0,0.01858653034890069,3.4285714285714293,True,8,False,1,False,1,False,1,True,5,False,1,False,1,False,1,True,5,False,2,False,0,False,0,True,4,False,2,False,0,False,0,True,3,False,2,False,0,False,0,True,3,False,2,False,0,False,0,True,3,False,2,False,0,False,0,True,3,False,2,False,0,False,0,False,2,False,2,False,0,False,0,False,2,False,1,False,0,False,0,False,2,False,1,False,0,False,0,3.428571428571428,0.4813827390662627,0.9672373081463989,0.008772022532472348,0.19034064504136072,0.003961178491421245,0.19034064504136072,0.002375948567701526
1781293.0,0.01858653034890069,3.4285714285714293,True,10,False,2,False,2,False,1,True,6,False,2,False,2,False,1,True,5,False,2,False,2,False,1,True,5,False,2,False,1,False,1,True,5,False,1,False,1,False,1,False,3,False,1,False,1,False,1,False,3,False,1,False,1,False,1,False,3,False,1,False,1,False,1,False,2,False,1,False,1,False,0,False,2,False,1,False,1,False,0,False,2,False,1,False,1,False,0,3.428571428571428,0.32814888069765347,1.3186585225308287,0.04283054664089785,1.0706948774315728,0.021885828925770547,0.4704436876791531,0.008194977570179783
1658327.0,0.019256538786043973,3.4285714285714293,False,4,False,2,False,2,False,1,False,4,False,1,False,1,False,1,False,3,False,1,False,1,False,1,False,3,False,1,False,1,False,1,False,3,False,1,False,1,False,1,False,3,False,1,False,1,False,1,False,2,False,1,False,1,False,1,False,1,False,1,False,1,False,1,False,1,False,1,False,1,False,1,False,1,False,1,False,1,False,1,False,1,False,1,False,1,False,1,3.4285714285714293,0.09435536876784666,1.3486418432604674,0.012178458485425514,1.0,0.012178458485425514,1.0,0.012178458485425514
1780861.0,0.019951362350488857,3.4285714285714293,True,8,False,1,False,1,False,1,True,7,False,1,False,1,False,1,True,5,False,1,False,1,False,1,False,2,False,1,False,1,False,0,False,2,False,1,False,1,False,0,False,2,False,1,False,1,False,0,False,2,False,1,False,1,False,0,False,2,False,1,False,1,False,0,False,2,False,1,False,1,False,0,False,2,False,1,False,1,False,0,False,2,False,1,False,1,False,0,3.428571428571428,0.22261332992931337,1.791171706263499,0.03888575995129003,0.7568231798785372,0.007719753722088871,0.2145703393568705,0.007719753722088871
606017.0,0.243312323192218,2.399538493851294,True,12,True,6,True,4,False,1,True,13,True,6,False,2,False,0,True,12,True,6,False,1,False,0,True,13,True,3,False,1,False,0,True,11,False,2,False,1,False,0,True,11,False,1,False,1,False,0,True,10,False,1,False,1,False,0,True,9,False,1,False,1,False,0,True,8,False,1,False,0,False,0,True,8,False,1,False,0,False,0,True,8,False,1,False,0,False,0,1.4410719321467547,1.4193853940027323,0.6158735688568747,0.27621936338996494,0.46496608274397433,0.11514893985839542,0.12259795338245309,0.05099564685870597
1781410.0,0.01905801776763115,3.4285714285714293,True,3,False,1,False,1,False,1,True,3,False,1,False,1,False,1,True,3,False,1,False,1,False,1,False,1,False,1,False,1,False,0,False,1,False,1,False,1,False,0,False,1,False,1,False,1,False,0,False,1,False,1,False,1,False,0,False,1,False,1,False,1,False,0,False,1,False,1,False,1,False,0,False,1,False,1,False,0,False,0,False,1,False,1,False,0,False,0,3.4285714285714275,0.2063206577595067,1.5288299304985837,0.02056910528397691,0.5098776312402998,0.007740957669072287,0.2216533541960889,0.007740957669072287
1622963.0,0.0036478237133356494,3.4285714285714284,True,9,True,7,True,4,True,4,True,11,True,8,True,3,False,2,True,11,True,8,True,3,False,2,True,10,True,7,True,3,False,2,True,10,True,6,False,2,False,2,True,10,True,6,False,2,False,2,True,12,True,6,False,1,False,0,True,12,True,5,False,1,False,0,True,11,True,3,False,0,False,0,True,11,True,3,False,0,False,0,True,11,True,3,False,0,False,0,3.2456152875942985,1.1896949296297274,0.9067460317460317,0.7868712812782375,0.4552154195011338,0.2922623658943118,0.375974025974026,0.14350672283746627
1737488.0,0.019777656459377638,3.4285714285714293,True,7,False,2,False,1,False,1,True,6,False,1,False,1,False,1,True,4,False,1,False,1,False,1,False,2,False,1,False,1,False,1,False,3,False,1,False,1,False,0,False,3,False,1,False,1,False,0,False,2,False,1,False,1,False,0,False,2,False,1,False,1,False,0,False,2,False,1,False,1,False,0,False,2,False,1,False,1,False,0,False,2,False,1,False,1,False,0,3.428571428571428,0.20112006288072298,2.356732133522515,0.021209151008320888,1.039077987262221,0.014113815253777123,0.2596272908743991,0.007465363032934768
488414.0,0.2850513673135143,3.4273969274991756,True,10,True,5,False,3,False,2,True,8,True,5,False,3,False,2,True,6,True,5,False,3,False,2,True,6,True,5,False,3,False,2,True,6,True,4,False,3,False,2,True,6,True,4,False,3,False,2,True,6,True,4,False,3,False,2,True,6,True,4,False,3,False,2,True,6,True,4,False,3,False,2,True,5,True,4,False,3,False,1,True,5,True,4,False,3,False,1,3.231627322268404,1.0,2.519744161382577,0.7846088199644088,1.3546947417888617,0.012437529523323472,1.0,0.012437529523323472
394150.0,0.016427614273661222,3.4285714285714293,True,7,True,4,True,4,True,4,True,8,True,4,True,4,True,3,True,10,True,6,True,5,True,3,True,10,True,6,True,5,True,2,True,10,True,6,True,4,True,2,True,9,True,5,True,4,True,2,True,10,True,5,True,3,True,1,True,10,True,5,True,3,True,1,True,10,True,5,True,3,True,1,True,10,True,5,True,3,True,1,True,10,True,5,True,3,True,1,3.4284676486946006,1.0,1.0,1.0,0.9999429174238883,0.6991381262065387,0.6774539655430152,0.6774539655430152
65072.0,0.6081691399076877,1.3080822646560901,True,12,True,4,False,2,False,1,True,11,True,4,False,1,False,0,True,10,True,3,False,0,False,0,True,9,True,3,False,0,False,0,True,5,True,2,False,0,False,0,True,4,False,0,False,0,False,0,True,4,False,0,False,0,False,0,True,2,False,0,False,0,False,0,True,2,False,0,False,0,False,0,True,1,False,0,False,0,False,0,True,1,False,0,False,0,False,0,0.68785465868053,0.68785465868053,0.34133664705711986,0.34133664705711986,0.19437498790146993,0.004554578133170752,0.10984171487492234,0.0029920177044955045
1706184.0,0.020224328750806493,3.428571428571429,True,7,True,2,False,1,False,1,True,6,False,1,False,1,False,1,True,6,False,1,False,1,False,1,True,5,False,1,False,1,False,0,False,4,False,1,False,1,False,0,False,2,False,1,False,1,False,0,False,2,False,1,False,1,False,0,False,2,False,1,False,1,False,0,False,3,False,1,False,0,False,0,False,2,False,1,False,0,False,0,False,2,False,1,False,0,False,0,3.428571428571429,0.25294340619579825,0.9854451383626434,0.10596717578977323,0.472871951328302,0.0027592498982850367,0.21202779761807827,0.0027592498982850367
426488.0,0.11591145962578787,2.88765941398648,True,9,True,5,True,3,True,3,True,9,True,5,True,3,True,3,True,8,True,5,True,3,True,3,True,9,True,5,True,3,True,3,True,10,True,4,True,2,True,2,True,10,True,4,True,1,True,1,True,10,True,3,False,0,False,0,True,10,True,3,False,0,False,0,True,8,False,2,False,0,False,0,True,8,False,2,False,0,False,0,True,8,False,2,False,0,False,0,2.0132635346811028,1.9997514835575354,0.9729946572756333,0.4792265074274583,0.364891691316321,0.364891691316321,0.364891691316321,0.364891691316321
103.0,0.9999503697453967,0.7109206013386894,True,6,True,3,True,3,False,0,True,5,True,3,False,1,False,0,True,4,True,3,False,1,False,0,True,4,False,2,False,0,False,0,True,4,False,2,False,0,False,0,True,4,False,1,False,0,False,0,True,2,False,1,False,0,False,0,False,1,False,0,False,0,False,0,False,1,False,0,False,0,False,0,False,1,False,0,False,0,False,0,False,0,False,0,False,0,False,0,0.5757856767669947,0.40515507985589344,0.42270028720942326,0.23479244534771748,0.20346501211731088,0.12022575981490913,0.03035585831528998,0.03035585831528998
1804627.0,0.018412824457789467,3.4285714285714293,True,9,False,1,False,1,False,1,True,6,False,1,False,1,False,1,False,5,False,1,False,1,False,1,False,3,False,1,False,1,False,1,False,3,False,1,False,1,False,1,False,2,False,1,False,1,False,1,False,2,False,1,False,1,False,1,False,2,False,1,False,1,False,1,False,2,False,1,False,1,False,1,False,1,False,1,False,1,False,1,False,1,False,1,False,1,False,1,3.428571428571428,0.1889393320556724,1.522142121524202,0.07166455982388334,1.220659960685293,0.01026804509519583,0.9355947650759893,0.01026804509519583
1568632.0,0.003995235495558093,3.428571428571429,True,8,False,2,False,1,False,1,True,7,False,1,False,1,False,1,True,7,False,2,False,2,False,2,True,9,False,2,False,2,False,2,True,10,False,2,False,2,False,1,True,7,False,2,False,2,False,1,True,7,False,2,False,2,False,1,False,6,False,2,False,2,False,1,False,5,False,2,False,2,False,1,False,5,False,2,False,2,False,1,False,5,False,2,False,2,False,1,3.2134687502249353,0.4141887102190053,1.0,0.0410126112053035,1.0,0.016633475408570388,1.0,0.016633475408570388
1553485.0,0.024641421410491835,3.4281748311304905,True,7,True,5,True,5,True,4,True,10,True,6,True,6,True,3,True,11,True,5,True,3,True,3,True,10,True,5,True,3,True,3,True,10,True,5,True,3,False,2,True,10,True,5,True,3,False,2,True,10,True,5,True,3,False,2,True,10,True,4,True,3,False,2,True,9,True,4,True,3,False,2,True,9,True,4,True,3,False,2,True,8,True,4,True,2,False,1,3.3758025802163614,3.3758025802163614,0.9999253172163223,0.9999253172163223,0.9981460487729918,0.997673529908604,0.9907584003169341,0.2972028706596098
1774007.0,0.01905801776763115,3.4285714285714297,True,9,True,3,False,1,False,1,True,5,False,1,False,1,False,1,True,5,False,1,False,1,False,1,True,4,False,1,False,1,False,1,False,3,False,1,False,1,False,1,False,2,False,1,False,1,False,1,False,1,False,1,False,1,False,0,False,1,False,1,False,0,False,0,False,1,False,1,False,0,False,0,False,1,False,1,False,0,False,0,False,1,False,1,False,0,False,0,3.428571428571428,0.25330057925533483,1.3064512691545362,0.13341543513957316,0.431375535081127,0.005780524080406004,0.3508744078391854,0.003631303182141424
476311.0,0.09653084520323589,3.4285714285714284,False,5,False,4,False,3,False,2,False,5,False,4,False,3,False,2,False,5,False,4,False,3,False,2,False,5,False,4,False,3,False,2,False,5,False,4,False,3,False,2,False,5,False,4,False,3,False,2,False,4,False,4,False,2,False,2,False,4,False,4,False,2,False,2,False,5,False,4,False,2,False,1,False,6,False,3,False,1,False,1,False,6,False,3,False,1,False,1,3.4285714285714284,0.0,1.0,0.0,1.0,0.0,1.0,0.0
494176.0,0.060275944215593825,3.24435987587029,True,7,True,5,True,4,True,4,True,6,True,5,True,4,True,4,True,8,True,7,True,5,True,4,True,8,True,7,True,5,True,4,True,8,True,6,True,5,True,4,True,8,True,6,True,5,True,4,True,9,True,7,True,5,True,4,True,11,True,8,True,4,True,2,True,11,True,7,True,4,True,1,True,11,True,7,True,4,True,1,True,11,True,6,True,4,False,0,2.8352230540233614,2.8352230540233614,0.9961106702345511,0.9961106702345511,0.9898741308858678,0.9898741308858678,0.5628868988339049,0.5628868988339049
1748994.0,0.0194798749317584,3.4285714285714293,True,5,False,1,False,1,False,1,True,5,False,1,False,1,False,1,True,5,False,1,False,1,False,1,False,3,False,1,False,1,False,1,False,2,False,1,False,1,False,1,False,1,False,1,False,1,False,1,False,1,False,1,False,1,False,1,False,1,False,1,False,1,False,1,False,1,False,1,False,1,False,1,False,1,False,1,False,1,False,1,False,1,False,1,False,1,False,1,3.428571428571428,0.23913967778539064,1.9889998419138957,0.005420061846827514,1.2874087021661778,0.0011078491109510569,1.0138640954573215,0.0011078491109510569
1806073.0,0.01957913544096481,3.4285714285714293,True,8,False,1,False,1,False,1,True,7,False,1,False,1,False,0,True,4,False,1,False,1,False,0,True,2,False,1,False,1,False,0,True,2,False,1,False,1,False,0,True,2,False,1,False,1,False,0,True,2,False,1,False,1,False,0,True,2,False,1,False,1,False,0,False,1,False,1,False,1,False,0,False,1,False,1,False,1,False,0,False,1,False,1,False,1,False,0,3.4285714285714284,0.48612101667235164,1.3464314271176232,0.022076969106656973,0.6130336997948475,0.022076969106656973,0.11530619147476336,0.01229884930171787
1623903.0,0.00657600873492481,3.4285714285714293,True,3,True,3,True,2,True,2,True,3,True,3,True,2,True,2,True,3,True,3,True,2,True,2,True,3,True,3,True,2,True,2,True,3,True,3,True,2,True,2,True,3,True,3,True,2,True,2,True,4,True,4,True,3,True,3,True,4,True,4,True,3,True,3,True,4,True,4,True,3,True,3,True,4,True,3,True,3,True,3,True,4,True,3,True,3,True,3,3.4285714285714284,2.2517734835317404,1.0,1.0,1.0,1.0,1.0,0.9852979033595167
805587.0,0.07419723063179313,2.0141390778323127,False,5,False,4,False,3,False,1,False,5,False,4,False,2,False,1,False,5,False,4,False,2,False,1,False,5,False,4,False,2,False,1,False,5,False,3,False,2,False,1,False,4,False,3,False,1,False,1,False,4,False,2,False,1,False,1,False,4,False,2,False,1,False,1,False,4,False,2,False,1,False,1,False,3,False,2,False,1,False,1,False,3,False,1,False,1,False,1,1.0,0.0,1.0,0.0,1.0,0.0,0.8950669378982522,0.0
738315.0,0.09772197131371284,3.3246790953111827,True,8,True,6,True,5,True,4,True,8,True,5,True,5,True,4,True,11,True,5,True,5,True,5,True,12,True,5,True,5,True,4,True,14,True,4,True,4,True,3,True,13,True,4,True,3,True,3,True,13,True,4,True,3,True,3,True,12,True,4,True,3,False,2,True,10,True,4,True,3,False,2,True,12,False,3,False,1,False,1,False,8,False,3,False,1,False,1,3.075084312450329,0.5808039374181589,0.9767022031410558,0.5262058289799932,0.8935390522596236,0.513198638839422,0.7316256195854789,0.41011052772381645
18683.0,0.9751352424437937,2.958940052796453,True,5,True,3,False,2,False,1,True,4,True,3,False,2,False,1,True,3,False,2,False,2,False,1,True,3,False,2,False,2,False,1,False,2,False,2,False,2,False,1,False,3,False,3,False,2,False,1,False,3,False,3,False,3,False,1,False,4,False,3,False,2,False,1,False,4,False,2,False,2,False,1,False,4,False,2,False,1,False,1,False,4,False,2,False,1,False,1,2.2350968447161796,0.2634951848985028,1.2785395208334136,0.1604722146512867,0.8346278614611005,0.03190455558451683,0.7514410678407948,9.280096841309556e-05
369833.0,0.06466822174797757,2.0447147560813645,False,9,False,3,False,2,False,2,False,9,False,3,False,2,False,2,False,7,False,3,False,2,False,1,False,7,False,2,False,2,False,1,False,6,False,2,False,1,False,1,False,6,False,2,False,1,False,1,False,6,False,2,False,1,False,1,False,5,False,2,False,1,False,1,False,4,False,2,False,1,False,1,False,4,False,2,False,1,False,1,False,4,False,2,False,1,False,1,1.4988707042213205,0.0,1.0,0.0,1.0,0.0,0.933101723849943,0.0
838815.0,0.1079954340165765,3.3140827456396678,True,10,True,5,True,5,True,3,True,10,True,5,True,5,True,3,True,9,True,5,True,4,True,3,True,11,True,4,True,3,True,3,True,11,True,4,True,3,True,3,True,11,True,4,True,3,True,3,True,11,True,5,True,3,False,2,True,11,True,4,True,3,False,2,True,9,True,5,True,3,False,1,True,9,True,4,True,3,False,1,True,8,True,4,True,3,False,1,2.994980733848833,2.994980733848833,0.9726459826011903,0.9723040229211113,0.8789169387515571,0.8789169387515571,0.7163792455505115,0.38450101464244907
6184.0,0.026006253412080006,1.5205511414571846,True,11,True,4,False,1,False,0,True,11,True,3,False,0,False,0,True,10,True,1,False,0,False,0,True,10,False,0,False,0,False,0,True,8,False,0,False,0,False,0,True,7,False,0,False,0,False,0,False,3,False,0,False,0,False,0,False,2,False,0,False,0,False,0,False,2,False,0,False,0,False,0,False,1,False,0,False,0,False,0,False,0,False,0,False,0,False,0,0.584475886201126,0.3746055624862405,0.21269947284306942,0.21269947284306942,0.14124356025013765,0.018104848477628013,0.030414235551918044,0.004432702186995414
174909.0,0.639287309543898,0.5141531167310964,True,9,False,0,False,0,False,0,True,3,False,0,False,0,False,0,True,2,False,0,False,0,False,0,True,1,False,0,False,0,False,0,False,0,False,0,False,0,False,0,False,0,False,0,False,0,False,0,False,0,False,0,False,0,False,0,False,0,False,0,False,0,False,0,False,0,False,0,False,0,False,0,False,0,False,0,False,0,False,0,False,0,False,0,False,0,False,0,0.27541101311601934,0.27541101311601934,0.09170004704607629,0.060142001199934327,0.0548937718781409,0.03751027287457458,0.035731851563207066,0.035731851563207066
1783487.0,0.019256538786043973,3.4285714285714293,True,9,False,2,False,2,False,1,True,8,False,2,False,1,False,1,False,6,False,1,False,1,False,1,False,3,False,1,False,1,False,1,False,2,False,1,False,1,False,1,False,1,False,1,False,1,False,1,False,1,False,1,False,1,False,1,False,1,False,1,False,1,False,0,False,1,False,1,False,1,False,0,False,1,False,1,False,1,False,0,False,1,False,1,False,1,False,0,3.428571428571428,0.1713394552287962,1.2792608935466079,0.015013720998797988,0.97556129545003,0.015013720998797988,0.41034768602802674,0.00449131391009965
1775702.0,0.019901732095885652,3.4285714285714293,True,7,False,2,False,0,False,0,True,5,False,1,False,0,False,0,True,4,False,1,False,0,False,0,False,3,False,1,False,0,False,0,False,2,False,1,False,0,False,0,False,2,False,0,False,0,False,0,False,2,False,0,False,0,False,0,False,2,False,0,False,0,False,0,False,2,False,0,False,0,False,0,False,2,False,0,False,0,False,0,False,2,False,0,False,0,False,0,3.428571428571428,0.23352328091862673,0.31388681126901014,0.08129212559592312,0.08129212559592312,0.08129212559592312,0.08129212559592312,0.08129212559592312
1800585.0,0.019355799295250383,3.4285714285714293,True,6,False,1,False,1,False,0,False,4,False,1,False,1,False,0,False,3,False,1,False,1,False,0,False,2,False,1,False,1,False,0,False,2,False,1,False,1,False,0,False,1,False,1,False,0,False,0,False,1,False,1,False,0,False,0,False,1,False,1,False,0,False,0,False,1,False,1,False,0,False,0,False,1,False,1,False,0,False,0,False,1,False,1,False,0,False,0,3.428571428571428,0.1476148148148148,1.2464120842885404,0.030223400878971966,0.33113365984049803,0.002440280813911406,0.0647261080495502,0.000758933277116032
483796.0,0.6473770410442206,3.4156094390741525,True,5,True,2,False,1,False,1,True,4,False,1,False,1,False,1,True,4,False,1,False,1,False,1,False,1,False,1,False,1,False,1,False,1,False,1,False,1,False,1,False,1,False,1,False,1,False,1,False,1,False,1,False,1,False,1,False,1,False,1,False,1,False,1,False,2,False,1,False,1,False,0,False,2,False,1,False,1,False,0,False,2,False,1,False,1,False,0,3.2802252749924263,0.20936087578036286,0.9960843417872356,0.10700125549114238,0.995863388211888,0.06015589264086083,0.4562108035224313,0.025765188886802314
760519.0,0.07518983572385726,3.421248093272231,True,8,True,6,True,4,True,3,True,9,True,6,True,4,True,3,True,9,True,6,True,4,True,2,True,9,True,6,True,4,True,2,True,9,True,6,True,4,True,2,True,9,True,6,True,3,True,2,True,10,True,5,True,3,True,2,True,10,True,5,True,3,True,2,True,10,True,5,True,3,True,2,True,10,True,5,True,3,True,2,True,10,True,5,True,3,True,2,3.381426663891152,3.381426663891152,1.2875694313739823,0.9933990336348781,0.9889248231541566,0.9889248231541566,0.9889248231541566,0.9889248231541566
1955311.0,0.05749664995781428,3.4285714285714297,True,5,True,2,True,2,False,1,True,4,True,2,True,2,False,1,True,4,True,2,False,1,False,1,True,3,True,2,False,1,False,1,True,3,False,1,False,1,False,1,True,3,False,1,False,1,False,1,True,3,False,1,False,1,False,1,True,3,False,1,False,1,False,1,True,2,False,1,False,1,False,1,True,2,False,1,False,1,False,1,True,2,False,1,False,1,False,1,3.4285714285714293,1.0,1.0,0.26616600305552685,1.0,0.17622349309994512,1.0,0.05612361265562477
23518.0,0.00357337833143084,3.428571428571429,True,7,True,4,True,4,False,1,True,7,False,3,False,3,False,1,True,7,False,3,False,3,False,1,True,6,False,2,False,2,False,1,True,5,False,2,False,2,False,1,True,4,False,2,False,2,False,1,False,3,False,2,False,2,False,1,False,3,False,2,False,2,False,1,False,2,False,2,False,2,False,1,False,3,False,1,False,1,False,1,False,3,False,1,False,1,False,1,3.4285714285714284,0.38127311072449493,1.0,0.11600509842194245,1.0,0.11600509842194245,1.0,0.05825378216937414
122.0,0.9993796218174599,0.6820856334861942,True,5,True,2,True,1,True,1,True,2,True,1,True,1,True,1,True,1,True,1,True,1,True,1,True,2,True,1,True,1,False,0,True,1,True,1,False,0,False,0,True,1,True,1,False,0,False,0,True,1,True,1,False,0,False,0,True,1,False,0,False,0,False,0,True,1,False,0,False,0,False,0,True,1,False,0,False,0,False,0,False,0,False,0,False,0,False,0,0.5772341123267736,0.5772341123267736,0.41372309934775786,0.41372309934775786,0.26822589275201153,0.26822589275201153,0.2300564518462437,0.2300564518462437
1771587.0,0.01940542954985359,3.4285714285714293,False,3,False,1,False,1,False,1,False,2,False,1,False,1,False,1,False,1,False,1,False,1,False,1,False,1,False,1,False,1,False,0,False,1,False,1,False,1,False,0,False,1,False,1,False,1,False,0,False,1,False,1,False,1,False,0,False,1,False,1,False,1,False,0,False,1,False,1,False,1,False,0,False,1,False,1,False,1,False,0,False,1,False,1,False,1,False,0,3.428571428571428,0.06170089950292467,1.2341215746279037,0.010419427248614312,1.0066340846323856,0.0035277301679334616,0.21959826920428044,0.0035277301679334616
839542.0,0.22174797756712492,1.495172876841165,True,11,True,4,True,2,True,1,True,10,True,4,True,2,True,1,True,11,True,5,True,2,False,0,True,10,True,4,True,2,False,0,True,9,True,1,False,0,False,0,True,8,True,1,False,0,False,0,True,8,False,0,False,0,False,0,True,8,False,0,False,0,False,0,True,5,False,0,False,0,False,0,True,4,False,0,False,0,False,0,True,4,False,0,False,0,False,0,1.0388158029738674,0.7678712498749815,0.38355085147536266,0.38355085147536266,0.28384061597288945,0.28384061597288945,0.18592021249111523,0.18592021249111523
776124.0,0.044195741724155045,1.0079750287689795,True,12,True,3,True,1,False,0,True,11,True,2,False,0,False,0,True,7,True,1,False,0,False,0,True,4,False,0,False,0,False,0,True,3,False,0,False,0,False,0,True,3,False,0,False,0,False,0,True,1,False,0,False,0,False,0,True,1,False,0,False,0,False,0,True,1,False,0,False,0,False,0,True,1,False,0,False,0,False,0,True,1,False,0,False,0,False,0,0.6314452792632052,0.6314452792632052,0.22998360862438536,0.22998360862438536,0.11422246705023062,0.11422246705023062,0.017829616688932223,0.017829616688932223
644335.0,0.15154598243088988,2.6581143160723775,True,8,True,4,False,1,False,1,True,6,True,2,False,1,False,1,True,6,False,1,False,1,False,1,True,5,False,1,False,1,False,1,True,4,False,1,False,1,False,1,True,3,False,1,False,1,False,1,False,2,False,1,False,1,False,1,False,2,False,1,False,1,False,1,False,1,False,1,False,1,False,1,False,1,False,1,False,1,False,1,False,2,False,1,False,0,False,0,2.620012063635926,0.36646894236149974,0.7055223693451749,0.1917357759661205,0.5691218673829086,0.0014895454014811453,0.5691218673829086,0.0002314600499952386
11069.0,0.9997766638542855,0.4416391462772933,True,6,False,2,False,2,False,1,True,6,False,2,False,1,False,0,True,3,False,2,False,1,False,0,False,2,False,1,False,0,False,0,False,2,False,0,False,0,False,0,False,1,False,0,False,0,False,0,False,0,False,0,False,0,False,0,False,0,False,0,False,0,False,0,False,0,False,0,False,0,False,0,False,0,False,0,False,0,False,0,False,0,False,0,False,0,False,0,0.3754542706577136,0.2448094808911035,0.2754922626901393,0.07985022036949628,0.22816006343385753,0.0003328618297852853,0.1422127586206092,0.0003328618297852853
423896.0,0.09459526527371086,3.403619478290205,True,6,True,5,True,3,True,2,True,8,True,6,True,5,True,3,True,8,True,6,True,5,True,3,True,10,True,4,True,3,True,2,True,11,True,5,True,3,True,2,True,10,True,5,True,3,True,2,True,10,True,4,True,3,True,1,True,10,True,4,True,3,True,1,True,10,True,3,True,3,True,1,True,9,True,3,True,3,True,1,True,8,True,3,True,2,True,1,3.0275355339318533,1.9302246658454891,0.9998930239191424,0.9998930239191424,0.9063958490702955,0.9063958490702955,0.9063958490702955,0.9063958490702955
723827.0,0.16449947888232666,3.299433042205129,True,7,True,4,True,4,True,3,True,10,True,5,True,4,True,2,True,11,True,4,True,4,True,1,True,10,True,4,True,4,True,1,True,9,True,4,True,4,True,1,True,7,True,4,True,4,True,1,True,7,True,4,True,4,True,1,True,7,True,4,True,3,False,1,True,7,True,4,True,3,False,1,True,8,True,4,True,2,False,0,True,9,True,4,False,1,False,0,3.1728264865869833,2.655219541625161,0.8328289200104834,0.6474893762374332,0.8298668970820801,0.5702745695599576,0.5119817044464154,0.40451538936940307
369939.0,0.09851605538736413,3.407295423356148,True,5,True,3,True,3,True,3,True,7,True,4,True,4,True,4,True,9,True,6,True,5,True,4,True,8,True,6,True,5,True,4,True,9,True,6,True,5,True,4,True,10,True,6,True,4,True,3,True,10,True,5,True,4,True,3,True,10,True,4,True,4,True,3,True,11,True,3,True,3,True,3,True,10,True,3,True,3,True,3,True,10,True,3,True,3,True,3,3.1694018663791064,2.0899545978192386,0.9873224430214768,0.8176714600177923,0.9873224430214768,0.7958231160724583,0.932883748381001,0.7792173208362843
813814.0,0.3262444786341754,2.19500862283964,True,10,True,7,True,4,False,2,True,11,True,7,True,3,False,1,True,9,True,7,True,3,False,1,True,9,True,7,True,3,False,1,True,9,True,7,True,3,False,1,True,9,True,5,True,3,False,1,True,10,True,5,True,1,False,0,True,11,False,3,False,0,False,0,True,11,False,3,False,0,False,0,True,9,False,2,False,0,False,0,True,8,False,1,False,0,False,0,1.3966356844867944,0.7325161593900448,0.622496219640087,0.43751206883115823,0.43751206883115823,0.43751206883115823,0.38991759998948156,0.0007995537328328761
1799087.0,0.01890912700382153,3.4285714285714293,True,5,False,3,False,2,False,2,True,5,False,3,False,2,False,2,True,5,False,3,False,2,False,2,True,4,False,2,False,2,False,2,False,3,False,2,False,2,False,2,False,2,False,2,False,2,False,2,False,2,False,2,False,2,False,2,False,2,False,2,False,2,False,2,False,3,False,3,False,1,False,1,False,3,False,2,False,1,False,0,False,3,False,1,False,1,False,0,3.4285714285714275,0.29648874987387747,0.995012901407229,0.05494089176505159,0.64728532922603,0.02808545496577581,0.5133922568854669,0.0011023026589847757
21756.0,0.035783413568911605,3.428444090108767,True,5,True,5,True,5,True,4,True,5,True,5,True,5,True,4,True,7,True,6,True,5,True,2,True,7,True,6,True,4,True,2,True,8,True,7,True,5,False,2,True,8,True,7,True,6,False,2,True,8,True,6,True,6,False,2,True,9,True,6,True,5,False,2,True,11,True,7,True,5,False,1,True,10,True,7,True,5,False,1,True,10,True,7,True,5,False,1,3.380701038623385,1.0,2.7613947638564804,1.0,1.0,1.0,0.6736223114717852,0.28960038319254955
121748.0,0.10248647575562063,2.787814230012773,True,10,True,5,True,5,False,1,True,10,True,5,True,4,False,1,True,8,True,5,True,3,False,1,True,6,True,4,True,3,False,1,True,8,True,4,True,3,False,0,True,8,True,4,True,2,False,0,True,7,True,4,True,2,False,0,True,7,True,4,True,2,False,0,True,5,True,4,True,1,False,0,True,5,True,4,True,1,False,0,True,5,True,2,False,0,False,0,1.1922061429960582,1.1071635607502799,0.6201331733405684,0.6038004143317194,0.5743946690543639,0.5743946690543639,0.25093228802931433,0.05066036918510821
696037.0,0.03533674127748276,3.206327041371838,False,5,False,3,False,2,False,1,False,4,False,3,False,2,False,1,False,4,False,3,False,2,False,1,False,4,False,3,False,2,False,1,False,4,False,2,False,2,False,1,False,5,False,3,False,2,False,0,False,6,False,2,False,2,False,0,False,6,False,2,False,2,False,0,False,6,False,2,False,2,False,0,False,6,False,2,False,2,False,0,False,6,False,2,False,1,False,0,1.9261527052954506,0.0,1.0,0.0,1.0,0.0,0.3312669170708909,0.0
1769113.0,0.019380614422551987,3.4285714285714293,True,9,False,1,False,1,False,1,True,8,False,1,False,1,False,1,True,6,False,1,False,1,False,1,True,6,False,1,False,0,False,0,True,3,False,1,False,0,False,0,False,2,False,1,False,0,False,0,False,2,False,1,False,0,False,0,False,2,False,1,False,0,False,0,False,1,False,1,False,0,False,0,False,1,False,1,False,0,False,0,False,1,False,1,False,0,False,0,3.428571428571428,0.33316033959524116,1.7763632755819578,0.014277634987401453,0.23871082474931943,0.0035871748362523936,0.23871082474931943,0.0035871748362523936
474746.0,0.005136731351431833,3.428571428571429,True,2,True,2,True,2,True,2,True,2,True,2,True,2,True,2,True,2,True,2,True,2,True,2,True,3,True,3,True,2,True,2,True,3,True,3,True,2,True,2,True,3,True,3,True,2,True,2,True,3,True,3,True,2,True,2,True,3,True,3,True,2,True,2,True,3,True,3,True,2,True,2,True,4,True,4,False,1,False,1,True,5,True,5,False,2,False,2,3.4285714285714284,1.6262458471760797,1.0,1.0,1.0,0.5432900432900432,1.0,0.5432900432900432
272968.0,0.0917415256340265,2.527480718001097,True,11,True,5,True,4,True,2,True,10,True,4,False,3,False,1,True,7,True,4,False,1,False,1,True,7,True,4,False,1,False,1,True,8,True,3,False,1,False,1,True,7,True,4,False,1,False,0,True,7,True,4,False,1,False,0,True,6,True,4,False,1,False,0,True,6,True,4,False,1,False,0,True,6,True,4,False,1,False,0,True,6,True,4,False,1,False,0,1.8365736698227,0.9995167976522964,0.9107677358960586,0.7536430848773862,0.6427491974649338,0.13130135195476986,0.34840423217713423,0.13130135195476986
211973.0,0.47434115837014246,1.357507176694078,True,11,True,5,True,2,False,0,True,9,True,5,True,2,False,0,True,8,True,2,True,2,False,0,True,8,True,2,True,2,False,0,True,7,True,1,True,1,False,0,True,5,True,1,True,1,False,0,True,4,True,1,True,1,False,0,True,4,True,1,True,1,False,0,True,4,True,1,True,1,False,0,True,4,True,1,True,1,False,0,True,4,True,1,True,1,False,0,1.0,1.0,1.0,1.0,1.0,1.0,0.09106393646443801,0.09106393646443801
1743984.0,0.019455059804456797,3.4285714285714293,True,8,True,4,False,1,False,1,True,7,True,3,False,1,False,1,True,6,True,3,False,1,False,1,True,5,True,2,False,1,False,1,True,5,True,2,False,1,False,1,True,3,False,1,False,1,False,1,True,2,False,1,False,1,False,1,True,2,False,1,False,1,False,1,False,1,False,1,False,1,False,1,False,1,False,1,False,1,False,1,False,2,False,1,False,1,False,0,3.428571428571428,0.49872475005100997,0.7625157232704401,0.3407444819359968,0.6259071301700077,0.07570994796613129,0.5959415086905127,0.03234748498923752
1805148.0,0.019827286713980843,3.4285714285714293,True,5,False,1,False,1,False,1,True,4,False,1,False,1,False,1,False,2,False,1,False,1,False,0,False,1,False,1,False,1,False,0,False,1,False,1,False,1,False,0,False,1,False,1,False,1,False,0,False,1,False,1,False,1,False,0,False,1,False,1,False,1,False,0,False,1,False,1,False,1,False,0,False,1,False,1,False,1,False,0,False,1,False,1,False,1,False,0,3.428571428571428,0.16659949258328233,1.1890092361155618,0.026768361397377108,0.7279069091120594,0.009010729734284472,0.1997743394841121,0.003585571659641722
652085.0,0.00511191622413023,3.4284744793573094,True,6,True,4,True,3,False,1,True,6,True,4,True,2,False,1,True,8,True,4,True,3,False,2,True,11,True,4,False,3,False,1,True,12,False,3,False,2,False,1,True,11,False,3,False,2,False,1,True,11,False,4,False,3,False,1,True,10,False,4,False,3,False,1,True,9,False,4,False,3,False,1,True,9,False,4,False,3,False,1,True,8,False,4,False,3,False,1,3.4274119600983735,3.195168966602486,1.0,0.25856589896136606,0.9956628321183902,0.20710721922411154,0.7410192147034252,0.03304677389535964
190755.0,0.062310784654325276,2.941991162129101,True,5,True,4,True,3,True,3,True,7,True,3,True,2,True,2,True,6,True,3,True,2,True,2,True,8,True,3,True,3,True,3,True,8,True,3,True,3,True,3,True,9,True,4,True,3,False,2,True,9,True,4,True,3,False,2,True,8,True,3,True,3,False,2,True,9,True,3,True,2,False,1,True,7,True,3,True,2,False,1,True,6,True,3,True,2,False,1,1.9422174991073582,1.0,0.8509252511815649,0.6997334004452336,0.7472540777717498,0.6997334004452336,0.6908291183187714,0.3003366399953782
3370.0,0.10199017320958856,3.406831883467246,True,11,True,5,True,4,True,3,True,11,True,5,True,4,True,3,True,12,True,5,True,4,True,2,True,10,True,4,True,3,True,2,True,10,True,4,True,3,True,2,True,9,True,4,True,3,True,2,True,9,True,5,True,4,True,2,True,9,True,5,True,3,True,2,True,9,True,5,True,3,False,1,True,9,True,5,True,3,False,1,True,10,True,4,True,3,False,1,3.2607848953652616,1.0,0.999264140665007,0.999264140665007,0.9806979142603502,0.9806979142603502,0.6415889194688249,0.45525765120582645
1510226.0,0.005211176733336642,3.4285714285714284,True,3,True,2,True,2,True,2,True,2,True,2,True,2,True,2,True,5,True,5,True,3,True,2,True,6,True,4,True,2,True,2,True,6,True,4,True,2,True,2,True,7,True,5,True,3,True,3,True,8,True,5,True,3,True,3,True,8,True,5,True,3,True,3,True,8,True,5,True,3,True,3,True,9,True,5,True,3,False,2,True,10,False,5,False,2,False,2,3.32970428587723,2.550660792951542,1.0,0.5816326530612245,1.0,0.5816326530612245,0.8737029270212365,0.55
343418.0,0.076331331579731,3.4285714285714293,False,4,False,3,False,3,False,1,False,7,False,3,False,3,False,1,False,7,False,3,False,3,False,1,False,7,False,3,False,1,False,1,False,6,False,1,False,1,False,1,False,6,False,1,False,1,False,1,False,6,False,1,False,1,False,1,False,4,False,1,False,1,False,1,False,4,False,1,False,1,False,1,False,4,False,1,False,1,False,1,False,4,False,1,False,1,False,1,3.4285714285714293,0.0,1.0,0.0,1.0,0.0,1.0,0.0
32994.0,0.06938309593528215,3.4285369585677787,True,7,True,4,True,4,True,3,True,7,True,4,True,4,True,2,True,8,True,5,True,4,True,2,True,8,True,5,True,4,True,2,True,8,True,5,True,4,True,2,True,9,True,5,True,4,True,2,True,9,True,5,True,4,True,2,True,10,True,5,True,4,True,2,True,10,True,5,True,4,True,2,True,10,True,5,True,4,True,2,True,10,True,5,True,4,False,1,3.421548244038671,3.421548244038671,0.9999829011489566,0.9999829011489566,0.9998404224943155,0.9998404224943155,0.99234133937449,0.5890275517619427
11212.0,0.37024169933991763,2.275884828453774,True,6,True,1,True,1,True,1,True,5,True,2,False,0,False,0,True,5,True,2,False,0,False,0,True,5,True,2,False,0,False,0,True,5,True,2,False,0,False,0,True,4,True,2,False,0,False,0,True,3,True,2,False,0,False,0,True,3,True,2,False,0,False,0,True,3,False,0,False,0,False,0,True,3,False,0,False,0,False,0,True,3,False,0,False,0,False,0,1.542187410030716,1.542187410030716,0.4976107855382549,0.4976107855382549,0.13027629628547893,0.13027629628547893,0.13027629628547893,0.13027629628547893
29646.0,0.24691051665095043,3.270843169076408,True,4,True,4,True,3,True,3,True,4,True,3,True,3,True,3,True,4,True,3,True,3,True,3,True,5,True,4,True,2,True,2,True,6,True,5,True,3,False,2,True,6,True,5,True,3,False,2,True,6,True,5,False,2,False,2,True,6,True,5,False,2,False,2,True,6,True,5,False,2,False,2,True,7,True,5,False,3,False,3,True,8,True,6,False,2,False,2,3.173560372450113,2.8883109372244684,0.9115713074038935,0.6062903625281908,0.9012552762668163,0.35515239253100284,0.9012552762668163,0.2680358492733719
254743.0,0.08380068489751352,2.5284379222157534,True,9,True,8,False,5,False,3,True,9,True,8,False,5,False,2,True,11,True,5,False,2,False,1,True,11,True,5,False,2,False,1,True,11,True,5,False,2,False,1,True,9,True,5,False,2,False,1,True,8,True,5,False,2,False,1,True,8,True,5,False,2,False,1,True,9,True,4,False,1,False,1,True,10,True,3,False,1,False,1,True,9,True,2,False,1,False,1,2.3633236839420184,2.3633236839420184,0.7825942074562262,0.7127493439136247,0.7816891611211375,0.08369382056082889,0.7617609345225904,0.04752855502033353
1530904.0,0.03660231276986451,3.428571029237268,True,4,True,4,True,4,True,3,True,5,True,5,True,4,True,3,True,6,True,5,True,5,True,3,True,6,True,5,True,5,True,3,True,6,True,5,True,5,True,3,True,8,True,5,True,5,True,3,True,9,True,5,True,4,True,3,True,10,True,6,True,5,True,4,True,10,True,6,True,5,True,4,True,10,True,6,True,5,True,4,True,10,True,6,True,5,True,4,3.4268018990375957,3.4268018990375957,1.09519620040853,1.09519620040853,1.0,1.0,0.9373334089491295,0.781305114638448
811972.0,0.08995483646831108,2.927223229843827,True,10,True,5,True,3,True,2,True,10,True,4,True,2,True,2,True,8,True,4,True,2,True,2,True,8,True,4,True,2,True,2,True,8,True,4,True,2,True,2,True,8,True,3,True,2,True,2,True,8,True,3,True,2,True,2,True,9,True,4,True,3,False,1,True,8,True,3,True,3,False,1,True,8,True,3,True,3,False,1,True,9,True,3,True,2,False,1,2.058696178493796,1.0,0.9430684442560066,0.9430684442560066,0.7684134226748177,0.7412044390189744,0.6858685564238632,0.4185178453744528
757760.0,0.008784555064767482,3.3843063530995616,True,5,True,4,True,3,True,3,True,8,True,6,False,2,False,2,True,8,True,6,False,2,False,2,True,8,True,5,False,2,False,2,True,10,True,5,False,3,False,2,True,10,True,5,False,2,False,2,True,11,True,6,False,2,False,1,True,10,True,5,False,2,False,1,True,10,True,4,False,2,False,1,True,9,True,4,False,2,False,1,True,9,True,4,False,2,False,1,3.336497451685006,0.9704416910572619,0.9700415915738635,0.9686242146321714,0.9559954759560995,0.14150195763538972,0.9543919041363418,0.14150195763538972
61938.0,0.003474117822224428,3.428571428571429,True,4,False,2,False,2,False,2,True,5,False,3,False,3,False,3,True,6,False,4,False,3,False,3,True,7,False,4,False,2,False,2,True,7,False,4,False,2,False,2,True,8,False,4,False,1,False,1,True,8,False,3,False,1,False,1,True,8,False,3,False,1,False,1,True,8,False,3,False,1,False,1,True,8,False,3,False,1,False,1,True,8,False,3,False,1,False,1,3.4285714285714284,1.1901404957037682,1.0,0.0655944497004099,1.0,0.0655944497004099,0.8970320878176755,0.016879795396419407
611765.0,0.025112908829222295,3.418714896535632,True,4,True,3,True,3,True,3,True,3,True,3,True,3,True,3,True,3,True,3,True,3,True,3,True,5,True,4,True,4,True,4,True,7,True,4,True,4,True,4,True,7,True,4,True,4,True,4,True,7,True,4,True,4,True,4,True,7,True,4,True,4,True,4,True,6,True,4,True,4,True,4,True,7,True,4,True,4,True,3,True,7,True,4,True,4,True,3,2.8329993343853173,2.382155150111746,0.9966386584071882,0.9966386584071882,0.9682727484702913,0.9343804213177572,0.9461256580411691,0.9343804213177572
664990.0,0.0063278574619087796,3.4285714285714293,True,4,True,3,True,2,True,2,True,5,True,3,True,2,True,2,True,5,True,3,True,2,True,2,True,6,True,4,True,3,True,3,True,7,True,4,True,3,True,3,True,8,True,4,True,3,True,3,True,7,True,4,True,3,True,3,True,7,True,4,True,3,True,2,True,7,True,4,True,3,True,2,True,7,True,4,True,3,True,2,True,7,True,4,True,3,True,2,3.428571428571428,3.428571428571428,1.0,1.0,1.0,1.0,1.0,1.0
1614747.0,0.024715866792396644,3.4285714285714284,True,6,True,5,True,4,True,2,True,9,True,6,True,5,False,1,True,9,True,6,True,5,False,1,True,9,True,6,True,5,False,1,True,9,True,6,True,4,False,1,True,8,True,5,True,3,False,1,True,8,True,5,True,3,False,1,True,8,True,5,False,2,False,1,True,8,True,4,False,2,False,1,True,8,True,3,False,2,False,1,True,7,True,3,False,2,False,1,3.4285714285714284,0.866189065467193,1.0420357545498469,0.866189065467193,1.0,0.4453476106097336,1.0,0.1315753560736723
508635.0,0.28036130825351135,2.886213192769005,True,3,True,3,True,2,True,2,True,5,True,5,True,2,True,2,True,5,True,5,True,2,True,2,True,6,True,5,True,3,True,2,True,6,True,4,True,3,True,2,True,5,True,4,True,3,True,2,True,7,True,5,True,4,True,3,True,8,True,3,True,3,True,2,True,8,True,3,True,3,True,2,True,8,True,3,True,3,True,2,True,9,True,3,True,2,True,2,2.4430410171199988,2.4430410171199988,0.8475714858772011,0.8383081595824597,0.8286158416733296,0.8286158416733296,0.8286158416733296,0.8286158416733296
682759.0,0.040225321355898555,2.923637797479169,True,8,True,5,True,2,True,2,True,8,True,5,True,2,True,2,True,8,True,4,True,2,True,2,True,9,True,2,True,2,True,2,True,10,True,3,True,2,True,2,True,10,True,3,True,2,True,2,True,10,True,3,True,2,True,2,True,10,True,4,True,3,True,1,True,9,True,3,True,3,False,0,True,8,True,3,True,2,False,0,True,7,True,2,True,1,False,0,1.7520679300803095,1.0,1.0,1.0,1.0,1.0,0.4782363388394993,0.4782363388394993
1702900.0,0.018611345476202294,3.428571428571429,True,9,False,2,False,0,False,0,True,6,False,2,False,0,False,0,True,4,False,2,False,0,False,0,True,4,False,2,False,0,False,0,True,3,False,2,False,0,False,0,True,3,False,2,False,0,False,0,False,2,False,1,False,0,False,0,False,2,False,1,False,0,False,0,False,2,False,1,False,0,False,0,False,3,False,0,False,0,False,0,False,3,False,0,False,0,False,0,3.428571428571429,0.38932000981935283,0.5086770623742455,0.026705474119484977,0.048839184597961556,0.016704993561617136,0.048839184597961556,0.006504456757407956
242764.0,0.9400218373120254,3.4255095465586183,True,6,True,4,True,3,True,3,True,6,True,4,True,3,False,2,True,7,True,5,False,3,False,1,True,8,True,6,False,3,False,1,True,8,True,6,False,3,False,1,True,9,True,4,False,2,False,1,True,9,True,4,False,2,False,1,True,9,True,4,False,2,False,1,True,9,True,4,False,2,False,1,True,9,True,4,False,2,False,1,True,8,True,4,False,2,False,1,3.3308914764765496,0.8788697098486551,0.9970321254329576,0.6142005908040021,0.9951395264343924,0.16432283177573387,0.9607104446359254,0.12409706941818952
1810540.0,0.019033202640329545,3.4285714285714293,True,4,True,3,False,2,False,1,True,3,True,3,False,2,False,1,True,3,False,2,False,2,False,1,True,3,False,2,False,2,False,1,False,3,False,2,False,1,False,0,False,3,False,2,False,1,False,0,False,3,False,1,False,1,False,0,False,3,False,1,False,1,False,0,False,2,False,1,False,1,False,0,False,3,False,0,False,0,False,0,False,3,False,0,False,0,False,0,3.428571428571428,0.2817614200309305,0.5408893432149247,0.1564103889180523,0.5408893432149247,0.0023115342312616306,0.26769672467929045,0.0023115342312616306
1548362.0,0.003151521167303588,3.4285714285714293,True,3,True,3,True,2,True,1,True,3,True,2,True,2,True,1,True,3,True,2,True,2,True,1,True,3,True,2,True,2,True,1,True,3,True,2,True,2,True,1,True,3,True,2,True,2,True,1,True,3,True,2,True,2,True,1,True,3,True,2,True,2,True,1,True,3,True,2,True,2,True,1,True,3,True,2,True,2,True,1,True,3,True,2,True,2,True,1,3.4285714285714293,1.0,1.0,1.0,1.0,1.0,1.0,0.9118824061579611
1676343.0,0.01972802620477443,3.428571428571429,True,10,False,2,False,2,False,2,True,7,False,2,False,2,False,2,True,4,False,2,False,2,False,2,True,3,False,2,False,2,False,2,True,4,False,2,False,2,False,1,False,3,False,1,False,1,False,1,False,3,False,1,False,1,False,1,False,3,False,1,False,1,False,1,False,3,False,1,False,1,False,1,False,2,False,1,False,1,False,1,False,2,False,1,False,1,False,1,3.428571428571429,0.339840858623242,1.0,0.007797529190671334,1.0,0.007797529190671334,0.9910440122824975,0.0046688777790716805
405526.0,0.03158965705494069,3.4285714285714293,True,6,True,5,True,4,True,3,True,6,True,5,True,4,True,3,True,6,True,5,True,4,True,2,True,6,True,5,True,4,True,2,True,7,True,6,True,5,True,3,True,7,True,6,True,5,True,3,True,8,True,6,True,5,True,3,True,8,True,6,True,5,True,3,True,8,True,6,True,5,True,3,True,10,True,7,True,5,True,1,True,10,True,6,True,5,True,1,3.375679452664482,3.375679452664482,1.0,1.0,1.0,1.0,0.9652503173590006,0.9652503173590006
15159.0,0.010844210630800537,3.4285714285714284,True,5,True,5,True,4,True,4,True,6,True,4,True,4,True,4,True,5,True,4,True,4,True,4,True,5,True,4,True,4,True,4,True,5,True,4,True,4,True,4,True,7,True,4,True,4,True,4,True,9,True,6,True,4,True,2,True,9,True,6,True,4,True,2,True,9,True,6,True,4,True,2,True,10,True,6,True,4,False,1,True,10,True,6,True,4,False,1,2.987815967423638,1.1588427459246642,0.9999968466877113,0.9997502981554169,0.9999867560978172,0.9995361845691078,0.7779407220421543,0.5317451645413354
1040.0,0.0050622859695270235,3.418240769366382,True,5,True,5,True,5,True,4,True,6,True,6,True,5,True,4,True,7,True,7,True,6,True,4,True,9,True,8,True,4,True,3,True,9,True,7,True,4,True,3,True,8,True,7,True,4,True,3,True,8,True,6,True,4,True,3,True,8,True,6,True,4,True,3,True,8,True,6,True,4,True,2,True,8,True,6,True,4,True,2,True,7,True,5,True,3,True,2,3.3784975705848073,2.681285169722272,1.852252825236737,0.9681575908028887,1.0,0.9653737551141133,1.0,0.9653737551141133
1799598.0,0.01801578242096382,3.4285714285714293,True,8,False,1,False,1,False,1,False,3,False,1,False,1,False,1,False,2,False,1,False,1,False,1,False,2,False,1,False,1,False,1,False,1,False,1,False,0,False,0,False,1,False,1,False,0,False,0,False,1,False,1,False,0,False,0,False,1,False,1,False,0,False,0,False,1,False,1,False,0,False,0,False,1,False,1,False,0,False,0,False,1,False,1,False,0,False,0,3.4285714285714275,0.12113870974052654,0.954826542987752,0.03658682066921364,0.2604923974799015,0.0032083983033989257,0.2604923974799015,0.0014866325178731646
11254.0,0.9554568464936225,3.3131691453337506,True,7,True,6,True,3,True,2,True,8,True,7,True,4,True,2,True,8,True,6,True,4,True,2,True,8,True,6,True,4,True,2,True,8,True,6,True,4,True,2,True,9,True,7,True,4,True,1,True,9,True,7,True,4,True,1,True,11,True,6,True,2,True,1,True,10,True,5,True,2,True,1,True,10,True,5,True,2,True,1,True,11,True,5,True,2,False,0,3.015043977903131,3.015043977903131,0.9634410089654989,0.9634410089654989,0.9485835074804686,0.9485835074804686,0.5880197036592145,0.5880197036592145
1772078.0,0.018809866494615118,3.4285714285714293,True,8,False,1,False,1,False,1,True,4,False,1,False,1,False,1,False,3,False,1,False,1,False,0,False,3,False,1,False,0,False,0,False,3,False,1,False,0,False,0,False,1,False,1,False,0,False,0,False,1,False,1,False,0,False,0,False,1,False,1,False,0,False,0,False,1,False,1,False,0,False,0,False,1,False,1,False,0,False,0,False,1,False,1,False,0,False,0,3.428571428571428,0.1898705266737383,1.0333668066459738,0.00693886664211621,0.23453783619238616,0.0060628640119685245,0.17659919810959163,0.002157666581667636
741913.0,0.11923668668420269,3.339588325002175,True,9,True,6,True,4,True,2,True,10,True,5,True,2,True,2,True,12,True,7,True,3,True,1,True,12,True,6,True,3,False,0,True,12,True,6,True,3,False,0,True,13,True,5,True,2,False,0,True,12,True,5,True,2,False,0,True,12,True,5,True,2,False,0,True,12,True,4,True,2,False,0,True,10,True,4,True,2,False,0,True,8,True,4,True,2,False,0,3.2755241738627925,0.9999505938678114,1.1539574624046434,0.9968707239423322,0.9819554961921174,0.9794987173867775,0.2362323557179198,0.2362323557179198
324845.0,0.0698793984813142,3.1679449557605732,False,4,False,3,False,3,False,2,False,5,False,3,False,3,False,2,False,6,False,2,False,2,False,1,False,6,False,2,False,2,False,1,False,6,False,2,False,2,False,1,False,7,False,2,False,2,False,1,False,7,False,2,False,2,False,1,False,7,False,2,False,2,False,0,False,7,False,2,False,2,False,0,False,7,False,2,False,2,False,0,False,7,False,2,False,2,False,0,1.7398246531786579,0.0,1.0,0.0,1.0,0.0,0.44737585386528256,0.0
519492.0,0.0731053650305226,3.054681855153432,True,7,True,7,True,5,True,4,True,8,True,8,True,5,True,4,True,9,True,8,True,5,False,3,True,9,True,6,True,5,False,2,True,10,True,6,True,5,False,1,True,10,True,6,True,5,False,1,True,9,True,6,True,3,False,1,True,9,True,6,True,3,False,1,True,10,True,6,True,2,False,1,True,9,True,5,True,2,False,1,True,8,True,5,True,2,False,1,1.7465486774128314,1.0,0.8354592878642144,0.6983345841928744,0.6885656928567372,0.6807181226384044,0.6705058409510527,0.18944964321134797
384175.0,0.1445481165318378,3.313635435218085,True,11,True,8,True,3,True,2,True,12,True,8,True,3,True,2,True,12,True,8,True,3,True,2,True,11,True,8,True,3,True,2,True,11,True,7,True,3,True,2,True,12,True,7,True,2,True,1,True,12,True,7,True,2,True,1,True,12,True,7,True,2,True,1,True,12,True,7,True,2,True,1,True,11,True,7,True,2,False,0,True,11,True,7,True,2,False,0,2.6686060550002058,2.6686060550002058,0.9733204791790634,0.9733204791790634,0.8788254449364291,0.8788254449364291,0.5173100997873786,0.5173100997873786
1784351.0,0.01940542954985359,3.4285714285714293,True,7,True,2,False,1,False,1,True,7,True,2,False,1,False,1,True,3,False,1,False,1,False,1,True,3,False,1,False,1,False,1,True,3,False,1,False,1,False,1,False,2,False,1,False,1,False,1,False,1,False,1,False,1,False,1,False,2,False,1,False,0,False,0,False,2,False,1,False,0,False,0,False,2,False,1,False,0,False,0,False,2,False,1,False,0,False,0,3.428571428571428,0.34916881607461336,1.0499906272899233,0.1512228250383942,0.43880981766669297,0.010947848589850285,0.43880981766669297,0.001742699832858016
1785183.0,0.020596555660330536,3.4285714285714293,True,6,False,2,False,2,False,1,True,5,False,2,False,1,False,1,True,4,False,1,False,1,False,1,True,3,False,1,False,1,False,1,True,2,False,1,False,1,False,1,True,2,False,1,False,1,False,1,True,3,False,1,False,0,False,0,False,2,False,1,False,0,False,0,False,2,False,1,False,0,False,0,False,2,False,1,False,0,False,0,False,2,False,1,False,0,False,0,3.428571428571428,0.43161790129802163,1.4774290230533942,0.009625514321493158,0.39097402597402603,0.00427372478790733,0.39097402597402603,0.002347429109081024
1805076.0,0.020993597697156186,3.4285714285714293,False,8,False,3,False,2,False,0,False,7,False,1,False,0,False,0,False,4,False,1,False,0,False,0,False,2,False,1,False,0,False,0,False,2,False,1,False,0,False,0,False,2,False,1,False,0,False,0,False,2,False,1,False,0,False,0,False,2,False,1,False,0,False,0,False,2,False,1,False,0,False,0,False,2,False,1,False,0,False,0,False,2,False,1,False,0,False,0,3.428571428571428,0.03753420200257351,0.8353866129576429,0.011814451262139944,0.1248742586892876,0.007043515524562742,0.08872183814039081,0.002961783546921267
608968.0,0.0035981934587324435,3.4285714285714284,True,9,True,6,True,6,False,4,True,8,True,6,True,5,False,4,True,8,True,6,True,5,False,3,True,8,True,6,False,3,False,3,True,10,True,7,False,3,False,1,True,10,True,6,False,3,False,1,True,7,True,5,False,2,False,1,True,8,True,4,False,2,False,1,True,8,True,3,False,2,False,1,True,8,False,2,False,2,False,1,True,8,False,2,False,2,False,1,2.772650916758998,0.9580005422357699,1.0,0.5039241668787837,1.0,0.22199574618929444,1.0,0.017547481420313798
377013.0,0.08422254206164077,2.100948992862056,True,10,True,5,True,3,True,1,True,11,True,4,True,2,True,1,True,13,True,4,True,2,False,0,True,13,True,3,True,1,False,0,True,11,True,3,True,1,False,0,True,9,True,2,True,1,False,0,True,9,True,2,True,1,False,0,True,9,True,2,True,1,False,0,True,8,True,2,True,1,False,0,True,8,True,2,True,1,False,0,True,8,True,1,True,1,False,0,1.2984851493331817,1.2984851493331817,0.7217328963879479,0.7217328963879479,0.6720427311967497,0.6720427311967497,0.16948854194121665,0.16948854194121665
724720.0,0.0032011514219067944,3.4285714285714293,True,3,True,3,True,3,True,1,True,3,True,3,True,3,True,1,True,3,True,3,True,3,True,1,True,3,True,3,True,3,True,1,True,4,True,3,True,2,True,1,True,4,True,3,True,2,True,1,True,4,True,3,True,2,True,1,True,4,True,3,True,2,True,1,True,5,True,4,True,3,True,2,True,5,True,4,True,3,True,2,True,5,True,4,True,3,True,2,3.428571428571429,3.428571428571429,1.0,1.0,1.0,1.0,1.0,1.0
1566743.0,0.027395900540969777,3.4285678282568663,True,5,True,3,True,2,True,2,True,8,True,6,True,4,True,3,True,9,True,7,True,5,True,3,True,10,True,6,True,4,True,3,True,10,True,6,True,4,True,3,True,8,True,6,True,4,True,3,True,9,True,6,True,4,True,3,True,9,True,5,True,3,False,2,True,8,True,4,True,3,False,2,True,8,True,4,True,3,False,2,True,8,True,4,True,3,False,2,3.42613960347618,0.9959683572667636,1.0,0.6669672627664256,0.9998982719399685,0.6669672627664256,0.8319191185235469,0.4019182570452593
593983.0,0.08325475209687826,3.4285714285714284,False,3,False,3,False,2,False,2,False,4,False,4,False,3,False,2,False,4,False,4,False,3,False,2,False,5,False,3,False,2,False,2,False,5,False,3,False,2,False,2,False,5,False,3,False,2,False,2,False,4,False,3,False,2,False,2,False,4,False,2,False,2,False,2,False,4,False,2,False,2,False,2,False,4,False,2,False,2,False,2,False,4,False,2,False,2,False,2,3.4285714285714284,0.0,1.0,0.0,1.0,0.0,1.0,0.0
1837076.0,0.018785051367313513,3.4285714285714293,True,9,False,2,False,1,False,1,False,5,False,1,False,1,False,1,False,5,False,1,False,1,False,1,False,2,False,1,False,1,False,0,False,2,False,1,False,1,False,0,False,1,False,1,False,1,False,0,False,1,False,1,False,1,False,0,False,1,False,1,False,1,False,0,False,1,False,1,False,1,False,0,False,1,False,1,False,1,False,0,False,1,False,1,False,1,False,0,3.4285714285714284,0.14800658649767964,1.5050224526590446,0.00866988904120756,1.0082911553564171,0.002396356863329016,0.20707314628345433,0.0015725494890574722
133643.0,0.05307955729812894,3.0183723269269755,True,8,True,6,True,5,True,3,True,8,True,6,True,4,True,3,True,9,True,6,True,3,True,3,True,10,True,5,True,2,True,2,True,10,True,3,True,2,True,2,True,9,True,3,True,2,True,2,True,8,True,3,True,2,True,2,True,8,True,3,True,2,False,1,True,8,True,3,True,2,False,1,True,8,True,3,True,2,False,1,True,8,True,3,False,1,False,1,2.115553490094842,1.5128091660878615,0.9289178604002822,0.700627345021008,0.7540793439881851,0.5731935172869935,0.6261172949169238,0.43202121674632776
756917.0,0.07980544940195543,1.9324243871423044,True,9,True,4,True,3,True,1,True,10,True,4,True,3,False,0,True,8,True,4,True,3,False,0,True,8,True,3,True,3,False,0,True,7,True,3,True,3,False,0,True,7,True,3,True,2,False,0,True,7,True,3,False,1,False,0,True,7,True,3,False,1,False,0,True,7,True,3,False,1,False,0,True,7,False,2,False,0,False,0,True,7,False,2,False,0,False,0,1.2277968704662485,1.0,0.6477879428280123,0.5253461020914992,0.521126517019881,0.39511064812210644,0.12616003148645424,0.12616003148645424
1495966.0,0.12035336741277483,3.1543434158589068,True,10,True,6,True,5,True,4,True,13,True,4,True,4,True,3,True,13,True,4,True,4,True,3,True,14,True,4,True,2,True,2,True,14,True,4,True,1,True,1,True,14,True,4,True,1,True,1,True,13,True,3,True,1,True,1,True,12,True,3,True,1,True,1,True,11,True,3,True,1,True,1,True,11,True,3,True,1,True,1,True,11,True,3,True,1,True,1,2.2204331496950522,2.2204331496950522,0.947649226733062,0.947649226733062,0.8455717890769818,0.8455717890769818,0.8238976907489375,0.8238976907489375
1793649.0,0.019182093404139164,3.4285714285714297,True,7,False,2,False,2,False,2,True,5,False,2,False,2,False,2,True,5,False,2,False,1,False,1,True,6,False,1,False,0,False,0,False,5,False,1,False,0,False,0,False,4,False,1,False,0,False,0,False,3,False,1,False,0,False,0,False,3,False,1,False,0,False,0,False,3,False,1,False,0,False,0,False,3,False,1,False,0,False,0,False,3,False,1,False,0,False,0,3.428571428571428,0.2933367876632883,0.6164626322915412,0.054713241700335896,0.24748600321969097,0.01568946879615107,0.21617791937319328,0.011115303587711758
665198.0,0.12283488014293513,3.428571428571429,True,8,True,6,True,6,True,3,True,9,True,5,True,5,True,3,True,10,True,5,True,5,True,3,True,10,True,5,True,5,True,3,True,10,True,5,True,5,True,3,True,10,True,5,True,4,True,3,True,10,True,5,True,4,True,3,True,11,True,5,True,4,True,3,True,11,True,5,True,4,True,3,True,11,True,5,True,4,True,3,True,11,True,5,True,4,True,3,3.411430802694143,3.0232800909792408,1.0,0.9997438288164657,0.9999272231834007,0.9968206597529269,0.7818516390269311,0.7818516390269311
1570540.0,0.01915727827683756,3.428571428571429,True,11,False,1,False,1,False,1,True,9,False,2,False,2,False,1,True,6,False,2,False,2,False,1,True,4,False,2,False,1,False,1,True,4,False,2,False,1,False,1,False,3,False,2,False,1,False,1,False,3,False,2,False,1,False,1,False,3,False,2,False,1,False,1,False,2,False,2,False,1,False,1,False,2,False,2,False,1,False,1,False,2,False,1,False,1,False,1,3.428571428571429,0.3334946605438246,1.0,0.051275940272147144,1.0,0.051275940272147144,1.0,0.00655043039113459
1553.0,0.9983870167253958,1.994038441420807,True,8,True,2,False,1,False,0,True,7,False,1,False,1,False,0,True,5,False,1,False,1,False,0,True,3,False,1,False,1,False,0,False,2,False,1,False,1,False,0,False,2,False,1,False,1,False,0,False,2,False,1,False,1,False,0,False,2,False,1,False,1,False,0,False,2,False,1,False,0,False,0,False,2,False,1,False,0,False,0,False,2,False,1,False,0,False,0,1.067289962860294,0.27160729145514445,0.6263900201566049,0.13987688093484238,0.48696566347500037,0.0002797304796470613,0.017300989728649224,0.0001465702403350599
191587.0,0.9445630056082188,0.676973558331335,True,9,True,4,False,0,False,0,True,6,False,0,False,0,False,0,False,3,False,0,False,0,False,0,False,3,False,0,False,0,False,0,False,3,False,0,False,0,False,0,False,1,False,0,False,0,False,0,False,1,False,0,False,0,False,0,False,0,False,0,False,0,False,0,False,0,False,0,False,0,False,0,False,0,False,0,False,0,False,0,False,0,False,0,False,0,False,0,0.40133148506820865,0.1795525646878954,0.14859385286409293,0.14859385286409293,0.06547888062679603,0.025998654048353532,0.025998654048353532,0.025998654048353532
787562.0,0.2727430641719192,3.418445225515593,True,10,True,5,True,4,True,2,True,9,True,4,True,3,True,2,True,8,True,4,True,2,True,2,True,8,True,4,True,2,True,2,True,8,True,2,True,2,True,2,True,5,True,2,True,2,True,2,True,6,True,2,True,1,True,1,True,7,True,2,True,1,True,1,True,7,True,2,True,1,True,1,True,7,True,2,True,1,True,1,True,7,True,2,True,1,True,1,3.2367358123973147,1.9662716361183348,2.141485547672822,0.6485161755118001,0.6391604107666935,0.6391604107666935,0.6060817827816887,0.6060817827816887
100610.0,0.9486575016129832,0.8061993868832626,True,10,True,4,False,0,False,0,True,7,True,1,False,0,False,0,True,3,False,0,False,0,False,0,True,3,False,0,False,0,False,0,True,2,False,0,False,0,False,0,True,2,False,0,False,0,False,0,True,2,False,0,False,0,False,0,True,2,False,0,False,0,False,0,True,1,False,0,False,0,False,0,False,0,False,0,False,0,False,0,False,0,False,0,False,0,False,0,0.5138440091747449,0.5138440091747449,0.16118859521162174,0.16118859521162174,0.09600291033649588,0.08141714587949059,0.07478366335925066,0.07478366335925066
2003134.0,0.12888977120452627,3.4285714285714293,True,6,True,3,True,1,True,1,True,6,True,2,True,1,True,1,True,5,True,1,True,1,True,1,True,4,True,1,True,1,True,1,True,4,True,1,True,1,True,1,True,4,True,1,True,1,True,1,True,4,True,1,True,1,True,1,True,4,True,1,True,1,False,0,True,4,True,1,True,1,False,0,True,4,True,1,True,1,False,0,True,3,True,1,True,1,False,0,3.4285714285714275,1.0,1.0,1.0,1.0,1.0,0.4207857143047566,0.4207857143047566
445351.0,0.08141843267655963,3.0654121478213003,True,7,True,7,True,5,True,2,True,7,True,7,True,5,True,2,True,7,True,7,True,5,True,2,True,7,True,7,True,5,True,1,True,7,True,7,True,5,True,1,True,7,True,7,True,5,True,1,True,7,True,7,True,5,True,1,True,7,True,7,True,5,True,1,True,8,True,7,True,4,True,1,True,10,True,6,True,3,True,1,True,10,True,6,True,3,True,1,2.5887191049176126,0.991931106403981,2.1170443798017096,0.9853781955227366,0.9637233945071332,0.9637233945071332,0.7573329445749339,0.7573329445749339
1516753.0,0.003449302694922825,3.428571428571429,True,7,True,5,True,3,True,3,True,7,True,4,True,3,True,3,True,6,True,4,True,3,True,3,True,7,True,4,True,3,True,3,True,7,False,2,False,2,False,2,True,7,False,2,False,2,False,2,True,6,False,2,False,2,False,2,True,6,False,2,False,2,False,2,True,5,False,2,False,2,False,2,True,4,False,2,False,2,False,2,True,4,False,2,False,2,False,2,3.4285714285714284,0.9316637070601922,1.0,0.2781312368930269,0.7948395217117683,0.2781312368930269,0.7714285714285712,0.270173274416213
56502.0,0.13365427564643406,3.1095612104532893,True,8,True,6,True,5,True,1,True,9,True,5,True,4,True,1,True,9,True,5,True,4,True,1,True,8,True,5,True,4,True,1,True,8,True,4,True,4,True,1,True,9,True,5,True,3,True,2,True,10,True,5,True,2,True,1,True,9,True,5,True,2,True,1,True,9,True,5,True,2,True,1,True,9,True,4,True,2,True,1,True,9,True,4,True,2,True,1,2.2783417095275995,2.01389948830992,0.9755006289080348,0.9503596699327239,0.9503596699327239,0.9503596699327239,0.864634398007594,0.864634398007594
605036.0,0.9913395205717406,2.8776516474257825,True,5,True,3,True,2,True,1,True,3,True,2,True,2,True,1,True,3,True,2,True,2,True,1,True,2,True,2,True,2,True,1,True,2,True,2,True,2,True,1,True,2,True,2,True,2,True,1,True,2,True,2,True,2,True,1,True,2,True,2,True,1,True,1,True,2,True,2,True,1,False,0,True,2,True,2,True,1,False,0,True,2,True,2,True,1,False,0,1.7500349304792264,0.8985826965708361,0.967266048900802,0.8041431176774528,0.6414505795235728,0.6414505795235728,0.4754576667505291,0.4754576667505291
1555981.0,0.2101344979899747,3.4285554867060872,True,9,True,6,False,2,False,1,True,8,True,6,False,1,False,1,True,7,True,5,False,1,False,1,True,7,True,5,False,1,False,1,True,6,True,4,False,1,False,1,True,6,True,3,False,1,False,1,True,6,True,3,False,1,False,1,True,5,True,3,False,1,False,1,True,5,True,3,False,1,False,1,True,5,True,3,False,1,False,1,True,5,True,3,False,1,False,1,3.4217449191948406,0.9999929066236408,0.9986682591059044,0.7544426082338507,0.9986682591059044,0.0033536446946356513,0.9505958451332284,0.0013002650148852643
714127.0,0.13286019157278278,3.3929081766686036,True,10,True,7,True,5,True,3,True,11,True,7,True,4,False,2,True,11,True,7,True,4,False,2,True,10,True,7,True,4,False,2,True,12,True,6,False,2,False,1,True,12,True,5,False,2,False,1,True,12,True,5,False,2,False,0,True,12,True,4,False,2,False,0,True,12,True,4,False,2,False,0,True,12,True,4,False,2,False,0,True,12,False,3,False,2,False,0,3.0249579762426464,1.2344362143173673,1.8215884371470195,0.5645882527623238,0.8723976206598697,0.28306355264076405,0.3880587000996029,0.10297795775934308
232476.0,0.2231128095687131,2.150836511841435,True,10,False,2,False,1,False,0,True,10,False,1,False,1,False,0,True,9,False,1,False,0,False,0,True,7,False,1,False,0,False,0,True,7,False,1,False,0,False,0,True,6,False,1,False,0,False,0,True,6,False,1,False,0,False,0,True,5,False,1,False,0,False,0,False,4,False,1,False,0,False,0,False,4,False,0,False,0,False,0,False,4,False,0,False,0,False,0,1.8504757319133287,0.4526560501009565,0.5324742854175624,0.07985603677904224,0.18100930495842654,0.03140857517095216,0.014886960463953046,0.008352782315890532
577065.0,0.03461710258573626,3.428403018357194,True,6,True,3,True,3,True,3,True,6,True,3,True,3,True,3,True,7,True,3,True,3,True,3,True,8,True,3,True,3,True,3,True,8,True,4,False,3,False,3,True,8,True,4,False,3,False,3,True,9,True,4,False,3,False,3,True,10,True,5,False,4,False,3,True,10,True,5,False,4,False,2,True,10,True,5,False,4,False,2,True,10,True,5,False,4,False,2,3.4110582629254065,2.535754353979016,0.9676231672309997,0.9676231672309997,0.943282270507601,0.25692896820639294,0.9425427954414309,0.25692896820639294
322161.0,0.005235991860638245,3.428571428571429,True,8,True,5,False,3,False,3,True,9,True,6,False,2,False,2,True,9,True,6,False,2,False,2,True,9,True,6,False,2,False,2,True,9,True,5,False,2,False,2,True,8,True,4,False,2,False,2,True,8,True,4,False,2,False,2,True,8,True,3,False,2,False,1,True,6,True,3,False,2,False,1,True,6,True,3,False,2,False,1,True,6,True,3,False,2,False,1,3.4285714285714284,0.6982180752517937,1.0,0.6107536810831969,1.0,0.03259247624283362,1.0,0.02186175058012096
159906.0,0.029902228398431683,3.428571428571429,True,5,True,4,True,4,True,4,True,6,True,4,True,3,True,3,True,9,False,5,False,4,False,3,True,9,False,5,False,4,False,2,True,8,False,5,False,4,False,1,True,9,False,4,False,4,False,1,True,8,False,4,False,4,False,1,True,8,False,4,False,3,False,1,True,8,False,4,False,3,False,1,True,8,False,4,False,3,False,1,True,10,False,4,False,1,False,0,2.9302549302549306,2.9302549302549306,1.0,0.18095238095238095,0.9999943315783056,0.18095238095238095,0.5611334741871719,0.18095238095238095
725441.0,0.11328105613181795,3.3599471626489223,True,11,True,7,True,6,True,3,True,11,True,7,True,6,True,3,True,11,True,7,True,5,True,3,True,11,True,7,True,5,True,3,True,11,True,7,True,4,True,3,True,11,True,6,True,4,True,3,True,11,True,6,True,4,True,3,True,11,True,5,True,4,True,3,True,10,True,5,True,3,True,2,True,11,True,5,True,3,True,1,True,11,True,5,True,2,True,1,1.8447818347278018,0.991500925836404,0.9501082807672339,0.9501082807672339,0.9388767643839674,0.9388767643839674,0.8747662071553063,0.8747662071553063
1788794.0,0.018536900094297485,3.4285714285714293,True,9,False,1,False,1,False,1,False,5,False,1,False,1,False,1,False,5,False,1,False,1,False,1,False,5,False,1,False,1,False,1,False,4,False,1,False,1,False,0,False,3,False,1,False,1,False,0,False,3,False,1,False,1,False,0,False,2,False,1,False,1,False,0,False,2,False,1,False,1,False,0,False,2,False,1,False,1,False,0,False,2,False,1,False,1,False,0,3.4285714285714284,0.10835342871365856,1.5215886671625858,0.031945066427825096,0.6803989592367736,0.006415236185941671,0.28860897794131496,0.003478805771522851
1603777.0,0.0036726388406372523,3.4175141506830116,True,9,True,5,True,3,True,3,True,11,False,4,False,1,False,1,True,10,False,2,False,1,False,1,True,10,False,2,False,1,False,1,True,11,False,3,False,2,False,0,True,9,False,3,False,2,False,0,True,9,False,3,False,2,False,0,True,9,False,3,False,2,False,0,False,8,False,3,False,1,False,0,False,7,False,2,False,1,False,0,False,5,False,2,False,1,False,0,3.3796948026352833,0.4660894390375849,1.0,0.14079633241864212,0.9234398155421845,0.1339633129516398,0.269155206286837,0.11110821592018107
228606.0,0.003995235495558093,3.428571428571429,True,8,False,3,False,2,False,2,True,9,False,3,False,1,False,1,True,7,False,2,False,1,False,1,True,7,False,2,False,1,False,1,True,6,False,2,False,1,False,1,True,6,False,2,False,1,False,1,True,5,False,2,False,1,False,1,True,6,False,1,False,1,False,1,True,5,False,1,False,1,False,1,True,5,False,1,False,1,False,1,True,4,False,1,False,1,False,1,3.428571428571429,0.6482540896603398,1.0,0.06278208202277764,1.0,0.046010395881063225,1.0,0.008913284707614847
411372.0,0.03985309444637451,3.3788139041604137,True,10,True,9,True,4,True,1,True,11,True,8,False,3,False,0,True,12,True,7,False,2,False,0,True,12,True,7,False,1,False,0,True,11,True,6,False,1,False,0,True,12,True,4,False,1,False,0,True,12,True,3,False,1,False,0,True,12,True,3,False,1,False,0,True,11,True,3,False,1,False,0,True,11,True,3,False,1,False,0,True,9,True,3,False,1,False,0,2.9466710054975813,1.3572704366824375,0.9813930118100621,0.9813930118100621,0.8572144588934768,0.14247651356658025,0.14247651356658025,0.14247651356658025
632437.0,0.3998709613380317,1.1365688985924312,True,7,True,4,True,1,True,1,True,5,True,4,True,1,True,1,True,5,True,3,True,1,False,0,True,3,True,3,False,0,False,0,True,3,True,1,False,0,False,0,True,2,True,1,False,0,False,0,True,1,True,1,False,0,False,0,True,1,False,0,False,0,False,0,True,1,False,0,False,0,False,0,True,1,False,0,False,0,False,0,True,1,False,0,False,0,False,0,0.7664225357895907,0.7664225357895907,0.4263622274425163,0.4263622274425163,0.2215678410644669,0.2215678410644669,0.17821656644166312,0.17821656644166312
339100.0,0.01508759739937466,3.41871317034633,True,1,True,1,True,1,True,1,True,1,True,1,True,1,True,1,True,1,True,1,True,1,True,1,True,2,True,2,True,2,True,1,True,3,True,3,True,3,True,2,True,4,True,4,True,4,True,3,True,5,True,5,True,5,True,4,True,5,True,5,True,5,True,4,True,5,True,5,True,5,True,4,True,5,True,5,True,5,True,4,True,5,True,5,True,5,True,4,3.2726156561442585,2.7634387464715515,0.9976013242945257,0.9919141827018317,0.9963842930580155,0.9804799552446204,0.9932611929505489,0.871932655870121
599828.0,0.020422849769219317,3.4285714285714293,True,9,True,5,True,2,True,2,True,8,True,5,True,2,True,2,True,9,True,5,True,3,True,2,True,8,True,5,False,3,False,1,True,8,True,5,False,3,False,1,True,8,True,5,False,3,False,1,True,8,True,5,False,3,False,1,True,8,True,5,False,3,False,1,True,8,True,5,False,3,False,1,True,8,True,5,False,3,False,1,True,8,True,5,False,3,False,1,3.4285714285714275,1.7518257252427054,1.0,0.769863911439318,1.0,0.22174696614973757,1.0,0.22174696614973757
74727.0,0.8748324978907142,3.405957086835005,True,10,True,7,True,4,True,4,True,10,True,6,False,4,False,3,True,11,True,6,False,3,False,2,True,11,True,6,False,3,False,2,True,11,True,6,False,3,False,2,True,11,True,6,False,3,False,1,True,10,True,5,False,2,False,1,True,10,True,5,False,2,False,1,True,10,True,5,False,2,False,1,True,9,True,4,False,2,False,1,True,9,True,4,False,2,False,1,2.884330145915661,1.1755063089763165,0.9678160192811294,0.6345076355380019,0.9677765231306583,0.1247646384926408,0.6271451617289416,0.1247646384926408
1786008.0,0.01900838751302794,3.428571428571429,True,5,False,1,False,1,False,0,True,3,False,1,False,1,False,0,False,1,False,1,False,1,False,0,False,1,False,1,False,1,False,0,False,1,False,1,False,1,False,0,False,1,False,1,False,1,False,0,False,1,False,1,False,1,False,0,False,1,False,1,False,1,False,0,False,1,False,1,False,1,False,0,False,1,False,1,False,1,False,0,False,1,False,1,False,1,False,0,3.428571428571428,0.17066100917944083,1.1985847879384002,0.02438622507826672,1.1985847879384002,0.012964970333181223,0.009542127278159554,0.008564333856990796
52940.0,0.14985855377438087,0.9700795355140847,True,10,True,5,True,1,True,1,True,8,True,3,True,1,True,1,True,7,True,3,True,1,False,0,True,6,True,2,False,0,False,0,True,6,True,2,False,0,False,0,True,5,True,2,False,0,False,0,True,4,False,1,False,0,False,0,True,3,False,1,False,0,False,0,True,2,False,1,False,0,False,0,True,2,False,1,False,0,False,0,False,1,False,1,False,0,False,0,0.9458282235648795,0.5845355234118818,0.9242400447176848,0.39444543366393053,0.24206260122187837,0.24206260122187837,0.1653853852130363,0.1653853852130363
783360.0,0.11072509801975285,2.7066215043192536,True,7,True,6,True,3,True,3,True,8,True,6,True,3,True,3,True,9,True,5,True,2,True,2,True,11,True,5,True,2,True,1,True,11,True,4,True,2,True,1,True,12,True,3,True,2,True,1,True,11,True,3,True,2,True,1,True,11,True,3,True,1,True,1,True,11,True,2,True,1,True,1,True,9,True,2,True,1,True,1,True,8,True,2,True,1,True,1,2.1946974580128042,1.8016444306745878,0.9042230760034029,0.9042230760034029,0.7570274301111352,0.7570274301111352,0.6260455122813215,0.6260455122813215
1502881.0,0.002630403493969924,3.4285714285714293,True,3,True,2,True,2,True,2,True,3,True,2,True,2,True,2,True,3,True,2,True,2,True,2,True,3,True,2,True,2,True,2,True,3,True,2,True,2,True,2,True,3,True,2,True,2,True,2,True,4,True,2,True,2,True,2,True,4,True,2,True,2,True,2,True,4,True,2,True,2,True,2,True,4,True,2,True,2,True,2,True,6,True,3,True,2,True,2,3.428571428571429,3.4285714285714284,1.5159724783571091,1.0,1.0,1.0,1.0,1.0
261424.0,0.01404536205270733,3.4184687081341067,True,7,True,4,True,2,True,2,True,8,True,5,True,3,True,2,True,10,True,5,True,3,True,3,True,9,True,5,True,3,True,3,True,8,True,5,True,3,True,3,True,9,True,3,True,3,False,1,True,10,True,4,True,4,False,1,True,10,True,4,True,4,False,1,True,10,True,4,True,4,False,0,True,11,True,4,True,3,False,0,True,11,True,4,True,3,False,0,3.223874598070739,3.223874598070739,1.0,0.7999205355534097,1.0,0.7999205355534097,0.465755857204441,0.324517010514857
293838.0,0.4316591394113852,1.2832217927514848,True,9,True,3,True,3,True,2,True,9,True,6,True,3,True,2,True,11,True,5,False,2,False,2,True,9,False,3,False,2,False,1,True,7,False,2,False,1,False,1,False,6,False,2,False,1,False,1,False,5,False,1,False,1,False,1,False,4,False,1,False,1,False,1,False,4,False,1,False,1,False,0,False,2,False,0,False,0,False,0,False,2,False,0,False,0,False,0,0.8584748738382133,0.34166977931295894,0.5395757675265952,0.2037677143904716,0.5327752676175631,0.18958976935950841,0.4849047775022226,0.18958976935950841
536473.0,0.00786639535460817,3.4285714285714297,True,3,True,2,True,2,True,2,True,4,True,2,True,2,True,2,True,4,True,2,True,2,True,2,True,4,True,2,True,2,True,2,True,4,True,2,True,2,True,2,True,4,True,2,True,2,True,2,True,4,True,2,True,2,True,2,True,4,True,2,True,2,True,2,True,4,True,2,True,2,True,2,True,4,True,2,True,2,True,2,True,4,True,2,True,2,True,2,3.428571428571429,3.4285714285714275,1.0,1.0,1.0,1.0,1.0,1.0
485160.0,0.11397587969626284,3.3990803101102416,True,12,True,5,True,4,False,3,True,12,True,5,True,4,False,2,True,13,True,4,True,3,False,1,True,13,True,4,True,3,False,1,True,13,True,5,True,4,False,0,True,13,True,4,True,2,False,0,True,12,True,3,True,2,False,0,True,10,True,3,True,2,False,0,True,10,True,3,True,2,False,0,True,9,True,3,True,2,False,0,True,9,False,3,False,2,False,0,3.1447870994818965,0.7293196481032561,0.9414204478637959,0.57892213065725,0.9205827919786364,0.57892213065725,0.25983366312092315,0.07692536114946409
782610.0,0.08156732344036925,3.428571428571429,False,6,False,4,False,2,False,2,False,8,False,2,False,2,False,2,False,7,False,2,False,2,False,2,False,8,False,2,False,2,False,2,False,7,False,2,False,2,False,2,False,7,False,2,False,2,False,2,False,5,False,2,False,2,False,2,False,5,False,2,False,2,False,2,False,6,False,2,False,1,False,1,False,4,False,2,False,1,False,1,False,4,False,2,False,1,False,1,3.428571428571429,0.0,1.0,0.0,1.0,0.0,1.0,0.0
802404.0,0.10060052608069879,3.3559688137657657,True,7,True,4,True,4,True,3,True,8,True,5,True,4,True,3,True,9,True,6,True,4,True,4,True,10,True,6,True,4,True,4,True,11,True,5,True,3,True,3,True,10,True,5,True,3,True,3,True,9,True,5,True,3,True,3,True,9,True,5,True,3,True,3,True,8,True,5,True,3,False,2,True,8,True,4,True,3,False,2,True,8,True,4,True,3,False,2,2.10290869451215,2.10290869451215,0.9895191859215366,0.9161523684461929,0.9523652410010389,0.9161523684461929,0.9433213656325912,0.4821870375735854
101925.0,0.06717454960543948,3.4285714285714293,True,7,True,5,True,4,True,3,True,5,True,5,True,4,True,3,True,5,True,5,True,4,True,3,True,5,True,5,True,4,True,3,True,5,True,5,True,4,True,3,True,5,True,5,True,4,True,3,True,6,True,5,True,4,True,2,True,6,True,5,True,4,True,2,True,6,True,5,True,4,True,2,True,6,True,5,True,4,True,1,True,6,True,5,True,4,True,1,3.428490608563725,3.428061903953787,1.1753499723719474,1.0,0.9999930933544515,0.9999930933544515,0.9999930933544515,0.9999930933544515
58559.0,0.07856469303687529,2.07173379281358,False,5,False,2,False,2,False,2,False,4,False,2,False,2,False,2,False,4,False,2,False,2,False,2,False,4,False,2,False,2,False,2,False,3,False,2,False,2,False,2,False,4,False,3,False,2,False,1,False,4,False,3,False,2,False,1,False,4,False,3,False,2,False,1,False,4,False,3,False,2,False,1,False,4,False,3,False,2,False,1,False,4,False,3,False,2,False,1,1.0035055418058976,0.0,1.0,0.0,1.0,0.0,0.8776245854043269,0.0
189220.0,0.05697553228448062,3.4249378630811775,True,4,True,2,True,2,True,2,True,6,True,4,True,4,True,3,True,7,True,4,True,4,True,3,True,7,True,4,True,4,True,3,True,7,True,4,True,4,True,3,True,6,True,4,True,4,True,3,True,6,True,4,True,4,True,3,True,6,True,4,True,4,True,3,True,6,True,4,True,4,True,2,True,6,True,4,True,4,True,2,True,7,True,4,True,4,True,2,3.3480268555939547,3.30953352791516,1.0,1.0,1.0,1.0,0.9967350855693244,0.6105959866988699
5101.0,0.2604843912849273,2.3577622622981744,True,8,True,3,True,3,True,2,True,8,True,3,True,3,True,2,True,7,True,4,True,4,True,3,True,8,True,3,True,2,True,2,True,9,True,2,True,2,True,2,True,9,True,3,True,2,False,1,True,9,True,3,True,2,False,1,True,9,True,3,True,2,False,1,True,9,True,3,True,2,False,1,True,7,True,3,True,2,False,1,True,6,True,3,False,1,False,0,1.7696968457795235,1.5720769166326838,0.8894166346288467,0.8894166346288467,0.6411745372024323,0.5968072553048589,0.5530984289611538,0.3301311476325975
467834.0,0.01915727827683756,3.428571428571429,True,8,False,1,False,1,False,1,True,6,False,1,False,1,False,1,True,6,False,1,False,1,False,1,True,5,False,1,False,1,False,1,True,4,False,1,False,1,False,1,False,3,False,1,False,1,False,1,False,2,False,1,False,1,False,1,False,1,False,1,False,1,False,1,False,1,False,1,False,1,False,1,False,1,False,1,False,1,False,1,False,1,False,1,False,1,False,1,3.428571428571428,0.3138445455501789,1.6822483969033462,0.05930979782150852,1.0,0.027109303534400272,1.0,0.014500222123500724
845553.0,0.05707479279368703,3.3685881675149467,True,10,True,7,True,4,True,2,True,10,True,7,True,3,True,2,True,10,True,6,True,3,True,1,True,10,True,6,True,3,True,1,True,10,True,7,True,3,True,1,True,10,True,7,True,3,True,1,True,10,True,6,True,3,True,1,True,10,True,5,True,3,True,1,True,11,True,6,True,3,True,1,True,11,True,6,True,3,True,1,True,11,True,5,True,3,True,1,3.1176266090993976,1.0,1.5508000282494099,1.0,0.8751999797514469,0.8751999797514469,0.8751999797514469,0.8751999797514469
176312.0,0.01794133703905901,0.8239398970145476,True,8,False,0,False,0,False,0,True,6,False,0,False,0,False,0,True,4,False,0,False,0,False,0,True,3,False,0,False,0,False,0,True,2,False,0,False,0,False,0,True,1,False,0,False,0,False,0,True,1,False,0,False,0,False,0,False,0,False,0,False,0,False,0,False,0,False,0,False,0,False,0,False,0,False,0,False,0,False,0,False,0,False,0,False,0,False,0,0.42072386058981226,0.42072386058981226,0.03969817998446969,0.03564092822703435,0.03172600270392073,0.009784051042480828,0.015091618062060124,0.008057776944932543
210628.0,0.07839098714576406,2.321249400404267,False,4,False,4,False,3,False,2,False,4,False,4,False,3,False,2,False,4,False,4,False,3,False,1,False,4,False,4,False,2,False,1,False,4,False,4,False,2,False,1,False,4,False,4,False,2,False,1,False,5,False,3,False,1,False,1,False,5,False,3,False,1,False,1,False,5,False,2,False,1,False,1,False,5,False,2,False,1,False,1,False,5,False,2,False,1,False,1,1.0,0.0,1.0,0.0,1.0,0.0,0.7423449662662767,0.0
32444.0,0.3184773437887736,3.428569827387256,True,10,True,6,True,3,False,1,True,10,True,6,True,3,False,1,True,10,True,6,True,2,False,1,True,10,True,5,True,2,False,1,True,9,True,5,True,2,False,1,True,9,True,5,True,2,False,1,True,9,True,5,True,2,False,1,True,9,True,3,True,2,False,1,True,9,True,3,True,2,False,1,True,9,True,3,True,2,False,1,True,6,True,3,False,1,False,1,3.428375047264369,0.999991938067211,1.0,0.7120734263534908,1.0,0.5921432150417185,1.0,0.025633619447365006
773216.0,0.04479130477939352,3.25965319744818,True,7,True,5,True,4,True,2,True,8,True,5,True,4,True,2,True,9,True,5,True,4,True,1,True,7,True,4,True,4,True,1,True,8,True,5,True,5,True,2,True,8,True,5,True,5,True,2,True,8,True,5,True,5,True,2,True,8,True,5,True,5,True,2,True,8,True,5,True,5,True,2,True,8,True,5,True,5,True,2,True,8,True,5,True,5,False,1,3.180653379699948,3.180653379699948,0.9086194982086958,0.8487101034434772,0.906889614545216,0.8273272852373436,0.6929593885918864,0.5791796891938682
1772738.0,0.019380614422551987,3.4285714285714293,True,8,False,1,False,1,False,1,True,4,False,1,False,1,False,1,True,4,False,1,False,0,False,0,False,2,False,1,False,0,False,0,False,2,False,1,False,0,False,0,False,2,False,1,False,0,False,0,False,2,False,1,False,0,False,0,False,2,False,1,False,0,False,0,False,2,False,1,False,0,False,0,False,1,False,1,False,0,False,0,False,1,False,1,False,0,False,0,3.4285714285714275,0.21265266850807044,0.7862873814733771,0.05167041130844191,0.16863075315135376,0.005396542659813815,0.16863075315135376,0.0027950002128172176
307400.0,0.49704699985110923,2.121783128429169,True,14,False,3,False,3,False,2,True,11,False,3,False,2,False,1,True,9,False,3,False,2,False,1,True,8,False,3,False,2,False,1,True,8,False,2,False,2,False,1,True,8,False,2,False,2,False,0,True,6,False,2,False,2,False,0,False,5,False,2,False,2,False,0,False,5,False,2,False,2,False,0,False,5,False,2,False,2,False,0,False,7,False,1,False,0,False,0,1.3052226741180177,0.4355270134251345,0.7900396644153435,0.0967907080429626,0.5865618371041063,0.04175728330800993,0.3059783488358067,0.04175728330800993
119651.0,0.7829172663655765,0.43289932537241776,True,7,False,0,False,0,False,0,False,3,False,0,False,0,False,0,False,1,False,0,False,0,False,0,False,1,False,0,False,0,False,0,False,1,False,0,False,0,False,0,False,0,False,0,False,0,False,0,False,0,False,0,False,0,False,0,False,0,False,0,False,0,False,0,False,0,False,0,False,0,False,0,False,0,False,0,False,0,False,0,False,0,False,0,False,0,False,0,0.34509263912101706,0.1471885329704032,0.09732717011318544,0.08552151826116716,0.04091447086083124,0.04091447086083124,0.0010879650028430665,0.0006254638260030652
50685.0,0.05377438086257383,3.183301253640605,False,5,False,3,False,1,False,1,False,5,False,3,False,1,False,1,False,5,False,3,False,1,False,1,False,5,False,2,False,1,False,1,False,5,False,2,False,1,False,1,False,5,False,2,False,1,False,1,False,5,False,2,False,1,False,1,False,5,False,2,False,1,False,1,False,5,False,2,False,1,False,1,False,5,False,2,False,1,False,1,False,5,False,2,False,1,False,1,1.8524815185474626,0.0,1.0,0.0,1.0,0.0,0.9952002145488594,0.0
1726261.0,0.019182093404139164,3.428571428571429,True,7,False,2,False,1,False,1,True,6,False,2,False,1,False,1,False,3,False,2,False,1,False,1,False,3,False,1,False,1,False,1,False,2,False,1,False,1,False,1,False,2,False,1,False,1,False,0,False,2,False,1,False,1,False,0,False,2,False,1,False,1,False,0,False,2,False,1,False,1,False,0,False,2,False,1,False,1,False,0,False,1,False,1,False,1,False,0,3.428571428571429,0.1862687873923829,1.0,0.06951821645188343,0.7467998899796886,0.03636428257024203,0.3160738041997064,0.03636428257024203
123675.0,0.12707826691150925,3.33105350214316,True,8,True,7,True,4,True,2,True,9,True,8,True,4,True,2,True,11,True,9,True,4,True,2,True,10,True,8,True,4,True,2,True,10,True,7,True,4,True,2,True,10,True,7,True,4,True,1,True,10,True,6,True,3,True,1,True,10,True,6,True,3,True,1,True,9,True,6,True,3,True,1,True,9,True,6,True,3,False,0,True,10,True,6,False,1,False,0,2.8303646083963208,1.62728496831883,0.9997355118328302,0.9997355118328302,0.9385602075247902,0.5628611675048281,0.5136671510829025,0.5136671510829025
34834.0,0.051292868132413516,3.3858642824762506,True,6,True,6,True,6,True,4,True,9,True,6,True,5,True,4,True,9,True,7,True,5,True,3,True,8,True,7,True,5,True,3,True,8,True,7,True,5,True,3,True,9,True,7,True,5,True,2,True,11,True,6,True,4,True,2,True,12,True,6,True,3,True,2,True,12,True,6,True,3,True,2,True,13,True,7,True,3,True,2,True,12,True,6,True,3,True,2,3.3009173554786564,3.3009173554786564,0.999857680366017,0.999857680366017,0.9982121775669079,0.9929730078815825,0.9378371012156965,0.8783300582541529
237979.0,0.04191275001240757,2.9767619645106893,True,7,True,5,True,5,True,3,True,9,True,7,True,7,True,3,True,9,True,7,True,6,True,3,True,12,True,8,True,5,False,1,True,13,True,8,True,4,False,1,True,13,True,8,True,4,False,1,True,11,True,8,True,4,False,1,True,11,True,8,True,3,False,1,True,10,True,7,True,3,False,1,True,9,True,7,True,3,False,0,True,10,True,6,True,2,False,0,2.6844722194975144,1.0158239181634374,0.9950733485710989,0.9950733485710989,0.9950212647763201,0.9950212647763201,0.5470897119801325,0.24303865585927556
192266.0,0.543203136632091,2.5762704621219195,True,3,True,3,True,2,True,2,True,5,True,5,True,4,True,4,True,7,True,6,True,5,False,3,True,7,True,6,True,4,False,3,True,7,True,6,True,4,False,3,True,9,True,5,False,3,False,3,True,11,True,6,False,2,False,2,True,10,True,6,False,2,False,2,True,11,True,4,False,1,False,1,True,10,True,4,False,1,False,1,True,10,True,4,False,0,False,0,2.0228693406160883,1.4460986496052273,0.9886459062850926,0.9886459062850926,0.5517104120746179,0.31573638005822025,0.5517104120746179,0.17177410092337422
629496.0,0.09330487865402749,3.111241336980424,True,10,True,5,True,4,True,2,True,10,True,6,True,5,True,2,True,10,True,6,True,4,True,2,True,12,True,5,True,3,True,2,True,12,True,5,True,3,True,2,True,13,True,5,True,2,False,0,True,13,True,5,True,1,False,0,True,13,True,5,True,1,False,0,True,12,True,5,True,1,False,0,True,10,True,5,True,1,False,0,True,11,True,3,True,1,False,0,1.9295642287615002,0.9731674399103745,0.9552015008054394,0.9552015008054394,0.6613492393011379,0.6613492393011379,0.34066296029963616,0.34066296029963616
695.0,0.021341009479378628,3.428571428571429,True,12,True,4,True,1,True,1,True,11,True,3,True,1,True,1,True,8,True,1,True,1,True,1,True,8,True,1,True,1,True,1,True,8,True,1,True,1,True,1,True,5,True,1,True,1,True,1,True,4,True,1,True,1,True,1,True,2,True,1,True,1,True,1,True,2,True,1,True,1,True,1,True,2,True,1,True,1,True,1,True,2,True,1,True,1,True,1,3.4285714285714284,3.4285714285714284,1.0,1.0,1.0,1.0,1.0,1.0
252563.0,0.020497295151124126,2.1641362492133416,True,13,True,4,True,4,False,2,True,13,True,4,True,3,False,1,True,14,True,3,True,2,False,1,True,13,True,3,True,2,False,1,True,8,True,3,True,2,False,1,False,7,False,2,False,1,False,1,False,5,False,2,False,1,False,1,False,4,False,1,False,1,False,1,False,4,False,1,False,1,False,1,False,5,False,1,False,1,False,0,False,5,False,1,False,1,False,0,1.1728288231592194,0.3358229889894102,0.999186985004285,0.3272823184200982,0.999186985004285,0.310999405437544,0.537339247356822,0.017134919986460124
1949634.0,0.019901732095885652,3.4285714285714293,True,7,True,5,True,4,True,3,True,8,True,5,True,3,False,1,True,9,True,3,True,2,False,1,True,9,True,3,True,2,False,1,True,8,True,3,False,1,False,1,True,8,True,3,False,1,False,1,True,6,True,3,False,1,False,1,True,7,True,3,False,1,False,0,True,7,False,2,False,1,False,0,True,7,False,2,False,1,False,0,True,7,False,2,False,1,False,0,3.428571428571428,1.0,1.8917492611859703,0.46853405672126147,0.7708866242716018,0.2647849416990227,0.4422865026752591,0.13663215778085303
1541134.0,0.008511588664449848,3.4285714285714284,True,6,True,5,True,3,True,3,True,6,True,5,True,3,True,3,True,7,True,6,True,4,False,2,True,7,True,5,True,4,False,2,True,8,True,6,True,4,False,2,True,8,True,6,True,4,False,2,True,9,True,5,True,4,False,1,True,10,True,4,True,3,False,1,True,10,True,4,True,3,False,1,True,9,True,4,True,3,False,1,True,9,True,4,True,3,False,1,3.4281575597253653,3.1660289077817714,1.0,0.9969012689041233,0.9995931876620612,0.9953093237213593,0.6908189214140733,0.19862551589213734
362327.0,0.09288302148990024,2.2341483062417877,True,12,True,8,True,4,False,0,True,12,True,7,True,3,False,0,True,11,True,7,False,1,False,0,True,10,True,7,False,0,False,0,True,10,True,6,False,0,False,0,True,10,True,6,False,0,False,0,True,10,True,6,False,0,False,0,True,9,True,6,False,0,False,0,True,10,True,4,False,0,False,0,True,9,True,4,False,0,False,0,True,9,True,3,False,0,False,0,1.0,0.9321294346585312,0.6612383018988813,0.6612383018988813,0.2022816464387331,0.17901844921713353,0.08837300295955743,0.028304133551727163
360850.0,0.6698347312521713,3.03021626809822,True,5,True,5,True,5,True,4,True,7,True,7,True,6,True,5,True,7,True,7,True,6,True,4,True,8,True,7,True,5,True,3,True,9,True,7,True,5,True,2,True,9,True,6,True,4,True,2,True,11,True,5,True,2,True,1,True,10,True,5,True,1,True,1,True,9,True,5,True,1,True,1,True,9,True,5,True,1,True,1,True,9,True,5,True,1,True,1,2.1439533884157433,2.1439533884157433,0.988387414146133,0.988387414146133,0.9113157070418826,0.9113157070418826,0.9113157070418826,0.9113157070418826
789372.0,0.08625738250037222,3.4285714285714284,False,3,False,3,False,3,False,2,False,3,False,3,False,3,False,2,False,3,False,3,False,3,False,2,False,4,False,3,False,3,False,2,False,4,False,3,False,2,False,2,False,4,False,3,False,2,False,2,False,4,False,3,False,2,False,2,False,5,False,3,False,2,False,2,False,5,False,3,False,2,False,2,False,5,False,3,False,2,False,2,False,6,False,3,False,1,False,1,3.4285714285714284,0.0,1.0,0.0,1.0,0.0,1.0,0.0
54017.0,0.09464489552831407,3.1980425270205948,True,9,True,7,True,7,True,3,True,10,True,7,True,6,True,2,True,10,True,7,True,4,True,2,True,10,True,7,True,4,True,2,True,10,True,6,True,4,True,2,True,11,True,6,True,4,False,1,True,10,True,6,True,4,False,1,True,10,True,5,True,4,False,1,True,10,True,5,True,4,False,1,True,12,True,5,True,3,False,0,True,12,True,4,True,1,False,0,2.4363241381418894,2.4363241381418894,1.3782319967960344,1.3782319967960344,0.8082535019526547,0.8082535019526547,0.5252551356925921,0.3092588454016104
10196.0,0.7709067447516006,2.3785492748649344,True,7,True,5,True,2,True,2,True,8,True,3,False,1,False,1,True,7,True,3,False,1,False,1,True,5,True,3,False,1,False,1,True,6,True,2,False,1,False,1,True,5,True,2,False,1,False,1,True,4,False,1,False,1,False,1,True,5,False,1,False,1,False,1,True,5,False,1,False,1,False,1,True,5,False,1,False,1,False,1,True,5,False,1,False,1,False,1,2.3072829105874963,1.0,0.7110655106761746,0.38277150958048234,0.6884831565620128,0.13283229088271398,0.6847774424745574,0.12068956749951268
697168.0,0.061094843416546724,3.428378218289728,True,5,True,4,True,4,True,3,True,6,True,4,True,4,True,3,True,7,True,5,True,5,True,4,True,8,True,5,True,5,True,3,True,8,True,5,True,4,False,2,True,8,True,4,True,4,False,2,True,8,True,4,True,4,False,2,True,8,True,4,True,4,False,2,True,8,True,4,True,4,False,2,True,9,True,5,True,4,False,1,True,8,True,4,True,3,False,1,3.42793062193147,1.774888112960173,1.0,0.779057637470897,0.9963713270603164,0.779057637470897,0.9963713270603164,0.2987442289377916
724301.0,0.00478931956920939,3.4269911601682486,True,8,True,6,True,4,False,2,True,10,True,5,True,4,False,2,True,10,True,5,True,4,False,1,True,10,True,5,True,4,False,1,True,8,True,5,True,4,False,1,True,8,True,5,True,4,False,1,True,7,True,4,False,2,False,1,True,7,True,3,False,2,False,1,True,7,True,3,False,2,False,1,True,7,True,3,False,2,False,1,True,7,False,2,False,2,False,1,3.4005464421425624,1.1968632404410409,0.9999230637551427,0.5562377426676363,0.9999230576063358,0.3590161353797717,0.9730789865374057,0.09785999805011214
1490521.0,0.9968484788326964,2.751455406509855,True,11,True,7,True,4,False,1,True,12,True,5,False,3,False,1,True,12,True,4,False,2,False,1,True,14,False,2,False,2,False,1,True,14,False,1,False,1,False,0,True,10,False,1,False,1,False,0,True,9,False,1,False,1,False,0,True,7,False,1,False,1,False,0,True,7,False,1,False,1,False,0,True,7,False,1,False,1,False,0,True,7,False,1,False,1,False,0,1.707279338452546,0.7879534617081828,0.8636605144711097,0.21385826908845426,0.7046575952962546,0.11281334839965786,0.26785156704270896,0.03510858658397316
1797032.0,0.02094396744255298,3.4285714285714293,True,8,True,3,True,2,True,2,True,8,True,3,False,2,False,1,True,4,False,1,False,1,False,1,True,4,False,1,False,1,False,1,True,4,False,1,False,1,False,1,False,1,False,1,False,1,False,1,False,1,False,1,False,1,False,1,False,1,False,1,False,1,False,1,False,1,False,1,False,1,False,1,False,1,False,1,False,1,False,0,False,1,False,1,False,1,False,0,3.428571428571428,0.3157854368907217,1.1275643416635583,0.18046490223493136,0.6592798855242294,0.1494228821942182,0.5038457607934859,0.1494228821942182
1774073.0,0.018685790858107103,3.4285714285714293,True,7,False,1,False,1,False,1,True,7,False,1,False,1,False,1,True,5,False,1,False,1,False,1,True,5,False,1,False,0,False,0,True,5,False,1,False,0,False,0,False,4,False,1,False,0,False,0,False,3,False,1,False,0,False,0,False,3,False,1,False,0,False,0,False,3,False,1,False,0,False,0,False,2,False,0,False,0,False,0,False,2,False,0,False,0,False,0,3.428571428571428,0.32588748853835275,0.5100979259706149,0.05324766766414373,0.21642232842504094,0.018548682706102555,0.21642232842504094,0.013457710914203648
40367.0,0.020422849769219317,3.4285714285714293,True,2,True,2,True,2,True,2,True,2,True,2,True,2,True,2,True,2,True,2,True,2,True,2,True,3,True,3,True,3,True,3,True,3,True,3,True,3,True,3,True,3,True,3,True,3,True,3,True,3,True,3,True,3,True,3,True,4,True,4,True,4,True,4,True,4,True,4,True,4,True,3,True,4,True,4,True,4,True,3,True,5,True,5,True,5,True,3,3.4285714285714275,1.0,1.0,1.0,1.0,1.0,1.0,0.816606285659911
336767.0,0.055412179264479625,3.1648314461994898,True,6,True,5,True,5,True,4,True,7,True,5,True,5,True,3,True,8,True,6,True,6,True,3,True,8,True,6,True,6,True,3,True,8,True,6,True,5,True,3,True,8,True,6,True,5,True,3,True,9,True,6,True,5,True,2,True,9,True,5,True,3,True,2,True,8,True,5,True,3,True,2,True,9,True,5,True,3,True,2,True,9,True,4,True,2,True,1,2.8061536099217275,2.385029485220131,0.9768473015155034,0.9768473015155034,0.9543575711563271,0.9543575711563271,0.8847795782010187,0.8847795782010187
1605.0,0.998684798253015,1.9518404600881067,True,6,True,3,True,2,True,2,True,4,True,2,True,2,True,1,True,2,True,2,True,2,True,1,True,2,True,2,True,2,True,1,True,2,True,2,True,2,True,1,True,2,True,2,True,2,True,1,True,2,True,2,True,2,True,1,True,2,True,2,True,2,False,0,True,2,True,2,True,2,False,0,True,2,True,2,True,1,False,0,True,2,True,2,True,1,False,0,1.3378081123812744,0.872715504041247,0.8475396304870049,0.8475396304870049,0.7141263664257911,0.7141263664257911,0.4297641985168751,0.4297641985168751
479987.0,0.09442155938259963,3.2262462776921796,True,7,True,5,True,5,True,4,True,10,True,7,True,5,True,2,True,10,True,6,True,5,True,2,True,10,True,6,True,5,True,2,True,10,True,5,True,5,True,2,True,10,True,5,True,5,True,2,True,10,True,5,True,2,True,2,True,11,True,5,True,1,True,1,True,12,True,5,True,1,True,1,True,11,True,4,True,1,True,1,True,11,True,4,True,1,True,1,1.5869691554867706,0.990248557700301,0.8262135850092986,0.8214606353606492,0.8180118266262767,0.8180118266262767,0.6407184733364774,0.6407184733364774
1777860.0,0.019430244677155192,3.4285714285714293,True,6,False,2,False,2,False,2,True,5,False,2,False,2,False,1,True,5,False,2,False,2,False,1,False,3,False,2,False,2,False,1,False,3,False,2,False,2,False,1,False,3,False,2,False,1,False,0,False,3,False,1,False,1,False,0,False,3,False,1,False,1,False,0,False,3,False,1,False,1,False,0,False,3,False,1,False,1,False,0,False,2,False,1,False,1,False,0,3.428571428571428,0.21059185031975852,1.0377927429892453,0.0829025319799252,0.6466494780845579,0.004349552681662073,0.30607738363484205,0.004349552681662073
1825722.0,0.4635465779939451,3.4285714285714297,True,8,True,4,False,1,False,1,True,8,True,3,False,1,False,1,True,6,True,3,False,1,False,1,True,5,True,3,False,1,False,1,True,5,True,3,False,1,False,1,True,5,True,3,False,1,False,1,True,4,False,2,False,1,False,1,True,4,False,1,False,1,False,1,True,4,False,1,False,1,False,1,True,4,False,1,False,1,False,1,True,3,False,1,False,1,False,1,3.428571428571429,0.7545371661005702,1.0566274127987716,0.3931888830984101,1.0,0.010661473641316668,1.0,0.005519732127948913
1552279.0,0.0035981934587324435,3.4285714285714293,True,7,True,4,False,2,False,2,True,9,False,3,False,2,False,1,True,8,False,3,False,2,False,1,True,7,False,3,False,1,False,1,True,6,False,2,False,1,False,1,True,5,False,2,False,1,False,1,True,5,False,2,False,1,False,1,True,5,False,2,False,1,False,1,True,4,False,2,False,1,False,1,True,4,False,2,False,1,False,1,True,4,False,2,False,1,False,1,3.428571428571429,0.8958377917001813,1.0,0.1102748636753674,1.0,0.06380371439464091,1.0,0.0438770855057352
1580.0,0.9968484788326964,2.365358535033757,True,6,True,5,False,3,False,1,True,6,True,5,False,3,False,1,True,5,True,3,False,2,False,0,True,4,True,3,False,2,False,0,True,3,True,3,False,2,False,0,True,3,True,3,False,1,False,0,True,3,True,3,False,1,False,0,True,3,True,3,False,1,False,0,True,3,True,3,False,1,False,0,True,3,True,3,False,1,False,0,True,3,True,3,False,0,False,0,1.6798308096895875,1.5273650911219603,0.9288622196268361,0.7725770038343818,0.5587366451473863,0.0619889643614702,0.15167521898504238,0.00015505188760173277
50506.0,0.23611593627475308,2.651554239403005,True,12,True,5,True,3,False,1,True,12,True,5,True,3,False,1,True,11,True,5,True,2,False,0,True,11,True,5,True,2,False,0,True,11,True,5,True,2,False,0,True,11,True,5,True,2,False,0,True,7,True,5,True,2,False,0,True,6,True,4,True,1,False,0,True,6,True,4,True,1,False,0,True,6,True,3,True,1,False,0,True,6,True,3,True,1,False,0,1.6703103785346542,0.743447814020523,0.708533579891188,0.6604232867505744,0.6175605501001435,0.6175605501001435,0.18232915231909635,0.015202189066601202
426653.0,0.004218571641272519,3.428571428571429,True,5,True,4,True,4,True,2,True,6,True,4,True,3,True,2,True,5,True,4,True,3,True,2,True,4,True,4,True,3,True,2,True,6,True,6,True,5,True,3,True,7,True,5,True,5,True,3,True,7,True,5,True,5,True,3,True,9,True,6,True,5,True,3,True,12,True,7,True,3,True,1,True,12,True,6,True,3,True,1,True,11,True,5,True,3,True,1,3.3764058506106216,3.3678227842913118,1.0,0.9905545015376556,1.0,0.8192594226170375,1.0,0.8192594226170375
347498.0,0.028289245123827484,3.42841530627983,True,6,True,3,True,3,True,3,True,6,True,4,True,4,True,4,True,6,True,5,True,5,True,3,True,6,True,5,True,4,True,3,True,8,True,5,True,4,True,2,True,9,True,5,True,4,True,2,True,9,True,5,True,4,True,2,True,9,True,4,True,3,True,2,True,8,True,4,True,3,True,2,True,8,True,4,True,3,True,2,True,10,True,4,True,2,True,2,3.0500301647572807,1.0267956795947464,1.0,0.9940558837771591,1.0,0.8010227094308455,0.8778525143737611,0.6977822770644239
1610935.0,0.0036230085860340464,3.428571428571429,True,9,True,4,False,3,False,3,True,9,True,5,False,3,False,2,True,9,False,4,False,3,False,2,True,9,False,3,False,3,False,2,True,8,False,3,False,3,False,2,True,6,False,3,False,3,False,2,True,6,False,3,False,3,False,2,True,7,False,2,False,2,False,1,True,7,False,2,False,2,False,1,True,7,False,2,False,2,False,1,True,7,False,2,False,2,False,1,3.428571428571428,0.8091193848765083,1.0,0.16905952625621043,1.0,0.023195559526854287,1.0,0.0219898772307746
1729328.0,0.01962876569556802,3.428571428571429,True,8,True,2,False,1,False,1,True,8,True,2,False,1,False,1,True,8,True,2,False,1,False,1,True,6,False,1,False,1,False,1,True,5,False,1,False,1,False,1,False,3,False,1,False,1,False,1,False,2,False,1,False,1,False,1,False,1,False,1,False,1,False,1,False,1,False,1,False,1,False,1,False,1,False,1,False,1,False,1,False,1,False,1,False,1,False,1,3.4285714285714284,0.32662789853680196,2.2384148572437894,0.201112322439826,1.075132648433057,0.01659023665057361,0.8476122841149158,0.01659023665057361
697388.0,0.144349595513425,3.3903185693683966,True,12,True,7,False,4,False,4,True,12,True,7,False,4,False,4,True,14,True,6,False,4,False,3,True,14,True,6,False,4,False,3,True,13,True,6,False,4,False,2,True,13,True,6,False,4,False,2,True,12,True,6,False,4,False,2,True,13,True,5,False,3,False,1,True,13,True,4,False,3,False,0,True,13,True,4,False,3,False,0,True,13,True,4,False,2,False,0,3.137673242300241,2.804244782277349,0.9881139189359602,0.8408365460867149,0.983824788045366,0.06717396764286036,0.49282401415536936,0.06717396764286036
1998963.0,0.012879051069531987,3.4285714285714297,False,1,False,1,False,1,False,1,False,1,False,1,False,1,False,1,False,1,False,1,False,1,False,1,False,1,False,1,False,1,False,1,False,1,False,1,False,1,False,1,False,1,False,1,False,1,False,1,False,1,False,1,False,1,False,1,False,1,False,1,False,1,False,1,False,2,False,1,False,1,False,1,False,2,False,1,False,1,False,1,False,2,False,1,False,1,False,1,3.4285714285714284,0.0,1.0,0.0,1.0,0.0,1.0,0.0
1609878.0,0.0036478237133356494,3.4285714285714284,True,4,True,3,True,3,False,2,True,5,True,4,True,4,False,3,True,5,True,4,True,4,False,3,True,5,True,4,True,4,False,3,True,5,False,3,False,3,False,3,True,6,False,3,False,3,False,3,True,6,False,3,False,3,False,3,True,6,False,3,False,3,False,3,True,6,False,3,False,3,False,3,True,6,False,3,False,3,False,3,True,6,False,3,False,3,False,3,3.4285714285714284,0.709669021941242,1.0,0.27956704698277723,1.0,0.27956704698277723,1.0,0.03701955023956906
766771.0,0.09615861829371185,3.270131853621947,True,13,True,8,True,5,False,1,True,12,True,8,True,5,False,1,True,12,True,8,True,5,False,1,True,12,True,8,True,5,False,1,True,13,True,7,True,4,False,1,True,13,True,7,True,4,False,1,True,12,True,7,True,4,False,1,True,12,True,7,True,4,False,1,True,12,True,6,True,4,False,1,True,12,True,6,True,4,False,0,True,12,True,5,True,2,False,0,2.5591490660027336,2.032639995524999,0.9907750997115726,0.9870849036114462,0.9831439330995365,0.9831439330995365,0.5421801768900762,0.022977308445246952
163701.0,0.09064966003275597,3.406027165332502,True,6,True,5,True,4,True,3,True,8,True,4,True,3,True,3,True,7,True,4,True,3,True,3,True,8,True,5,True,3,True,3,True,8,True,5,True,3,True,3,True,8,True,5,True,3,True,3,True,8,True,5,True,3,True,3,True,9,True,5,True,3,True,3,True,8,True,5,True,3,True,3,True,7,True,5,True,3,True,3,True,7,True,5,True,3,True,3,2.7083781038278483,1.2616716278137556,0.9725547960576648,0.9725547960576648,0.9725547960576648,0.9725547960576648,0.8003221332586502,0.8003221332586502
216556.0,0.012159412377785499,3.4285714285714293,True,6,True,5,True,3,True,3,True,6,True,4,True,3,True,3,True,6,True,5,True,4,False,2,True,6,True,5,True,4,False,2,True,6,True,5,True,4,False,2,True,6,True,5,True,4,False,2,True,9,True,7,True,3,False,2,True,9,True,7,True,3,False,2,True,9,True,7,True,3,False,2,True,9,True,7,True,3,False,2,True,9,True,7,True,3,False,2,3.428571428571428,1.0,1.0,0.9992171423602385,1.0,0.8968491441608715,1.0,0.1615367831975104
651026.0,0.06367561665591344,3.4031511141260955,True,6,True,5,True,5,True,4,True,7,True,6,True,5,True,4,True,7,True,6,True,5,True,4,True,7,True,6,True,5,True,4,True,9,True,7,True,4,True,3,True,9,True,6,True,4,True,3,True,10,True,5,True,4,True,2,True,11,True,6,True,5,True,2,True,11,True,6,True,5,True,2,True,11,True,6,True,5,True,2,True,10,True,6,True,5,True,2,3.3681130486092288,2.5731651404527014,1.1384205953344655,0.9902860336608768,0.9902651752861343,0.9902651752861343,0.6230323395018288,0.6150833416228039
638144.0,0.0038215296044468708,3.4285714285714293,True,3,True,3,True,3,True,3,True,6,True,5,True,4,True,2,True,7,True,5,True,2,True,2,True,7,True,4,True,2,False,1,True,7,True,3,False,1,False,1,True,6,True,3,False,1,False,1,True,6,True,3,False,1,False,1,True,6,True,2,False,1,False,1,True,5,True,2,False,1,False,1,True,5,True,2,False,1,False,1,True,5,True,2,False,1,False,1,3.4285714285714293,1.642986386351887,1.2270866979885477,0.6383105778887652,1.0,0.29242666218374375,1.0,0.23930377668308705
212646.0,0.08906149188545337,3.1767220682952577,True,8,True,4,True,3,True,3,True,9,True,3,True,3,True,3,True,8,True,3,True,3,True,3,True,9,True,4,True,4,True,3,True,9,True,4,True,4,True,3,True,12,True,6,True,3,True,3,True,12,True,6,True,3,True,3,True,12,True,6,True,3,True,3,True,10,True,5,True,3,True,2,True,10,True,5,True,3,True,2,True,10,True,5,True,3,True,2,2.607588354043375,0.9994024332673614,2.0298710767754136,0.9961681488003438,0.9837347379951231,0.9837347379951231,0.8297390113054551,0.8297390113054551
446563.0,0.07174053302893443,3.3600591598036895,True,9,True,7,False,3,False,3,True,9,True,6,False,3,False,3,True,9,True,5,False,3,False,3,True,9,True,5,False,2,False,2,True,10,True,5,False,1,False,1,True,9,True,5,False,1,False,1,True,10,True,4,False,1,False,1,True,8,True,4,False,1,False,1,True,8,True,4,False,1,False,1,True,7,True,4,False,1,False,1,True,7,True,4,False,1,False,1,2.9302302834370617,0.9995852582626983,0.999328309499929,0.999328309499929,0.9486757181810507,0.07610101148744187,0.9220436021673173,0.07610101148744187
99839.0,0.09454563501910765,3.428571428571429,True,11,True,6,False,2,False,2,True,11,True,5,False,2,False,2,True,12,True,5,False,3,False,2,True,10,True,5,False,3,False,2,True,9,True,5,False,3,False,1,True,10,False,4,False,1,False,0,True,8,False,3,False,1,False,0,True,8,False,3,False,1,False,0,True,6,False,3,False,1,False,0,True,6,False,2,False,0,False,0,True,5,False,2,False,0,False,0,1.614339462089528,1.0649845708709942,1.0,0.3217933345429202,0.5121758110784991,0.008872945734803924,0.318470942738875,0.008872945734803924
792059.0,0.688669412874088,3.057093103679701,True,8,True,3,True,3,True,3,True,7,True,3,True,3,False,2,True,8,True,3,True,3,False,2,True,9,True,4,True,3,False,2,True,9,True,3,True,3,False,1,True,9,True,3,True,3,False,1,True,8,True,3,True,3,False,1,True,7,True,3,True,3,False,1,True,6,True,3,True,3,False,1,True,7,False,2,False,2,False,1,True,6,False,2,False,1,False,1,2.756693597791971,2.393520824876922,0.8754860470753125,0.5143069527577507,0.7983343294855556,0.5143069527577507,0.6916611596646814,0.14231144336531457
407623.0,0.031713732691448705,3.4285714285714293,True,4,True,4,True,4,True,4,True,6,True,5,True,4,True,4,True,7,True,6,True,3,True,3,True,7,True,6,True,3,True,3,True,8,True,6,True,3,True,2,True,10,True,3,True,3,True,2,True,11,True,3,True,2,True,1,True,11,True,3,True,2,True,1,True,10,True,2,True,2,True,1,True,10,True,2,True,2,True,1,True,9,True,2,True,2,True,1,2.334272215586896,2.334272215586896,1.0,1.0,1.0,1.0,1.0,1.0
272278.0,0.44275150131520175,3.428568997224397,True,9,True,5,True,4,True,4,True,10,True,6,False,3,False,3,True,12,True,5,False,2,False,2,True,12,True,5,False,2,False,2,True,12,True,5,False,2,False,2,True,12,True,5,False,2,False,2,True,11,True,5,False,2,False,2,True,9,True,3,False,2,False,2,True,9,True,3,False,2,False,1,True,9,True,3,False,1,False,1,True,9,True,3,False,1,False,1,2.454035529600273,0.936264920264977,0.9999975852596734,0.7079064462670548,0.7566654284296987,0.14067218791353145,0.644037757135078,0.10754853287780655
351082.0,0.07908581071020894,2.8036112459128395,True,6,True,3,True,3,True,3,True,6,True,3,True,3,True,3,True,6,True,3,True,3,True,3,True,7,True,4,True,3,True,3,True,6,True,3,True,3,True,3,True,8,True,3,True,3,False,2,True,7,True,3,False,2,False,2,True,7,True,3,False,2,False,2,True,8,True,3,False,1,False,1,True,8,True,3,False,1,False,1,True,8,True,2,False,1,False,1,1.9081643465776161,1.1337051379053802,0.8106820410481957,0.6121898814483511,0.8106820410481957,0.37723100312679286,0.7451400526241798,0.30754651594634175
565727.0,0.9739689314606184,2.995774982098637,True,6,True,5,True,4,True,3,True,7,True,4,True,4,True,3,True,8,True,3,True,3,True,3,True,6,True,3,True,3,True,3,True,6,True,3,True,3,True,3,True,7,True,4,True,3,True,3,True,6,True,3,True,3,True,3,True,4,True,3,True,3,True,3,True,3,True,3,True,3,True,3,True,3,True,3,True,3,True,3,True,3,True,3,True,3,True,3,2.8237440858429244,2.8237440858429244,0.8490523539149726,0.8490523539149726,0.838343790022623,0.7581980179102987,0.7581980179102987,0.7581980179102987
741902.0,0.05809221301305276,3.3777872834626943,True,5,True,4,True,3,True,2,True,6,True,4,True,3,True,2,True,6,True,3,True,3,True,2,True,6,True,3,True,3,True,2,True,9,True,6,True,4,False,2,True,10,True,7,True,4,False,2,True,10,True,7,True,4,False,2,True,10,True,6,False,3,False,2,True,10,True,5,False,3,False,2,True,10,True,5,False,3,False,2,True,11,True,5,False,2,False,1,3.13877402969647,2.1058728870613965,0.8981885650916873,0.8473044624521503,0.8314721867466418,0.4005393452522852,0.7977363450360815,0.2889095322688726
309074.0,0.003871159859050077,3.4285714285714293,True,7,True,5,False,2,False,1,True,6,True,4,False,2,False,1,True,8,True,4,False,1,False,1,True,8,True,4,False,1,False,1,True,6,False,3,False,1,False,1,True,6,False,2,False,1,False,1,True,5,False,2,False,1,False,1,True,5,False,2,False,1,False,1,True,4,False,2,False,1,False,1,True,4,False,2,False,1,False,1,True,4,False,2,False,1,False,1,3.428571428571428,1.2658715965104117,1.0,0.281748375664501,1.0,0.06678599877592312,1.0,0.0419697967475138
1709568.0,0.01915727827683756,3.428571428571429,True,7,True,2,False,1,False,1,True,5,False,1,False,1,False,1,True,5,False,1,False,1,False,1,True,4,False,1,False,1,False,1,False,2,False,1,False,1,False,1,False,2,False,1,False,1,False,1,False,1,False,1,False,1,False,1,False,1,False,1,False,1,False,1,False,1,False,1,False,1,False,1,False,1,False,1,False,1,False,0,False,1,False,1,False,1,False,0,3.428571428571429,0.2980354665329773,1.3231850117096018,0.12547310976146456,1.0,0.05297809770442882,0.539051433824564,0.01190788803798524
155199.0,0.09330487865402749,3.3978808168787125,True,11,True,6,True,5,True,3,True,12,True,6,True,4,False,2,True,11,True,6,True,4,False,2,True,10,True,6,True,4,False,1,True,10,True,5,True,3,False,1,True,10,True,5,True,2,False,1,True,10,True,5,True,2,False,1,True,8,True,4,True,2,False,1,True,7,True,4,True,2,False,1,True,7,True,4,True,2,False,1,True,7,True,4,True,2,False,1,2.4352027152093196,2.4352027152093196,1.6101188017180796,1.6101188017180796,0.8604589622597156,0.7534556377813807,0.7283006791660361,0.13826467749379434
78471.0,0.9989577646533326,1.427846496256215,True,9,True,6,False,1,False,1,True,7,True,4,False,1,False,1,True,6,True,3,False,1,False,1,True,5,True,3,False,0,False,0,True,5,True,2,False,0,False,0,True,3,True,2,False,0,False,0,True,3,False,0,False,0,False,0,True,3,False,0,False,0,False,0,True,3,False,0,False,0,False,0,True,3,False,0,False,0,False,0,True,2,False,0,False,0,False,0,0.8181463836316692,0.8181463836316692,0.3777869928708572,0.3777869928708572,0.24781716857115033,0.0293862699224692,0.24529590747706037,0.0293862699224692
1762176.0,0.018710605985408704,3.4285714285714293,True,10,False,1,False,1,False,1,True,9,False,1,False,1,False,1,True,7,False,1,False,1,False,1,True,4,False,1,False,1,False,1,True,3,False,1,False,1,False,1,False,2,False,1,False,1,False,1,False,2,False,1,False,1,False,1,False,1,False,1,False,1,False,1,False,1,False,1,False,1,False,1,False,1,False,1,False,1,False,1,False,1,False,1,False,1,False,1,3.428571428571428,0.3075768438032082,0.9580211831568072,0.08594717396483866,0.7665112868590584,0.04270542137194297,0.6203039546045775,0.004624527223451344
1772684.0,0.018859496749218323,3.4285714285714293,True,7,False,1,False,1,False,0,True,4,False,1,False,1,False,0,True,3,False,1,False,1,False,0,True,2,False,1,False,1,False,0,False,1,False,1,False,1,False,0,False,1,False,1,False,1,False,0,False,1,False,1,False,1,False,0,False,1,False,1,False,1,False,0,False,1,False,1,False,1,False,0,False,1,False,1,False,1,False,0,False,1,False,1,False,1,False,0,3.428571428571428,0.28633477923644823,0.890550813058132,0.017776402427493218,0.6074767209995794,0.008794123065824791,0.09846559020907134,0.0014999472991489562
1578084.0,0.004243386768574123,3.428571428571429,True,9,True,7,True,5,True,3,True,11,True,8,True,4,True,3,True,11,True,8,True,4,True,3,True,13,True,6,False,2,False,2,True,13,True,5,False,2,False,2,True,12,True,5,False,2,False,2,True,12,True,5,False,2,False,2,True,12,True,5,False,2,False,2,True,12,True,5,False,2,False,2,True,11,False,4,False,2,False,1,True,11,False,4,False,2,False,1,3.4227982793751415,2.7826144687780556,1.0,0.5021153992604563,1.0,0.21626016226854217,0.9347679097887029,0.21626016226854217
1646074.0,0.017990967293662216,3.428571428571428,True,6,False,1,False,1,False,1,True,5,False,1,False,1,False,1,True,5,False,1,False,1,False,1,False,2,False,1,False,1,False,1,False,1,False,1,False,1,False,1,False,1,False,1,False,1,False,1,False,1,False,1,False,1,False,1,False,1,False,1,False,1,False,1,False,1,False,1,False,1,False,1,False,1,False,1,False,1,False,1,False,1,False,1,False,1,False,1,3.428571428571428,0.2035621338066201,1.3055343648794528,0.004769242057377748,1.0,0.0014088948916419516,1.0,0.0014088948916419516
427500.0,0.3873641371780237,2.760916921128891,True,7,True,7,True,6,True,4,True,8,True,8,True,7,False,3,True,10,True,9,True,4,False,1,True,11,True,8,True,3,False,1,True,11,True,7,True,2,False,1,True,11,True,7,False,1,False,1,True,11,True,6,False,1,False,1,True,11,True,5,False,1,False,1,True,12,False,2,False,0,False,0,True,12,False,1,False,0,False,0,True,11,False,1,False,0,False,0,1.7382684249806324,1.1624229780327662,0.6398722074976146,0.4535777066955823,0.4698512183408784,0.3463268905438432,0.4698512183408784,0.1435667977994369
20150.0,0.07732393667179513,3.308105136176003,True,7,True,5,True,4,True,3,True,10,True,7,True,5,False,2,True,10,True,6,True,4,False,2,True,10,True,6,True,4,False,2,True,11,True,7,True,4,False,2,True,11,True,7,True,4,False,2,True,12,True,8,True,3,False,1,True,12,True,7,True,3,False,1,True,12,True,7,True,3,False,1,True,12,True,6,True,3,False,1,True,12,True,6,True,3,False,0,2.7416270697561065,0.993621825961293,0.9930603953657275,0.9930603953657275,0.855698758188749,0.6189440541306829,0.5801550668190358,0.13220290445663535
7516.0,0.12223931708769666,3.3706338537436946,True,9,True,7,True,4,False,2,True,9,True,7,True,4,False,2,True,10,True,7,True,3,False,2,True,10,True,6,True,3,False,2,True,10,True,5,True,3,False,2,True,11,True,4,True,3,False,2,True,10,True,4,True,3,False,2,True,9,True,4,True,3,False,2,True,9,True,4,True,3,False,1,True,9,True,4,True,3,False,1,True,10,True,5,True,3,False,0,3.077269553557376,2.263018667382023,1.9537012518259826,0.9998818639381104,0.9982583076983369,0.9982583076983369,0.5737587820245363,0.07383831210375441
1714479.0,0.017817261402550993,3.4285714285714284,True,5,False,2,False,2,False,2,True,4,False,2,False,2,False,2,True,3,False,2,False,2,False,2,False,2,False,2,False,2,False,2,False,2,False,2,False,2,False,2,False,3,False,2,False,2,False,1,False,4,False,1,False,1,False,1,False,4,False,1,False,1,False,1,False,2,False,1,False,1,False,1,False,2,False,1,False,1,False,1,False,2,False,1,False,1,False,1,3.4285714285714284,0.24795496626482544,1.261333594438461,0.03839528338509314,1.0,0.022483115599398883,0.9838897304787066,0.022483115599398883
378176.0,0.21231822919251575,1.4156404221734047,True,14,True,6,False,0,False,0,True,10,True,2,False,0,False,0,True,9,True,2,False,0,False,0,True,9,True,1,False,0,False,0,True,9,True,1,False,0,False,0,True,9,True,1,False,0,False,0,True,8,True,1,False,0,False,0,True,7,True,1,False,0,False,0,True,6,True,1,False,0,False,0,True,4,True,1,False,0,False,0,True,4,True,1,False,0,False,0,0.8749149615968185,0.8749149615968185,0.7714556283080086,0.7714556283080086,0.06594277463813554,0.049747961826272565,0.03554817243450179,0.009259582504382202
1524388.0,0.13683061194103927,2.2961784072186298,True,13,True,4,True,2,True,2,True,11,True,3,True,2,True,2,True,12,True,4,True,3,True,2,True,11,True,4,True,3,True,2,True,10,True,3,True,3,False,0,True,10,True,3,True,3,False,0,True,9,True,3,True,2,False,0,True,7,True,3,True,2,False,0,True,6,True,3,True,2,False,0,True,5,True,2,True,2,False,0,True,4,True,2,True,2,False,0,1.6217743606612027,0.9956745145950554,0.973963464577472,0.973963464577472,0.9689383516892687,0.9689383516892687,0.2930252595527341,0.2844670751622547
1785616.0,0.01908283289493275,3.4285714285714293,True,5,False,1,False,1,False,0,True,3,False,1,False,1,False,0,False,1,False,1,False,1,False,0,False,2,False,1,False,0,False,0,False,2,False,1,False,0,False,0,False,2,False,1,False,0,False,0,False,2,False,1,False,0,False,0,False,1,False,1,False,0,False,0,False,1,False,1,False,0,False,0,False,1,False,1,False,0,False,0,False,1,False,1,False,0,False,0,3.428571428571428,0.1772128869084901,1.4370982142857143,0.022799436579368136,0.21937521937521937,0.008570298714289,0.07775135662459608,0.004765663171345913
11587.0,0.06759640676956673,3.4171239955870214,True,5,True,3,True,3,True,3,True,7,True,5,True,5,True,4,True,7,True,5,True,5,True,4,True,7,True,5,True,5,True,4,True,7,True,5,True,5,True,4,True,9,True,6,True,4,True,3,True,10,True,5,True,4,True,3,True,10,True,5,True,4,False,1,True,11,True,4,True,4,False,1,True,11,True,4,True,4,False,1,True,11,True,4,True,4,False,1,3.1621497170060193,1.9660841536254814,0.9674827640303204,0.9673782462256239,0.9639631316568747,0.9639631316568747,0.7793040315578317,0.41672856527534025
295922.0,0.014765000744453818,3.4285714285714293,True,7,True,3,True,3,True,2,True,7,True,3,True,3,False,1,True,7,True,3,True,3,False,1,True,7,True,3,True,3,False,1,True,6,True,3,True,3,False,1,True,5,True,3,True,3,False,1,True,7,True,4,True,4,False,2,True,7,True,4,True,4,False,2,True,7,True,4,True,3,False,2,True,7,True,4,True,3,False,2,True,7,True,4,True,3,False,2,3.428571428571428,0.9912554819943095,1.0,0.7206929663137648,1.0,0.6890155234556415,1.0,0.12622032044558065
1787109.0,0.01915727827683756,3.4285714285714293,True,7,True,4,False,1,False,1,True,6,True,2,False,1,False,1,True,6,False,1,False,1,False,1,True,4,False,1,False,1,False,1,True,3,False,1,False,1,False,1,True,3,False,1,False,1,False,1,False,1,False,1,False,1,False,0,False,1,False,1,False,1,False,0,False,1,False,1,False,1,False,0,False,1,False,1,False,1,False,0,False,1,False,1,False,1,False,0,3.428571428571428,0.3549810844892812,1.6072902707049046,0.1957071125089665,0.8493827706901832,0.059119290491309776,0.3963602106564522,0.05377022440241312
151737.0,0.572212020447665,1.3400150615009914,True,12,True,3,True,1,False,0,True,11,True,2,True,1,False,0,True,8,True,1,False,0,False,0,True,6,True,1,False,0,False,0,True,3,True,1,False,0,False,0,True,3,True,1,False,0,False,0,True,2,True,1,False,0,False,0,True,2,True,1,False,0,False,0,True,2,True,1,False,0,False,0,True,2,False,0,False,0,False,0,True,2,False,0,False,0,False,0,0.7554667382810634,0.7267945819270142,0.5271404441869008,0.5271404441869008,0.1806095346473811,0.1806095346473811,0.03377748640410154,0.03377748640410154
292756.0,0.17080252121693384,3.4285714285714293,True,9,True,5,True,4,True,4,True,7,True,5,True,4,True,4,True,7,True,6,True,3,True,3,True,8,True,4,True,3,True,3,True,8,True,4,True,3,False,2,True,8,True,3,True,3,False,2,True,8,True,3,True,3,False,2,True,8,True,3,True,3,False,1,True,7,True,3,True,3,False,1,True,8,True,3,True,2,False,1,True,7,True,3,True,2,False,1,3.404176957565523,0.9771140431685001,1.0676604751636054,0.9617820494584528,1.0,0.605313434553278,1.0,0.2996987518538943
1672.0,0.5578192466127351,3.340754184879433,True,12,True,8,True,3,True,2,True,12,True,7,True,3,True,2,True,11,True,7,True,3,True,2,True,11,True,7,True,3,False,1,True,10,True,7,True,3,False,0,True,9,True,6,True,3,False,0,True,9,True,6,True,3,False,0,True,9,True,6,True,3,False,0,True,8,True,6,True,3,False,0,True,8,True,6,True,3,False,0,True,8,True,5,True,3,False,0,2.898385061216119,0.9970124665024556,1.9189465806075299,0.996197376440969,0.996197376440969,0.996197376440969,0.26180081467772,0.24067998096479576
1509561.0,0.005409697751749466,3.428571428571429,True,7,True,6,True,5,False,3,True,8,True,5,True,4,False,3,True,9,True,5,True,4,False,2,True,8,True,4,True,4,False,2,True,8,True,4,True,4,False,2,True,8,True,4,True,4,False,2,True,8,True,4,True,4,False,2,True,10,False,3,False,3,False,1,True,9,False,3,False,3,False,1,True,8,False,3,False,3,False,1,True,7,False,3,False,3,False,1,3.428571428571429,1.464762751183747,1.0,0.4428303979757002,1.0,0.4428303979757002,0.7792494481236204,0.04145718444092704
1788919.0,0.018685790858107103,3.4285714285714293,False,3,False,1,False,1,False,1,False,3,False,1,False,1,False,1,False,2,False,1,False,1,False,1,False,2,False,1,False,1,False,0,False,1,False,1,False,1,False,0,False,1,False,1,False,1,False,0,False,1,False,1,False,1,False,0,False,1,False,1,False,1,False,0,False,1,False,1,False,1,False,0,False,1,False,1,False,1,False,0,False,1,False,1,False,1,False,0,3.428571428571428,0.03179065296926351,1.2062718442586222,0.0021770534497141444,0.8040877810992754,0.001395627433363335,0.22944489327572673,0.0011003673667428278
608891.0,0.02263139609906199,3.4285714285714293,True,5,True,5,True,5,True,4,True,6,True,5,True,4,True,3,True,8,True,6,True,5,True,3,True,8,True,5,True,5,True,3,True,8,True,5,True,4,True,3,True,8,True,5,True,4,True,3,True,8,True,5,True,4,True,2,True,8,True,5,True,3,True,2,True,9,True,3,True,2,True,2,True,10,True,2,True,2,True,2,True,9,True,2,True,2,True,2,3.4237518649842835,1.3351082629831283,1.0,1.0,1.0,0.9988657758242363,1.0,0.9988657758242363
587344.0,0.04144126259367711,3.4285714285714293,False,4,False,2,False,2,False,2,False,4,False,2,False,2,False,2,False,4,False,2,False,2,False,2,False,4,False,2,False,2,False,2,False,4,False,2,False,2,False,2,False,4,False,2,False,2,False,2,False,4,False,2,False,2,False,1,False,3,False,2,False,2,False,1,False,3,False,2,False,2,False,1,False,3,False,2,False,2,False,1,False,3,False,2,False,2,False,1,3.428571428571428,0.0,1.0,0.0,1.0,0.0,1.0,0.0
1675171.0,0.01962876569556802,3.428571428571429,True,5,True,3,False,2,False,1,True,6,False,2,False,1,False,0,True,5,False,2,False,1,False,0,True,5,False,2,False,1,False,0,True,4,False,1,False,1,False,0,False,3,False,1,False,1,False,0,False,3,False,1,False,1,False,0,False,3,False,1,False,1,False,0,False,3,False,1,False,1,False,0,False,3,False,1,False,1,False,0,False,2,False,1,False,1,False,0,3.428571428571429,0.33331189159054847,1.0,0.13182017637741342,1.0,0.004709619886300364,0.12832714806472031,0.004709619886300364
300547.0,0.889721574271676,2.9759555787714267,True,9,True,4,True,3,True,3,True,8,True,4,True,3,True,3,True,7,True,3,True,3,True,3,True,5,True,3,True,3,True,3,True,5,True,3,True,3,True,3,True,5,True,3,True,3,True,2,True,5,True,3,True,3,True,1,True,5,True,3,True,3,True,1,True,7,True,3,False,1,False,0,True,7,True,2,False,1,False,0,True,7,False,1,False,0,False,0,2.377596110881494,0.7760342883583969,0.7930361198358334,0.5942822667223563,0.5621642259941191,0.4908614569316585,0.4908614569316585,0.4908614569316585
4380.0,0.7394411633331679,1.0287468766118337,True,8,True,2,True,2,True,1,True,8,True,2,True,2,True,1,True,5,True,2,True,1,True,1,True,5,True,2,True,1,True,1,True,3,True,1,True,1,True,1,True,3,True,1,True,1,True,1,True,3,True,1,True,1,True,1,True,3,True,1,True,1,True,1,True,1,True,1,True,1,False,0,True,1,True,1,True,1,False,0,True,1,True,1,True,1,False,0,1.0,1.0,1.0,1.0,1.0,1.0,0.46375000159799756,0.46375000159799756
1731135.0,0.01759392525683657,3.4285714285714293,False,5,False,5,False,4,False,2,False,5,False,5,False,3,False,2,False,5,False,5,False,3,False,2,False,5,False,5,False,3,False,2,False,5,False,4,False,3,False,2,False,5,False,4,False,3,False,2,False,5,False,4,False,3,False,2,False,5,False,4,False,3,False,2,False,5,False,4,False,3,False,2,False,6,False,5,False,4,False,1,False,6,False,5,False,4,False,1,3.4285714285714284,0.0,1.0,0.0,1.0,0.0,1.0,0.0
1508996.0,0.04685096034542657,3.418310292999401,True,5,True,5,True,5,True,3,True,5,True,5,True,5,True,3,True,5,True,5,True,3,True,3,True,5,True,5,True,3,True,3,True,6,True,4,True,3,True,3,True,7,True,5,True,3,True,3,True,7,True,5,True,3,True,2,True,9,True,7,True,5,True,3,True,9,True,7,True,5,True,2,True,9,True,5,True,5,True,2,True,9,True,5,True,4,False,1,3.406055233657458,3.2393665237330005,1.1102361526003408,0.9344136081845326,0.9179723661331718,0.8437776023520567,0.6911452817615147,0.5707516189490809
1582851.0,0.16189389051565833,3.4285714285714284,True,4,True,3,False,2,False,1,True,3,True,3,False,2,False,1,True,3,True,3,False,1,False,1,True,3,True,3,False,1,False,1,True,3,True,3,False,1,False,1,True,3,False,2,False,1,False,1,True,3,False,2,False,1,False,1,True,3,False,1,False,1,False,1,True,3,False,1,False,1,False,1,True,3,False,1,False,1,False,1,True,3,False,1,False,1,False,1,3.4285714285714284,0.8020182783094337,1.0,0.3454087968748569,1.0,0.02521168114299187,1.0,0.02521168114299187
342342.0,0.06451933098416796,2.462553466094165,True,10,True,5,True,4,True,2,True,10,True,4,True,3,True,2,True,11,True,4,True,3,True,2,True,12,True,4,True,2,True,2,True,12,True,4,True,2,True,2,True,13,True,4,True,2,True,1,True,11,True,4,True,2,True,1,True,10,True,5,True,2,True,1,True,10,True,5,True,1,True,1,True,10,True,5,True,1,True,1,True,10,True,5,False,0,False,0,2.1165897644966285,0.984684301297991,0.9444651477110745,0.9444651477110745,0.5626467244614082,0.5626467244614082,0.5626467244614082,0.5626467244614082
770926.0,0.220929078366172,1.9922417068876208,True,8,True,6,True,4,True,3,True,8,True,5,True,3,True,2,True,9,True,5,True,2,True,1,True,8,True,5,True,2,True,1,True,8,True,3,True,2,True,1,True,8,True,3,True,2,True,1,True,9,True,2,True,1,True,1,True,8,True,1,False,0,False,0,True,6,True,1,False,0,False,0,True,5,True,1,False,0,False,0,True,5,True,1,False,0,False,0,1.2880578714834103,0.8602213261512117,0.6176356631824287,0.6176356631824287,0.41986982394233646,0.41986982394233646,0.41986982394233646,0.41986982394233646
322201.0,0.7885254851357387,3.004778025908663,True,9,True,3,True,2,False,1,True,4,True,2,True,2,False,0,True,3,True,2,True,2,False,0,True,3,True,2,True,2,False,0,True,3,True,2,True,2,False,0,True,2,True,2,True,2,False,0,True,2,True,2,True,2,False,0,True,2,True,2,True,2,False,0,True,2,True,2,True,2,False,0,True,2,True,2,True,1,False,0,True,2,True,2,False,0,False,0,1.6204065925564677,0.8941103573015361,0.85509566280836,0.828876317366782,0.5962096894861306,0.5962096894861306,0.10944628417764005,0.04836210236966938
1641193.0,0.008561218919053055,3.4285714285714293,True,3,True,3,True,2,True,2,True,3,True,3,True,2,True,2,True,3,True,3,True,2,True,2,True,3,True,2,True,2,True,2,True,3,True,2,True,2,True,2,True,3,True,2,True,2,True,2,True,3,True,2,True,2,True,2,True,3,True,2,True,2,True,2,True,3,True,2,True,2,True,2,True,3,True,2,True,2,True,2,True,3,True,2,True,2,True,2,3.4285714285714293,0.9956745298112625,1.0,0.9883678396176412,1.0,0.8218474365833667,1.0,0.7067085938746053
1594338.0,0.01915727827683756,3.4285714285714293,True,6,True,3,True,3,False,2,True,6,True,3,True,3,False,2,True,6,True,3,True,3,False,2,True,8,True,2,False,1,False,1,True,7,True,2,False,1,False,1,True,5,True,2,False,1,False,1,True,3,True,2,False,1,False,1,True,3,True,2,False,1,False,1,True,3,False,1,False,1,False,1,True,3,False,1,False,1,False,1,False,2,False,1,False,1,False,1,3.428571428571429,0.5800194707233151,2.446294307196563,0.45451534376092967,1.4438682237063016,0.20415344024002177,1.0553656869446344,0.02104266199221681
25910.0,0.20673482554965508,1.7881425365310513,True,11,True,4,False,1,False,0,True,10,True,3,False,1,False,0,True,9,True,3,False,1,False,0,True,8,True,3,False,1,False,0,True,7,False,1,False,1,False,0,True,6,False,1,False,0,False,0,True,6,False,1,False,0,False,0,True,5,False,1,False,0,False,0,True,4,False,1,False,0,False,0,True,3,False,1,False,0,False,0,True,3,False,0,False,0,False,0,1.3453271207921569,1.3453271207921569,0.58475932825902,0.26064849158890374,0.3274644354986783,0.04218524736623529,0.05497512833534555,0.01808544879832598
520084.0,0.2053203632934637,3.3245737904091235,True,8,True,4,True,4,True,4,True,8,True,4,True,4,True,4,True,8,True,4,True,4,True,3,True,9,True,5,True,5,True,2,True,10,True,5,True,4,True,2,True,9,True,5,True,4,True,2,True,9,True,5,True,4,True,2,True,8,True,4,True,4,True,2,True,8,True,4,True,4,True,2,True,7,True,4,True,4,True,2,True,7,True,4,True,4,True,2,3.073368560598197,1.3703791924858244,1.4574257036943896,0.9242566322676501,1.020899117897932,0.8947391346948321,0.8657064781915259,0.8657064781915259
1553020.0,0.0031763362946051915,3.428571428571429,True,6,True,3,True,2,False,1,True,6,True,4,True,4,False,1,True,6,False,3,False,3,False,1,True,6,False,3,False,3,False,1,True,6,False,3,False,2,False,1,True,6,False,3,False,2,False,1,True,6,False,3,False,2,False,1,False,4,False,3,False,2,False,1,False,4,False,3,False,2,False,1,False,4,False,3,False,2,False,1,False,3,False,3,False,2,False,1,3.428571428571429,0.438146695285323,1.1382195612700596,0.18299149369603804,1.0,0.18299149369603804,1.0,0.07054406405695483
230535.0,0.7057918507121942,0.4833196887159948,True,8,True,2,False,1,False,0,True,3,False,0,False,0,False,0,True,3,False,0,False,0,False,0,True,2,False,0,False,0,False,0,False,1,False,0,False,0,False,0,False,1,False,0,False,0,False,0,False,0,False,0,False,0,False,0,False,0,False,0,False,0,False,0,False,0,False,0,False,0,False,0,False,0,False,0,False,0,False,0,False,0,False,0,False,0,False,0,0.37045788184678896,0.29474202848589603,0.13697176278870177,0.12063177269021481,0.13051195805129268,0.04170548772131837,0.09101660162709177,0.036904251080393566
737244.0,0.18254007643059209,2.652851871455352,True,11,True,8,True,5,True,1,True,11,True,8,True,5,True,1,True,12,True,5,True,4,False,0,True,12,True,5,True,2,False,0,True,11,True,4,True,2,False,0,True,11,True,3,True,2,False,0,True,10,True,3,False,1,False,0,True,10,True,3,False,0,False,0,True,9,True,3,False,0,False,0,True,7,True,3,False,0,False,0,True,7,False,1,False,0,False,0,1.7129199662673837,1.7129199662673837,0.8811048360451479,0.5654673687475588,0.41737971594299567,0.37072754584334405,0.17822070381100086,0.17822070381100086
1559006.0,0.0037222690952404586,3.428571428571429,True,8,True,5,False,3,False,3,True,9,True,6,False,2,False,2,True,10,True,5,False,2,False,2,True,10,True,5,False,2,False,2,True,11,True,5,False,2,False,1,True,11,False,4,False,2,False,1,True,10,False,4,False,2,False,1,True,10,False,3,False,1,False,1,True,10,False,3,False,1,False,1,True,8,False,3,False,1,False,1,True,8,False,3,False,1,False,1,2.688277464973157,0.6316605018494451,1.3579418344519014,0.3066087010800619,1.0,0.0779845053296813,1.0,0.0779845053296813
512788.0,0.8373120254106904,2.2852029887525838,True,12,True,5,False,3,False,2,True,11,True,5,False,3,False,2,True,10,True,5,False,3,False,2,True,12,True,5,False,3,False,0,True,10,True,5,False,3,False,0,True,9,True,4,False,2,False,0,True,8,True,3,False,1,False,0,True,8,True,3,False,0,False,0,True,7,True,2,False,0,False,0,True,7,True,2,False,0,False,0,True,5,True,1,False,0,False,0,1.7017498423922104,0.7421731096259268,0.6208505243519707,0.6208505243519707,0.42614456739390194,0.07781007022428774,0.21925978178051275,0.02254271402881741
1492124.0,0.0771750459079855,3.392327192353772,True,6,True,5,True,4,True,3,True,6,True,5,True,4,True,3,True,7,True,6,True,5,True,3,True,10,True,8,True,7,False,2,True,12,True,7,True,7,False,2,True,11,True,7,True,7,False,2,True,12,True,7,True,7,False,1,True,12,True,7,True,7,False,1,True,12,True,7,True,7,False,1,True,12,True,6,True,6,False,1,True,11,True,6,True,6,False,1,3.2876910579808265,3.2876910579808265,0.978561109530797,0.9386120401846507,0.9365618541894121,0.9174505834603577,0.669463121742671,0.21619544475542699
1599657.0,0.003474117822224428,3.4285714285714293,True,5,True,2,False,1,False,1,True,5,True,2,False,1,False,1,True,7,False,2,False,2,False,2,True,7,False,2,False,2,False,2,True,6,False,2,False,2,False,2,True,6,False,3,False,3,False,2,True,6,False,4,False,3,False,2,True,6,False,3,False,3,False,2,True,6,False,3,False,3,False,2,True,6,False,3,False,3,False,2,False,5,False,3,False,3,False,2,3.4285714285714284,0.5721115847575118,1.0,0.16747094121102762,1.0,0.0434299957062219,1.0,0.02088154095607932
773340.0,0.1664350588118517,1.8705925521811309,True,11,True,4,True,3,True,2,True,12,True,4,True,2,True,2,True,12,True,3,True,2,True,2,True,11,True,3,False,1,False,1,True,11,True,3,False,0,False,0,True,11,True,2,False,0,False,0,True,10,True,2,False,0,False,0,True,9,True,2,False,0,False,0,True,7,False,0,False,0,False,0,True,5,False,0,False,0,False,0,True,5,False,0,False,0,False,0,1.0709936706590806,0.9678025361219927,0.4959963096586542,0.4959963096586542,0.2605527952786716,0.20315707601536567,0.2605527952786716,0.20315707601536567
849128.0,0.13683061194103927,3.428547767777485,True,9,True,3,True,2,True,2,True,8,True,4,True,2,True,2,True,8,True,4,True,2,True,2,True,6,True,4,True,2,True,2,True,7,True,3,True,2,True,2,True,6,True,2,True,2,True,2,True,5,True,2,True,2,True,2,True,6,True,2,True,2,True,2,True,6,True,2,True,2,True,2,True,6,True,2,True,2,True,2,True,6,True,2,True,2,True,2,3.4279857795977193,2.6824212201055393,1.0,0.9813211653315478,1.0,0.9813211653315478,0.9998670474399394,0.9799206732920889
1631778.0,0.01794133703905901,3.4285714285714293,True,10,False,2,False,1,False,1,True,7,False,2,False,1,False,1,False,3,False,2,False,1,False,1,False,3,False,2,False,1,False,1,False,3,False,2,False,1,False,1,False,3,False,2,False,1,False,1,False,3,False,2,False,1,False,0,False,4,False,2,False,0,False,0,False,4,False,1,False,0,False,0,False,3,False,1,False,0,False,0,False,3,False,1,False,0,False,0,3.428571428571429,0.18116677334249195,1.0,0.04839069442183766,0.44922645141836565,0.04839069442183766,0.3792094031418294,0.016084637880612398
652805.0,0.0041689413866693135,3.428571428571429,True,6,True,3,True,3,True,2,True,9,False,3,False,2,False,1,True,8,False,3,False,2,False,1,True,6,False,1,False,1,False,1,True,6,False,1,False,1,False,1,True,6,False,1,False,1,False,1,True,5,False,1,False,1,False,1,True,4,False,1,False,1,False,1,True,3,False,1,False,1,False,1,False,2,False,1,False,1,False,1,False,2,False,1,False,1,False,1,3.428571428571429,0.5348585672000534,1.0,0.13808245512106232,1.0,0.11671609784237619,1.0,0.11671609784237619
715837.0,0.1469551838800933,3.235807579727217,True,11,True,6,True,4,True,3,True,12,True,6,True,4,True,3,True,12,True,6,True,4,True,3,True,11,True,6,False,3,False,1,True,12,False,5,False,3,False,0,True,10,False,5,False,3,False,0,True,12,False,3,False,2,False,0,True,11,False,3,False,2,False,0,True,11,False,3,False,1,False,0,True,9,False,2,False,0,False,0,True,9,False,1,False,0,False,0,2.2196783011174293,0.8380097705316102,0.7197838126216873,0.2940483563303993,0.5128145602351257,0.24667131080145394,0.2880923010582456,0.24667131080145394
1571584.0,0.01801578242096382,3.4285714285714293,True,7,False,1,False,1,False,1,True,6,False,1,False,1,False,1,True,5,False,1,False,1,False,1,True,5,False,1,False,1,False,1,True,4,False,1,False,1,False,1,False,2,False,1,False,1,False,1,False,1,False,1,False,1,False,1,False,1,False,1,False,1,False,1,False,1,False,1,False,1,False,1,False,1,False,1,False,1,False,1,False,1,False,1,False,1,False,1,3.428571428571428,0.3380839137081706,2.08518730409418,0.02699092882185987,1.0,0.011742896108726577,1.0,0.0019966983342040575
1790878.0,0.020224328750806493,3.4285714285714293,True,5,True,2,False,1,False,1,True,5,False,1,False,1,False,1,True,5,False,1,False,1,False,0,True,5,False,1,False,1,False,0,True,3,False,1,False,1,False,0,True,2,False,1,False,1,False,0,True,2,False,1,False,1,False,0,False,1,False,1,False,1,False,0,False,2,False,1,False,0,False,0,False,2,False,1,False,0,False,0,False,2,False,1,False,0,False,0,3.428571428571428,0.42877039750421525,1.2700470751865625,0.11615550870885419,0.4526551098738875,0.0232057524386734,0.18676242812586202,0.013204645798627733
557088.0,0.13045312422452726,1.2744090290021854,True,14,True,2,False,0,False,0,True,11,False,0,False,0,False,0,True,10,False,0,False,0,False,0,True,9,False,0,False,0,False,0,True,6,False,0,False,0,False,0,True,4,False,0,False,0,False,0,True,4,False,0,False,0,False,0,True,2,False,0,False,0,False,0,False,1,False,0,False,0,False,0,False,1,False,0,False,0,False,0,False,0,False,0,False,0,False,0,0.5855347136582939,0.47644417605750405,0.1462533121140679,0.11311038305413036,0.029450229783905376,0.0037046021974911567,0.004221425153707418,0.0037046021974911567
256808.0,0.05754628021241749,3.2976661855821163,True,4,True,3,True,2,True,2,True,4,True,3,True,2,True,2,True,6,True,5,True,3,True,3,True,8,True,4,True,3,True,2,True,8,True,4,True,2,True,1,True,7,True,4,True,2,True,1,True,7,True,4,True,2,True,1,True,7,True,3,True,2,True,1,True,8,True,4,True,3,True,1,True,8,True,4,True,3,True,1,True,9,True,5,True,4,True,1,2.663222898328245,2.663222898328245,0.975108115298965,0.9539577171793369,0.9539577171793369,0.9539577171793369,0.8686496811044241,0.8686496811044241
1535285.0,0.009181597101593131,3.4283541176869496,True,6,True,3,True,2,True,2,True,6,True,4,True,3,True,3,True,8,True,4,True,4,True,4,True,10,True,4,True,4,False,3,True,11,True,4,True,4,False,2,True,11,True,5,True,4,False,1,True,12,True,6,True,4,False,1,True,12,True,6,True,4,False,0,True,12,True,5,True,3,False,0,True,12,True,5,True,3,False,0,True,11,True,5,True,2,False,0,3.4081760934406327,0.998236732624529,1.0,0.9971683247716895,0.9996211491872192,0.9971325181411357,0.4053773482517032,0.21780616773279862
1789496.0,0.019330984167948782,3.4285714285714293,True,7,False,2,False,1,False,0,True,5,False,1,False,1,False,0,False,4,False,1,False,1,False,0,False,2,False,1,False,1,False,0,False,1,False,1,False,1,False,0,False,1,False,1,False,1,False,0,False,1,False,1,False,1,False,0,False,1,False,1,False,1,False,0,False,1,False,1,False,1,False,0,False,1,False,1,False,1,False,0,False,1,False,1,False,1,False,0,3.428571428571428,0.16134011624005043,1.280868110136403,0.014402761894023515,0.6156204666248568,0.007843515128155815,0.007843515128155815,0.007843515128155815
617379.0,0.4352077026155144,2.0337870198659798,True,14,True,4,False,3,False,2,True,11,True,4,False,3,False,2,True,12,True,5,False,2,False,0,True,10,True,5,False,2,False,0,True,11,True,3,False,1,False,0,True,11,False,2,False,1,False,0,True,10,False,2,False,1,False,0,True,11,False,0,False,0,False,0,True,10,False,0,False,0,False,0,True,7,False,0,False,0,False,0,True,7,False,0,False,0,False,0,1.0094308054925645,0.8223512712520398,0.4374982397503638,0.34217032009225,0.43487119019013837,0.03796834002202127,0.16585362261066908,0.03796834002202127
1802574.0,0.01908283289493275,3.4285714285714293,True,10,False,2,False,2,False,2,True,6,False,2,False,2,False,2,True,7,False,2,False,1,False,1,False,6,False,1,False,1,False,1,False,5,False,1,False,1,False,0,False,4,False,1,False,1,False,0,False,3,False,1,False,1,False,0,False,3,False,1,False,0,False,0,False,2,False,1,False,0,False,0,False,2,False,1,False,0,False,0,False,2,False,1,False,0,False,0,3.428571428571428,0.2021095420416687,1.0629510325367695,0.03720717881586714,0.40537830409665365,0.005583937269811043,0.26311810127671986,0.005583937269811043
482558.0,0.4032954489056529,3.2998153060065656,True,8,True,4,False,2,False,2,True,8,False,2,False,2,False,2,True,7,False,2,False,2,False,2,True,5,False,2,False,2,False,2,True,4,False,2,False,2,False,2,True,4,False,2,False,2,False,2,True,4,False,2,False,2,False,2,True,4,False,3,False,3,False,3,True,4,False,3,False,3,False,3,True,5,False,4,False,3,False,2,False,4,False,4,False,2,False,2,2.9807980864241586,0.5908079390711156,0.9890241347541883,0.10968967099729306,0.9883939375202637,0.09310912994374361,0.9061628408116915,0.007766415627197534
277442.0,0.06461859149337436,3.2929233594415566,True,8,True,7,True,5,True,3,True,9,True,7,True,5,True,3,True,9,True,7,True,5,True,2,True,10,True,7,True,4,False,1,True,10,True,7,True,4,False,1,True,11,True,8,True,5,False,1,True,11,True,8,True,5,False,1,True,12,True,6,True,5,False,0,True,12,True,6,False,3,False,0,True,12,True,6,False,3,False,0,True,12,True,5,False,1,False,0,2.689096298652518,1.2520971397802683,2.3201365220353978,0.9992532683605406,0.6094724772337867,0.4621655245508623,0.4181419783710672,0.20434755690852136
1732661.0,0.01980247158667924,3.428571428571429,True,8,False,1,False,1,False,1,True,7,False,1,False,1,False,0,False,4,False,1,False,1,False,0,False,2,False,1,False,1,False,0,False,2,False,1,False,1,False,0,False,1,False,1,False,1,False,0,False,1,False,1,False,1,False,0,False,1,False,1,False,1,False,0,False,1,False,1,False,1,False,0,False,1,False,1,False,1,False,0,False,1,False,1,False,1,False,0,3.428571428571429,0.17160249926742346,1.2608601373328514,0.047552729784192206,1.0,0.047552729784192206,0.10021669135560637,0.031137491113947913
1196.0,0.642910318129932,3.428571428571429,True,4,True,1,True,1,True,1,True,3,True,1,True,1,True,1,True,2,True,1,True,1,True,1,True,1,True,1,True,1,True,1,True,1,True,1,True,1,True,1,True,1,True,1,True,1,True,1,True,1,True,1,True,1,True,1,True,1,True,1,True,1,True,1,True,1,True,1,True,1,True,1,True,1,True,1,True,1,True,1,True,1,True,1,True,1,True,1,3.428571428571429,3.428571428571429,1.0,1.0,1.0,1.0,1.0,1.0
828433.0,0.018760236240011913,2.742294473937927,True,9,True,4,False,3,False,2,True,9,True,4,False,2,False,2,True,9,False,3,False,2,False,2,True,9,False,2,False,2,False,1,True,7,False,2,False,2,False,1,False,6,False,2,False,2,False,1,False,4,False,2,False,2,False,1,False,3,False,2,False,2,False,1,False,3,False,2,False,2,False,1,False,3,False,2,False,2,False,1,False,3,False,2,False,2,False,0,2.410809335569329,0.34431530685132994,0.7384658772566435,0.1968772234959285,0.6688605031236893,0.03493798354414826,0.5733552179156527,0.008163792427505966
32493.0,0.13295945208198917,3.343865626890963,True,13,True,6,True,5,False,2,True,13,True,6,True,5,False,1,True,13,True,5,True,4,False,1,True,12,True,5,True,4,False,1,True,12,True,5,True,4,False,1,True,12,True,5,True,4,False,1,True,11,True,5,True,4,False,1,True,11,True,5,True,4,False,1,True,11,True,5,False,3,False,0,True,10,True,5,False,2,False,0,True,10,True,5,False,2,False,0,2.982860458811881,1.117848406585928,1.9491329031804734,0.6386791429796417,0.9169794710118453,0.4518890452287435,0.45483940687070934,0.041360093877141964
309720.0,0.043054245868281306,3.428566248772961,True,6,True,4,True,4,True,4,True,6,True,4,True,4,True,4,True,6,True,4,True,4,True,4,True,6,True,4,True,4,True,4,True,8,True,4,True,3,True,3,True,8,True,4,True,3,True,3,True,8,True,4,True,3,True,3,True,8,True,4,True,3,True,3,True,8,True,4,True,3,True,3,True,8,True,4,True,3,True,3,True,10,True,5,True,4,True,3,3.424998059467221,3.3854827531055074,1.0366999747522017,0.9989695005401811,1.0,0.9981565527422236,0.7682709447415329,0.7173367392463311
827750.0,0.14484589805945705,2.9788431931018313,True,7,True,6,True,2,False,1,True,9,True,7,True,4,False,3,True,9,True,7,True,4,False,3,True,10,True,7,True,3,False,2,True,9,True,7,True,3,False,2,True,10,True,6,True,3,False,2,True,10,True,6,False,2,False,2,True,10,True,5,False,2,False,2,True,8,True,4,False,2,False,1,True,6,True,3,False,2,False,1,True,6,True,3,False,2,False,1,2.25065547644695,1.0,0.9737249843938611,0.8834828265943481,0.8796700474017145,0.3773487319356381,0.7867835291696249,0.02658222310027712
1680797.0,0.01965358082286962,3.428571428571429,True,6,True,2,False,1,False,1,True,5,False,1,False,1,False,1,True,4,False,1,False,1,False,1,True,3,False,1,False,1,False,1,True,3,False,1,False,1,False,1,False,2,False,1,False,1,False,1,False,2,False,1,False,1,False,1,False,2,False,1,False,1,False,1,False,1,False,1,False,1,False,1,False,1,False,1,False,1,False,1,False,1,False,1,False,1,False,1,3.428571428571429,0.3129418961451561,1.0318111184333634,0.12172686062447459,1.0,0.07729905416171598,0.7376758995368723,0.0030582875772758554
76020.0,0.044245371978758254,2.6357050377503963,False,11,False,1,False,1,False,1,False,11,False,1,False,1,False,1,False,10,False,1,False,1,False,1,False,8,False,1,False,1,False,1,False,8,False,1,False,1,False,1,False,6,False,1,False,1,False,1,False,6,False,1,False,1,False,1,False,6,False,1,False,1,False,1,False,5,False,1,False,1,False,1,False,5,False,1,False,1,False,1,False,4,False,1,False,1,False,1,1.7358961956636032,0.0,1.0,0.0,1.0,0.0,0.8818054983761036,0.0
280995.0,0.11836815722864659,3.428364023077492,True,4,True,2,True,2,True,2,True,4,True,2,True,2,True,2,True,4,True,2,True,2,True,2,True,5,True,2,True,2,True,2,True,6,True,3,True,3,True,2,True,7,True,4,True,4,True,3,True,7,True,4,True,4,True,3,True,7,True,4,True,4,True,3,True,7,True,4,True,4,True,3,True,7,True,4,True,4,True,3,True,8,True,4,True,4,True,3,3.379013962169351,3.379013962169351,0.9985968297754081,0.9896294193709498,0.9983399300612176,0.983528542588765,0.9797781767074453,0.9128726791623172
7782.0,0.05575959104670207,0.9956011966385178,True,14,False,1,False,0,False,0,True,9,False,0,False,0,False,0,True,8,False,0,False,0,False,0,True,6,False,0,False,0,False,0,True,5,False,0,False,0,False,0,True,4,False,0,False,0,False,0,True,4,False,0,False,0,False,0,True,2,False,0,False,0,False,0,True,2,False,0,False,0,False,0,True,2,False,0,False,0,False,0,False,0,False,0,False,0,False,0,0.5949058904573522,0.5877396839708064,0.13315664696199528,0.014124407202373138,0.016503890292494564,0.010012714558169178,0.013341685244737327,0.004272581351233002
758759.0,0.09921087895180902,3.278036278844355,True,7,True,4,True,3,True,3,True,7,True,4,True,3,True,3,True,6,True,4,True,3,True,2,True,6,True,3,True,3,True,2,True,6,True,3,True,3,True,2,True,6,True,3,True,3,True,2,True,6,True,3,True,3,True,2,True,7,True,4,True,3,True,1,True,7,True,4,True,3,True,1,True,7,True,4,True,3,True,1,True,7,True,4,True,3,True,1,2.793165332392822,1.2879445836525265,0.9833496060122229,0.9751869981337875,0.977535303318715,0.6782748993869254,0.6782748993869254,0.6782748993869254
546509.0,0.00389597498635168,3.428571428571428,True,9,True,3,False,2,False,2,True,8,False,2,False,2,False,2,True,8,False,2,False,2,False,2,True,8,False,2,False,2,False,2,True,8,False,2,False,2,False,2,True,7,False,2,False,2,False,2,True,6,False,3,False,2,False,2,True,6,False,3,False,2,False,1,True,5,False,3,False,2,False,1,False,3,False,3,False,2,False,1,False,3,False,3,False,2,False,1,3.428571428571428,0.5116447270546338,1.4998987546825961,0.13068989022027705,1.0,0.0877723266793824,1.0,0.0389658036268637
130940.0,0.927539828279319,2.5510325826059432,True,9,True,3,False,1,False,1,True,7,False,2,False,1,False,0,True,4,False,2,False,1,False,0,True,4,False,2,False,1,False,0,True,3,False,2,False,1,False,0,True,3,False,2,False,1,False,0,True,3,False,2,False,1,False,0,True,3,False,2,False,1,False,0,True,3,False,2,False,1,False,0,True,3,False,2,False,1,False,0,True,3,False,2,False,1,False,0,2.0205336339569664,0.696208768137693,1.4229713861268622,0.14547098385137197,0.6921144667183949,0.04383406686063994,0.12609891395663317,0.007156120707842772
1727388.0,0.018412824457789467,3.428571428571429,True,9,False,1,False,1,False,1,True,6,False,1,False,1,False,1,True,4,False,1,False,1,False,1,True,3,False,1,False,1,False,1,False,1,False,1,False,1,False,1,False,1,False,1,False,1,False,1,False,1,False,1,False,1,False,1,False,1,False,1,False,1,False,1,False,1,False,1,False,1,False,1,False,1,False,1,False,1,False,1,False,1,False,1,False,1,False,1,3.4285714285714284,0.28477168728461455,2.84681215233205,0.017269770640567998,1.8392661667997265,0.017269770640567998,0.736688595942667,0.006004140786749415
10703.0,0.3060945952652737,3.4285714285714297,False,4,False,2,False,2,False,2,False,4,False,2,False,2,False,2,False,4,False,2,False,2,False,2,False,4,False,2,False,2,False,2,False,4,False,2,False,2,False,2,False,4,False,2,False,2,False,2,False,4,False,2,False,2,False,2,False,4,False,2,False,2,False,2,False,4,False,2,False,2,False,2,False,4,False,2,False,2,False,2,False,4,False,2,False,2,False,2,3.4285714285714275,0.0,1.0,0.0,1.0,0.0,1.0,0.0
129579.0,0.01647724452826443,3.4285714285714293,True,4,True,3,True,3,True,2,True,6,True,5,True,3,True,2,True,6,True,5,True,3,True,2,True,6,True,5,True,3,True,2,True,5,True,5,True,3,True,2,True,6,True,4,True,2,True,2,True,6,True,4,True,2,True,2,True,6,True,4,True,2,True,2,True,6,True,4,True,2,True,2,True,6,True,3,True,2,True,2,True,6,True,3,True,2,True,2,3.4285714285714284,3.4285714285714284,1.0,1.0,1.0,1.0,1.0,1.0
484764.0,0.028785547669859548,3.427853188991042,True,5,True,4,True,3,True,3,True,5,True,4,True,3,True,3,True,6,True,5,True,3,True,3,True,8,True,6,True,4,True,4,True,8,True,6,True,4,True,4,True,9,True,6,True,3,True,3,True,9,True,6,True,3,True,3,True,10,True,7,True,4,True,4,True,10,True,7,True,4,True,3,True,10,True,7,True,4,True,3,True,11,True,7,True,4,True,2,3.3905238997511953,2.983789812603247,1.0,0.9981068549639536,0.9998742001622993,0.9981068549639536,0.9402755033233793,0.9402755033233793
820693.0,0.04290535510447169,3.4114480959816107,True,8,True,5,True,5,True,3,True,9,True,5,True,5,True,3,True,9,True,5,True,5,True,3,True,10,True,6,True,4,True,3,True,9,True,6,True,4,True,2,True,9,True,6,True,4,True,2,True,9,True,6,True,4,True,2,True,9,True,6,True,4,True,2,True,9,True,6,True,4,True,2,True,9,True,6,True,4,True,2,True,9,True,5,True,4,True,2,2.494672758517547,0.9997746785637137,0.9990187183378888,0.9596131640530505,0.919916530889846,0.9026130614349652,0.8344742389874819,0.8344742389874819
70932.0,0.06476748225718398,3.428571428571429,False,5,False,3,False,2,False,1,False,5,False,3,False,2,False,1,False,5,False,3,False,2,False,1,False,5,False,3,False,2,False,1,False,5,False,3,False,2,False,1,False,6,False,3,False,2,False,1,False,4,False,3,False,1,False,1,False,4,False,3,False,1,False,1,False,4,False,3,False,1,False,1,False,3,False,3,False,1,False,1,False,3,False,2,False,1,False,1,3.428571428571429,0.0,1.0,0.0,1.0,0.0,1.0,0.0
91097.0,0.13886545237977072,3.3872912028229076,True,7,True,5,True,5,True,4,True,7,True,5,True,4,True,4,True,8,True,5,True,4,True,4,True,9,True,6,True,5,True,4,True,8,True,6,True,5,True,3,True,10,True,6,True,3,True,2,True,10,True,6,True,2,True,2,True,11,True,5,True,2,True,2,True,11,True,5,True,2,True,2,True,11,True,5,True,2,True,2,True,11,True,5,True,2,True,2,3.113362369091808,2.772809366056101,0.9993908374261413,0.9993908374261413,0.9832695498965284,0.9832695498965284,0.8924609634267651,0.6835874501798319
477964.0,0.003374857313018016,3.3951482479784363,True,8,True,3,False,2,False,2,True,6,False,3,False,3,False,2,True,7,False,3,False,3,False,2,True,7,False,3,False,3,False,2,True,7,False,3,False,2,False,2,True,6,False,3,False,2,False,2,True,6,False,2,False,2,False,2,True,6,False,2,False,2,False,2,False,4,False,2,False,2,False,2,False,4,False,2,False,2,False,2,False,4,False,2,False,2,False,2,3.3605616293100296,0.45021243566924246,1.0,0.13146446544675977,1.0,0.014815423855124148,1.0,0.010379530916844383
335577.0,0.11720184624547124,3.4204944776416855,True,7,True,6,True,5,True,5,True,7,True,5,True,5,True,5,True,8,True,5,True,5,True,5,True,8,True,5,True,5,True,5,True,8,True,5,True,5,True,5,True,8,True,5,True,5,True,5,True,8,True,5,True,5,True,5,True,8,True,5,True,5,True,5,True,8,True,5,True,5,True,5,True,9,True,6,True,5,True,4,True,9,True,6,True,5,True,4,3.415709442727336,2.1854847791889234,0.9809646230863167,0.9640583321955071,0.9756109025505646,0.9248837475185866,0.917279866584503,0.917279866584503
1963127.0,0.5464291031812993,3.4285714285714284,True,5,True,3,False,1,False,1,True,6,True,4,False,1,False,1,True,4,True,4,False,1,False,1,True,4,True,4,False,1,False,1,True,4,True,3,False,1,False,0,True,4,False,2,False,1,False,0,True,4,False,2,False,1,False,0,False,2,False,2,False,1,False,0,False,2,False,2,False,1,False,0,False,2,False,2,False,1,False,0,False,2,False,2,False,1,False,0,3.4285714285714284,0.43361658120435137,1.9791371592323432,0.300305361648813,0.9789456929047067,0.08783393107462611,0.28033283080611066,0.02617438168951155
1772016.0,0.018363194203186262,3.4285714285714297,True,9,True,2,False,1,False,1,True,8,True,2,False,1,False,1,True,7,False,1,False,1,False,1,True,4,False,1,False,1,False,1,False,1,False,1,False,1,False,1,False,1,False,1,False,1,False,0,False,1,False,1,False,1,False,0,False,1,False,1,False,1,False,0,False,1,False,1,False,1,False,0,False,1,False,1,False,1,False,0,False,2,False,1,False,0,False,0,3.428571428571428,0.26658701828513154,0.6020711373485889,0.15076421282098446,0.5822130687137241,0.029471657696009946,0.32877600759149733,0.002177556804806173
840480.0,0.060077423197181,1.9034578566238995,True,10,True,6,True,4,False,1,True,9,True,7,True,2,False,0,True,9,True,4,True,1,False,0,True,7,True,4,True,1,False,0,True,7,True,4,True,1,False,0,True,7,True,4,True,1,False,0,True,5,True,3,True,1,False,0,True,4,True,2,False,0,False,0,True,3,True,2,False,0,False,0,True,2,True,1,False,0,False,0,True,2,False,0,False,0,False,0,1.229961703390059,1.229961703390059,0.5628351083363937,0.5628351083363937,0.43180235753985224,0.43180235753985224,0.13422586814756785,0.01182295877122056
630466.0,0.14171919201945507,3.4285714285714284,True,9,True,6,True,4,True,2,True,10,True,6,True,4,False,1,True,10,True,6,True,4,False,1,True,12,True,5,True,4,False,1,True,12,True,5,True,4,False,1,True,11,True,5,True,4,False,1,True,11,True,5,True,3,False,1,True,11,True,5,True,3,False,1,True,11,True,5,True,2,False,1,True,11,True,4,True,2,False,1,True,9,True,4,True,2,False,1,2.1417700437610225,1.0,1.0,1.0,1.0,0.83302590608696,0.7357250123613399,0.10051645655790582
1624160.0,0.5761824408159214,3.4285714285714297,True,8,True,5,False,3,False,2,True,8,True,5,False,2,False,2,True,6,True,5,False,2,False,2,True,6,True,4,False,2,False,2,True,6,False,3,False,2,False,2,True,6,False,2,False,2,False,2,True,7,False,2,False,2,False,1,True,7,False,2,False,2,False,1,True,6,False,1,False,1,False,1,True,6,False,1,False,1,False,1,True,6,False,1,False,1,False,1,3.4285714285714275,0.7243921837062514,1.0,0.26102582595501245,1.0,0.04257985602571691,1.0,0.035674624474811546
1775679.0,0.019107648022234355,3.4285714285714297,True,6,True,3,False,1,False,1,True,6,True,2,False,1,False,1,True,6,True,2,False,1,False,0,True,6,False,1,False,0,False,0,False,4,False,1,False,0,False,0,False,3,False,1,False,0,False,0,False,2,False,1,False,0,False,0,False,2,False,1,False,0,False,0,False,2,False,1,False,0,False,0,False,2,False,1,False,0,False,0,False,1,False,1,False,0,False,0,3.428571428571428,0.2917279983148247,0.8373712804601664,0.21881408911539932,0.21720182988964304,0.07974501593650396,0.19304750984100505,0.013320177602368031
445882.0,0.094148592982282,3.428571428571428,True,9,True,5,True,3,True,2,True,9,True,3,True,3,True,2,True,9,True,3,True,2,True,2,True,9,True,4,True,3,True,2,True,10,True,3,True,2,True,2,True,10,True,3,True,2,False,1,True,9,True,3,True,2,False,1,True,9,True,3,True,2,False,1,True,8,True,3,True,2,False,1,True,8,True,3,True,2,False,1,True,8,True,3,True,2,False,1,3.4139333386651205,0.999752701669855,1.0,0.999752701669855,0.9999881571492241,0.8572080864396322,0.6565889683821833,0.3461031916225201
1804743.0,0.019330984167948782,3.4285714285714293,False,5,False,1,False,1,False,1,False,5,False,1,False,1,False,1,False,2,False,1,False,1,False,1,False,1,False,1,False,1,False,1,False,1,False,1,False,1,False,1,False,1,False,1,False,1,False,1,False,1,False,1,False,1,False,1,False,1,False,1,False,1,False,1,False,1,False,1,False,1,False,1,False,1,False,1,False,1,False,1,False,1,False,1,False,1,False,1,3.428571428571428,0.025167051439385583,1.4660195866587666,0.013070434251400462,0.6798164213072214,0.0022804296628180887,0.6386816413493582,0.001286736184305659
118.0,0.996873293959998,0.859502232766611,True,9,True,4,False,1,False,0,True,8,True,3,False,0,False,0,True,8,True,2,False,0,False,0,True,5,True,2,False,0,False,0,True,4,False,1,False,0,False,0,True,4,False,1,False,0,False,0,True,2,False,1,False,0,False,0,True,2,False,0,False,0,False,0,True,2,False,0,False,0,False,0,True,2,False,0,False,0,False,0,True,2,False,0,False,0,False,0,0.7659571585325267,0.7659571585325267,0.40291885169837705,0.2809776846039534,0.13776660110790084,0.08716509963291115,0.031433789274009,0.0003555122798686785
1852.0,0.854459278376098,1.4708178413650894,True,9,True,3,True,3,True,2,True,9,True,3,True,3,True,2,True,8,True,3,False,2,False,1,True,7,False,2,False,2,False,1,True,7,False,3,False,2,False,0,True,6,False,2,False,2,False,0,True,6,False,2,False,2,False,0,True,6,False,2,False,2,False,0,True,6,False,2,False,1,False,0,True,4,False,2,False,1,False,0,True,4,False,2,False,1,False,0,0.9864910734600532,0.7552726402507948,0.9657880318898661,0.23835018645588807,0.9657880318898661,0.1649035921316781,0.27425947337980533,0.1649035921316781
828566.0,0.03749565735272222,2.3961374709022762,True,10,True,6,True,2,False,0,True,11,True,5,True,2,False,0,True,11,True,4,True,2,False,0,True,9,True,4,True,2,False,0,True,9,True,3,False,1,False,0,True,9,True,3,False,1,False,0,True,9,True,3,False,1,False,0,True,9,True,3,False,0,False,0,True,9,True,3,False,0,False,0,True,9,True,3,False,0,False,0,True,9,True,3,False,0,False,0,1.9618578234761554,1.9618578234761554,0.7645453969987296,0.7645453969987296,0.42708952010520607,0.2648261295709342,0.06740157550534862,0.04019335760088347
1698357.0,0.0033996724403196187,3.428571428571429,True,6,True,4,True,2,True,2,True,6,True,4,True,2,True,2,True,6,True,4,True,2,True,2,True,6,True,4,True,2,True,2,True,7,True,3,False,1,False,1,True,6,True,2,False,1,False,1,True,6,False,1,False,1,False,1,True,6,False,1,False,1,False,1,True,7,False,2,False,1,False,1,True,7,False,2,False,1,False,1,True,7,False,2,False,1,False,1,3.4285714285714284,0.93873167281257,2.4343686841825334,0.3692279058832748,1.0,0.2595237311488669,1.0,0.2595237311488669
8089.0,0.07940840736512979,3.2655693304210365,False,5,False,4,False,2,False,1,False,6,False,3,False,2,False,1,False,6,False,3,False,2,False,1,False,5,False,3,False,2,False,1,False,5,False,2,False,2,False,1,False,6,False,2,False,2,False,1,False,5,False,2,False,2,False,1,False,5,False,2,False,2,False,1,False,4,False,2,False,2,False,1,False,4,False,2,False,2,False,1,False,4,False,2,False,2,False,1,2.604486245608699,0.0,1.0,0.0,1.0,0.0,0.8505157622819497,0.0
1710206.0,0.019182093404139164,3.4285714285714284,True,6,False,1,False,1,False,1,True,5,False,1,False,1,False,1,True,5,False,1,False,1,False,1,True,5,False,1,False,1,False,1,True,5,False,1,False,1,False,1,True,2,False,1,False,1,False,1,True,2,False,1,False,1,False,0,False,1,False,1,False,1,False,0,False,1,False,1,False,1,False,0,False,1,False,1,False,1,False,0,False,1,False,1,False,1,False,0,3.4285714285714284,0.4123266672827192,1.0,0.004534851518895595,0.8963121643534012,0.0022000095652588434,0.3831784746418893,0.0022000095652588434
633752.0,0.03280559829271924,2.649301143583227,True,12,True,6,True,2,False,0,True,11,True,5,True,2,False,0,True,11,True,3,True,2,False,0,True,11,True,3,True,2,False,0,True,11,True,2,True,1,False,0,True,10,True,2,True,1,False,0,True,8,True,2,True,1,False,0,True,5,True,1,True,1,False,0,True,5,True,1,True,1,False,0,True,5,True,1,True,1,False,0,True,5,True,1,True,1,False,0,1.6701890350473738,0.8868884834712669,0.8521385565720541,0.8521385565720541,0.8114961153161683,0.8114961153161683,0.07210060506280833,0.007578000118406265
837876.0,0.07578539877909574,3.4285703561464804,True,7,True,4,True,4,True,3,True,6,True,4,True,4,True,3,True,7,True,5,True,5,True,4,True,7,True,5,True,5,True,4,True,7,True,5,True,5,True,4,True,7,True,5,True,5,True,4,True,7,True,5,True,5,True,4,True,7,True,5,True,5,True,4,True,8,True,6,True,6,True,5,True,9,True,7,True,5,True,4,True,9,True,7,True,5,True,4,3.428404289750763,3.3902556203919687,1.0,1.0,0.9999922298440854,0.9686347634855466,0.9686347634855466,0.9686347634855466
1757503.0,0.06049928036130826,3.4285714285714297,True,4,False,2,False,1,False,1,True,4,False,2,False,1,False,1,True,5,False,3,False,2,False,1,True,6,False,3,False,1,False,0,True,5,False,3,False,1,False,0,True,4,False,3,False,1,False,0,False,3,False,2,False,1,False,0,False,3,False,1,False,1,False,0,False,3,False,1,False,1,False,0,False,3,False,1,False,1,False,0,False,3,False,1,False,1,False,0,3.4285714285714275,0.3684205481159116,0.9733008132117363,0.00391104729155258,0.9658972510331632,0.0027120042278391816,0.21724227768359533,0.002632262432478964
237694.0,0.06047446523400665,3.4285714285714284,False,4,False,2,False,2,False,1,False,4,False,2,False,2,False,1,False,3,False,2,False,2,False,1,False,3,False,2,False,2,False,1,False,3,False,2,False,2,False,1,False,3,False,2,False,2,False,1,False,4,False,2,False,1,False,1,False,3,False,1,False,1,False,1,False,3,False,1,False,1,False,1,False,3,False,1,False,1,False,1,False,3,False,1,False,1,False,1,3.4285714285714284,0.0,1.0,0.0,1.0,0.0,1.0,0.0
195100.0,0.984242394163482,2.125561310127167,True,12,True,7,True,4,False,2,True,11,True,7,True,4,False,2,True,12,True,8,True,3,False,0,True,12,True,7,True,3,False,0,True,12,True,6,True,3,False,0,True,11,True,6,True,3,False,0,True,11,True,6,True,3,False,0,True,12,False,5,False,1,False,0,True,10,False,3,False,1,False,0,True,8,False,2,False,1,False,0,True,8,False,2,False,1,False,0,1.3600115907071224,0.7665033943778548,0.781671994315013,0.42981424330930545,0.718446279542883,0.42981424330930545,0.17271735614467915,0.012041332747026632
383810.0,0.09846642513276094,2.8955090470709814,True,8,True,6,True,5,True,3,True,8,True,6,True,4,True,3,True,9,True,7,True,4,True,3,True,9,True,7,True,4,True,3,True,11,True,7,True,3,True,2,True,11,True,8,True,3,False,1,True,11,True,8,True,3,False,1,True,11,True,7,True,3,False,1,True,11,True,7,True,3,False,1,True,11,True,7,False,2,False,1,True,11,True,7,False,2,False,1,1.9045258193247114,0.9914969338418504,0.9749527517588626,0.9749527517588626,0.7220732125196351,0.5069326157861874,0.6434248352334214,0.3116069204551269
449467.0,0.12385230036230085,1.8179167569268855,True,12,True,3,True,2,False,0,True,11,True,3,True,1,False,0,True,10,True,3,True,1,False,0,True,10,True,2,True,1,False,0,True,10,True,2,True,1,False,0,True,9,True,2,True,1,False,0,True,8,True,2,True,1,False,0,True,6,True,1,True,1,False,0,True,5,True,1,True,1,False,0,True,5,True,1,False,0,False,0,True,5,True,1,False,0,False,0,0.9496094318660907,0.9496094318660907,0.6171913991631283,0.6171913991631283,0.5124049556087279,0.5124049556087279,0.016012172409372923,0.0024125983495905464
1520617.0,0.020000992605092065,3.4285714285714293,True,7,True,2,False,1,False,1,True,5,False,1,False,1,False,1,True,3,False,1,False,1,False,1,True,2,False,1,False,1,False,1,False,1,False,1,False,1,False,1,False,1,False,1,False,1,False,1,False,1,False,1,False,1,False,1,False,1,False,1,False,1,False,1,False,1,False,1,False,1,False,1,False,1,False,1,False,1,False,1,False,2,False,1,False,0,False,0,3.4285714285714284,0.2735287121647605,0.9912953425884461,0.11744262120373368,0.567437809711221,0.014506592796431815,0.5517484489565708,0.004837141022112163
777928.0,0.5624844905454365,0.6858352790545519,True,7,True,4,True,2,False,0,True,6,False,1,False,0,False,0,True,5,False,1,False,0,False,0,True,2,False,0,False,0,False,0,True,2,False,0,False,0,False,0,True,1,False,0,False,0,False,0,True,1,False,0,False,0,False,0,True,1,False,0,False,0,False,0,False,0,False,0,False,0,False,0,False,0,False,0,False,0,False,0,False,0,False,0,False,0,False,0,0.4692354153562039,0.4692354153562039,0.24830458750690235,0.14768861476912826,0.14885940080383245,0.10964857607783812,0.04335006158947517,0.04335006158947517
703472.0,0.11759888828229689,2.9617655947991666,True,10,True,5,True,3,False,2,True,10,True,5,True,3,False,2,True,12,True,4,True,3,False,1,True,10,True,4,True,3,False,1,True,11,True,5,True,2,False,0,True,10,True,5,True,2,False,0,True,10,True,4,False,0,False,0,True,9,True,3,False,0,False,0,True,9,False,2,False,0,False,0,True,7,False,2,False,0,False,0,True,7,False,1,False,0,False,0,2.7663274690411437,0.9745717416657369,0.787513938532772,0.45101942857069544,0.38412324437870005,0.38412324437870005,0.2603049599529599,0.09512124921371977
685925.0,0.07293165913941138,3.4285714285714293,True,8,True,5,True,3,True,2,True,8,True,5,True,3,True,2,True,9,True,6,True,4,True,2,True,11,True,7,True,4,True,2,True,11,True,7,True,4,True,1,True,11,True,7,True,4,True,1,True,11,True,7,True,4,True,1,True,11,True,7,True,4,True,1,True,11,True,6,True,4,True,1,True,11,True,6,True,4,True,1,True,11,True,5,True,4,True,1,2.8315957370259914,1.0,2.7383766632385416,1.0,0.9904911055293157,0.9904911055293157,0.8234960978103483,0.8234960978103483
1706143.0,0.019206908531440765,3.4285714285714284,True,6,False,2,False,2,False,1,True,7,False,3,False,2,False,0,False,8,False,2,False,0,False,0,False,7,False,1,False,0,False,0,False,5,False,1,False,0,False,0,False,5,False,0,False,0,False,0,False,5,False,0,False,0,False,0,False,4,False,0,False,0,False,0,False,4,False,0,False,0,False,0,False,4,False,0,False,0,False,0,False,4,False,0,False,0,False,0,3.4285714285714284,0.15508322403787153,0.33840615283914266,0.012556739303373858,0.19124618012945438,0.012556739303373858,0.1395098091137102,0.012556739303373858
680307.0,0.01201052161397588,3.428571428571429,True,6,True,6,True,6,True,6,True,6,True,6,True,6,True,6,True,7,True,6,True,5,True,5,True,8,True,6,True,5,True,4,True,8,True,6,True,4,True,4,True,8,True,4,True,4,True,4,True,7,True,4,True,4,True,4,True,7,True,4,True,4,True,4,True,7,True,4,True,4,True,4,True,8,True,5,True,4,True,4,True,9,True,5,True,4,True,4,3.4285714285714284,0.9885857718103356,1.0,0.9802419694550131,0.9322767618850792,0.9322767618850792,0.8425989672977624,0.8425989672977624
454454.0,0.07151719688322002,3.023892262316617,False,3,False,2,False,2,False,2,False,3,False,2,False,2,False,2,False,4,False,2,False,2,False,2,False,4,False,2,False,2,False,2,False,5,False,2,False,2,False,1,False,5,False,2,False,2,False,1,False,5,False,2,False,1,False,1,False,4,False,2,False,1,False,1,False,4,False,2,False,1,False,1,False,4,False,2,False,1,False,1,False,4,False,1,False,1,False,1,2.1426813306659547,0.0,1.0,0.0,1.0,0.0,0.7146588403867377,0.0
294201.0,0.11720184624547124,1.97511056837984,True,9,True,5,False,4,False,3,True,11,True,5,False,3,False,1,True,12,True,4,False,3,False,1,True,10,True,4,False,2,False,1,True,11,True,4,False,2,False,1,True,11,True,4,False,2,False,0,True,10,True,4,False,2,False,0,True,9,True,4,False,1,False,0,True,9,True,4,False,0,False,0,True,9,True,4,False,0,False,0,True,8,False,2,False,0,False,0,0.9165374086213325,0.9165374086213325,0.7884853924523797,0.5644203671188659,0.4685173242651294,0.03166820282865236,0.34397232374568804,0.030269671796642687
1629858.0,0.0046404288053997714,3.428571428571429,True,6,True,3,True,3,False,1,True,8,True,5,False,3,False,2,True,9,True,6,False,4,False,3,True,10,True,6,False,3,False,2,True,10,True,6,False,3,False,2,True,10,True,5,False,3,False,2,True,9,True,5,False,3,False,2,True,9,True,5,False,3,False,2,True,9,True,4,False,2,False,1,True,9,True,4,False,2,False,1,True,8,True,4,False,2,False,1,3.428571428571429,1.3299919846259334,0.908053718470421,0.6497400525042467,0.82793101583642,0.1445131089607194,0.6523364485981308,0.09240346188325775
783215.0,0.8427465382897414,3.4285714285714293,True,8,True,4,True,3,False,0,True,8,True,4,True,3,False,0,True,5,True,4,True,3,False,0,True,4,True,3,True,3,False,0,True,4,True,3,True,3,False,0,True,4,True,3,True,3,False,0,True,4,True,3,True,3,False,0,True,4,True,3,True,2,False,0,True,4,True,3,True,2,False,0,True,4,True,2,True,2,False,0,True,2,True,2,True,2,False,0,1.5193663352669953,1.5193663352669953,1.0,1.0,0.6858022938384402,0.6858022938384402,0.04113017837484077,0.04113017837484077
1790117.0,0.019281353913345574,3.4285714285714293,True,9,False,1,False,1,False,0,True,6,False,1,False,1,False,0,True,4,False,1,False,1,False,0,False,2,False,1,False,1,False,0,False,2,False,1,False,1,False,0,False,2,False,1,False,1,False,0,False,2,False,1,False,1,False,0,False,2,False,1,False,1,False,0,False,1,False,1,False,1,False,0,False,1,False,1,False,1,False,0,False,1,False,1,False,1,False,0,3.428571428571428,0.23640827534034042,1.1889334480293685,0.019785842701068857,0.6664028945803023,0.0045097200749975265,0.06185124008518785,0.0021836921867494116
164512.0,0.3270633778351283,3.123568866426481,True,9,True,5,True,5,False,2,True,7,True,5,True,4,False,2,True,7,True,5,True,3,False,2,True,7,True,4,True,3,False,2,True,6,True,4,True,3,False,2,True,5,True,3,True,2,False,1,True,5,True,2,True,2,False,0,True,4,True,2,True,1,False,0,True,3,True,1,False,0,False,0,True,3,True,1,False,0,False,0,True,3,True,1,False,0,False,0,3.0547757195434797,3.0547757195434797,0.8999409736319524,0.8999409736319524,0.45558039901676084,0.45558039901676084,0.35762625599392034,0.013180116682022848
60447.0,0.012109782123182292,3.4285214137731432,True,3,True,2,True,2,True,2,True,5,True,3,True,3,True,3,True,5,True,3,True,3,True,3,True,6,True,4,True,3,True,3,True,5,True,4,True,3,True,3,True,5,True,4,True,3,True,3,True,5,True,4,True,3,True,3,True,5,True,4,True,3,True,3,True,6,True,5,True,4,True,3,True,6,True,5,True,4,True,3,True,7,True,6,True,4,True,3,3.4268975231261627,3.412704582601999,1.0,1.0,0.9971216489451813,0.9841703250331558,0.9918488060958769,0.9841703250331558
657258.0,0.08164176882227406,3.366788111179093,True,7,True,5,True,5,True,4,True,8,True,4,True,4,True,2,True,9,True,5,True,5,True,2,True,10,True,5,True,4,True,1,True,10,True,5,True,4,True,1,True,10,True,5,True,4,True,1,True,10,True,4,True,4,True,1,True,10,True,4,True,3,True,1,True,10,True,4,True,3,True,1,True,10,True,4,True,3,True,1,True,9,True,4,True,2,True,1,3.1360053521813342,0.9734418485295144,0.9731444784134208,0.9731444784134208,0.8902167543067686,0.8902167543067686,0.8902167543067686,0.8902167543067686
1806633.0,0.01980247158667924,3.4285714285714293,True,7,False,1,False,1,False,1,True,5,False,1,False,1,False,1,True,5,False,1,False,1,False,1,True,3,False,1,False,1,False,1,False,2,False,1,False,0,False,0,False,2,False,1,False,0,False,0,False,2,False,1,False,0,False,0,False,2,False,1,False,0,False,0,False,2,False,1,False,0,False,0,False,2,False,0,False,0,False,0,False,2,False,0,False,0,False,0,3.428571428571428,0.27137170657736787,0.5129965622612681,0.020868584320360997,0.2929707218576476,0.00217306032792033,0.2929707218576476,0.00023433716431200545
1801118.0,0.018536900094297485,3.4285714285714293,True,7,False,1,False,1,False,0,True,6,False,1,False,1,False,0,True,6,False,1,False,1,False,0,True,5,False,1,False,1,False,0,False,3,False,1,False,1,False,0,False,1,False,1,False,1,False,0,False,2,False,1,False,0,False,0,False,2,False,1,False,0,False,0,False,2,False,1,False,0,False,0,False,2,False,1,False,0,False,0,False,2,False,1,False,0,False,0,3.428571428571428,0.2613600743019678,0.7939358540228014,0.05313958290571237,0.3589917211098473,0.007262232285843332,0.04669307901140519,0.007262232285843332
170487.0,0.820958856518934,0.8519651321484081,True,10,False,2,False,1,False,0,True,6,False,1,False,1,False,0,False,2,False,1,False,1,False,0,False,1,False,1,False,1,False,0,False,1,False,1,False,1,False,0,False,1,False,1,False,0,False,0,False,1,False,1,False,0,False,0,False,1,False,1,False,0,False,0,False,2,False,0,False,0,False,0,False,1,False,0,False,0,False,0,False,1,False,0,False,0,False,0,0.6491648350621211,0.18436392208456673,0.4724307725534618,0.09337583675486806,0.30762305989124383,0.05150563330048371,0.07687068604769758,0.025143856220377937
1037.0,0.01744503449302695,0.8402937571235027,True,7,False,0,False,0,False,0,True,7,False,0,False,0,False,0,True,4,False,0,False,0,False,0,True,4,False,0,False,0,False,0,True,2,False,0,False,0,False,0,True,2,False,0,False,0,False,0,True,1,False,0,False,0,False,0,False,0,False,0,False,0,False,0,False,0,False,0,False,0,False,0,False,0,False,0,False,0,False,0,False,0,False,0,False,0,False,0,0.44637474475739797,0.44637474475739797,0.08925965053726065,0.06466746389476587,0.0498154068778717,0.01614215391120887,0.0498154068778717,0.0054761265299146655
1604957.0,0.611717703111817,2.6277584726447887,True,10,False,3,False,2,False,1,True,7,False,3,False,1,False,1,True,6,False,2,False,1,False,1,False,5,False,1,False,1,False,1,False,4,False,1,False,1,False,1,False,2,False,1,False,1,False,1,False,2,False,1,False,1,False,1,False,1,False,1,False,1,False,1,False,1,False,1,False,1,False,1,False,1,False,1,False,1,False,1,False,1,False,1,False,1,False,1,2.5878039978702376,0.2441716042908762,0.7435671586919245,0.06923380245191772,0.6552464187584569,0.0608754454560557,0.622718784039599,0.011708242619081552
1498142.0,0.017718000893344583,3.428571428571429,True,5,True,4,True,4,True,3,True,8,True,7,True,6,True,4,True,8,True,6,True,6,True,4,True,9,True,6,True,6,True,3,True,10,True,6,True,6,False,2,True,10,True,6,True,6,False,2,True,11,True,7,True,5,False,1,True,11,True,7,True,5,False,1,True,11,True,7,True,5,False,1,True,12,True,7,True,3,False,1,True,12,True,6,True,3,False,1,3.328979405084182,1.6027008395394524,1.0,0.9812223312162384,0.7234342012667137,0.6169601905892502,0.7234342012667137,0.2561434210282558
1489667.0,0.003548563204129237,3.428571428571429,True,8,True,5,True,4,True,4,True,12,True,5,False,2,False,2,True,11,True,5,False,2,False,2,True,11,True,4,False,2,False,2,True,12,True,4,False,2,False,1,True,12,True,4,False,2,False,1,True,11,True,4,False,2,False,1,True,10,True,4,False,2,False,1,True,9,False,3,False,2,False,1,True,9,False,3,False,2,False,1,True,8,False,3,False,2,False,1,3.4285714285714284,0.7203831261463216,1.391674789703599,0.4981561226131451,1.0,0.14297196418868233,1.0,0.11879485603784105
636853.0,0.0665045411682962,2.7697356200557013,True,7,True,6,True,4,True,3,True,8,True,7,True,3,True,2,True,8,True,7,True,3,True,2,True,8,True,7,True,3,True,2,True,9,True,7,True,2,True,1,True,9,True,7,True,2,True,1,True,9,True,6,True,2,True,1,True,9,True,5,True,2,True,1,True,10,True,4,True,1,True,1,True,8,True,2,True,1,False,0,True,8,True,2,True,1,False,0,1.2692148995874262,0.9976430754990523,0.9937459556227498,0.9937459556227498,0.9744014786697337,0.9744014786697337,0.5182355053558401,0.5182355053558401
1779253.0,0.019430244677155192,3.428571428571429,True,9,False,1,False,1,False,0,True,6,False,1,False,1,False,0,True,3,False,1,False,1,False,0,False,1,False,1,False,1,False,0,False,1,False,1,False,1,False,0,False,2,False,1,False,0,False,0,False,2,False,1,False,0,False,0,False,2,False,1,False,0,False,0,False,2,False,1,False,0,False,0,False,2,False,1,False,0,False,0,False,2,False,1,False,0,False,0,3.428571428571428,0.22757611364380823,0.975821396519773,0.022365990678444695,0.32733343918551555,0.020311129575774498,0.02048508070069989,0.002049371215649702
781973.0,0.5017618740384138,1.7031479556434983,True,8,True,3,True,3,True,3,True,9,True,4,True,2,True,2,True,11,True,2,True,2,True,2,True,8,True,2,True,2,True,2,True,8,True,2,True,2,True,2,True,8,True,2,True,2,True,1,True,7,True,2,True,2,True,1,True,6,True,2,True,1,True,1,True,6,True,1,False,0,False,0,True,5,False,0,False,0,False,0,True,4,False,0,False,0,False,0,0.9457317522277748,0.9457317522277748,0.5143616010114785,0.5143616010114785,0.4753714564242747,0.4753714564242747,0.4753714564242747,0.4753714564242747
1606746.0,0.263065164524294,3.428571428571429,True,4,True,2,True,2,True,2,True,4,True,2,True,2,True,2,True,2,True,2,True,2,True,2,True,5,True,5,True,2,True,2,True,6,True,6,True,2,True,2,True,7,True,5,True,2,True,2,True,7,True,5,True,2,True,2,True,7,True,5,True,2,True,2,True,7,True,4,True,2,True,2,True,7,True,4,True,2,True,2,True,7,True,4,True,2,True,2,3.4272608726068134,1.1155483349780901,1.5623750318450145,0.8327756948608243,1.014800514800515,0.8327756948608243,1.0,0.8327756948608243
327367.0,0.11697851009975681,3.146301833557908,True,5,True,4,True,3,True,3,True,6,True,5,True,3,True,3,True,6,True,5,True,3,True,3,True,7,True,5,True,4,True,4,True,7,True,5,True,4,True,4,True,8,True,5,True,4,True,3,True,10,True,4,True,3,True,2,True,10,True,3,True,3,True,2,True,11,True,3,True,3,False,1,True,11,True,4,True,3,False,1,True,11,True,4,True,3,False,1,2.400160348324866,1.189835101115403,0.9999604580739326,0.9983623332588244,0.9945350711765355,0.9945350711765355,0.7392954001289116,0.460700851091571
1536107.0,0.03503895974986352,3.428571428571429,True,5,True,5,True,4,True,4,True,7,True,6,True,3,True,3,True,8,True,6,False,3,False,2,True,7,True,6,False,3,False,2,True,7,True,5,False,3,False,2,True,8,True,3,False,2,False,1,True,7,True,3,False,2,False,1,True,8,True,3,False,2,False,1,True,8,True,3,False,2,False,1,True,9,True,3,False,1,False,1,True,9,True,3,False,1,False,1,3.4285714285714284,2.4540988868675653,1.0,0.6378954686341225,1.0,0.1963933502395041,1.0,0.1963933502395041
222414.0,0.03613082535113405,3.39800430788867,True,6,True,4,True,2,True,2,True,6,True,4,True,2,True,2,True,7,True,4,True,3,True,3,True,7,True,4,True,3,True,3,True,8,True,4,False,2,False,2,True,8,True,4,False,2,False,2,True,7,True,3,False,2,False,2,True,8,True,4,False,2,False,2,True,8,True,4,False,2,False,2,True,9,True,5,False,2,False,1,True,9,True,5,False,2,False,1,3.2566969484663644,1.3203943964464075,0.9964100892624008,0.7266649733948497,0.9788022225628529,0.2855197490172396,0.6485860273850351,0.2855197490172396
1811353.0,0.019306169040647178,3.4285714285714293,True,7,True,4,False,1,False,0,True,6,True,3,False,0,False,0,True,6,True,2,False,0,False,0,True,5,True,2,False,0,False,0,True,4,False,1,False,0,False,0,True,2,False,1,False,0,False,0,True,2,False,1,False,0,False,0,True,2,False,0,False,0,False,0,True,2,False,0,False,0,False,0,False,1,False,0,False,0,False,0,False,1,False,0,False,0,False,0,3.428571428571428,0.5269376281360303,0.43472502962291765,0.25792004443904387,0.10673386458388297,0.008164909431525418,0.05401671249983397,0.008164909431525418
466805.0,0.12529157774579383,3.425589983652397,True,7,True,6,True,5,True,5,True,8,True,6,True,5,True,5,True,8,True,5,True,5,True,4,True,9,True,5,True,4,True,3,True,9,True,4,True,4,True,3,True,10,True,5,True,4,True,3,True,10,True,5,True,4,True,3,True,9,True,5,True,4,True,3,True,9,True,5,True,4,True,2,True,8,True,5,True,4,True,2,True,8,True,5,True,3,True,2,3.258660395530174,3.258660395530174,0.9883198387471409,0.9317557687156216,0.9179501218955257,0.860563226901474,0.685344364666568,0.685344364666568
1865632.0,0.28353764454811653,3.4285714285714293,True,5,False,1,False,1,False,1,True,4,False,1,False,1,False,1,True,3,False,1,False,1,False,1,False,1,False,1,False,1,False,1,False,1,False,1,False,1,False,1,False,1,False,1,False,1,False,1,False,1,False,1,False,1,False,1,False,1,False,1,False,1,False,1,False,1,False,1,False,1,False,1,False,1,False,1,False,1,False,1,False,1,False,1,False,1,False,1,3.4285714285714293,0.20119297366690664,1.1786533479422878,0.04508303936235568,1.0,0.038618972060638086,1.0,0.0016216178112541289
767038.0,0.0672738101146459,3.0121578656633456,True,8,True,5,True,3,True,2,True,9,True,4,True,2,True,1,True,9,True,4,True,2,True,1,True,9,True,3,True,2,True,1,True,9,True,2,True,2,True,1,True,9,True,3,True,2,True,1,True,9,True,4,True,3,False,1,True,8,True,4,True,3,False,1,True,8,True,4,True,2,False,1,True,5,True,4,True,2,False,1,True,5,True,4,True,2,False,1,2.1606701733539806,1.1235117176249865,0.9999872839281163,0.9999872839281163,0.9500768596186268,0.7108298031537349,0.9500768596186268,0.3961536825876419
519904.0,0.08409846642513276,3.4119193732523283,True,9,True,8,True,5,True,3,True,10,True,7,True,5,False,2,True,11,True,6,True,4,False,1,True,11,True,6,True,4,False,1,True,11,True,6,True,4,False,1,True,10,True,5,True,4,False,1,True,11,True,6,True,4,False,0,True,11,True,5,True,3,False,0,True,12,True,4,True,3,False,0,True,11,True,4,True,3,False,0,True,11,True,4,True,2,False,0,2.0193533780595017,1.2934977027803867,0.9988357174825813,0.9988357174825813,0.8506018429447322,0.8506018429447322,0.39533236314744674,0.14006660594711975
1550585.0,0.003920790113653283,3.428571428571429,True,7,True,6,True,4,False,3,True,9,True,4,False,3,False,3,True,9,False,3,False,3,False,2,True,9,False,3,False,3,False,2,True,9,False,3,False,3,False,2,True,7,False,3,False,3,False,2,True,7,False,3,False,2,False,2,True,7,False,3,False,2,False,2,True,7,False,3,False,2,False,2,True,6,False,3,False,2,False,2,True,5,False,3,False,2,False,2,2.520223388052124,0.6771331334575804,1.1636909913697175,0.15112696610994003,1.0,0.13465362085114957,1.0,0.044751920982628014
1640670.0,0.018760236240011913,3.428571428571429,True,8,False,2,False,1,False,1,True,7,False,1,False,1,False,1,True,5,False,1,False,1,False,1,True,3,False,1,False,1,False,1,True,3,False,1,False,1,False,1,True,2,False,1,False,1,False,1,True,2,False,1,False,1,False,1,True,2,False,1,False,1,False,1,True,2,False,1,False,1,False,1,False,1,False,1,False,1,False,1,False,1,False,1,False,1,False,1,3.428571428571429,0.5498355135345162,1.4309006211180124,0.018441976606649924,1.0,0.00405644681208303,0.6050844151989757,0.0017447246233497783
217759.0,0.21328601915727827,1.320820230642926,True,10,True,4,True,2,False,0,True,8,True,3,True,2,False,0,True,6,True,3,True,2,False,0,True,5,False,2,False,1,False,0,True,4,False,2,False,0,False,0,True,4,False,0,False,0,False,0,True,4,False,0,False,0,False,0,True,4,False,0,False,0,False,0,True,4,False,0,False,0,False,0,False,3,False,0,False,0,False,0,False,3,False,0,False,0,False,0,0.9594147770042176,0.5423221632068566,0.3351082923283642,0.2164705784127233,0.26025131475718816,0.20818488903588914,0.051313887155728634,0.04089817250006628
162890.0,0.05570996079209886,3.4118903432757413,True,9,True,7,True,3,True,2,True,9,True,7,True,3,True,2,True,11,True,6,True,2,True,2,True,10,True,5,True,2,True,2,True,11,True,6,True,3,True,2,True,11,True,5,True,3,True,2,True,11,True,4,True,3,True,2,True,10,True,4,True,3,True,2,True,10,True,4,True,3,True,2,True,10,True,4,True,2,True,1,True,8,True,4,False,1,False,0,2.045301919235573,2.045301919235573,0.9682211103694688,0.6554687061190992,0.8162842779490767,0.5589413242478565,0.5578080331413522,0.5578080331413522
511124.0,0.5477939351828874,1.9667146435481,True,10,True,7,True,3,True,2,True,9,True,5,True,3,True,1,True,8,True,4,True,3,True,1,True,9,True,5,False,2,False,0,True,9,True,4,False,2,False,0,True,9,False,3,False,1,False,0,True,7,False,2,False,0,False,0,True,5,False,1,False,0,False,0,False,5,False,0,False,0,False,0,False,5,False,0,False,0,False,0,False,5,False,0,False,0,False,0,1.5092855433311456,0.4957641303185704,0.4825196636125306,0.3044502903896639,0.3884396404728187,0.22433826554089698,0.22433826554089698,0.22433826554089698
1552198.0,0.003796714477145268,3.428571428571429,True,12,True,6,True,4,False,3,True,11,True,5,False,3,False,3,True,12,True,5,False,3,False,3,True,12,False,4,False,3,False,3,True,11,False,4,False,3,False,3,True,11,False,4,False,2,False,2,True,10,False,4,False,2,False,2,True,10,False,4,False,2,False,2,True,10,False,4,False,2,False,2,True,10,False,4,False,2,False,2,True,10,False,2,False,2,False,2,3.4285714285714284,0.6112818293040658,1.0,0.24435731766564817,1.0,0.11923481135027153,1.0,0.09924675364685215
849787.0,0.0028785547669859545,3.4285714285714293,False,1,False,1,False,1,False,1,False,1,False,1,False,1,False,1,False,1,False,1,False,1,False,1,False,1,False,1,False,1,False,1,False,1,False,1,False,1,False,1,False,2,False,2,False,2,False,2,False,4,False,3,False,3,False,1,False,4,False,3,False,3,False,1,False,4,False,3,False,3,False,1,False,4,False,3,False,3,False,1,False,4,False,3,False,3,False,1,3.4285714285714293,0.0,1.0,0.0,1.0,0.0,1.0,0.0
101.0,0.1599583105861333,2.1206618618560142,True,8,True,5,True,3,True,3,True,8,True,6,False,2,False,2,True,8,True,5,False,2,False,1,True,7,True,4,False,2,False,1,True,7,True,4,False,2,False,1,True,8,True,4,False,1,False,0,True,8,True,3,False,0,False,0,True,8,True,3,False,0,False,0,True,8,True,2,False,0,False,0,True,8,True,2,False,0,False,0,True,8,False,1,False,0,False,0,1.2833261433328174,1.2833261433328174,0.6608493290606748,0.5821214643996496,0.3830628739579958,0.1208622339053547,0.34195731753110287,0.1208622339053547
414123.0,0.07732393667179513,3.4285714285714293,False,3,False,2,False,1,False,1,False,6,False,3,False,1,False,1,False,7,False,2,False,1,False,1,False,7,False,2,False,1,False,1,False,5,False,2,False,1,False,1,False,5,False,2,False,1,False,1,False,4,False,2,False,1,False,1,False,5,False,3,False,1,False,1,False,5,False,3,False,1,False,1,False,4,False,2,False,1,False,1,False,3,False,2,False,1,False,1,3.4285714285714284,0.0,1.0,0.0,1.0,0.0,1.0,0.0
178.0,0.08878852548513574,1.2546280486018462,False,4,False,2,False,1,False,1,False,4,False,1,False,1,False,1,False,4,False,1,False,1,False,1,False,3,False,1,False,1,False,1,False,3,False,1,False,1,False,1,False,2,False,1,False,1,False,1,False,2,False,1,False,1,False,1,False,2,False,1,False,1,False,1,False,2,False,1,False,1,False,1,False,2,False,1,False,1,False,1,False,2,False,1,False,1,False,1,1.0,0.0,1.0,0.0,1.0,0.0,0.742231339562343,0.0
1777188.0,0.018313563948583057,3.4285714285714293,True,3,False,2,False,2,False,2,False,3,False,2,False,1,False,1,False,3,False,2,False,1,False,1,False,3,False,2,False,1,False,1,False,3,False,2,False,1,False,1,False,3,False,1,False,1,False,1,False,2,False,1,False,1,False,1,False,2,False,1,False,1,False,1,False,2,False,1,False,1,False,1,False,2,False,1,False,1,False,1,False,2,False,1,False,1,False,1,3.428571428571428,0.1271669236265183,1.278821538914227,0.03677117175455976,0.6588547134159142,0.018126568672852717,0.6390482798624038,0.0029093880380821023
291833.0,0.217554221053154,1.8968122328563104,True,12,True,5,True,3,False,1,True,12,True,5,True,2,False,1,True,12,True,4,True,2,False,1,True,12,True,4,True,2,False,1,True,11,True,4,True,2,False,1,True,11,True,4,False,1,False,0,True,11,True,4,False,1,False,0,True,9,True,3,False,1,False,0,True,9,True,2,False,0,False,0,True,9,True,2,False,0,False,0,True,8,True,2,False,0,False,0,1.338364146784898,1.0,1.0,1.0,0.45934676667512625,0.30768533343717713,0.34417189242771384,0.024472867572335417
555861.0,0.024988833192714277,1.9659239842726082,True,5,True,3,True,2,True,1,True,6,True,5,True,2,False,1,True,7,True,3,False,1,False,1,True,5,True,3,False,1,False,1,True,4,True,3,False,1,False,1,True,4,True,3,False,1,False,1,True,4,True,3,False,1,False,1,True,5,True,4,False,0,False,0,True,5,True,4,False,0,False,0,True,4,True,4,False,0,False,0,True,4,True,4,False,0,False,0,1.049040511727079,1.049040511727079,1.0,1.0,0.4432873978923739,0.18976545842217482,0.4168136390358613,0.13174603174603172
745464.0,0.004243386768574123,3.4285714285714293,True,3,True,3,True,3,True,3,True,3,True,3,True,3,True,3,True,3,True,3,True,3,True,3,True,3,True,3,True,3,True,3,True,3,True,3,True,3,True,3,True,3,True,3,True,3,True,3,True,3,True,3,True,3,True,3,True,3,True,3,True,3,True,3,True,4,True,3,True,3,True,3,True,5,True,3,True,2,True,2,True,5,True,3,True,2,True,2,3.428571428571428,0.9596669360564616,2.13555787278415,0.9596669360564616,1.0,0.9414245440553836,1.0,0.9362505085741377
1567704.0,0.012233857759690308,3.4285714285714293,True,1,True,1,True,1,True,1,True,1,True,1,True,1,True,1,True,1,True,1,True,1,True,1,True,2,True,2,True,2,True,2,True,2,True,2,True,2,True,2,True,2,True,2,True,2,True,2,True,2,True,2,True,2,True,2,True,2,True,2,True,2,True,2,True,2,True,2,True,2,True,2,True,2,True,2,True,2,True,2,True,2,True,2,True,2,True,2,3.428571428571428,1.0,1.4461362689717794,1.0,1.0,1.0,1.0,0.9908568018231151
1489910.0,0.006948235644448856,3.4285714285714293,True,2,True,2,True,2,True,2,True,2,True,2,True,2,True,2,True,2,True,2,True,2,True,2,True,2,True,2,True,2,True,2,True,2,True,2,True,2,True,2,True,2,True,2,True,2,True,2,True,2,True,2,True,2,True,2,True,2,True,2,True,2,True,2,True,2,True,2,True,2,True,2,True,3,True,3,True,3,True,3,True,3,True,3,True,3,True,3,3.428571428571429,1.0,1.329682015410485,1.0,1.0,1.0,1.0,0.9999800960480577
1591596.0,0.23596704551094347,3.4285714285714297,True,7,True,6,True,4,True,4,True,9,True,7,True,3,False,2,True,9,True,6,True,3,False,2,True,8,True,6,True,3,False,2,True,9,True,5,True,3,False,2,True,8,True,5,True,3,False,2,True,8,True,5,True,3,False,2,True,8,True,5,True,3,False,2,True,8,True,4,True,3,False,1,True,7,True,4,True,3,False,1,True,9,False,3,False,1,False,1,3.427491204689605,0.8380046051911548,2.400866711136943,0.5564205334444345,1.0,0.5564205334444345,0.7355980301170036,0.1313541931311539
18579.0,0.0875973993746588,2.6653291142562026,False,5,False,3,False,2,False,2,False,5,False,3,False,2,False,2,False,5,False,3,False,2,False,2,False,6,False,3,False,2,False,1,False,7,False,2,False,2,False,1,False,7,False,2,False,2,False,1,False,6,False,2,False,2,False,1,False,6,False,2,False,2,False,1,False,6,False,2,False,2,False,1,False,6,False,2,False,2,False,1,False,6,False,2,False,2,False,1,1.7769134879914934,0.0,1.0,0.0,1.0,0.0,0.6319247790206106,0.0
807503.0,0.06595860836766093,3.427108227586646,True,7,True,6,True,5,True,2,True,7,True,6,True,5,True,2,True,7,True,6,True,5,True,2,True,8,True,5,True,5,True,2,True,8,True,5,True,5,True,2,True,8,True,5,True,5,True,2,True,8,True,5,True,5,True,2,True,9,True,6,True,5,True,2,True,9,True,6,True,5,True,2,True,8,True,6,True,5,True,2,True,7,True,7,True,5,False,1,3.370520089229569,1.0,1.0,1.0,0.949487527262442,0.949487527262442,0.6487449995141702,0.5963789626315508
162142.0,0.12874088044071666,2.925175878239258,True,10,True,5,True,3,False,2,True,12,True,5,True,3,False,1,True,13,True,5,True,3,False,0,True,13,True,5,True,3,False,0,True,13,True,4,True,2,False,0,True,13,True,4,True,2,False,0,True,11,True,3,False,1,False,0,True,10,True,2,False,1,False,0,True,10,True,2,False,0,False,0,True,8,True,2,False,0,False,0,True,8,True,2,False,0,False,0,1.4702566034428401,1.0,0.6851036134968447,0.6851036134968447,0.4644192926526995,0.3725131193292248,0.16409939791597922,0.04060501756781247
1797502.0,0.018561715221599086,3.428571428571429,True,7,False,2,False,1,False,1,True,6,False,1,False,1,False,0,True,5,False,1,False,1,False,0,True,4,False,1,False,1,False,0,False,1,False,1,False,1,False,0,False,1,False,1,False,0,False,0,False,1,False,1,False,0,False,0,False,1,False,1,False,0,False,0,False,1,False,1,False,0,False,0,False,1,False,1,False,0,False,0,False,1,False,1,False,0,False,0,3.428571428571428,0.2892972915207144,1.4009308392375417,0.00918452451873144,0.3105130739890622,0.005176603273868973,0.11111178054790734,0.005152516959984406
1672430.0,0.2894436448458981,3.4285714285714297,True,5,False,2,False,1,False,1,True,3,False,1,False,1,False,1,True,2,False,1,False,1,False,1,True,2,False,1,False,1,False,1,False,1,False,1,False,1,False,1,False,1,False,1,False,1,False,1,False,1,False,1,False,1,False,1,False,1,False,1,False,1,False,1,False,1,False,1,False,1,False,1,False,1,False,1,False,1,False,1,False,1,False,1,False,1,False,1,3.428571428571429,0.2579975008092532,1.0966128242898812,0.09716136715185324,1.0,0.01825394550359839,1.0,0.0083446695159797
1780960.0,0.018139858057471835,3.4285714285714293,True,7,False,1,False,1,False,1,True,6,False,1,False,1,False,1,False,3,False,1,False,1,False,1,False,2,False,1,False,1,False,1,False,2,False,1,False,1,False,0,False,2,False,1,False,1,False,0,False,1,False,1,False,1,False,0,False,1,False,1,False,1,False,0,False,1,False,1,False,1,False,0,False,1,False,1,False,1,False,0,False,1,False,1,False,1,False,0,3.4285714285714284,0.1847479240448189,1.720791542423421,0.0229691647230618,0.9292709055391014,0.00664583108812016,0.2878861471480163,0.005520874069997062
1793924.0,0.018536900094297485,3.4285714285714293,True,8,False,2,False,1,False,1,True,4,False,2,False,1,False,1,False,2,False,2,False,1,False,1,False,2,False,2,False,1,False,1,False,2,False,2,False,1,False,1,False,2,False,1,False,1,False,1,False,2,False,1,False,1,False,1,False,2,False,1,False,1,False,1,False,1,False,1,False,1,False,1,False,1,False,1,False,1,False,1,False,1,False,1,False,1,False,1,3.428571428571428,0.19052955796471638,0.6938803299097417,0.009841372826820995,0.6938803299097417,0.008808433902066917,0.6838780778565856,0.006492436697901665
1812226.0,0.019603950568266415,3.428571428571429,True,6,False,1,False,1,False,1,True,5,False,1,False,1,False,1,True,5,False,1,False,1,False,1,False,3,False,1,False,1,False,1,False,2,False,1,False,1,False,1,False,1,False,1,False,1,False,1,False,1,False,1,False,1,False,1,False,1,False,1,False,1,False,1,False,1,False,1,False,1,False,0,False,1,False,1,False,1,False,0,False,1,False,1,False,1,False,0,3.4285714285714284,0.2265871751695262,1.4741334978915972,0.009663613063046462,1.0889346564313802,0.0035330367669642575,0.4916497086982982,0.0034382712192685314
1608066.0,0.003424487567621222,3.428571428571429,True,7,True,3,True,2,False,1,True,8,True,4,False,2,False,2,True,9,True,4,False,2,False,2,True,9,True,4,False,2,False,2,True,9,True,4,False,2,False,2,True,9,True,4,False,2,False,2,True,9,True,4,False,2,False,2,True,9,False,2,False,2,False,2,True,8,False,2,False,2,False,2,True,6,False,2,False,2,False,2,True,6,False,2,False,2,False,2,3.4285714285714284,0.9115055231475735,1.0,0.4269513975104483,1.0,0.14175145488228932,1.0,0.048972128536522774
173223.0,0.04104422055685146,3.3030121665208307,True,13,True,7,True,4,True,1,True,15,True,6,False,1,False,0,True,13,True,3,False,0,False,0,True,12,True,3,False,0,False,0,True,12,True,2,False,0,False,0,True,11,True,2,False,0,False,0,True,11,True,1,False,0,False,0,True,11,True,1,False,0,False,0,True,10,True,1,False,0,False,0,True,9,True,1,False,0,False,0,True,9,True,1,False,0,False,0,1.2367382637832638,1.0,0.8042556697850285,0.8042556697850285,0.17547639861047487,0.10223848865365703,0.10223848865365703,0.10223848865365703
527202.0,0.11325624100451635,3.1340708996687145,True,6,True,4,True,4,True,3,True,8,True,5,True,5,True,3,True,9,True,5,True,3,True,3,True,9,True,5,True,3,True,3,True,10,True,6,True,3,True,3,True,12,True,7,True,3,True,3,True,12,True,7,True,3,True,3,True,12,True,7,True,3,True,3,True,13,True,6,True,3,False,1,True,13,True,6,True,3,False,1,True,12,True,6,True,3,False,1,2.1451648703977653,1.0770543761158635,0.9793266903166279,0.9607342492638227,0.9594809319965425,0.9594809319965425,0.7798089248835742,0.47511368571005064
1586996.0,0.018809866494615118,3.4285714285714293,True,7,False,3,False,1,False,1,True,8,False,2,False,1,False,1,False,7,False,2,False,1,False,1,False,5,False,1,False,1,False,1,False,5,False,1,False,1,False,1,False,4,False,1,False,1,False,1,False,2,False,1,False,1,False,1,False,1,False,1,False,1,False,1,False,2,False,1,False,1,False,1,False,2,False,1,False,1,False,1,False,2,False,1,False,1,False,1,3.428571428571428,0.17191658304611473,1.6359157703378273,0.09545898502473707,1.0,0.023054338546029698,0.7628338264396417,0.01637666325486178
612051.0,0.5613429946895627,1.8838614624102363,True,8,True,4,True,3,False,0,True,6,False,1,False,1,False,0,True,6,False,1,False,1,False,0,True,4,False,1,False,1,False,0,True,3,False,1,False,1,False,0,False,2,False,1,False,0,False,0,False,1,False,1,False,0,False,0,False,1,False,1,False,0,False,0,False,1,False,0,False,0,False,0,False,1,False,0,False,0,False,0,False,1,False,0,False,0,False,0,1.787570320911654,0.3155579405139212,0.4713624364093615,0.1011668369316413,0.3373462065645513,0.1011668369316413,0.07806730957123312,0.005684869490303108
390980.0,0.057099607920988636,3.1182862623059906,True,9,True,7,True,4,True,3,True,12,True,7,False,2,False,1,True,11,True,6,False,2,False,1,True,10,True,6,False,2,False,1,True,9,True,5,False,2,False,1,True,10,True,5,False,2,False,0,True,10,True,5,False,2,False,0,True,10,True,5,False,1,False,0,True,10,True,4,False,1,False,0,True,8,True,4,False,1,False,0,True,8,True,4,False,1,False,0,1.8419831557277544,1.2608623139733306,0.9936054700296209,0.9295944089059943,0.6405420813508736,0.12224497117835387,0.3402324172552773,0.12224497117835387
1504925.0,0.0211176733336642,3.4285714285714293,True,9,True,7,False,1,False,1,True,9,True,7,False,1,False,1,True,10,True,6,False,1,False,1,True,9,True,4,False,1,False,1,True,7,True,4,False,1,False,1,True,7,True,3,False,1,False,1,True,7,True,3,False,1,False,1,True,7,True,3,False,1,False,1,True,7,True,3,False,1,False,1,True,7,True,2,False,1,False,1,True,6,True,2,False,1,False,1,3.428571428571428,1.7810187726858577,1.0676372618448349,1.0,1.0,0.09361074491560478,1.0,0.015802558538885972
368641.0,0.7988733932205072,0.558162482183971,True,8,True,3,False,0,False,0,True,4,True,2,False,0,False,0,True,4,True,2,False,0,False,0,True,2,False,1,False,0,False,0,False,1,False,0,False,0,False,0,False,0,False,0,False,0,False,0,False,0,False,0,False,0,False,0,False,0,False,0,False,0,False,0,False,0,False,0,False,0,False,0,False,0,False,0,False,0,False,0,False,0,False,0,False,0,False,0,0.3459824728736877,0.2505940417317306,0.25306372413039646,0.2476840953327708,0.07607622952406029,0.032580659408608104,0.032580659408608104,0.032580659408608104
497120.0,0.08253511340513177,2.8147064027048527,False,5,False,4,False,3,False,1,False,7,False,3,False,3,False,1,False,8,False,3,False,3,False,0,False,5,False,3,False,2,False,0,False,5,False,3,False,2,False,0,False,5,False,2,False,2,False,0,False,5,False,2,False,2,False,0,False,5,False,2,False,1,False,0,False,5,False,1,False,1,False,0,False,5,False,1,False,1,False,0,False,4,False,1,False,1,False,0,1.618232370827965,0.0,1.0,0.0,1.0,0.0,0.1584459460513197,0.0
181135.0,0.02416993399176138,3.0601675423091157,True,4,True,3,True,3,True,3,True,7,True,5,True,3,True,3,True,9,True,6,True,4,False,3,True,9,True,6,True,4,False,3,True,8,True,5,True,4,False,3,True,8,True,5,True,4,False,3,True,9,True,5,True,4,False,3,True,9,True,5,True,4,False,2,True,9,True,5,False,3,False,2,True,11,True,4,False,2,False,1,True,10,True,4,False,2,False,1,2.153586732883799,0.984939302282725,0.9743158716466569,0.9710010179337561,0.9012145379133865,0.4790300314554872,0.9012145379133865,0.18937191060791939
774906.0,0.021291379224775423,3.4285714285714284,True,6,True,4,True,3,True,3,True,6,True,3,True,3,True,3,True,7,True,4,True,3,True,2,True,7,True,4,True,3,True,2,True,7,True,3,True,3,True,2,True,8,True,3,True,3,True,2,True,7,True,3,True,3,True,2,True,7,True,3,True,3,True,2,True,5,True,3,True,3,True,2,True,5,True,3,True,3,True,2,True,6,True,3,True,2,False,1,3.428347146234577,1.9838707260311275,1.0,0.9983341633081173,1.0,0.9955209217887008,0.9999783809666308,0.5771919846004933
1781893.0,0.019603950568266415,3.4285714285714293,True,7,True,2,False,1,False,1,True,5,True,2,False,1,False,1,True,3,True,2,False,1,False,1,True,2,True,2,False,1,False,1,True,2,True,2,False,1,False,1,True,2,False,1,False,1,False,1,False,2,False,1,False,0,False,0,False,2,False,1,False,0,False,0,False,1,False,1,False,0,False,0,False,1,False,1,False,0,False,0,False,1,False,1,False,0,False,0,3.428571428571428,0.39185883114125986,0.7565752616836207,0.3402030821889172,0.3928735726608067,0.037034910427193396,0.37156775195295216,0.03365527048646106
273306.0,0.03702416993399176,3.389699724938838,True,9,True,7,True,4,True,3,True,9,True,6,True,4,True,3,True,9,True,6,True,4,True,3,True,10,True,5,True,4,False,2,True,10,True,5,True,4,False,2,True,10,True,5,True,4,False,2,True,9,True,5,True,4,False,2,True,9,True,5,True,4,False,2,True,9,True,5,True,4,False,2,True,9,True,5,True,4,False,2,True,10,True,5,True,4,False,2,3.256431752983155,1.469744243098912,1.0,1.0,0.8616919244664272,0.8033287667208815,0.7760548756924549,0.2134123626699942
1370.0,0.9998759243634919,0.9955343388445862,True,13,True,4,False,0,False,0,True,10,True,3,False,0,False,0,True,8,True,1,False,0,False,0,True,7,False,0,False,0,False,0,True,6,False,0,False,0,False,0,True,5,False,0,False,0,False,0,True,3,False,0,False,0,False,0,True,3,False,0,False,0,False,0,True,3,False,0,False,0,False,0,True,2,False,0,False,0,False,0,True,2,False,0,False,0,False,0,0.9415316626537464,0.9415316626537464,0.24218564483900196,0.24218564483900196,0.04267424436751345,0.04267424436751345,0.030952958153439954,0.003134341969712174
679525.0,0.25785398779095736,3.4106499943427027,True,7,True,4,True,3,True,3,True,8,True,5,True,3,True,3,True,8,True,5,True,3,True,3,True,8,True,5,True,3,False,2,True,7,True,5,True,3,False,2,True,8,True,4,True,3,False,2,True,8,True,5,True,3,False,1,True,8,True,5,False,2,False,1,True,7,True,5,False,2,False,1,True,7,True,5,False,2,False,1,True,7,True,4,False,2,False,1,3.282395701441937,0.9261321613053474,2.82916505011086,0.6164677463822476,0.9991664791627602,0.44363906238216355,0.9991664791627602,0.20192910981435824
10125.0,0.8875130279418333,1.97776869813039,True,6,True,3,False,1,False,0,True,4,True,3,False,1,False,0,True,3,True,2,False,1,False,0,True,3,False,1,False,1,False,0,True,3,False,1,False,1,False,0,True,3,False,1,False,1,False,0,False,2,False,1,False,1,False,0,False,2,False,1,False,1,False,0,False,2,False,1,False,1,False,0,False,2,False,1,False,1,False,0,False,2,False,1,False,0,False,0,1.107759566859135,0.3757671738039717,0.6283144613249343,0.21614068705481457,0.5899905146963267,0.0450300250354794,0.01591075625883037,0.01591075625883037
612150.0,0.6995384386321902,3.1517852006431117,True,9,True,7,True,5,True,3,True,9,True,6,True,4,True,3,True,9,True,4,True,4,True,3,True,11,True,4,True,3,True,2,True,12,True,4,True,3,False,1,True,12,True,4,True,3,False,1,True,12,True,5,True,3,False,0,True,11,True,5,True,3,False,0,True,11,True,4,True,3,False,0,True,11,True,4,True,3,False,0,True,11,True,4,True,3,False,0,2.5896698457747496,1.2915642026829446,0.8599331412081939,0.8599331412081939,0.8447185349925832,0.8447185349925832,0.3736022048474374,0.2988212926731028
1794371.0,0.01801578242096382,3.4285714285714293,True,8,True,2,True,2,False,0,True,7,True,2,True,2,False,0,True,6,True,2,False,1,False,0,True,3,False,1,False,1,False,0,False,2,False,1,False,1,False,0,False,1,False,1,False,1,False,0,False,1,False,1,False,1,False,0,False,1,False,1,False,1,False,0,False,1,False,1,False,1,False,0,False,1,False,1,False,1,False,0,False,1,False,1,False,1,False,0,3.428571428571428,0.2849830593716086,1.2036944621455827,0.2439603656979417,0.8926784776540174,0.17854595657534106,0.04390427907538168,0.002674781534707142
342339.0,0.10975730805499032,2.817672857500209,True,6,True,6,True,5,False,2,True,8,True,6,True,3,False,1,True,9,True,4,True,2,False,1,True,9,True,5,True,3,False,1,True,9,True,5,True,3,False,1,True,9,True,5,True,3,False,1,True,9,True,4,True,2,False,1,True,9,True,4,True,2,False,1,True,8,True,4,True,2,False,1,True,8,True,4,True,2,False,1,True,7,True,3,True,2,False,1,2.0370195961296282,0.9926574811544499,0.9780708441734891,0.9239586043982836,0.9302359319329986,0.9049641230433924,0.8403220107698656,0.07923434497613416
132509.0,0.8247555709960792,2.949187992292892,True,8,True,4,True,4,True,3,True,7,True,4,True,4,True,3,True,5,True,4,True,4,False,2,True,5,True,4,True,4,False,2,True,4,True,4,True,4,False,2,True,4,True,4,True,3,False,2,True,4,True,4,False,2,False,2,True,4,True,4,False,2,False,2,True,4,True,4,False,2,False,2,True,4,True,4,False,2,False,2,True,5,True,3,False,1,False,1,2.9108937130789077,0.7798822577213298,0.862027604655924,0.6785838706746798,0.8591332337223574,0.36631398663626336,0.8352619289376119,0.17545530872044907
1749753.0,0.019678395950171224,3.4285714285714293,True,8,False,1,False,1,False,1,True,6,False,1,False,1,False,1,True,5,False,1,False,1,False,1,True,5,False,1,False,1,False,1,False,1,False,1,False,1,False,1,False,1,False,1,False,1,False,1,False,1,False,1,False,1,False,1,False,1,False,1,False,1,False,1,False,1,False,1,False,1,False,1,False,1,False,1,False,1,False,1,False,1,False,1,False,1,False,1,3.428571428571428,0.28633843424262573,2.2185673029513273,0.016744076707176387,0.9754918900841648,0.014617430596484822,0.64796668299853,0.014617430596484822
41990.0,0.9689810908729962,2.5435076276114352,True,8,True,3,True,2,True,1,True,6,True,3,True,2,True,1,True,6,True,3,True,2,True,1,True,6,True,3,True,2,True,1,True,5,True,3,True,2,True,1,True,4,True,3,True,2,True,1,True,4,True,3,True,2,True,1,True,4,True,3,True,2,True,1,True,4,True,3,True,2,True,1,True,5,False,2,False,1,False,0,True,3,False,2,False,1,False,0,1.7814112042974657,1.1749710224541208,0.7894828671087685,0.5485051523452448,0.614952893425214,0.543763693815426,0.543763693815426,0.543763693815426
33446.0,0.05161546478733436,1.9393923865245217,True,11,False,4,False,2,False,0,True,10,False,4,False,2,False,0,True,8,False,4,False,2,False,0,True,7,False,3,False,1,False,0,True,7,False,2,False,1,False,0,True,7,False,2,False,1,False,0,True,5,False,2,False,0,False,0,True,5,False,1,False,0,False,0,False,3,False,0,False,0,False,0,False,2,False,0,False,0,False,0,False,1,False,0,False,0,False,0,1.1168433068714836,0.4541837718411467,0.49028389625421376,0.09096285594917454,0.37442575750156354,0.0031790637385144555,0.0980755794326811,0.002593360499685481
837101.0,0.1460122090426324,3.2794624587894816,True,7,True,4,True,3,True,3,True,7,True,5,True,3,True,3,True,7,True,5,True,3,True,3,True,7,True,5,True,3,True,3,True,7,True,5,True,3,True,3,True,8,True,4,True,3,True,3,True,10,True,4,True,4,True,4,True,10,True,4,True,4,True,3,True,11,True,3,True,3,True,2,True,10,True,3,True,3,True,2,True,10,True,3,True,3,True,2,2.652488795446972,2.652488795446972,0.9217514144128253,0.9217514144128253,0.9217514144128253,0.9217514144128253,0.8087374356343617,0.7745245791763868
268100.0,0.9619832249739441,1.2936925755380637,True,7,True,4,False,0,False,0,True,4,True,3,False,0,False,0,True,3,True,1,False,0,False,0,True,3,False,0,False,0,False,0,True,2,False,0,False,0,False,0,True,2,False,0,False,0,False,0,True,1,False,0,False,0,False,0,True,1,False,0,False,0,False,0,True,1,False,0,False,0,False,0,True,1,False,0,False,0,False,0,True,1,False,0,False,0,False,0,0.7203572280609128,0.7203572280609128,0.21879469380384634,0.21879469380384634,0.09520112264269416,0.07774254256259489,0.0653250075173901,0.0653250075173901
11799.0,0.021638791006997865,3.4269092929856746,True,5,True,3,True,2,True,2,True,5,True,3,True,2,True,2,True,5,True,3,True,2,True,2,True,5,True,4,True,3,True,1,True,7,True,6,True,5,True,3,True,7,True,6,True,5,True,2,True,9,True,6,True,2,True,1,True,9,True,4,True,2,True,1,True,10,True,4,True,2,False,0,True,10,True,4,True,2,False,0,True,10,True,4,True,2,False,0,3.347940659884715,3.3407061762868793,0.9963806248509889,0.9948542702371502,0.9940925418492784,0.9900148884744798,0.4902130571168533,0.4902130571168533
1604386.0,0.048836170529554815,3.359898074078024,True,13,True,5,True,2,False,1,True,13,True,5,True,2,False,1,True,13,True,4,True,2,False,1,True,11,True,3,True,2,False,1,True,11,True,3,True,2,False,1,True,9,True,3,True,2,False,1,True,8,True,3,True,2,False,1,True,8,True,3,True,2,False,1,True,8,True,3,True,2,False,1,True,7,True,3,True,2,False,1,True,7,True,3,True,2,False,1,3.0300737112050316,3.0300737112050316,0.9995597127499595,0.9807179327160715,0.9924372415529221,0.9788164897044948,0.8172301167205424,0.09099426390370464
302026.0,0.07481760881433322,3.428571428571429,False,5,False,2,False,2,False,1,False,5,False,2,False,2,False,1,False,5,False,2,False,2,False,1,False,5,False,2,False,2,False,1,False,4,False,2,False,2,False,1,False,4,False,2,False,2,False,1,False,4,False,2,False,2,False,1,False,3,False,2,False,2,False,1,False,3,False,2,False,2,False,1,False,3,False,2,False,2,False,1,False,3,False,2,False,2,False,1,3.428571428571429,0.0,1.0,0.0,1.0,0.0,1.0,0.0
1804707.0,0.019330984167948782,3.428571428571429,True,4,False,1,False,1,False,1,False,1,False,1,False,1,False,0,False,1,False,1,False,1,False,0,False,1,False,1,False,1,False,0,False,1,False,1,False,1,False,0,False,1,False,1,False,1,False,0,False,1,False,1,False,1,False,0,False,1,False,1,False,1,False,0,False,1,False,1,False,1,False,0,False,1,False,1,False,1,False,0,False,1,False,1,False,1,False,0,3.428571428571428,0.10430100247657412,1.6808115798589636,0.022347731127983092,0.7204829232464194,0.011052630471336235,0.13940485378612474,0.007785676541712348
224502.0,0.08050027296640032,1.2803582682374262,False,6,False,2,False,1,False,1,False,6,False,2,False,1,False,1,False,6,False,2,False,1,False,1,False,5,False,2,False,1,False,1,False,4,False,2,False,1,False,1,False,5,False,3,False,1,False,1,False,5,False,2,False,1,False,1,False,5,False,2,False,1,False,1,False,4,False,1,False,1,False,1,False,4,False,1,False,1,False,1,False,4,False,1,False,1,False,1,1.0,0.0,1.0,0.0,1.0,0.0,0.9991885902811225,0.0
1798881.0,0.019107648022234355,3.4285714285714293,True,9,True,2,False,1,False,1,True,7,True,2,False,1,False,1,True,3,True,2,False,1,False,1,True,3,False,1,False,1,False,0,False,2,False,1,False,0,False,0,False,2,False,1,False,0,False,0,False,1,False,1,False,0,False,0,False,1,False,1,False,0,False,0,False,1,False,1,False,0,False,0,False,1,False,1,False,0,False,0,False,1,False,1,False,0,False,0,3.428571428571428,0.2878857711524924,0.8750410718849257,0.2023792394655703,0.25204088019384996,0.017218055458758093,0.22821904249963737,0.01512037550478557
1651121.0,0.017990967293662216,3.428571428571429,True,6,True,2,False,1,False,1,True,4,True,2,False,1,False,1,True,4,False,1,False,1,False,1,True,5,False,2,False,1,False,1,True,5,False,2,False,1,False,1,True,4,False,2,False,1,False,1,True,4,False,1,False,1,False,1,True,4,False,1,False,1,False,1,False,2,False,1,False,1,False,0,False,1,False,1,False,1,False,0,False,1,False,1,False,1,False,0,3.428571428571429,0.4988687079039826,1.0,0.18536987803051927,1.0,0.06651816959772476,0.48012884744241535,0.018018196137357317
526150.0,0.006700084371432826,3.428571428571429,True,7,True,5,True,5,False,2,True,8,True,5,True,5,False,2,True,7,False,4,False,4,False,2,True,7,False,4,False,4,False,2,True,7,False,4,False,4,False,1,True,8,False,4,False,4,False,1,True,8,False,4,False,4,False,1,False,7,False,4,False,4,False,1,False,7,False,4,False,4,False,1,False,7,False,4,False,4,False,1,False,7,False,4,False,4,False,1,3.428571428571428,0.40042020935597533,1.3043620533254907,0.1845486171914217,1.0,0.18446607790455308,1.0,0.0953676217655527
1653271.0,0.01962876569556802,3.428571428571429,True,10,False,2,False,1,False,1,True,8,False,1,False,1,False,1,True,4,False,1,False,1,False,1,True,4,False,1,False,1,False,1,False,2,False,1,False,1,False,1,False,2,False,1,False,1,False,1,False,2,False,1,False,1,False,1,False,2,False,1,False,1,False,1,False,2,False,1,False,1,False,1,False,2,False,1,False,1,False,1,False,2,False,1,False,1,False,1,3.428571428571429,0.27794522173439334,1.3695210200786405,0.06325814073203895,1.0,0.0355966577431655,0.9139322660989448,0.001621891263928095
1674307.0,0.019603950568266415,3.428571428571429,True,8,False,1,False,1,False,1,True,6,False,1,False,1,False,1,True,5,False,1,False,1,False,1,True,4,False,1,False,1,False,1,True,3,False,1,False,1,False,1,True,3,False,1,False,1,False,1,True,3,False,1,False,1,False,1,False,1,False,1,False,1,False,1,False,1,False,1,False,1,False,1,False,1,False,1,False,1,False,1,False,1,False,1,False,1,False,1,3.428571428571429,0.4037443136163186,1.7415547696217994,0.06891702222433893,1.0650754004770042,0.008487229862475512,1.0,0.0069545191363124806
8989.0,0.6493870663556504,1.3648768063837464,True,10,False,3,False,1,False,0,True,9,False,2,False,1,False,0,True,6,False,2,False,1,False,0,True,6,False,2,False,1,False,0,True,6,False,2,False,1,False,0,False,5,False,2,False,1,False,0,False,4,False,1,False,1,False,0,False,3,False,1,False,1,False,0,False,3,False,1,False,1,False,0,False,2,False,1,False,1,False,0,False,2,False,1,False,1,False,0,0.9915317847977755,0.3010221808351835,0.9901891110192681,0.03149165293967371,0.985403221013113,0.0001395630009381228,0.04628094156361555,5.0501496417315474e-05
388174.0,0.08697702119211871,2.6473558883200963,False,4,False,2,False,1,False,1,False,4,False,1,False,1,False,1,False,4,False,1,False,1,False,1,False,4,False,1,False,1,False,1,False,4,False,1,False,1,False,1,False,4,False,1,False,1,False,1,False,4,False,1,False,1,False,1,False,4,False,2,False,2,False,1,False,4,False,2,False,2,False,1,False,5,False,2,False,1,False,1,False,5,False,1,False,1,False,1,1.0719813101662519,0.0,1.0,0.0,1.0,0.0,0.9254347174105688,0.0
810210.0,0.5596803811603553,0.7818838494577207,True,7,False,3,False,2,False,1,True,7,False,1,False,0,False,0,True,6,False,0,False,0,False,0,False,4,False,0,False,0,False,0,False,2,False,0,False,0,False,0,False,2,False,0,False,0,False,0,False,1,False,0,False,0,False,0,False,0,False,0,False,0,False,0,False,0,False,0,False,0,False,0,False,0,False,0,False,0,False,0,False,0,False,0,False,0,False,0,0.4180684894733634,0.23889994170823323,0.15157705903255161,0.05421349025622471,0.10571091384560992,0.0333869176121243,0.10562668463611849,0.0005537660439940136
487655.0,0.29634225023574373,0.8383201646192122,True,12,True,4,False,1,False,0,True,12,True,3,False,0,False,0,True,7,True,2,False,0,False,0,True,5,True,1,False,0,False,0,True,4,False,0,False,0,False,0,True,2,False,0,False,0,False,0,True,2,False,0,False,0,False,0,True,1,False,0,False,0,False,0,False,0,False,0,False,0,False,0,False,0,False,0,False,0,False,0,False,0,False,0,False,0,False,0,0.48480913829082967,0.48480913829082967,0.2906041831529519,0.2906041831529519,0.11909145243833119,0.01149472856507293,0.0032038480500757487,0.00019829636678678062
385558.0,0.17080252121693384,3.300149297577097,True,11,True,7,True,5,True,1,True,12,True,7,True,5,False,0,True,12,True,7,True,3,False,0,True,12,True,7,True,2,False,0,True,12,True,7,True,2,False,0,True,13,True,5,True,2,False,0,True,12,True,5,True,2,False,0,True,12,True,4,True,2,False,0,True,12,True,4,True,2,False,0,True,11,True,4,True,2,False,0,True,11,True,4,True,1,False,0,2.735081491330579,1.0,1.0,1.0,0.6756348705428301,0.6756348705428301,0.14156711498011507,0.14156711498011507
641515.0,0.036627127897166115,3.428571428571429,True,5,True,5,True,4,True,3,True,5,True,5,True,4,True,3,True,6,True,6,True,4,True,3,True,6,True,6,True,4,False,2,True,7,True,7,True,5,False,3,True,8,True,7,True,4,False,3,True,7,True,7,True,4,False,3,True,7,True,6,True,4,False,3,True,8,True,7,True,5,False,4,True,8,True,7,True,5,False,4,True,7,True,6,True,5,False,4,3.4275838056525725,0.9999963310843453,1.0,0.9999911946199365,1.0,0.8444641349733566,1.0,0.20842865675407407
1793652.0,0.018933942131123132,3.4285714285714293,True,8,False,3,False,2,False,2,True,6,False,2,False,2,False,2,True,6,False,3,False,1,False,1,True,5,False,3,False,1,False,1,False,3,False,3,False,1,False,0,False,3,False,2,False,1,False,0,False,3,False,1,False,1,False,0,False,3,False,1,False,1,False,0,False,3,False,1,False,1,False,0,False,3,False,1,False,0,False,0,False,3,False,1,False,0,False,0,3.428571428571428,0.25751917861855944,1.7825778132482044,0.03575102982827598,0.5222218108976336,0.03575102982827598,0.2836478882425838,0.0061718190334489765
1925686.0,0.03608119509653084,3.4285714285714293,True,5,True,4,True,3,True,3,True,5,True,4,True,3,True,3,True,5,True,4,True,3,True,3,True,6,True,4,True,3,True,3,True,6,True,4,True,3,True,3,True,7,True,4,True,3,True,3,True,7,True,4,True,3,False,2,True,7,True,4,True,3,False,2,True,7,True,4,True,3,False,2,True,7,True,4,True,3,False,2,True,8,True,4,True,3,False,1,3.428571428571428,1.1915126008895112,1.0,0.8010983769947889,1.0,0.776128656048503,1.0,0.3610670820666049
1649931.0,0.018785051367313513,3.428571428571429,True,7,False,4,False,1,False,1,False,4,False,3,False,1,False,1,False,5,False,3,False,1,False,0,False,5,False,3,False,1,False,0,False,4,False,1,False,1,False,0,False,3,False,1,False,1,False,0,False,2,False,1,False,1,False,0,False,2,False,1,False,1,False,0,False,2,False,1,False,1,False,0,False,2,False,1,False,1,False,0,False,2,False,1,False,1,False,0,3.428571428571429,0.11504659503883592,1.227314905788083,0.011233078019237645,0.6303528605686879,0.011233078019237645,0.17226890756302513,0.010318413780301176
1494615.0,0.021936572534617102,3.428568774719178,True,6,True,4,True,3,True,2,True,7,True,6,True,3,True,2,True,7,True,6,True,3,False,1,True,6,True,5,False,2,False,1,True,5,True,4,False,2,False,1,True,5,True,4,False,2,False,1,True,5,True,4,False,2,False,1,True,6,True,4,False,3,False,1,True,6,True,4,False,3,False,1,True,6,True,4,False,3,False,1,True,6,True,4,False,3,False,1,3.4259854696492957,0.9822750582946631,2.1094224924012157,0.6298212315025765,1.0,0.24315713514175885,0.7232142857142856,0.15514133656811405
218837.0,0.06915975978956772,2.1844565161348584,True,12,True,4,True,2,True,2,True,10,True,4,True,2,True,2,True,8,True,4,True,2,True,2,True,9,True,4,True,2,False,1,True,6,True,4,True,2,False,1,True,6,True,3,True,2,False,1,True,6,False,2,False,1,False,1,True,6,False,1,False,1,False,0,True,5,False,0,False,0,False,0,False,3,False,0,False,0,False,0,False,2,False,0,False,0,False,0,1.791254321487652,0.5043637131372265,0.47699508887502734,0.3610539944260677,0.4686033767408014,0.3610539944260677,0.4039300589132158,0.21160919352245464
355502.0,0.07052459179115589,3.428571428571429,True,4,True,4,True,2,True,2,True,4,True,3,True,2,True,2,True,4,True,2,True,2,True,2,True,4,True,2,True,2,True,2,True,6,True,2,True,1,True,1,True,6,True,2,True,1,True,1,True,6,True,2,True,1,True,1,True,7,True,1,True,1,True,1,True,7,True,1,True,1,True,1,True,7,True,1,True,1,True,1,True,7,True,1,True,1,True,1,3.428571428571429,3.428571428571429,1.0,1.0,1.0,1.0,1.0,1.0
12926.0,0.4567472331133059,1.6715027060037417,True,11,True,4,True,1,True,1,True,10,True,4,True,1,True,1,True,10,True,4,True,1,True,1,True,11,True,4,True,1,False,0,True,11,True,3,True,1,False,0,True,9,True,3,False,0,False,0,True,9,True,3,False,0,False,0,True,7,True,3,False,0,False,0,True,6,True,2,False,0,False,0,True,6,True,2,False,0,False,0,True,6,True,2,False,0,False,0,0.9679727655732239,0.9679727655732239,0.8078235169566055,0.8078235169566055,0.3391133135436864,0.3391133135436864,0.24123405754420205,0.24123405754420205
54220.0,0.06568564196734329,3.428571428571429,False,6,False,4,False,2,False,1,False,6,False,3,False,2,False,1,False,6,False,3,False,2,False,1,False,6,False,3,False,2,False,1,False,6,False,3,False,2,False,1,False,6,False,3,False,2,False,1,False,5,False,3,False,2,False,1,False,4,False,3,False,2,False,1,False,4,False,3,False,2,False,1,False,4,False,3,False,2,False,1,False,4,False,3,False,2,False,1,3.428571428571429,0.0,1.0,0.0,1.0,0.0,1.0,0.0
1563719.0,0.139659536453422,2.82857421140725,True,10,True,7,True,6,True,2,True,11,True,6,True,4,False,1,True,11,True,6,True,4,False,1,True,11,True,6,True,4,False,1,True,12,True,6,False,3,False,1,True,12,True,5,False,3,False,0,True,13,True,5,False,2,False,0,True,12,True,5,False,1,False,0,True,12,True,4,False,1,False,0,True,12,True,3,False,1,False,0,True,11,True,3,False,1,False,0,1.321718240644143,0.9969257066541816,0.7323080798386082,0.6775343582537191,0.6812730908823915,0.28186281069528174,0.33067139248765426,0.10723774486600113
78134.0,0.7458434661769815,2.86124534285765,True,11,True,6,False,2,False,1,True,10,True,4,False,2,False,1,True,10,True,4,False,0,False,0,True,11,True,2,False,0,False,0,True,10,True,2,False,0,False,0,True,8,True,2,False,0,False,0,True,5,True,2,False,0,False,0,True,5,True,2,False,0,False,0,True,5,True,2,False,0,False,0,True,5,True,2,False,0,False,0,True,4,True,2,False,0,False,0,2.037195375931516,2.037195375931516,0.6448389676115035,0.6448389676115035,0.1770565793195278,0.0850124615991747,0.1770565793195278,0.01722137851062473
1801944.0,0.01858653034890069,3.4285714285714293,True,7,False,1,False,1,False,1,False,3,False,1,False,1,False,1,False,3,False,1,False,1,False,0,False,1,False,1,False,1,False,0,False,1,False,1,False,1,False,0,False,1,False,1,False,1,False,0,False,2,False,1,False,0,False,0,False,2,False,0,False,0,False,0,False,2,False,0,False,0,False,0,False,2,False,0,False,0,False,0,False,2,False,0,False,0,False,0,3.4285714285714275,0.12367405491685704,0.446562000857065,0.039729334735174586,0.35531619299178435,0.007520199985782989,0.15407564740439705,0.00685121491179393
405441.0,0.7885503002630404,1.834833520487392,True,7,True,2,True,2,False,1,True,7,True,2,True,1,False,0,True,5,True,2,True,1,False,0,True,5,True,2,True,1,False,0,True,4,True,2,True,1,False,0,True,4,True,1,False,0,False,0,True,4,False,0,False,0,False,0,True,4,False,0,False,0,False,0,True,3,False,0,False,0,False,0,True,3,False,0,False,0,False,0,True,3,False,0,False,0,False,0,0.9740588371287124,0.9740588371287124,0.37187289756243813,0.37187289756243813,0.32605536573656735,0.32605536573656735,0.11980521911307965,0.022003437852034135
1573838.0,0.1347461412477046,2.160393740097405,True,10,True,7,True,5,True,3,True,11,True,6,True,5,False,2,True,11,True,6,True,5,False,2,True,13,True,5,True,4,False,1,True,13,True,4,True,2,False,1,True,13,True,3,True,2,False,0,True,13,True,3,True,1,False,0,True,12,True,3,True,1,False,0,True,12,True,3,True,1,False,0,True,12,True,3,True,1,False,0,True,9,True,3,True,1,False,0,1.4393503844566662,0.9925745922172906,0.9900831750649516,0.9900831750649516,0.8515292618264695,0.8515292618264695,0.30597145814471827,0.13537102360851888
229163.0,0.005459328006352673,3.4285714285714284,True,11,True,7,True,3,False,1,True,11,True,6,True,3,False,1,True,11,True,4,True,3,False,1,True,10,True,4,True,2,False,1,True,9,True,3,True,2,False,1,True,9,True,3,True,2,False,1,True,9,True,3,True,2,False,1,True,8,True,3,True,2,False,1,True,9,True,3,False,1,False,1,True,8,True,2,False,1,False,1,True,6,True,2,False,1,False,1,3.4285714285714284,1.8235997830088286,1.0,0.6036192598848997,1.0,0.461519446830731,1.0,0.04348980656703071
302806.0,0.14315846940294805,1.3843711741854268,True,13,True,4,True,2,True,1,True,11,True,3,True,1,True,1,True,11,True,1,True,1,True,1,True,12,True,1,False,0,False,0,True,11,True,1,False,0,False,0,True,11,True,1,False,0,False,0,True,9,True,1,False,0,False,0,True,8,False,0,False,0,False,0,True,8,False,0,False,0,False,0,True,5,False,0,False,0,False,0,True,5,False,0,False,0,False,0,0.913302863358822,0.7328657548250409,0.4243270933109188,0.4243270933109188,0.22538137256708246,0.22538137256708246,0.22538137256708246,0.22538137256708246
663507.0,0.18693235396297583,3.4285714285714293,True,8,True,5,True,4,True,3,True,9,True,5,True,4,True,2,True,8,True,5,True,4,True,2,True,8,True,5,True,4,True,2,True,8,True,5,True,4,True,2,True,8,True,5,True,4,True,2,True,9,True,5,True,4,True,2,True,9,True,4,True,4,True,2,True,9,True,4,True,4,True,2,True,10,True,4,True,4,True,1,True,11,True,3,True,3,True,1,3.296218401034241,2.3503942200363226,1.0,1.0,1.0,1.0,0.9729867295597674,0.9729867295597674
1593709.0,0.01980247158667924,3.4285714285714284,True,6,True,3,False,2,False,1,True,6,True,3,False,2,False,1,True,3,False,1,False,1,False,1,True,3,False,1,False,1,False,1,True,2,False,1,False,1,False,1,False,1,False,1,False,1,False,1,False,1,False,1,False,1,False,1,False,1,False,1,False,1,False,1,False,1,False,1,False,1,False,1,False,1,False,1,False,1,False,1,False,1,False,1,False,1,False,1,3.0541924635022544,0.34647991054629124,1.2711435158370525,0.18842167907151122,1.0,0.017919518106643953,0.9820179820179821,0.012651312326948981
666120.0,0.007916025609211376,3.3779689474175134,True,10,True,4,True,4,False,1,True,10,True,4,True,3,False,1,True,11,True,4,True,4,False,1,True,11,True,3,True,2,False,1,True,10,True,3,True,2,False,1,True,10,True,3,True,2,False,1,True,10,True,3,True,2,False,1,True,9,True,3,True,2,False,1,True,9,True,3,True,2,False,1,True,8,True,3,True,2,False,1,True,8,True,3,True,2,False,1,3.0604004071937556,1.7363499936046791,0.9998917112338981,0.9752509227650307,0.9990981740767253,0.9411288380897755,0.9990981740767253,0.06122603341384175
433762.0,0.0795324830016378,3.2426227412835162,True,8,True,6,True,4,True,4,True,10,True,6,True,4,True,4,True,12,True,6,True,2,True,2,True,13,True,5,True,2,True,1,True,14,True,5,True,2,True,1,True,13,True,4,True,2,True,1,True,12,True,4,True,2,True,1,True,12,True,3,True,2,True,1,True,12,True,3,True,2,True,1,True,10,True,3,True,2,True,1,True,9,True,3,True,1,True,1,2.2920258956112116,2.2920258956112116,0.9312723417211758,0.9312723417211758,0.9312723417211758,0.9312723417211758,0.8978636760370647,0.8978636760370647
1789774.0,0.019876916968584048,3.4285714285714293,True,9,True,3,False,2,False,2,True,7,True,3,False,1,False,1,True,7,True,2,False,1,False,1,True,7,True,2,False,1,False,1,False,4,False,1,False,1,False,1,False,2,False,1,False,1,False,0,False,2,False,1,False,1,False,0,False,2,False,1,False,1,False,0,False,2,False,1,False,1,False,0,False,2,False,1,False,1,False,0,False,2,False,1,False,1,False,0,3.428571428571428,0.27946740541080156,1.2153426525741564,0.2543876203057181,0.8648411959706372,0.04339432756317817,0.3000071746305066,0.016376566616413138
1805580.0,0.01794133703905901,3.4285714285714293,True,10,True,2,False,1,False,1,True,10,False,1,False,1,False,1,True,8,False,1,False,1,False,1,True,5,False,1,False,1,False,1,False,2,False,1,False,1,False,1,False,1,False,1,False,1,False,1,False,1,False,1,False,1,False,1,False,1,False,1,False,1,False,1,False,1,False,1,False,1,False,1,False,1,False,1,False,1,False,1,False,1,False,1,False,1,False,1,3.428571428571428,0.2930847473273061,0.8133332025387232,0.132898790450541,0.6195681270634428,0.01721850758329951,0.6195681270634428,0.008727961493654506
737053.0,0.09727529902228399,1.0,False,4,False,3,False,2,False,1,False,5,False,1,False,1,False,1,False,4,False,1,False,1,False,1,False,3,False,1,False,1,False,1,False,3,False,1,False,1,False,1,False,2,False,1,False,1,False,1,False,1,False,1,False,1,False,1,False,1,False,1,False,1,False,0,False,1,False,1,False,1,False,0,False,1,False,1,False,1,False,0,False,1,False,1,False,1,False,0,1.0,0.0,1.0,0.0,1.0,0.0,0.4295959274942341,0.0
1787369.0,0.019132463149535955,3.4285714285714293,True,6,False,3,False,2,False,2,True,5,False,3,False,2,False,2,True,4,False,2,False,2,False,2,True,4,False,2,False,2,False,2,True,4,False,2,False,1,False,1,False,3,False,1,False,1,False,1,False,3,False,1,False,1,False,1,False,3,False,1,False,1,False,1,False,3,False,1,False,1,False,0,False,3,False,1,False,0,False,0,False,3,False,1,False,0,False,0,3.4285714285714275,0.3191689414619352,0.7944111776447106,0.08845326320822376,0.5474001742318844,0.02313594564517078,0.4793758913715237,0.0011662118694452158
406306.0,0.6864112362896422,3.2023765459644347,True,8,True,6,True,3,True,2,True,10,True,7,False,4,False,3,True,8,True,6,False,4,False,3,True,10,True,5,False,3,False,2,True,13,True,6,False,2,False,0,True,13,True,5,False,2,False,0,True,14,True,4,False,1,False,0,True,13,True,4,False,1,False,0,True,12,True,4,False,1,False,0,True,11,True,3,False,1,False,0,True,10,True,3,False,1,False,0,2.620607844623855,0.9911603142835749,0.9823547930727888,0.9823547930727888,0.7410657877156099,0.1403242948788157,0.2841578051199543,0.1403242948788157
211784.0,0.014938706635565041,3.428561682913315,True,6,True,5,True,4,True,4,True,7,True,5,True,3,False,1,True,7,True,3,True,3,False,1,True,8,True,3,True,2,False,1,True,9,True,3,True,3,False,1,True,9,True,2,False,1,False,1,True,8,True,2,False,1,False,1,True,7,False,1,False,1,False,1,True,7,False,1,False,1,False,1,True,6,False,1,False,1,False,1,True,6,False,1,False,1,False,1,3.042062130073897,0.8280889078112718,1.0,0.4414853297343268,0.9999921559304865,0.3436534643769642,0.9979857884379383,0.13347551316282938
1775317.0,0.018785051367313513,3.428571428571429,True,10,False,2,False,2,False,1,True,8,False,2,False,2,False,0,True,6,False,2,False,2,False,0,True,5,False,2,False,2,False,0,True,5,False,2,False,2,False,0,True,5,False,2,False,2,False,0,True,5,False,2,False,2,False,0,True,5,False,2,False,2,False,0,True,5,False,1,False,1,False,0,True,3,False,1,False,1,False,0,True,4,False,1,False,0,False,0,3.428571428571428,0.6750022483025317,0.8668984954663939,0.03455090085745053,0.556083152400958,0.013634455772641772,0.12463514647318104,0.012812578868579384
35210.0,0.9511638294704452,0.5670776845941836,True,5,True,2,False,0,False,0,True,3,True,1,False,0,False,0,True,2,False,0,False,0,False,0,True,1,False,0,False,0,False,0,True,1,False,0,False,0,False,0,True,1,False,0,False,0,False,0,True,1,False,0,False,0,False,0,False,0,False,0,False,0,False,0,False,0,False,0,False,0,False,0,False,0,False,0,False,0,False,0,False,0,False,0,False,0,False,0,0.4313936492775276,0.4313936492775276,0.16976102380613542,0.16976102380613542,0.03366731507225844,0.01697271370962443,0.03366731507225844,0.01697271370962443
204269.0,0.08342845798798948,3.386370932878023,True,6,True,5,True,3,True,3,True,7,True,6,True,2,True,2,True,7,True,5,True,2,True,2,True,8,True,6,True,3,True,3,True,8,True,6,True,3,True,3,True,8,True,6,True,3,True,3,True,9,True,6,True,3,True,3,True,10,True,7,True,4,True,1,True,10,True,5,True,4,False,0,True,11,True,5,True,3,False,0,True,10,True,5,True,3,False,0,2.6815953569897526,2.6815953569897526,0.9800059646024656,0.907428058959962,0.8412189305528985,0.8412189305528985,0.45308946738013783,0.45308946738013783
1732844.0,0.02069581616953695,3.4285714285714293,True,8,False,1,False,1,False,1,True,6,False,1,False,1,False,1,True,6,False,1,False,1,False,1,True,2,False,1,False,1,False,1,True,3,False,1,False,1,False,0,True,2,False,1,False,1,False,0,True,2,False,1,False,1,False,0,True,2,False,1,False,1,False,0,True,2,False,1,False,1,False,0,False,1,False,1,False,1,False,0,False,1,False,1,False,1,False,0,3.428571428571428,0.5166467891617905,2.489743763902804,0.04555308943429902,0.735089527244622,0.01216916734630037,0.2573802302142011,0.01216916734630037
159656.0,0.13506873790262544,3.2997837558056378,True,6,True,5,True,4,True,4,True,8,True,4,True,4,True,3,True,9,True,5,True,3,False,2,True,9,True,3,True,3,False,2,True,8,True,3,True,3,False,1,True,9,True,3,True,2,False,1,True,9,True,3,True,2,False,1,True,9,True,3,True,2,False,1,True,7,True,3,True,2,False,1,True,7,True,2,True,2,False,1,True,7,True,2,True,2,False,1,2.67960172730702,0.9352696631100883,0.8946757701842233,0.7928361961367596,0.8708808484378147,0.7525853020324407,0.8684859474153949,0.17604737077412955
355960.0,0.018462454712392676,0.9389152791489399,True,9,True,1,False,0,False,0,True,4,False,0,False,0,False,0,True,3,False,0,False,0,False,0,True,2,False,0,False,0,False,0,True,2,False,0,False,0,False,0,False,0,False,0,False,0,False,0,False,0,False,0,False,0,False,0,False,0,False,0,False,0,False,0,False,0,False,0,False,0,False,0,False,0,False,0,False,0,False,0,False,0,False,0,False,0,False,0,0.32351232735252355,0.32351232735252355,0.11563336901378406,0.11563336901378406,0.016603920017611268,0.005723501521820836,0.004848040095867925,0.0021491586883940397
6794.0,0.5983671646235545,0.6386821417181187,True,9,True,4,False,1,False,1,True,6,False,1,False,0,False,0,True,4,False,0,False,0,False,0,True,3,False,0,False,0,False,0,True,2,False,0,False,0,False,0,False,1,False,0,False,0,False,0,False,1,False,0,False,0,False,0,False,0,False,0,False,0,False,0,False,0,False,0,False,0,False,0,False,0,False,0,False,0,False,0,False,0,False,0,False,0,False,0,0.4301118609561504,0.32682021219585033,0.17553459915494243,0.11523996991374216,0.1174836124633148,0.033326458697855485,0.1174836124633148,0.024787415722341787
379493.0,0.9945903022482505,0.8619104290808446,True,9,True,2,False,1,False,0,True,6,True,2,False,0,False,0,True,3,True,1,False,0,False,0,True,3,False,0,False,0,False,0,True,2,False,0,False,0,False,0,True,2,False,0,False,0,False,0,True,1,False,0,False,0,False,0,False,0,False,0,False,0,False,0,False,0,False,0,False,0,False,0,False,0,False,0,False,0,False,0,False,0,False,0,False,0,False,0,0.4131266832820837,0.4131266832820837,0.22080662427943884,0.22080662427943884,0.10172135673382943,0.0030708432441445195,0.004326081009626865,0.000803191998112026
252575.0,0.9166459873939153,0.3760045597026803,True,8,True,3,False,0,False,0,True,3,False,0,False,0,False,0,True,1,False,0,False,0,False,0,False,0,False,0,False,0,False,0,False,0,False,0,False,0,False,0,False,0,False,0,False,0,False,0,False,0,False,0,False,0,False,0,False,0,False,0,False,0,False,0,False,0,False,0,False,0,False,0,False,0,False,0,False,0,False,0,False,0,False,0,False,0,False,0,0.2108564085810554,0.2108564085810554,0.14963003256899587,0.11849003471377711,0.01618019497313068,0.001677262992017757,0.0028349246706008227,0.001677262992017757
790821.0,0.14655814184326765,2.200796431093083,True,11,True,4,True,3,True,2,True,10,True,5,False,1,False,1,True,10,True,4,False,1,False,1,True,8,True,3,False,1,False,0,True,5,True,3,False,1,False,0,True,5,True,3,False,1,False,0,True,5,True,3,False,1,False,0,True,6,True,2,False,0,False,0,True,6,True,2,False,0,False,0,True,6,False,0,False,0,False,0,True,5,False,0,False,0,False,0,1.916722211865458,0.8621783423787424,0.5498937189086577,0.5498937189086577,0.40200948118796886,0.13551754387471734,0.225462091757427,0.13551754387471734
311610.0,0.08593478584545139,2.630843138879056,True,8,True,6,True,3,True,3,True,10,True,7,True,4,True,3,True,10,True,7,True,4,True,2,True,11,True,8,True,4,False,1,True,11,True,8,True,4,False,1,True,13,True,8,True,3,False,0,True,13,True,8,True,3,False,0,True,14,True,7,True,2,False,0,True,14,True,7,True,1,False,0,True,14,True,5,True,1,False,0,True,13,True,4,False,0,False,0,1.7969995305283235,1.0,0.9258372727671386,0.9240583479691679,0.5788640768741852,0.5788640768741852,0.3177927771801668,0.21507599696270863
656543.0,0.076331331579731,3.4247916097704336,True,5,True,4,True,4,True,3,True,7,True,4,True,4,True,3,True,7,True,4,True,4,True,3,True,7,True,4,True,4,True,3,True,7,True,4,True,4,True,3,True,7,True,5,True,5,True,3,True,7,True,5,True,5,True,3,True,7,True,5,True,4,True,3,True,8,True,5,True,4,False,2,True,8,True,5,True,4,False,2,True,8,True,5,True,4,False,2,3.3397413390653834,1.6285226626943454,1.3810229591480767,0.9997984666306822,0.9997836623313745,0.9997836623313745,0.8041624523564153,0.4632562474712256
1792615.0,0.019678395950171224,3.4285714285714293,True,8,True,2,False,1,False,1,True,5,True,2,False,1,False,1,True,4,True,2,False,1,False,1,True,3,True,2,False,1,False,1,True,3,False,1,False,1,False,1,True,3,False,1,False,0,False,0,False,2,False,1,False,0,False,0,False,2,False,1,False,0,False,0,False,2,False,1,False,0,False,0,False,2,False,1,False,0,False,0,False,1,False,1,False,0,False,0,3.428571428571428,0.3721807293235865,1.0875315497223623,0.2500575650004797,0.34373365617433416,0.02761831430176794,0.30014396905799856,0.008538414724745536
634367.0,0.13772395652389696,3.390464384203424,True,10,True,6,True,5,False,3,True,10,True,6,True,5,False,3,True,11,True,6,True,4,False,2,True,12,True,5,True,4,False,1,True,12,True,5,True,3,False,1,True,11,True,5,True,3,False,1,True,9,True,5,True,3,False,1,True,9,True,4,True,3,False,1,True,9,True,4,True,3,False,1,True,9,True,4,True,3,False,1,True,9,True,4,True,3,False,1,2.8245349482904447,2.459644282678372,0.9995978782779762,0.9995978782779762,0.9604797195083012,0.9604797195083012,0.6739290082051861,0.09058661059516825
1540670.0,0.008635664300957864,3.4285714285714293,True,3,True,3,True,3,True,2,True,3,True,3,True,3,True,2,True,3,True,3,True,3,True,2,True,3,True,3,True,3,True,2,True,3,True,3,True,3,True,2,True,3,True,3,True,3,True,2,True,3,True,3,True,3,True,2,True,3,True,3,True,3,True,2,True,3,True,3,True,3,True,2,True,4,True,3,True,2,True,2,True,4,True,3,True,2,True,2,3.428571428571429,1.0,1.0,1.0,1.0,1.0,1.0,1.0
1750445.0,0.003474117822224428,3.428571428571429,True,7,True,4,True,2,True,2,True,10,True,7,False,3,False,0,True,9,True,6,False,2,False,0,True,8,True,6,False,2,False,0,True,8,True,6,False,1,False,0,True,8,True,6,False,0,False,0,True,8,False,4,False,0,False,0,True,8,False,4,False,0,False,0,True,8,False,3,False,0,False,0,True,8,False,2,False,0,False,0,False,6,False,2,False,0,False,0,3.428571428571429,0.5871522427783425,1.0,0.3503608583236629,0.34038270390146197,0.11968200719703628,0.11968200719703628,0.11968200719703628
797312.0,0.44287557695170976,1.0743222233177065,True,10,True,3,False,1,False,0,True,8,True,1,False,0,False,0,True,5,True,1,False,0,False,0,True,5,False,0,False,0,False,0,True,4,False,0,False,0,False,0,True,3,False,0,False,0,False,0,True,3,False,0,False,0,False,0,False,1,False,0,False,0,False,0,False,1,False,0,False,0,False,0,False,1,False,0,False,0,False,0,False,0,False,0,False,0,False,0,0.5921128515451141,0.41668780568594194,0.22268519783120072,0.22268519783120072,0.11956445620150329,0.05989595153715888,0.023229087151914615,3.796423216212526e-05
514728.0,0.16936324383344087,3.2358653809652234,True,9,True,6,True,5,True,3,True,13,True,5,True,2,True,2,True,12,True,4,True,2,False,1,True,12,True,4,True,2,False,1,True,11,True,4,True,2,False,1,True,11,True,4,True,2,False,0,True,10,True,2,True,2,False,0,True,9,True,2,True,2,False,0,True,8,True,2,True,2,False,0,True,8,True,2,True,2,False,0,True,7,True,2,True,2,False,0,2.9050225506619682,2.9050225506619682,0.8348851063766634,0.8348851063766634,0.8190522107131288,0.8190522107131288,0.30605043421134026,0.18588020521597542
1683043.0,0.06342746538289741,3.4285714285714293,True,4,True,3,True,2,True,2,True,4,True,2,True,2,True,2,True,4,True,2,True,2,True,2,True,4,True,2,True,2,True,2,True,4,True,2,True,2,True,2,True,4,True,2,True,2,True,2,True,4,True,2,True,2,True,2,True,5,True,3,True,3,True,3,True,6,True,4,False,3,False,3,True,7,True,4,False,2,False,2,True,9,True,3,False,1,False,1,3.4285714285714284,0.9214412123149581,1.0,0.7884206401144673,1.0,0.4917476181713753,1.0,0.4917476181713753
1818699.0,0.018933942131123132,3.4285714285714293,True,11,True,2,False,1,False,1,True,7,True,2,False,1,False,1,True,6,False,1,False,1,False,1,True,4,False,1,False,0,False,0,True,3,False,1,False,0,False,0,True,3,False,1,False,0,False,0,True,3,False,1,False,0,False,0,False,2,False,1,False,0,False,0,False,2,False,1,False,0,False,0,False,2,False,1,False,0,False,0,False,2,False,1,False,0,False,0,3.428571428571428,0.4347827204738681,0.6758067291298432,0.18763456059848208,0.2027438358358941,0.0204543114862923,0.2027438358358941,0.0031918464831905027
1654964.0,0.004119311132066108,3.4285714285714293,True,1,True,1,True,1,True,1,True,1,True,1,True,1,True,1,True,1,True,1,True,1,True,1,True,1,True,1,True,1,True,1,True,1,True,1,True,1,True,1,True,1,True,1,True,1,True,1,True,1,True,1,True,1,True,1,True,2,True,1,True,1,True,1,True,2,True,1,True,1,True,1,True,2,True,1,True,1,True,1,True,2,True,1,True,1,True,1,3.4285714285714293,1.0,1.0,1.0,1.0,1.0,1.0,1.0
1770254.0,0.01962876569556802,3.4285714285714293,True,8,False,3,False,1,False,0,True,6,False,2,False,0,False,0,True,6,False,2,False,0,False,0,True,6,False,2,False,0,False,0,True,6,False,1,False,0,False,0,False,4,False,1,False,0,False,0,False,4,False,1,False,0,False,0,False,4,False,0,False,0,False,0,False,4,False,0,False,0,False,0,False,3,False,0,False,0,False,0,False,3,False,0,False,0,False,0,3.4285714285714275,0.34629699871983316,0.4081869663319028,0.01556420233463046,0.11994703921837194,0.0024008554868077607,0.05894786962355898,0.0024008554868077607
1812223.0,0.019281353913345574,3.428571428571429,True,7,True,4,False,1,False,1,True,6,False,2,False,1,False,1,True,4,False,1,False,1,False,0,True,3,False,0,False,0,False,0,True,3,False,0,False,0,False,0,True,3,False,0,False,0,False,0,False,2,False,0,False,0,False,0,False,2,False,0,False,0,False,0,False,2,False,0,False,0,False,0,False,2,False,0,False,0,False,0,False,2,False,0,False,0,False,0,3.428571428571428,0.35977618476262474,0.24386569785239012,0.13290758285280913,0.24386569785239012,0.08010913138617648,0.18169122658056727,0.026488930295709673
1527342.0,0.019529505186361606,3.4285714285714284,True,5,True,4,True,4,True,4,True,6,True,4,True,4,True,3,True,7,True,5,True,5,True,3,True,8,True,4,True,4,True,2,True,9,True,4,True,4,True,2,True,10,True,4,True,4,True,2,True,10,True,4,True,4,True,2,True,10,True,4,True,4,True,2,True,9,True,4,True,4,True,1,True,9,True,4,True,3,True,1,True,9,True,4,True,3,True,1,3.4285714285714284,3.4285714285714284,1.0,1.0,1.0,1.0,1.0,1.0
1793782.0,0.01955432031366321,3.4285714285714293,True,7,False,1,False,1,False,1,True,6,False,1,False,1,False,1,False,3,False,1,False,1,False,1,False,2,False,1,False,1,False,0,False,2,False,1,False,1,False,0,False,2,False,1,False,1,False,0,False,2,False,1,False,1,False,0,False,2,False,1,False,1,False,0,False,1,False,1,False,1,False,0,False,1,False,1,False,1,False,0,False,1,False,1,False,1,False,0,3.428571428571428,0.16603824282764432,1.3340037975090915,0.005952638910385277,0.7309865661437256,0.004428305730227718,0.22924370376105657,0.004428305730227718
107691.0,0.07516502059655567,3.0910253757595663,False,6,False,4,False,3,False,2,False,6,False,3,False,2,False,2,False,5,False,3,False,2,False,2,False,5,False,3,False,2,False,2,False,4,False,3,False,2,False,2,False,4,False,3,False,2,False,1,False,4,False,3,False,2,False,1,False,5,False,3,False,1,False,0,False,4,False,3,False,1,False,0,False,4,False,3,False,1,False,0,False,4,False,3,False,1,False,0,2.999563734269576,0.0,1.0,0.0,1.0,0.0,0.43388028994638955,0.0
1584792.0,0.018958757258424736,3.4285714285714293,True,5,False,1,False,1,False,1,True,4,False,1,False,1,False,1,True,3,False,1,False,1,False,1,True,3,False,1,False,1,False,1,True,2,False,1,False,1,False,1,False,1,False,1,False,1,False,1,False,1,False,1,False,1,False,1,False,1,False,1,False,1,False,1,False,1,False,1,False,1,False,1,False,1,False,1,False,1,False,1,False,1,False,1,False,1,False,1,3.4285714285714284,0.3472622136062568,1.0,0.02237401199338915,1.0,0.0034094783498124664,0.8025494187049366,0.0030874904600013972
1804703.0,0.018288748821281453,3.428571428571429,True,7,False,3,False,1,False,1,True,8,False,3,False,1,False,0,False,5,False,2,False,1,False,0,False,4,False,1,False,0,False,0,False,3,False,1,False,0,False,0,False,3,False,1,False,0,False,0,False,3,False,1,False,0,False,0,False,2,False,1,False,0,False,0,False,2,False,1,False,0,False,0,False,2,False,1,False,0,False,0,False,2,False,1,False,0,False,0,3.428571428571428,0.18033087095919897,1.238426988076389,0.03372731599415072,0.23824973139233566,0.010575482506389317,0.1273977490814054,0.010575482506389317
1780525.0,0.019182093404139164,3.428571428571429,True,7,False,1,False,1,False,1,True,5,False,1,False,1,False,1,True,3,False,1,False,1,False,1,True,2,False,1,False,1,False,1,True,2,False,1,False,1,False,1,True,2,False,1,False,1,False,1,True,3,False,1,False,1,False,0,True,2,False,1,False,1,False,0,False,1,False,1,False,1,False,0,False,1,False,1,False,1,False,0,False,1,False,1,False,1,False,0,3.428571428571428,0.4538012246559636,0.9794338112218904,0.04322373264855361,0.7731274646461036,0.007482203454698567,0.38022352454868186,0.004329949335994498
271079.0,0.3032904858801926,2.564691794386545,True,11,True,7,True,5,True,2,True,11,True,6,True,5,True,2,True,11,True,6,True,3,True,2,True,10,True,5,True,3,True,2,True,8,True,5,True,3,True,1,True,8,True,5,True,2,True,1,True,7,True,5,True,2,True,1,True,7,True,5,True,2,True,1,True,7,True,5,True,2,True,1,True,6,True,4,True,2,True,1,True,5,True,4,True,2,True,1,1.728158471533359,0.9995039209345986,0.995674879031543,0.995674879031543,0.8200877922790907,0.8200877922790907,0.7683668113778314,0.7683668113778314
1639733.0,0.020224328750806493,3.428571428571429,True,4,False,2,False,1,False,1,False,3,False,2,False,1,False,1,False,3,False,2,False,1,False,1,False,4,False,2,False,1,False,0,False,4,False,1,False,1,False,0,False,4,False,1,False,1,False,0,False,3,False,1,False,1,False,0,False,2,False,1,False,1,False,0,False,2,False,1,False,1,False,0,False,2,False,1,False,1,False,0,False,2,False,1,False,1,False,0,3.428571428571429,0.146875244672022,1.0,0.0045425308074439645,1.0,0.003549851045465963,0.23639543763703105,0.0019906377303428083
833287.0,0.035163035386371534,3.428570285937513,True,5,True,5,True,5,True,5,True,7,True,6,True,5,True,4,True,7,True,6,True,5,True,4,True,7,True,6,True,4,True,4,True,7,True,6,True,4,True,3,True,7,True,6,True,4,True,3,True,7,True,6,True,4,True,3,True,7,True,6,True,4,True,3,True,7,True,6,True,4,True,3,True,8,True,7,True,4,True,3,True,8,True,7,True,4,True,3,3.4280982405209386,1.0,2.0158710035894307,1.0,1.0,0.9999821041323735,1.0,0.878259052680919
1890333.0,0.17219216834582363,3.4285714285714293,True,4,True,3,True,3,True,2,True,4,True,3,True,3,True,2,True,4,True,3,True,3,True,2,True,4,True,3,True,3,True,2,True,5,True,3,True,3,True,2,True,6,True,3,True,2,True,2,True,6,True,3,True,2,True,2,True,7,True,4,True,2,False,1,True,7,True,3,True,2,False,1,True,7,True,3,True,2,False,1,True,7,True,3,False,1,False,1,3.428571428571428,0.9460618545230917,1.0,0.9002837772649013,1.0,0.590088394098633,1.0,0.4168821695950646
35748.0,0.20308700183631942,1.2372693084383355,True,15,True,3,True,2,False,1,True,14,True,3,False,1,False,0,True,11,True,3,False,0,False,0,True,11,True,2,False,0,False,0,True,11,True,2,False,0,False,0,True,8,False,1,False,0,False,0,True,5,False,0,False,0,False,0,True,3,False,0,False,0,False,0,True,3,False,0,False,0,False,0,True,2,False,0,False,0,False,0,True,2,False,0,False,0,False,0,0.6607139333810947,0.6607139333810947,0.3589411711486084,0.3229827901556459,0.18234957506198934,0.10271519242699542,0.1171425273775879,0.07613321798002096
1531823.0,0.015807236091121148,3.4037929274749747,True,7,True,4,True,4,True,3,True,9,True,5,True,3,True,2,True,8,True,3,True,3,True,2,True,7,True,3,True,3,True,2,True,7,True,3,True,3,True,2,True,7,True,3,True,2,True,2,True,7,True,2,True,2,True,2,True,9,True,2,True,2,True,2,True,8,True,2,True,2,True,2,True,7,True,2,True,2,True,2,True,7,True,2,True,2,True,2,3.159351914713025,3.159351914713025,0.9999499939216402,0.9999499939216402,0.9999499846454879,0.9999499846454879,0.812769593163207,0.812769593163207
1368.0,0.9998014789815872,0.995163714870426,True,4,True,2,True,1,True,1,True,4,True,2,True,1,True,1,True,4,True,1,True,1,True,1,True,3,True,1,True,1,True,1,True,3,True,1,True,1,True,1,True,2,True,1,True,1,True,1,True,2,True,1,True,1,True,1,True,2,True,1,True,1,True,1,True,2,True,1,True,1,True,1,True,2,True,1,True,1,True,1,True,2,True,1,True,1,True,1,0.9892366313515624,0.9892366313515624,0.9472105233258726,0.9472105233258726,0.9257796867766812,0.9257796867766812,0.6478422810831623,0.6478422810831623
335003.0,0.018785051367313513,3.4246212157006495,True,2,True,2,True,2,True,2,True,2,True,2,True,2,True,2,True,4,True,2,True,2,True,2,True,4,True,2,True,2,True,2,True,4,True,2,True,2,True,2,True,4,True,3,True,3,True,3,True,4,True,3,True,3,True,3,True,4,True,3,True,3,True,3,True,4,True,3,True,3,True,3,True,4,True,3,True,3,True,3,True,5,True,4,True,3,True,2,3.4222480383418086,3.3449877540996527,2.9572499277291397,1.0,2.9115646258503394,0.9952102734831533,1.0,0.9952102734831533
488877.0,0.23906893642364385,2.9015319259815198,True,3,True,3,True,2,True,2,True,4,True,4,True,3,True,3,True,5,True,4,True,3,True,3,True,6,True,5,True,3,True,3,True,8,True,7,True,4,True,4,True,8,True,7,True,4,True,4,True,8,True,7,True,4,True,4,True,8,True,6,True,3,True,3,True,9,True,4,True,3,True,2,True,9,True,5,True,2,True,1,True,10,True,5,False,0,False,0,2.439157495722363,2.439157495722363,0.9053806274463998,0.9053806274463998,0.5760062930768554,0.5722211410913453,0.5719131004280661,0.5719131004280661
210046.0,0.06451933098416796,2.9637212720022807,True,5,True,4,True,4,True,3,True,5,True,4,True,4,True,2,True,5,True,5,True,5,True,2,True,6,True,6,True,6,True,2,True,7,True,7,True,6,True,1,True,8,True,6,True,5,True,1,True,9,True,7,True,5,False,1,True,9,True,7,True,5,False,1,True,10,True,6,True,2,False,0,True,9,True,6,True,2,False,0,True,9,True,5,True,2,False,0,2.541525129325775,0.935663428377073,0.9145813213733369,0.8749233454958945,0.7212380959499182,0.7212380959499182,0.47917700226184834,0.35010008803230147
1795224.0,0.019033202640329545,3.4285714285714293,True,7,False,2,False,2,False,2,True,6,False,2,False,2,False,1,True,5,False,2,False,2,False,1,True,5,False,2,False,2,False,1,False,5,False,2,False,2,False,0,False,5,False,2,False,2,False,0,False,3,False,2,False,2,False,0,False,3,False,1,False,1,False,0,False,2,False,1,False,1,False,0,False,2,False,1,False,1,False,0,False,2,False,1,False,0,False,0,3.428571428571428,0.2893096289451785,1.0631923622175663,0.02431610942249247,0.5607666997440852,0.009520720386760013,0.25121025814205256,0.0028432447245821625
565363.0,0.1338279815375453,3.419186872331924,True,7,True,7,True,6,True,4,True,7,True,7,True,6,True,4,True,7,True,7,True,6,True,4,True,8,True,6,True,6,False,2,True,8,True,6,True,6,False,2,True,10,True,7,True,6,False,1,True,10,True,7,True,5,False,1,True,10,True,7,True,5,False,0,True,13,True,5,True,3,False,0,True,12,True,4,True,3,False,0,True,12,True,3,True,3,False,0,2.2689666459612647,0.9986311207684906,0.9997098521546773,0.6617685646642156,0.8392576477569514,0.654952522765326,0.4085234838368525,0.21535176815052512
484622.0,0.05628070872003573,2.248374100911568,True,7,True,7,True,4,True,3,True,8,True,7,True,4,True,4,True,7,True,7,True,5,True,4,True,8,True,6,True,5,True,2,True,7,True,6,True,4,True,2,True,7,True,5,True,4,True,1,True,9,True,3,True,2,False,0,True,11,True,2,False,0,False,0,True,10,True,2,False,0,False,0,True,8,True,2,False,0,False,0,True,6,False,1,False,0,False,0,2.0426067773023395,1.3119952604307354,0.8506663850363063,0.5784377966415538,0.4254468563332374,0.4167595817983365,0.3639201528469044,0.3639201528469044
1808419.0,0.01818948831207504,3.4285714285714293,True,6,True,2,False,1,False,1,True,6,True,2,False,1,False,1,True,4,True,2,False,1,False,1,True,4,False,1,False,1,False,0,True,4,False,1,False,1,False,0,True,2,False,1,False,1,False,0,True,2,False,1,False,1,False,0,True,2,False,1,False,1,False,0,False,1,False,1,False,1,False,0,False,1,False,1,False,1,False,0,False,1,False,1,False,1,False,0,3.428571428571428,0.4975197646220361,0.9324675324675324,0.21057082717317774,0.9324675324675324,0.031999523875652185,0.22960107030530308,0.01747261383502536
1508962.0,0.3411583701424388,2.8402381227069853,True,8,True,5,True,5,True,3,True,9,True,4,True,4,True,3,True,9,True,4,True,4,True,3,True,8,True,4,True,3,True,3,True,7,True,4,True,3,True,3,True,9,True,5,True,3,True,1,True,9,True,5,True,3,True,1,True,9,True,5,True,2,True,1,True,9,True,5,True,1,True,1,True,8,True,5,True,1,True,1,True,7,True,4,True,1,True,1,1.91376257610676,0.9999913291211094,0.9999851611444246,0.9999851611444246,0.9999161042235412,0.9999161042235412,0.8432210759441031,0.8432210759441031
321100.0,0.6526130329048588,0.6900317674394562,True,9,False,2,False,1,False,0,True,7,False,1,False,0,False,0,True,5,False,0,False,0,False,0,True,4,False,0,False,0,False,0,True,4,False,0,False,0,False,0,False,1,False,0,False,0,False,0,False,1,False,0,False,0,False,0,False,0,False,0,False,0,False,0,False,0,False,0,False,0,False,0,False,0,False,0,False,0,False,0,False,0,False,0,False,0,False,0,0.41653701774833,0.3034388497869398,0.15059362022640393,0.058654300637071506,0.11538995707516848,0.058654300637071506,0.07753795140672987,0.009998720719828044
1643601.0,0.020149883368901684,3.4285714285714293,True,9,False,1,False,1,False,1,True,6,False,1,False,1,False,1,True,5,False,1,False,1,False,1,True,4,False,1,False,1,False,1,True,3,False,1,False,1,False,1,True,3,False,1,False,1,False,1,False,1,False,1,False,1,False,1,False,1,False,1,False,1,False,1,False,1,False,1,False,1,False,1,False,1,False,1,False,1,False,1,False,1,False,1,False,1,False,1,3.4285714285714293,0.3653491021326176,1.1900056465273856,0.018979285867270494,1.1839276027025696,0.004253665648813011,1.0,0.0039977088810233255
1528034.0,0.004863764951114199,3.4285714285714284,True,9,True,6,True,3,False,2,True,10,True,7,True,4,False,2,True,11,True,6,True,4,False,1,True,10,True,6,True,3,False,1,True,12,True,4,True,2,False,0,True,12,True,3,True,2,False,0,True,13,True,3,True,1,False,0,True,11,True,3,False,0,False,0,True,11,True,2,False,0,False,0,True,11,True,2,False,0,False,0,True,11,True,2,False,0,False,0,3.0560603803565223,2.0495619024723206,1.0,0.8660506098223526,0.4154857493454874,0.4154857493454874,0.27397260273972585,0.035601679956174984
1859462.0,0.020422849769219317,3.4285714285714293,True,3,True,2,True,2,True,2,True,3,True,2,True,2,True,2,True,3,True,2,True,2,True,2,True,3,True,2,True,2,True,2,True,4,True,3,True,3,True,2,True,5,True,3,True,2,True,2,True,5,True,3,True,2,True,2,True,5,True,3,True,2,True,2,True,5,True,3,True,2,True,2,True,5,True,3,True,2,True,2,True,5,True,3,True,2,True,2,3.4285714285714284,3.4284507579253622,1.0,1.0,1.0,1.0,1.0,1.0
1818972.0,0.019256538786043973,3.428571428571429,True,7,False,1,False,1,False,0,True,6,False,1,False,1,False,0,True,5,False,1,False,1,False,0,False,1,False,1,False,1,False,0,False,1,False,1,False,1,False,0,False,1,False,1,False,1,False,0,False,1,False,1,False,1,False,0,False,1,False,1,False,1,False,0,False,1,False,1,False,1,False,0,False,1,False,1,False,1,False,0,False,1,False,1,False,1,False,0,3.428571428571428,0.20575539941807502,0.823608793441196,0.020901720063025223,0.823608793441196,0.017919657630534543,0.015168006495574518,0.008184097279276355
44922.0,0.9929525038463447,0.5563626122438287,True,7,False,1,False,0,False,0,True,4,False,0,False,0,False,0,True,1,False,0,False,0,False,0,True,1,False,0,False,0,False,0,True,1,False,0,False,0,False,0,False,0,False,0,False,0,False,0,False,0,False,0,False,0,False,0,False,0,False,0,False,0,False,0,False,0,False,0,False,0,False,0,False,0,False,0,False,0,False,0,False,0,False,0,False,0,False,0,0.33776037209201326,0.33776037209201326,0.13121914344129523,0.08404249955811384,0.0780891458475784,0.0780891458475784,0.03463043653177244,0.03463043653177244
330012.0,0.7903369894287557,3.275895305174039,True,8,True,4,True,3,True,2,True,8,True,5,False,2,False,1,True,8,False,2,False,2,False,1,True,8,False,1,False,1,False,1,True,7,False,1,False,1,False,1,True,6,False,1,False,1,False,1,True,4,False,1,False,1,False,1,True,4,False,1,False,1,False,1,False,3,False,1,False,1,False,1,False,2,False,1,False,1,False,1,False,2,False,1,False,1,False,1,3.216523292887286,0.4640821016329033,0.9527713750756507,0.19377301622977033,0.9329222972786441,0.13286682569401662,0.9272769717012088,0.13286682569401662
470862.0,0.6033798203384784,2.4032997200689064,True,9,True,5,True,3,True,2,True,11,True,5,True,2,True,1,True,11,True,5,True,2,True,1,True,10,True,2,True,2,True,1,True,11,True,2,True,2,True,1,True,9,True,2,True,1,True,1,True,7,True,1,True,1,True,1,True,7,True,1,True,1,True,1,True,6,True,1,True,1,True,1,True,6,True,1,True,1,True,1,True,5,True,1,True,1,True,1,1.9712111251529212,1.5460434214664642,0.9189897640595699,0.9189897640595699,0.9174585193452758,0.9174585193452758,0.8445489565703693,0.8445489565703693
346507.0,0.04288053997717008,3.402874948441763,True,9,True,7,True,4,True,4,True,10,True,5,True,4,True,4,True,10,True,5,True,4,True,3,True,10,True,5,True,4,True,3,True,10,True,5,True,4,True,3,True,10,True,5,True,4,True,2,True,10,True,5,True,4,True,2,True,11,True,4,True,3,True,2,True,10,True,4,True,3,True,2,True,10,True,4,True,3,True,2,True,10,True,4,True,2,True,2,2.687927874580785,2.683555873656455,0.9482107782364569,0.9482107782364569,0.8439217973937988,0.6715357805384571,0.607383711535552,0.607383711535552
19288.0,0.02005062285969527,3.4285714285714293,True,4,True,3,True,2,True,2,True,4,True,3,True,2,True,2,True,5,True,4,True,3,True,3,True,5,True,4,True,3,True,3,True,6,True,4,True,3,True,3,True,6,True,4,True,3,True,3,True,6,True,4,True,3,True,3,True,7,True,4,True,3,False,2,True,7,True,3,True,3,False,2,True,8,True,4,True,4,False,2,True,9,True,4,True,4,False,1,3.428571428571428,2.6746015957110236,1.0,0.7634130311271774,1.0,0.6295897855013396,1.0,0.4018453221500867
502760.0,0.07399870961338031,3.4285714285714284,True,3,True,2,True,2,True,2,True,4,True,2,True,2,True,2,True,4,True,2,True,2,True,2,True,3,True,2,True,2,True,2,True,3,True,2,True,2,True,1,True,4,True,3,True,2,True,1,True,4,True,2,True,2,True,1,True,4,True,2,True,2,True,1,True,4,True,2,True,2,True,1,True,4,True,2,True,2,True,1,True,4,True,2,True,2,True,1,3.4285714285714284,3.4285714285714284,1.0,1.0,1.0,1.0,1.0,1.0
509608.0,0.017817261402550993,3.428571428571429,False,3,False,1,False,1,False,1,False,3,False,2,False,2,False,1,False,2,False,2,False,2,False,1,False,2,False,2,False,2,False,1,False,2,False,2,False,2,False,1,False,2,False,2,False,2,False,1,False,2,False,2,False,2,False,1,False,2,False,2,False,2,False,1,False,2,False,2,False,2,False,1,False,2,False,2,False,1,False,1,False,2,False,2,False,1,False,1,3.428571428571429,0.0,1.0,0.0,1.0,0.0,1.0,0.0
398874.0,0.052335103479080845,3.3729620762547503,True,7,True,6,True,4,True,3,True,8,True,6,True,4,True,3,True,9,True,6,True,5,True,4,True,9,True,6,True,5,True,4,True,11,True,5,True,4,True,2,True,11,True,5,True,4,True,2,True,11,True,5,True,3,False,1,True,11,True,4,True,3,False,1,True,9,True,4,True,3,False,1,True,9,True,4,True,3,False,1,True,9,True,4,True,2,False,1,3.1986289851735012,1.7357589366437802,0.9995921330183348,0.9734511099157563,0.9551280873730984,0.9551280873730984,0.8968581987071457,0.3760696344536593
1804797.0,0.019901732095885652,3.428571428571429,True,10,False,2,False,1,False,1,True,8,False,2,False,1,False,1,True,7,False,1,False,1,False,1,True,5,False,1,False,1,False,1,False,3,False,1,False,1,False,0,False,3,False,1,False,1,False,0,False,3,False,1,False,1,False,0,False,3,False,1,False,0,False,0,False,3,False,1,False,0,False,0,False,3,False,1,False,0,False,0,False,3,False,1,False,0,False,0,3.428571428571428,0.27535527502953633,1.4428571428571426,0.020852155686458734,0.41974163402734826,0.01874300049276522,0.26172343571289086,0.017138603003352692
805691.0,0.08610849173656261,3.428571428571429,False,5,False,3,False,3,False,2,False,6,False,3,False,3,False,1,False,6,False,3,False,3,False,1,False,7,False,2,False,2,False,1,False,5,False,2,False,2,False,1,False,4,False,2,False,2,False,1,False,4,False,2,False,2,False,1,False,3,False,2,False,2,False,1,False,3,False,2,False,2,False,1,False,3,False,2,False,2,False,1,False,3,False,2,False,2,False,1,3.428571428571429,0.0,1.0,0.0,1.0,0.0,1.0,0.0
14471.0,0.03868678346319917,3.4285714285714293,True,3,True,3,True,3,True,3,True,5,True,4,True,3,True,3,True,5,True,4,True,3,False,2,True,5,True,4,True,3,False,2,True,6,True,5,True,3,False,2,True,6,True,5,True,3,False,2,True,6,True,4,True,3,False,2,True,6,True,4,True,3,False,2,True,6,True,4,True,3,False,2,True,5,True,4,True,3,False,2,True,5,True,4,True,3,False,2,3.428571428571428,1.0,1.3344959665193614,1.0,1.0,1.0,1.0,0.1749452820023628
691312.0,0.05404734726289146,3.2085963474635717,True,8,True,5,True,4,True,3,True,10,True,6,True,5,True,4,True,11,True,6,True,5,True,4,True,11,True,5,True,5,True,4,True,12,True,4,True,4,True,3,True,12,True,4,True,4,True,3,True,12,True,4,True,4,True,3,True,12,True,4,True,4,True,2,True,12,True,4,True,3,True,2,True,13,True,4,True,3,False,1,True,12,True,4,True,3,False,1,2.0078165940088843,1.759378696793099,0.9515939344124732,0.9515939344124732,0.7505055306872251,0.6226492987125487,0.7505055306872251,0.5103002934603076
1625739.0,0.003350042185716413,3.428571428571428,True,7,True,5,True,3,False,1,True,8,True,6,True,4,False,2,True,10,True,6,True,3,False,1,True,10,False,5,False,3,False,1,True,10,False,4,False,3,False,1,True,7,False,4,False,2,False,1,False,6,False,4,False,2,False,1,False,7,False,3,False,2,False,1,False,7,False,3,False,1,False,1,False,7,False,3,False,1,False,1,False,6,False,3,False,1,False,1,2.892232713981115,0.3620045262544875,1.827741730419343,0.24752964426877466,0.7884615384615382,0.24752964426877466,0.7884615384615382,0.05981091873120552
1786924.0,0.01873542111271031,3.4285714285714293,True,7,False,1,False,1,False,0,True,7,False,1,False,1,False,0,True,5,False,1,False,1,False,0,True,5,False,1,False,1,False,0,True,4,False,1,False,0,False,0,True,3,False,1,False,0,False,0,False,1,False,1,False,0,False,0,False,1,False,1,False,0,False,0,False,1,False,1,False,0,False,0,False,1,False,1,False,0,False,0,False,1,False,1,False,0,False,0,3.4285714285714284,0.3636270512794248,0.8109900665533304,0.0674434412276005,0.2505644572683679,0.009329589959553687,0.07448575798458047,0.007138534727334048
376293.0,0.31058613330686385,1.6984636144982972,True,16,True,3,False,0,False,0,True,14,True,1,False,0,False,0,True,12,True,1,False,0,False,0,True,11,True,1,False,0,False,0,True,10,True,1,False,0,False,0,True,8,True,1,False,0,False,0,True,8,False,0,False,0,False,0,True,6,False,0,False,0,False,0,True,4,False,0,False,0,False,0,True,4,False,0,False,0,False,0,False,2,False,0,False,0,False,0,0.9450099096995747,0.5866706678590101,0.37366170527859405,0.37366170527859405,0.0955051892718509,0.0955051892718509,0.07362590211361764,0.025041879410791525
381203.0,0.06950717157179016,3.4285714285714293,True,6,True,4,True,4,True,3,True,8,True,3,True,3,True,2,True,8,True,3,True,3,True,1,True,7,True,3,True,3,True,1,True,7,True,3,True,3,True,1,True,6,True,3,True,2,True,1,True,7,True,4,True,2,True,1,True,7,True,4,True,2,True,1,True,7,True,4,True,2,True,1,True,7,True,3,True,2,True,1,True,7,True,3,True,2,True,1,3.4285714285714275,3.4285714285714275,1.0,1.0,1.0,1.0,1.0,1.0
1792677.0,0.018338379075884658,3.4285714285714293,True,7,True,5,False,2,False,1,True,6,True,4,False,2,False,1,True,5,True,3,False,2,False,1,True,4,False,2,False,2,False,1,True,4,False,2,False,2,False,1,True,3,False,2,False,2,False,1,True,3,False,2,False,2,False,1,True,3,False,2,False,2,False,1,True,3,False,2,False,2,False,1,False,3,False,2,False,1,False,0,False,3,False,2,False,1,False,0,3.428571428571428,0.5229493029035858,1.5617731276038487,0.21211937401431527,0.8992987762958886,0.016273313775622328,0.513895081979083,0.00955250479513078
109544.0,0.9994540671993647,0.6793001690735576,True,7,True,3,True,1,False,0,True,4,True,3,False,0,False,0,True,4,True,2,False,0,False,0,True,3,True,2,False,0,False,0,True,4,True,1,False,0,False,0,True,3,True,1,False,0,False,0,True,2,False,0,False,0,False,0,True,1,False,0,False,0,False,0,True,1,False,0,False,0,False,0,False,0,False,0,False,0,False,0,False,0,False,0,False,0,False,0,0.5128745597112656,0.5128745597112656,0.3937755395911126,0.3937755395911126,0.11879944587824581,0.11879944587824581,0.01629715424721728,0.01629715424721728
649472.0,0.033897463893989774,3.4125117701728103,True,7,True,5,True,4,False,2,True,7,True,5,True,4,False,2,True,8,True,5,True,5,False,2,True,8,True,5,True,4,False,2,True,8,True,5,True,4,False,2,True,9,True,6,True,5,False,2,True,10,True,7,True,5,False,2,True,10,True,6,True,5,False,2,True,11,True,6,True,4,False,2,True,11,True,6,True,4,False,2,True,10,True,5,True,4,False,2,3.3855076519089295,1.0,1.0,1.0,1.0,1.0,0.7822610261024822,0.03498147046478716
528176.0,0.07938359223782818,2.9932337225115937,True,11,True,4,True,3,True,2,True,10,True,4,True,2,True,2,True,9,True,4,True,2,True,2,True,10,True,4,True,2,True,2,True,10,True,4,True,2,True,2,True,10,True,4,True,2,True,2,True,11,True,3,True,2,True,1,True,11,True,3,True,2,True,1,True,10,True,3,True,2,True,1,True,10,True,3,True,2,True,1,True,9,True,3,True,2,True,1,2.010149137723304,2.010149137723304,0.9745957364395847,0.9745957364395847,0.8775623178737253,0.8775623178737253,0.8480366976925465,0.8480366976925465
1544651.0,0.5001240756365081,3.4285714285714284,True,7,True,5,True,3,True,2,True,7,True,5,True,3,True,2,True,8,True,4,True,3,True,1,True,6,True,4,True,3,True,1,True,6,True,3,True,3,True,1,True,6,True,3,True,3,True,1,True,6,True,3,True,3,True,1,True,6,True,3,True,3,True,1,True,6,True,3,True,3,True,1,True,6,True,3,True,3,True,1,True,6,True,3,True,3,True,1,1.6096449973372906,1.0,1.0,1.0,1.0,1.0,0.9591111170208211,0.9591111170208211
170329.0,0.18340860588614818,2.757315857410521,True,11,True,7,True,4,True,2,True,11,True,6,True,4,True,1,True,11,True,6,True,4,True,1,True,11,True,6,True,4,False,0,True,11,True,6,True,4,False,0,True,10,True,6,True,3,False,0,True,9,True,6,True,3,False,0,True,9,True,6,True,3,False,0,True,9,True,6,True,2,False,0,True,9,True,5,True,2,False,0,True,9,True,5,True,2,False,0,2.157060758295446,1.3588261817608336,0.7500937547402516,0.7500937547402516,0.7463917659437459,0.7463917659437459,0.2456467501531411,0.2456467501531411
1765863.0,0.01905801776763115,3.4285714285714293,True,5,False,2,False,1,False,1,True,5,False,1,False,1,False,1,True,4,False,1,False,1,False,1,False,2,False,1,False,1,False,1,False,1,False,1,False,1,False,1,False,1,False,1,False,1,False,0,False,1,False,1,False,1,False,0,False,1,False,1,False,1,False,0,False,1,False,1,False,1,False,0,False,1,False,1,False,1,False,0,False,1,False,1,False,1,False,0,3.428571428571428,0.21829784162275315,1.6380296239659675,0.022974151433820665,0.7191512726561053,0.022974151433820665,0.3060536109058114,0.002793097734750421
1642864.0,0.018958757258424736,3.428571428571429,True,6,True,2,False,1,False,1,True,4,False,1,False,1,False,1,True,4,False,1,False,1,False,1,True,3,False,1,False,1,False,1,True,2,False,1,False,1,False,1,False,1,False,1,False,1,False,1,False,1,False,1,False,1,False,1,False,1,False,1,False,1,False,1,False,1,False,1,False,1,False,1,False,1,False,1,False,1,False,1,False,1,False,1,False,1,False,1,3.428571428571429,0.3480608150309294,1.0,0.14423028680223832,1.0,0.0073121533030761614,0.61920066465521,0.002757480279770234
39965.0,0.24145118864459775,2.120409623323675,True,11,True,7,True,1,False,0,True,11,True,7,False,0,False,0,True,10,True,4,False,0,False,0,True,10,True,3,False,0,False,0,True,10,True,1,False,0,False,0,True,8,True,1,False,0,False,0,True,7,True,1,False,0,False,0,True,6,True,1,False,0,False,0,True,6,True,1,False,0,False,0,True,6,True,1,False,0,False,0,True,5,True,1,False,0,False,0,1.5982476517125574,1.1528131829632986,0.704393366724739,0.704393366724739,0.12136972674975792,0.12136972674975792,0.09976869664384043,0.026458994800457943
1673512.0,0.0186609757308055,3.4285714285714293,True,8,True,2,False,1,False,1,True,7,True,2,False,1,False,1,True,6,False,1,False,1,False,1,True,5,False,1,False,1,False,1,False,2,False,1,False,1,False,1,False,2,False,1,False,1,False,1,False,1,False,1,False,1,False,1,False,1,False,1,False,1,False,1,False,1,False,1,False,1,False,1,False,1,False,1,False,1,False,1,False,1,False,1,False,1,False,1,3.4285714285714293,0.281413667339443,1.3571330459751318,0.1542071374004147,1.060989010989011,0.007794309100612075,0.7779954446183696,0.002070729200020216
15907.0,0.030820388108590998,3.412415233427693,True,4,True,4,True,4,True,4,True,6,True,6,True,6,True,5,True,8,True,6,True,6,True,4,True,8,True,6,True,6,True,4,True,8,True,6,True,6,True,4,True,9,True,6,True,6,False,3,True,9,True,6,True,6,False,3,True,10,True,7,True,7,False,3,True,10,True,7,True,7,False,3,True,10,True,7,True,7,False,3,True,10,True,7,True,7,False,3,3.3430869420859097,2.3302225836763872,0.9991141184671759,0.9991141184671759,0.9967079257481318,0.9180298033500582,0.9865489417967097,0.34045017052573323
1799290.0,0.0211176733336642,3.4285714285714293,True,6,False,2,False,1,False,0,True,4,False,2,False,1,False,0,False,3,False,1,False,1,False,0,False,2,False,1,False,1,False,0,False,1,False,1,False,1,False,0,False,1,False,1,False,1,False,0,False,1,False,1,False,1,False,0,False,1,False,1,False,1,False,0,False,1,False,1,False,1,False,0,False,1,False,1,False,1,False,0,False,1,False,1,False,1,False,0,3.428571428571428,0.16409549433022547,1.7114437642432638,0.013985881997659586,0.7763077195912246,0.011107421587233155,0.02817394197154502,0.00402757069571145
1554.0,0.15616159610898803,3.428571428571429,False,3,False,1,False,1,False,1,False,3,False,1,False,1,False,1,False,3,False,1,False,1,False,1,False,3,False,1,False,1,False,1,False,3,False,1,False,1,False,1,False,3,False,1,False,1,False,1,False,3,False,1,False,1,False,1,False,2,False,1,False,1,False,1,False,2,False,1,False,1,False,1,False,2,False,1,False,1,False,1,False,2,False,1,False,1,False,1,3.428571428571429,0.0,1.0,0.0,1.0,0.0,1.0,0.0
228029.0,0.07856469303687529,2.79956485756896,True,10,True,7,True,4,True,2,True,10,True,7,True,4,True,2,True,9,True,6,True,4,True,2,True,9,True,6,True,4,True,2,True,10,True,6,True,4,True,1,True,10,True,6,True,4,True,1,True,9,True,6,True,4,True,1,True,9,True,6,True,3,True,1,True,9,True,6,True,2,True,1,True,9,True,5,True,2,True,1,True,9,True,4,True,2,True,1,1.7651858881604148,1.0,0.9636756926183279,0.9636756926183279,0.9221392128780508,0.9221392128780508,0.9150779313235019,0.9150779313235019
756220.0,0.8202144026998859,1.772885868822134,True,11,True,4,True,2,True,1,True,11,True,3,True,2,False,0,True,11,True,3,True,1,False,0,True,11,True,3,True,1,False,0,True,8,True,3,True,1,False,0,True,6,True,3,False,0,False,0,True,5,True,2,False,0,False,0,True,5,True,2,False,0,False,0,True,5,False,0,False,0,False,0,True,3,False,0,False,0,False,0,True,2,False,0,False,0,False,0,1.3008644150751218,1.3008644150751218,0.471138225654963,0.45287808484428427,0.30166076791883734,0.30166076791883734,0.12614982981299366,0.12614982981299366
499088.0,0.0990123579333962,1.9005669400806418,True,11,True,6,True,2,True,1,True,11,True,4,True,2,True,1,True,9,True,3,True,1,True,1,True,9,True,3,True,1,False,0,True,9,True,3,True,1,False,0,True,9,False,1,False,0,False,0,True,9,False,1,False,0,False,0,True,8,False,0,False,0,False,0,True,6,False,0,False,0,False,0,True,5,False,0,False,0,False,0,True,5,False,0,False,0,False,0,0.9507743071544195,0.9507743071544195,0.41832923099933655,0.3056205585948783,0.3056205585948783,0.3056205585948783,0.22395471744045728,0.22395471744045728
1786741.0,0.019132463149535955,3.4285714285714293,True,9,False,2,False,1,False,1,True,8,False,2,False,1,False,1,True,4,False,1,False,1,False,1,True,3,False,1,False,1,False,1,True,3,False,1,False,1,False,1,False,2,False,1,False,1,False,1,False,2,False,1,False,1,False,0,False,2,False,1,False,1,False,0,False,1,False,1,False,1,False,0,False,1,False,1,False,1,False,0,False,1,False,1,False,0,False,0,3.428571428571428,0.3019617598249852,1.758828565814221,0.07737141675956212,0.5641989253116514,0.017684345849580566,0.38569390995451974,0.009891613981681348
395962.0,0.08893741624894536,3.310514114506002,True,10,True,6,True,4,False,3,True,11,True,7,True,4,False,3,True,10,True,7,True,4,False,2,True,11,True,6,True,3,False,1,True,10,True,4,True,3,False,1,True,9,True,4,True,3,False,0,True,10,True,3,True,3,False,0,True,10,True,3,True,3,False,0,True,9,True,3,True,3,False,0,True,8,True,3,True,2,False,0,True,8,True,3,True,2,False,0,2.8294558364994846,0.9997458971442191,0.9785156379982644,0.9704986546725636,0.8843244260299779,0.8843244260299779,0.33836028541252744,0.06658326284638925
1772718.0,0.018536900094297485,3.4285714285714293,True,5,True,2,False,1,False,1,True,4,False,1,False,1,False,0,False,1,False,1,False,1,False,0,False,1,False,1,False,1,False,0,False,1,False,1,False,1,False,0,False,1,False,1,False,1,False,0,False,1,False,1,False,1,False,0,False,1,False,1,False,1,False,0,False,1,False,1,False,1,False,0,False,1,False,1,False,1,False,0,False,1,False,1,False,1,False,0,3.4285714285714284,0.18267838019939914,0.6096514205117872,0.10836507194084363,0.6096514205117872,0.08330884181493456,0.13709900075394774,0.02533026411884877
1788888.0,0.018611345476202294,3.428571428571429,True,8,True,3,False,1,False,1,True,6,False,2,False,1,False,1,True,6,False,1,False,1,False,1,True,2,False,1,False,1,False,1,False,1,False,1,False,1,False,1,False,1,False,1,False,1,False,1,False,1,False,1,False,1,False,1,False,2,False,1,False,0,False,0,False,1,False,1,False,0,False,0,False,1,False,1,False,0,False,0,False,1,False,1,False,0,False,0,3.428571428571428,0.27902672040603077,0.7255690414551321,0.1369014320344936,0.4193191913501333,0.006186082450797753,0.4193191913501333,0.005810265648390005
171.0,0.5150379671447715,1.7386162137842376,True,11,True,6,True,2,True,2,True,9,True,5,True,2,False,1,True,9,True,4,False,1,False,1,True,7,False,2,False,1,False,1,True,6,False,2,False,1,False,1,True,6,False,2,False,1,False,1,True,6,False,1,False,1,False,1,True,5,False,1,False,1,False,1,True,5,False,1,False,1,False,1,True,5,False,1,False,1,False,1,True,3,False,1,False,1,False,1,1.17499123218042,0.6105811214031126,0.9944683531322336,0.23436111356846842,0.9912600819283112,0.1509875307838539,0.6281899596288275,0.14286538565183074
591764.0,0.0037470842225420615,3.428571428571429,True,6,True,5,False,3,False,3,True,9,True,5,False,4,False,3,True,10,True,6,False,3,False,2,True,10,False,6,False,3,False,2,True,9,False,4,False,3,False,2,True,9,False,4,False,3,False,2,True,9,False,4,False,3,False,2,True,9,False,4,False,3,False,2,False,7,False,4,False,3,False,2,False,8,False,3,False,2,False,2,False,7,False,2,False,2,False,2,3.428571428571428,0.47416780365282635,1.0,0.20603440623927957,1.0,0.06708338257955024,1.0,0.02093246497463601
259860.0,0.9941932602114248,0.8624556909364332,True,9,True,5,True,2,False,0,True,7,True,3,True,1,False,0,True,5,True,2,False,0,False,0,True,4,True,1,False,0,False,0,True,4,True,1,False,0,False,0,True,4,True,1,False,0,False,0,True,3,True,1,False,0,False,0,True,2,False,0,False,0,False,0,True,2,False,0,False,0,False,0,True,1,False,0,False,0,False,0,True,1,False,0,False,0,False,0,0.7831654637343336,0.7831654637343336,0.42011445287796706,0.42011445287796706,0.16634312403683266,0.16634312403683266,0.001610195448921305,0.0003100741765417522
92511.0,0.6061839297235595,0.5156552134547965,True,8,True,2,True,1,False,0,True,5,False,0,False,0,False,0,True,2,False,0,False,0,False,0,True,1,False,0,False,0,False,0,False,0,False,0,False,0,False,0,False,0,False,0,False,0,False,0,False,0,False,0,False,0,False,0,False,0,False,0,False,0,False,0,False,0,False,0,False,0,False,0,False,0,False,0,False,0,False,0,False,0,False,0,False,0,False,0,0.27219825861463837,0.27219825861463837,0.14167251867666822,0.14167251867666822,0.13950404168912475,0.13950404168912475,0.04542667199070593,0.04542667199070593
1785440.0,0.017072807583502905,3.4285714285714293,True,5,True,3,True,2,False,1,True,4,True,2,False,1,False,1,True,2,True,2,False,1,False,1,True,2,False,1,False,1,False,1,False,1,False,1,False,1,False,1,False,2,False,1,False,1,False,0,False,2,False,1,False,1,False,0,False,1,False,1,False,1,False,0,False,1,False,1,False,1,False,0,False,1,False,1,False,1,False,0,False,1,False,1,False,1,False,0,3.428571428571428,0.25618863227769323,1.028741670053603,0.24861548322962476,0.6729445852951829,0.1058718770567464,0.3151353368351558,0.05344264512253824
1647111.0,0.03288004367462405,3.4285714285714293,True,3,True,3,True,2,True,2,True,3,True,2,True,2,True,2,True,3,True,2,True,2,True,2,True,5,True,3,True,3,True,3,True,5,True,3,True,3,True,3,True,5,True,3,True,3,True,3,True,5,True,3,True,3,True,3,True,5,True,3,True,3,True,3,True,5,True,3,True,3,True,3,True,6,True,3,True,3,True,3,True,6,True,3,True,3,True,3,3.4285714285714293,2.3948675899810348,1.0,0.8160212479711256,1.0,0.8160212479711256,1.0,0.7268703845711422
568318.0,0.269690803513822,1.116756498079104,False,7,False,3,False,2,False,1,False,7,False,3,False,1,False,1,False,7,False,2,False,1,False,1,False,6,False,2,False,1,False,1,False,4,False,2,False,1,False,1,False,3,False,2,False,1,False,1,False,3,False,2,False,1,False,0,False,3,False,2,False,1,False,0,False,3,False,2,False,1,False,0,False,3,False,2,False,1,False,0,False,2,False,1,False,1,False,0,1.0,0.0,1.0,0.0,1.0,0.0,0.3595921255315856,0.0
11204.0,0.15703012556454415,1.7094005169510074,True,10,True,5,True,4,True,3,True,9,True,5,True,3,True,2,True,9,True,4,True,2,True,2,True,9,True,4,True,2,True,1,True,9,True,4,True,1,True,1,True,9,True,4,True,1,True,1,True,9,True,2,True,1,True,1,True,8,True,2,True,1,True,1,True,4,True,1,True,1,True,1,True,4,True,1,True,1,True,1,True,4,True,1,True,1,True,1,1.0,1.0,1.0,1.0,1.0,1.0,0.9796786582872917,0.9796786582872917
120.0,0.9912898903171373,2.998168032315451,True,7,True,5,True,3,True,3,True,8,True,5,True,3,True,3,True,7,True,5,True,3,True,3,True,7,True,5,True,3,True,3,True,9,True,6,True,3,True,2,True,9,True,6,True,3,True,1,True,8,True,6,True,3,True,1,True,8,True,6,True,3,True,1,True,8,True,5,True,2,True,1,True,8,True,5,True,2,True,1,True,8,True,4,True,2,True,1,2.223285131607799,1.349957562784122,0.8003163656349707,0.8003163656349707,0.7958402894991066,0.7958402894991066,0.6702741050530481,0.6702741050530481
336915.0,0.07335351630353863,3.378338472798381,True,9,True,5,True,5,True,5,True,12,True,5,True,4,False,2,True,12,True,5,True,3,False,2,True,11,True,5,False,2,False,2,True,10,True,5,False,2,False,2,True,10,True,5,False,2,False,1,True,10,True,5,False,2,False,1,True,10,True,5,False,2,False,1,True,10,True,5,False,1,False,1,True,9,True,5,False,1,False,1,True,9,True,4,False,1,False,1,2.960193790952971,1.3044386959283183,0.9716924154922626,0.7743802341229923,0.8659571879161826,0.22581385543900867,0.673428176739771,0.13696621809773862
299906.0,0.07938359223782818,2.860822353518992,True,3,True,3,True,3,True,2,True,5,True,4,True,4,True,3,True,8,True,4,False,3,False,2,True,8,True,4,False,3,False,2,True,11,True,4,False,3,False,3,True,15,True,5,False,2,False,0,True,16,True,4,False,1,False,0,True,13,True,4,False,1,False,0,True,11,True,4,False,1,False,0,True,10,True,4,False,1,False,0,True,10,True,4,False,1,False,0,2.275472848157272,1.3133428080943639,0.9154740490057441,0.828904832821534,0.8557340145304492,0.16443143301043206,0.34951318042765733,0.16443143301043206
39630.0,0.004020050622859695,3.428571428571429,True,5,True,4,True,3,True,3,True,5,True,4,True,3,True,3,True,6,True,3,True,2,True,2,True,6,True,3,True,2,True,2,True,6,True,2,True,2,True,2,True,7,False,2,False,2,False,1,True,8,False,1,False,1,False,1,True,5,False,1,False,1,False,1,True,5,False,1,False,1,False,1,True,4,False,1,False,1,False,1,True,6,False,1,False,1,False,1,3.428571428571429,0.7259571182931538,1.0,0.3228021978021978,1.0,0.3228021978021978,1.0,0.3228021978021978
1792304.0,0.01818948831207504,3.428571428571429,True,7,True,3,False,1,False,1,True,4,False,2,False,1,False,1,True,4,False,2,False,1,False,1,True,4,False,1,False,1,False,1,True,3,False,1,False,1,False,0,True,3,False,1,False,1,False,0,True,3,False,1,False,1,False,0,True,3,False,1,False,1,False,0,True,2,False,1,False,1,False,0,False,1,False,1,False,1,False,0,False,1,False,1,False,1,False,0,3.428571428571428,0.5028039288055484,1.5459716297298234,0.13033085922757578,0.814051601614236,0.01933208757554277,0.2586492489553137,0.0025048979398148165
43611.0,0.8588763710357834,2.281284553558692,True,8,True,6,True,2,True,1,True,9,True,7,True,2,True,2,True,8,True,5,True,2,True,2,True,7,True,5,True,2,True,2,True,6,True,3,True,2,False,1,True,6,True,2,True,1,False,0,True,5,True,1,True,1,False,0,True,4,True,1,True,1,False,0,True,4,True,1,True,1,False,0,True,4,True,1,True,1,False,0,True,2,True,1,True,1,False,0,1.4479932067013745,1.4479932067013745,0.915823548994816,0.915823548994816,0.7778768070287281,0.7778768070287281,0.3083031689762355,0.26684626918767557
345210.0,0.475805250880937,1.0068567097343895,True,10,True,1,True,1,True,1,True,7,True,1,True,1,True,1,True,6,True,1,True,1,True,1,True,4,True,1,True,1,True,1,True,4,True,1,True,1,True,1,True,4,True,1,True,1,True,1,True,2,True,1,True,1,True,1,True,2,True,1,True,1,True,1,True,2,True,1,True,1,True,1,True,2,True,1,True,1,True,1,True,2,True,1,True,1,True,1,1.0,1.0,0.9999995463698718,0.9999995463698718,0.9999991079413536,0.9999991079413536,0.9159578031071026,0.9159578031071026
1537106.0,0.02394659784604695,3.427819287827851,True,4,True,4,True,2,True,2,True,4,True,3,True,2,True,2,True,4,True,3,True,2,True,2,True,3,True,3,True,2,True,2,True,3,True,3,True,2,True,2,True,3,True,3,True,2,True,2,True,4,True,3,True,2,True,2,True,4,True,2,True,2,True,2,True,4,True,3,True,3,False,1,True,4,True,3,True,3,False,1,True,4,True,3,True,2,False,1,3.380875903525086,0.990042828553861,0.9974741626224986,0.990042828553861,0.9907239251563423,0.990042828553861,0.6142350649911107,0.480507861056609
1545824.0,0.003498932949526031,3.4285714285714284,True,5,True,3,True,2,True,2,True,5,True,4,True,3,True,3,True,6,True,4,False,2,False,2,True,6,True,4,False,2,False,2,True,7,True,5,False,3,False,3,True,8,True,5,False,2,False,2,True,8,True,5,False,2,False,1,True,7,True,5,False,2,False,1,True,7,True,4,False,2,False,1,True,7,True,4,False,2,False,1,True,7,True,4,False,2,False,1,3.4285714285714284,1.0966463693568225,1.5244629584252227,0.6517956903431764,1.0,0.17032688042520158,1.0,0.17032688042520158
14458.0,0.1769070425331282,3.428571428571429,True,2,True,1,True,1,True,1,True,1,True,1,True,1,True,1,True,1,True,1,True,1,True,1,True,1,True,1,True,1,True,1,True,1,True,1,True,1,True,1,True,1,True,1,True,1,True,1,True,1,True,1,True,1,True,1,True,1,True,1,True,1,True,1,True,2,True,2,True,2,False,1,True,2,True,2,True,2,False,1,True,2,True,2,True,2,False,1,3.428571428571429,1.0,1.0,1.0,1.0,1.0,1.0,0.46789727126805775
1610593.0,0.5756116928879845,3.4251308547725072,True,7,True,3,True,2,False,1,True,5,False,1,False,1,False,1,True,5,False,1,False,1,False,1,True,3,False,1,False,1,False,1,False,1,False,1,False,1,False,1,False,1,False,1,False,1,False,1,False,1,False,1,False,1,False,1,False,1,False,1,False,1,False,1,False,1,False,1,False,1,False,1,False,1,False,1,False,1,False,0,False,1,False,1,False,1,False,0,3.3273664893966868,0.28586088612098215,1.2181500872600348,0.14042974640051545,0.659224644693437,0.12735066123691996,0.5349406610322579,0.0004455779324186145
1563916.0,0.1606283190232766,1.8052336182993394,True,11,True,4,True,2,False,1,True,11,True,3,False,1,False,1,True,10,True,3,False,1,False,1,True,11,True,2,False,0,False,0,True,10,True,2,False,0,False,0,True,9,True,2,False,0,False,0,True,8,True,2,False,0,False,0,True,7,True,2,False,0,False,0,True,3,True,2,False,0,False,0,True,3,True,1,False,0,False,0,True,2,False,0,False,0,False,0,1.02610465735921,1.02610465735921,0.5516364422916135,0.5516364422916135,0.22516497123892174,0.10658574208918441,0.22516497123892174,0.06370388765523975
96345.0,0.10663060201498833,3.3455880121144914,True,9,True,8,True,6,True,4,True,9,True,8,True,6,True,4,True,9,True,8,True,5,True,4,True,9,True,7,True,5,True,4,True,9,True,7,True,5,True,3,True,9,True,7,True,5,True,3,True,12,True,6,False,4,False,1,True,12,True,5,False,3,False,1,True,12,True,4,False,3,False,0,True,12,True,4,False,3,False,0,True,14,True,3,False,1,False,0,2.4393489833891753,2.0772072523743534,0.9987128632968449,0.6203874678488546,0.9968092163866591,0.3601901126456399,0.4602974151370182,0.3601901126456399
2011839.0,0.009479378629212368,3.4285714285714293,True,5,True,4,True,3,True,2,True,5,True,4,True,2,True,2,True,5,True,4,True,2,True,2,True,5,True,3,True,2,True,1,True,6,True,3,True,1,True,1,True,6,True,3,True,1,True,1,True,6,True,3,True,1,True,1,True,5,True,2,True,1,True,1,True,5,True,3,True,1,True,1,True,5,True,2,True,1,True,1,True,4,True,2,True,1,True,1,3.428571428571428,2.1394271751191294,0.7308879622132248,0.7308879622132248,0.7308879622132248,0.7308879622132248,0.7308879622132248,0.7308879622132248
136502.0,0.06826641520671001,3.428571428571429,True,4,True,3,True,3,True,3,True,5,True,4,True,3,True,2,True,6,True,4,True,2,True,1,True,6,True,4,True,2,True,1,True,6,True,4,True,2,True,1,True,6,True,4,True,2,True,1,True,6,True,4,True,2,True,1,True,6,True,4,True,2,True,1,True,7,True,3,True,2,True,1,True,7,True,3,True,2,True,1,True,7,True,2,True,1,True,1,3.428571428571429,1.0,1.0,1.0,1.0,1.0,1.0,1.0
117343.0,0.1355650404486575,3.3087008459543683,True,5,True,4,True,2,True,2,True,6,True,3,True,2,True,2,True,7,True,4,True,3,True,3,True,8,True,5,True,3,True,3,True,8,True,5,True,3,True,3,True,9,True,4,True,3,True,3,True,9,True,5,True,4,True,3,True,9,True,5,True,4,True,3,True,9,True,5,True,3,True,3,True,9,True,5,True,3,True,3,True,11,True,6,True,2,False,1,2.8155316050798964,2.8155316050798964,1.9248671580039112,1.785405531483045,0.7793900729442873,0.7793900729442873,0.6019156827148017,0.5514177587775355
1200.0,0.04260757357685245,1.3013147772571507,True,9,True,1,False,0,False,0,True,6,True,1,False,0,False,0,True,6,True,1,False,0,False,0,True,5,True,1,False,0,False,0,True,3,False,0,False,0,False,0,True,3,False,0,False,0,False,0,True,3,False,0,False,0,False,0,True,1,False,0,False,0,False,0,True,1,False,0,False,0,False,0,True,1,False,0,False,0,False,0,True,1,False,0,False,0,False,0,0.6952912802682001,0.6952912802682001,0.2641456443218339,0.2641456443218339,0.0884800410188355,0.016453343582669595,0.016453343582669595,0.016453343582669595
1808114.0,0.01923172365874237,3.4285714285714293,True,7,False,1,False,1,False,1,False,3,False,1,False,1,False,1,False,3,False,1,False,1,False,1,False,1,False,1,False,1,False,0,False,1,False,1,False,1,False,0,False,1,False,1,False,1,False,0,False,1,False,1,False,1,False,0,False,1,False,1,False,1,False,0,False,1,False,1,False,1,False,0,False,1,False,1,False,1,False,0,False,1,False,1,False,1,False,0,3.428571428571428,0.14500147885241066,1.2755997517009703,0.015587216018482841,0.7884301609524511,0.007273491432711431,0.2247419919076974,0.006820978080157799
828022.0,0.028214799741922675,3.3456214426061965,True,7,True,4,True,3,False,2,True,7,True,4,True,3,False,2,True,10,True,7,True,5,False,2,True,11,True,8,True,5,False,2,True,11,True,7,True,5,False,2,True,11,True,7,True,5,False,2,True,12,True,6,True,5,False,2,True,12,True,6,True,5,False,2,True,12,True,6,True,5,False,2,True,12,True,6,True,4,False,1,True,12,True,6,True,4,False,1,2.606202265886251,1.7420708389676156,0.9963527089578263,0.9957455683801171,0.9908105363624738,0.9908105363624738,0.8820086512380021,0.06655765077245689
230257.0,0.23673631445729318,3.229297851556367,True,5,True,5,True,4,True,3,True,6,True,6,True,4,True,3,True,6,True,6,True,3,True,3,True,6,True,6,True,3,True,3,True,7,True,5,True,3,True,3,True,6,True,4,True,3,True,3,True,6,True,5,True,3,True,3,True,8,True,4,True,3,True,3,True,8,True,4,True,3,True,1,True,8,True,4,True,3,True,1,True,8,True,4,True,3,False,1,3.1221246021664655,1.053432532254489,0.9373747887098671,0.9268827923162425,0.9317921318862402,0.7119030950650428,0.9053961130800419,0.5623603030752796
1604427.0,0.05973001141495856,3.4285714285714293,True,11,True,6,False,2,False,2,True,11,True,5,False,1,False,1,True,9,True,4,False,1,False,1,True,6,True,4,False,1,False,1,True,6,True,4,False,1,False,1,True,6,True,3,False,1,False,1,True,7,True,5,False,1,False,1,True,7,True,4,False,1,False,1,True,7,False,3,False,1,False,1,True,7,False,3,False,1,False,1,True,6,False,3,False,1,False,1,3.3423316544396466,1.0,1.0,0.4562156790267979,0.9844776907815828,0.09220114898544149,0.7196848892432489,0.058127039932754955
194871.0,0.3449798997468857,3.021570765595684,True,9,True,5,False,3,False,2,True,10,True,5,False,3,False,2,True,9,True,6,False,3,False,2,True,8,True,6,False,2,False,2,True,7,True,6,False,2,False,2,True,8,True,7,False,2,False,1,True,8,True,6,False,2,False,1,True,8,True,5,False,2,False,1,True,7,True,4,False,2,False,1,True,7,True,4,False,2,False,1,True,7,True,4,False,2,False,0,2.3950308442403014,2.3548515854959207,1.453582820520509,1.3863877957172068,0.7675564658286183,0.05293418404509795,0.5583919404744122,0.05293418404509795
210412.0,0.6377487716511986,0.5853384050957707,True,7,False,0,False,0,False,0,True,4,False,0,False,0,False,0,True,2,False,0,False,0,False,0,True,1,False,0,False,0,False,0,False,0,False,0,False,0,False,0,False,0,False,0,False,0,False,0,False,0,False,0,False,0,False,0,False,0,False,0,False,0,False,0,False,0,False,0,False,0,False,0,False,0,False,0,False,0,False,0,False,0,False,0,False,0,False,0,0.261652048585252,0.261652048585252,0.0699140803816221,0.05045375362361658,0.055541382269244696,0.00011867101813966417,0.055541382269244696,9.059924381523641e-05
1788166.0,0.018884311876519927,3.4285714285714293,True,8,True,3,False,2,False,2,True,7,True,3,False,2,False,2,True,7,True,3,False,1,False,1,True,5,True,3,False,1,False,1,True,4,True,3,False,1,False,1,True,4,True,3,False,1,False,1,True,4,False,1,False,1,False,1,True,4,False,1,False,1,False,1,True,3,False,1,False,1,False,1,False,2,False,1,False,1,False,1,False,2,False,1,False,1,False,1,3.428571428571428,0.5420506719794369,1.1604133079290637,0.39636149196520715,0.7540304628792681,0.011415890460590921,0.7540304628792681,0.010261032343051129
144700.0,0.04960543947590451,3.4285714285714293,True,6,True,5,True,5,True,4,True,7,True,6,True,4,True,3,True,7,True,6,True,4,True,3,True,7,True,6,True,4,True,3,True,7,True,5,True,4,True,3,True,8,True,6,True,4,True,3,True,8,True,6,True,4,True,3,True,8,True,6,True,4,True,3,True,8,True,6,True,4,True,3,True,8,True,6,True,4,True,3,True,8,True,6,True,4,True,3,3.340168995377581,2.911734786745089,1.0,1.0,1.0,1.0,0.8952294538986335,0.6766557060567417
508170.0,0.10672986252419475,3.1302270976315003,True,7,True,7,True,4,False,3,True,9,True,8,False,4,False,3,True,12,True,8,False,3,False,2,True,11,True,8,False,3,False,2,True,11,True,6,False,3,False,2,True,11,True,5,False,3,False,2,True,11,True,4,False,3,False,2,True,10,True,4,False,3,False,2,True,10,True,4,False,3,False,1,True,10,True,4,False,2,False,1,True,11,True,4,False,1,False,0,2.499063370222816,2.499063370222816,0.9978190558969564,0.9978190558969564,0.7037714486023476,0.13692946225564306,0.5639262322186851,0.09432038327793167
1703379.0,0.019678395950171224,3.428571428571429,False,5,False,1,False,1,False,0,False,4,False,1,False,1,False,0,False,3,False,1,False,1,False,0,False,3,False,1,False,1,False,0,False,3,False,1,False,1,False,0,False,3,False,1,False,1,False,0,False,2,False,1,False,0,False,0,False,2,False,1,False,0,False,0,False,2,False,1,False,0,False,0,False,2,False,1,False,0,False,0,False,2,False,1,False,0,False,0,3.4285714285714284,0.029663857157118577,0.6971345535759023,0.02176477527427156,0.35682033247872474,0.01802042349565854,0.09887015978646387,0.003151433174117927
367548.0,0.07183979353814085,3.428571428571429,False,3,False,2,False,2,False,2,False,4,False,2,False,2,False,2,False,4,False,2,False,2,False,2,False,4,False,2,False,2,False,2,False,4,False,2,False,2,False,2,False,6,False,2,False,2,False,1,False,5,False,3,False,2,False,1,False,5,False,3,False,2,False,1,False,5,False,3,False,2,False,1,False,5,False,3,False,2,False,1,False,5,False,3,False,2,False,1,3.428571428571429,0.0,1.0,0.0,1.0,0.0,1.0,0.0
1794896.0,0.0194798749317584,3.428571428571429,True,7,True,2,False,1,False,1,True,5,True,2,False,1,False,1,False,2,False,1,False,1,False,1,False,2,False,1,False,1,False,1,False,1,False,1,False,1,False,1,False,1,False,1,False,1,False,1,False,1,False,1,False,1,False,1,False,1,False,1,False,1,False,1,False,1,False,1,False,1,False,1,False,1,False,1,False,1,False,0,False,1,False,1,False,1,False,0,3.428571428571428,0.17555103365914182,0.8913073361429341,0.16193546530036554,0.8527338259962822,0.010916199570963988,0.522272856418627,0.006195373286885407
1801145.0,0.01873542111271031,3.4285714285714293,True,6,False,1,False,1,False,1,True,5,False,1,False,1,False,1,True,3,False,1,False,1,False,1,True,3,False,1,False,1,False,0,True,2,False,1,False,1,False,0,True,2,False,1,False,1,False,0,False,1,False,1,False,1,False,0,False,2,False,1,False,0,False,0,False,2,False,1,False,0,False,0,False,2,False,0,False,0,False,0,False,2,False,0,False,0,False,0,3.428571428571428,0.3760900687856579,0.5270862323133517,0.04504982185695539,0.4121249141024661,0.012143243870368907,0.2385604502378638,0.012143243870368907
134267.0,0.03258226214700481,3.4285714285714293,True,6,True,3,True,3,True,2,True,7,True,4,True,3,True,2,True,8,True,5,True,3,True,2,True,8,True,5,True,3,True,2,True,11,True,6,False,3,False,1,True,11,True,5,False,3,False,1,True,11,True,5,False,3,False,1,True,11,True,5,False,3,False,1,True,11,True,4,False,2,False,1,True,11,True,4,False,2,False,1,True,11,True,4,False,1,False,1,3.0668553143228983,1.318703806186133,1.0,1.0,1.0,0.29028589363062685,1.0,0.2500330938721873
537784.0,0.038612338081294356,3.074192016914555,True,4,True,4,True,4,True,3,True,6,True,6,True,5,True,5,True,6,True,6,True,5,True,5,True,6,True,6,True,5,True,5,True,6,True,6,True,5,True,5,True,9,True,7,True,5,True,4,True,9,True,7,True,5,True,4,True,9,True,6,True,5,True,4,True,9,True,6,True,5,True,4,True,10,True,7,True,5,True,4,True,10,True,6,True,4,True,3,2.925075544220537,2.8038239628706427,0.9935035835435754,0.9935035835435754,0.9685185074757305,0.9678528614740213,0.8553961221269518,0.8553961221269518
1647353.0,0.019355799295250383,3.428571428571429,True,9,True,3,False,1,False,1,True,9,True,3,False,1,False,1,True,7,False,2,False,1,False,1,True,5,False,1,False,1,False,1,False,3,False,1,False,1,False,1,False,3,False,1,False,1,False,1,False,2,False,1,False,1,False,1,False,2,False,1,False,1,False,1,False,2,False,1,False,1,False,1,False,2,False,1,False,1,False,1,False,1,False,1,False,1,False,1,3.428571428571429,0.2732257777514161,1.453017529150558,0.19438134300064863,1.0,0.058045183008697945,1.0,0.035483307114140786
666113.0,0.009206412228894734,3.428571428571429,False,1,False,1,False,1,False,1,False,1,False,1,False,1,False,1,False,1,False,1,False,1,False,1,False,1,False,1,False,1,False,1,False,1,False,1,False,1,False,1,False,1,False,1,False,1,False,1,False,1,False,1,False,1,False,1,False,1,False,1,False,1,False,1,False,1,False,1,False,1,False,1,False,1,False,1,False,1,False,1,False,1,False,1,False,1,False,1,3.428571428571429,0.0,1.0,0.0,1.0,0.0,1.0,0.0
1568869.0,0.006079706188892749,3.380459855644021,True,3,True,3,True,3,True,3,True,4,True,4,True,4,True,3,True,4,True,4,True,4,True,3,True,5,True,5,True,5,True,3,True,5,True,5,True,5,True,3,True,6,True,6,True,5,False,1,True,7,True,6,False,4,False,1,True,7,True,5,False,4,False,1,True,9,True,6,False,5,False,1,True,8,False,5,False,5,False,1,True,8,False,5,False,5,False,1,3.1766447333453804,1.797550946095325,2.374891108110781,0.5283576718197867,1.0,0.3824708607920103,1.0,0.32699993976623176
811185.0,0.8692739093751551,2.418539469700118,True,8,False,3,False,2,False,1,True,8,False,3,False,2,False,1,True,6,False,3,False,2,False,1,True,5,False,3,False,2,False,1,True,6,False,3,False,2,False,0,True,6,False,3,False,2,False,0,True,6,False,3,False,1,False,0,True,6,False,2,False,1,False,0,True,5,False,2,False,1,False,0,True,3,False,2,False,0,False,0,False,2,False,2,False,0,False,0,1.7809328206975685,0.5901342267349865,0.7835906623384007,0.07231892173823784,0.5461795590565991,0.0012237901290394805,0.27592148630685287,0.00022478868645184536
1806142.0,0.019107648022234355,3.4285714285714293,True,8,False,2,False,1,False,1,True,8,False,1,False,1,False,1,True,6,False,1,False,1,False,1,True,5,False,1,False,1,False,1,False,4,False,1,False,1,False,1,False,4,False,1,False,1,False,1,False,2,False,1,False,1,False,1,False,2,False,1,False,1,False,0,False,1,False,1,False,1,False,0,False,1,False,1,False,0,False,0,False,1,False,1,False,0,False,0,3.428571428571428,0.2504647587971209,1.2620820206155225,0.011060514902753582,0.5022658904494991,0.0038242556869730127,0.4040736808032406,0.0011015769944342176
751896.0,0.003920790113653283,3.4285714285714284,True,4,True,3,True,2,True,2,True,5,True,3,True,3,True,2,True,6,False,4,False,4,False,2,True,6,False,4,False,3,False,2,True,7,False,4,False,3,False,2,False,6,False,4,False,2,False,1,False,8,False,3,False,1,False,0,False,8,False,3,False,1,False,0,False,7,False,3,False,1,False,0,False,7,False,3,False,1,False,0,False,8,False,2,False,0,False,0,3.4285714285714284,0.33572234881682733,1.0,0.15738633327990598,0.588876772082879,0.15738633327990598,0.3958687537489925,0.15738633327990598
118055.0,0.005087101096828627,3.428571428571428,True,8,True,4,True,3,False,1,True,8,True,3,True,3,False,1,True,8,True,3,True,3,False,1,True,8,True,3,True,3,False,1,True,7,True,3,True,3,False,1,True,6,True,3,True,3,False,1,True,6,True,3,True,2,False,1,True,4,True,3,True,2,False,1,True,4,True,3,True,2,False,1,True,5,True,2,False,1,False,1,True,5,True,2,False,1,False,1,3.428571428571428,1.6004111251316755,1.0,0.6300970405379326,1.0,0.5171798940472311,1.0,0.07834409384377553
149658.0,0.06667824705940742,1.7331343362239227,False,8,False,3,False,1,False,0,False,8,False,1,False,1,False,0,False,8,False,1,False,1,False,0,False,8,False,1,False,1,False,0,False,7,False,1,False,1,False,0,False,6,False,1,False,1,False,0,False,6,False,1,False,1,False,0,False,6,False,1,False,1,False,0,False,6,False,1,False,1,False,0,False,4,False,1,False,1,False,0,False,4,False,1,False,1,False,0,1.0005983521827873,0.0,1.0,0.0,1.0,0.0,0.03310806813768425,0.0
754486.0,0.05198769169685841,2.745527983819922,False,3,False,3,False,3,False,3,False,4,False,4,False,2,False,2,False,4,False,4,False,2,False,1,False,4,False,4,False,2,False,1,False,4,False,4,False,1,False,1,False,4,False,4,False,1,False,1,False,4,False,4,False,1,False,1,False,4,False,4,False,1,False,1,False,4,False,4,False,1,False,1,False,4,False,3,False,1,False,1,False,5,False,1,False,1,False,1,2.3794321153494136,0.0,1.0,0.0,1.0,0.0,0.9953394369424831,0.0
1644966.0,0.01970321107747283,3.428571428571429,True,8,True,2,False,1,False,1,True,7,True,2,False,1,False,1,True,3,True,2,False,1,False,1,True,4,True,2,False,1,False,1,True,4,False,1,False,1,False,1,True,4,False,1,False,1,False,1,False,2,False,1,False,1,False,1,False,2,False,1,False,1,False,1,False,2,False,1,False,1,False,1,False,2,False,1,False,1,False,1,False,2,False,1,False,1,False,1,3.428571428571429,0.3690981467323966,1.6827644133852977,0.2734425782642428,1.0,0.005544531006782233,1.0,0.005544531006782233
38533.0,0.05556107002828924,3.00062251245914,True,8,True,5,True,4,True,3,True,10,True,6,True,3,True,3,True,10,True,6,True,3,True,2,True,13,True,3,False,1,False,0,True,11,True,2,False,1,False,0,True,9,True,2,False,1,False,0,True,10,True,2,False,0,False,0,True,10,True,2,False,0,False,0,True,10,True,2,False,0,False,0,True,10,True,2,False,0,False,0,True,9,True,2,False,0,False,0,1.5854463496930835,0.934225393659561,0.7376445199029832,0.7376445199029832,0.36850843247816395,0.21577693799464462,0.21577693799464462,0.21577693799464462
777492.0,0.16109980644200705,3.1343176717314636,True,4,True,3,True,2,True,2,True,8,True,7,True,3,True,2,True,9,True,6,True,3,True,2,True,8,True,5,True,3,True,2,True,10,True,5,True,2,True,1,True,9,True,5,True,2,True,1,True,9,True,5,True,2,True,1,True,9,True,5,True,2,True,1,True,9,True,5,True,2,True,1,True,9,True,3,True,2,True,1,True,9,True,2,True,1,True,1,3.086251515525021,3.086251515525021,0.9979697082073138,0.9979697082073138,0.9979643478626516,0.9979643478626516,0.6256393183500841,0.6256393183500841
616143.0,0.15325822621470048,3.3876519470719098,True,10,True,5,True,4,True,3,True,9,True,5,True,4,True,2,True,11,True,6,True,3,True,1,True,11,True,6,True,3,True,1,True,11,True,6,True,2,True,1,True,11,True,5,True,2,True,1,True,11,True,5,True,2,True,1,True,11,True,3,True,2,True,1,True,11,True,3,True,2,True,1,True,11,True,3,True,2,True,1,True,10,True,3,True,2,True,1,2.824632002794743,0.9996500034225064,0.9978447137753823,0.9978447137753823,0.9905569326185718,0.9905569326185718,0.9658154374454446,0.9658154374454446
1780314.0,0.017792446275249393,3.4285714285714293,True,7,True,2,False,1,False,1,True,8,True,2,False,0,False,0,True,8,False,1,False,0,False,0,True,5,False,1,False,0,False,0,True,3,False,1,False,0,False,0,True,3,False,1,False,0,False,0,True,3,False,1,False,0,False,0,False,2,False,1,False,0,False,0,False,2,False,1,False,0,False,0,False,2,False,1,False,0,False,0,False,2,False,1,False,0,False,0,3.428571428571428,0.4092614111548749,1.6176131425897453,0.19888747085399808,0.1302841164428022,0.036087996144720434,0.1302841164428022,0.0058758721997796345
227025.0,0.07094644895528314,3.3716450810825997,True,5,True,3,True,3,True,2,True,3,True,3,True,3,True,2,True,4,True,4,True,3,True,2,True,6,True,4,True,4,True,3,True,6,True,4,True,4,True,3,True,6,True,4,True,4,True,3,True,7,True,5,True,5,True,4,True,8,True,5,True,5,True,4,True,9,True,5,True,5,True,4,True,9,True,5,True,5,True,4,True,8,True,5,True,5,True,4,3.342237193329697,0.9115813293923576,0.9928825899111821,0.8936753492680956,0.9595552790635148,0.738556529037252,0.9595552790635148,0.6176913123530688
112978.0,0.018239118566678248,0.9828833538508237,True,10,True,3,False,0,False,0,True,9,False,0,False,0,False,0,True,6,False,0,False,0,False,0,True,2,False,0,False,0,False,0,True,2,False,0,False,0,False,0,True,2,False,0,False,0,False,0,True,2,False,0,False,0,False,0,True,1,False,0,False,0,False,0,False,0,False,0,False,0,False,0,False,0,False,0,False,0,False,0,False,0,False,0,False,0,False,0,0.47202279705758904,0.47202279705758904,0.14875116713352002,0.13074018790060585,0.03568805949272664,0.012037437535086183,0.02311196943516017,0.0037292845903918273
171452.0,0.9939947391930121,0.7724401541821284,True,7,True,5,True,2,False,0,True,5,True,3,True,1,False,0,True,3,True,1,False,0,False,0,True,3,True,1,False,0,False,0,True,3,True,1,False,0,False,0,True,2,True,1,False,0,False,0,True,1,False,0,False,0,False,0,True,1,False,0,False,0,False,0,True,1,False,0,False,0,False,0,False,0,False,0,False,0,False,0,False,0,False,0,False,0,False,0,0.523017910681199,0.523017910681199,0.351496380506087,0.351496380506087,0.1546780374863507,0.1546780374863507,0.0014146402676147158,0.0014146402676147158
728704.0,0.09367710556355154,3.428562979638066,True,6,True,6,True,5,True,5,True,10,True,5,False,3,False,2,True,11,True,5,False,2,False,1,True,10,True,5,False,2,False,1,True,10,True,4,False,2,False,1,True,10,True,4,False,2,False,1,True,10,True,4,False,2,False,1,True,9,True,4,False,2,False,1,True,8,True,4,False,2,False,1,True,9,True,5,False,2,False,1,True,8,True,5,False,2,False,1,3.4285610411272387,1.0,1.0,1.0,1.0,0.10356840133624885,0.9996134960724693,0.10356840133624885
11188.0,0.7479527519976178,2.185555737130908,True,7,True,4,False,2,False,1,True,7,True,4,False,2,False,1,True,7,True,3,False,2,False,1,True,6,True,3,False,1,False,1,True,6,True,3,False,1,False,0,True,6,True,3,False,1,False,0,True,5,False,2,False,1,False,0,True,4,False,2,False,1,False,0,False,3,False,2,False,1,False,0,False,2,False,2,False,1,False,0,False,2,False,2,False,1,False,0,1.4276424699008103,0.4851057152172115,0.8695488212262549,0.36505355139059387,0.681111583258945,0.010625049739439741,0.25214308923438594,0.00012555763373775795
286145.0,0.004268201895875726,3.428571428571428,True,6,True,3,False,1,False,1,True,5,True,3,False,1,False,1,True,4,False,2,False,1,False,1,True,4,False,2,False,1,False,1,True,5,False,1,False,1,False,1,True,5,False,1,False,1,False,1,True,5,False,1,False,1,False,1,True,4,False,1,False,1,False,1,True,4,False,1,False,1,False,1,True,4,False,1,False,1,False,1,True,4,False,1,False,1,False,1,3.428571428571428,0.8434279415817032,1.0,0.18620223960384896,1.0,0.036115520552870914,1.0,0.00676980625749659
548514.0,0.0036726388406372523,3.4285714285714293,False,5,False,5,False,4,False,2,False,6,False,4,False,4,False,2,False,6,False,4,False,4,False,2,False,6,False,4,False,4,False,2,False,7,False,4,False,4,False,2,False,9,False,6,False,4,False,2,False,9,False,6,False,4,False,2,False,9,False,6,False,4,False,2,False,9,False,6,False,4,False,2,False,9,False,6,False,4,False,2,False,9,False,6,False,4,False,2,3.4133569379961304,0.0,1.0,0.0,1.0,0.0,0.9953754076720096,0.0
1777820.0,0.019306169040647178,3.4285714285714293,True,6,True,2,False,1,False,1,True,5,False,1,False,1,False,1,True,3,False,1,False,1,False,1,True,2,False,1,False,1,False,1,True,2,False,1,False,1,False,1,True,2,False,1,False,1,False,0,True,2,False,1,False,1,False,0,True,2,False,1,False,1,False,0,True,3,False,1,False,0,False,0,False,2,False,1,False,0,False,0,False,1,False,1,False,0,False,0,3.428571428571428,0.525145099591083,0.6456295233130452,0.11396581747823285,0.4608256040122812,0.01391246045215505,0.32951164680578154,0.0033753811325372765
266362.0,0.0381656657898655,3.4275076991704623,True,5,True,4,True,3,True,2,True,8,True,6,True,4,False,2,True,8,True,5,True,4,False,2,True,8,True,5,True,4,False,2,True,7,True,4,True,4,False,2,True,8,True,4,True,4,False,1,True,8,True,4,True,4,False,1,True,9,True,4,True,3,False,1,True,9,True,4,True,3,False,1,True,9,True,4,True,3,False,1,True,10,True,4,False,2,False,1,3.365827485560632,3.365827485560632,1.0,0.8789497488749991,0.9996582055072464,0.5966308409962512,0.9971127270525834,0.13574768155778774
423393.0,0.031217430145416645,3.4282965931066554,True,6,True,5,True,4,True,3,True,6,True,5,True,4,True,3,True,7,True,5,True,5,True,4,True,7,True,5,True,5,True,4,True,7,True,5,True,5,True,4,True,7,True,5,True,5,True,4,True,6,True,5,True,5,True,4,True,6,True,5,True,5,True,4,True,6,True,5,True,5,False,3,True,7,True,5,True,5,False,3,True,7,True,5,True,4,False,3,3.404674720340381,3.251761401864615,1.0,0.9993405168326165,1.0,0.8455693099644565,1.0,0.4879187878241804
120528.0,0.16018164673184773,2.841582575421285,True,8,True,4,True,3,True,3,True,9,True,3,True,3,True,3,True,7,True,3,True,3,True,3,True,7,True,3,True,3,True,3,True,8,True,3,True,3,True,3,True,7,True,3,True,3,True,3,True,6,True,3,True,3,True,3,True,6,True,3,True,3,True,3,True,6,True,3,True,3,False,2,True,5,True,3,True,3,False,2,True,6,True,3,True,2,False,0,2.1790092549229056,1.6252518860904765,0.9053050139749054,0.9053050139749054,0.6683147255415246,0.6683147255415246,0.5993530639003001,0.46633900605736545
851199.0,0.003498932949526031,3.428571428571429,True,8,True,5,False,3,False,3,True,7,True,4,False,3,False,3,True,7,True,4,False,3,False,2,True,7,True,4,False,3,False,2,True,7,True,4,False,3,False,2,True,7,True,4,False,3,False,2,True,7,True,4,False,3,False,2,True,8,False,3,False,3,False,1,True,7,False,3,False,3,False,1,True,7,False,4,False,3,False,0,True,8,False,3,False,2,False,0,3.4285714285714284,0.7434970728670028,1.0,0.40502514748843016,0.64021164021164,0.0896869865111611,0.5487900078064012,0.0896869865111611
617662.0,0.9391284927291677,3.335229119762893,True,7,True,3,True,2,True,2,True,6,True,2,True,2,True,2,True,7,True,3,True,3,True,3,True,7,True,3,True,3,True,3,True,7,True,3,True,3,True,3,True,7,True,3,True,3,True,3,True,10,True,5,True,3,True,1,True,10,True,5,True,3,True,1,True,8,True,4,True,2,True,1,True,8,True,3,True,2,False,0,True,7,True,3,True,2,False,0,2.4390140013455293,1.427703288222246,0.9761988414484882,0.9761988414484882,0.9431966371942015,0.9431966371942015,0.5151518911965862,0.5151518911965862
442236.0,0.17983522755471737,2.8461051208933696,True,7,True,7,True,7,False,4,True,9,True,7,True,7,False,4,True,10,True,7,True,6,False,2,True,9,True,7,True,5,False,2,True,9,True,7,True,4,False,2,True,9,True,7,True,4,False,2,True,11,True,5,True,2,False,1,True,9,True,2,False,1,False,1,True,7,True,2,False,1,False,1,True,6,True,2,False,1,False,1,True,6,True,2,False,0,False,0,1.9978469438869373,1.9978469438869373,0.9636285520932522,0.9636285520932522,0.5606421976274003,0.42586318132942713,0.5606421976274003,0.08108954627318973
669244.0,0.03211077472827436,2.952922899828317,True,6,True,5,True,4,True,4,True,7,True,4,True,4,True,3,True,10,False,3,False,3,False,2,True,11,False,4,False,3,False,2,True,12,False,5,False,2,False,1,True,12,False,4,False,2,False,1,True,11,False,3,False,2,False,1,True,11,False,3,False,2,False,1,True,10,False,3,False,2,False,1,True,10,False,3,False,2,False,1,True,10,False,3,False,2,False,1,2.5503779024643745,2.377129527891063,0.9903672674865365,0.16306111057940068,0.9354337235222571,0.16306111057940068,0.9352241099859533,0.155343793601506
1811974.0,0.019926547223187256,3.4285714285714293,True,9,False,1,False,1,False,1,True,8,False,1,False,1,False,1,True,7,False,1,False,1,False,1,True,2,False,1,False,1,False,1,False,1,False,1,False,1,False,1,False,1,False,1,False,1,False,1,False,1,False,1,False,1,False,1,False,1,False,1,False,1,False,1,False,1,False,1,False,1,False,1,False,1,False,1,False,1,False,1,False,1,False,1,False,1,False,1,3.428571428571428,0.2988846413432321,1.4856543735854082,0.07813843324584235,0.8408681473700926,0.07813843324584235,0.6282777466587791,0.0032175440824707183
386389.0,0.11725147650007445,2.9658303511171153,True,8,True,6,True,4,False,2,True,10,True,5,True,5,False,2,True,10,True,5,True,5,False,2,True,11,True,6,True,5,False,2,True,13,True,5,True,4,False,1,True,12,True,5,True,4,False,0,True,12,True,5,True,4,False,0,True,11,True,5,True,3,False,0,True,11,True,5,True,3,False,0,True,11,True,5,True,3,False,0,True,11,True,5,True,3,False,0,2.2917138578204863,1.6454680795411993,0.9995424494601903,0.7561903005971513,0.9034165447198866,0.7561903005971513,0.339940677784138,0.09714157425901455
1610834.0,0.007841580227306567,3.4285714285714284,True,4,True,4,True,3,True,3,True,6,True,6,True,5,True,4,True,6,True,6,True,5,True,4,True,7,True,7,True,6,True,4,True,8,True,7,True,5,True,3,True,8,True,7,True,5,True,3,True,8,True,7,True,5,True,3,True,9,True,7,True,5,True,2,True,9,True,7,True,5,True,2,True,9,True,6,True,4,True,2,True,9,True,6,True,3,True,2,3.4276098827979897,3.4276098827979897,1.0,1.0,1.0,1.0,0.9462522654549322,0.9462522654549322
772087.0,0.06702565884162985,3.382544917122549,True,7,True,6,True,5,True,5,True,9,True,8,True,5,True,4,True,8,True,8,True,5,True,4,True,8,True,8,True,5,True,4,True,8,True,8,True,5,True,4,True,8,True,7,True,5,True,4,True,10,True,6,True,4,True,3,True,10,True,6,True,4,True,3,True,11,True,5,False,3,False,1,True,11,True,5,False,3,False,1,True,11,True,5,False,3,False,1,3.0788287661671063,1.6494410341112995,0.9813103168796269,0.8979397381293632,0.9615975182707713,0.4830319255218495,0.6811325411173629,0.4830319255218495
273586.0,0.09898754280609459,3.236448318969809,True,12,True,5,True,2,True,1,True,10,True,5,True,1,True,1,True,8,True,5,True,1,True,1,True,8,True,3,True,1,True,1,True,6,True,2,True,1,False,0,True,6,True,2,False,0,False,0,True,5,True,2,False,0,False,0,True,3,True,2,False,0,False,0,True,3,True,2,False,0,False,0,True,2,True,2,False,0,False,0,True,2,True,2,False,0,False,0,2.535554693715103,2.535554693715103,1.2964227006157423,1.2964227006157423,0.3142671829092784,0.3142671829092784,0.26426063484705237,0.26426063484705237
450529.0,0.11514219067943819,2.802372787014498,False,4,False,2,False,2,False,1,False,5,False,3,False,3,False,1,False,6,False,3,False,2,False,1,False,6,False,3,False,2,False,1,False,5,False,3,False,2,False,1,False,5,False,3,False,2,False,1,False,5,False,3,False,2,False,1,False,5,False,3,False,2,False,1,False,4,False,3,False,2,False,0,False,4,False,3,False,2,False,0,False,3,False,3,False,2,False,0,2.0885064560425075,0.0,1.0,0.0,1.0,0.0,0.451995484549951,0.0
319675.0,0.6539034195245421,2.091636647838532,True,10,True,4,True,3,False,1,True,10,True,4,True,3,False,0,True,10,True,3,True,2,False,0,True,8,True,2,True,2,False,0,True,8,True,2,True,2,False,0,True,7,True,2,True,2,False,0,True,6,True,2,False,1,False,0,True,6,True,2,False,1,False,0,True,6,True,2,False,1,False,0,True,5,True,2,False,0,False,0,True,3,True,2,False,0,False,0,1.1525464300698947,1.1525464300698947,0.825463281543499,0.825463281543499,0.5361686948673033,0.3645623710386312,0.1036787127363654,0.009480182814004293
1509122.0,0.04104422055685146,3.428571428571429,True,7,True,3,True,3,True,3,True,7,True,3,True,3,False,2,True,7,True,3,True,3,False,2,True,7,True,4,True,4,False,3,True,8,True,4,True,4,False,2,True,7,True,3,True,3,False,2,True,7,True,3,True,3,False,2,True,5,True,3,True,3,False,2,True,6,True,4,True,4,False,3,True,9,True,5,True,4,False,1,True,9,True,5,True,4,False,1,3.4281409837081553,0.999968086916969,1.0,0.99989352948926,0.9995692919853902,0.9995692919853902,0.8301308827624618,0.10438462738910328
97001.0,0.03243337138319519,3.428571428571429,True,5,True,5,True,3,True,3,True,7,True,5,True,4,True,3,True,6,True,5,True,4,True,3,True,7,True,4,True,2,True,2,True,8,True,4,False,2,False,2,True,7,False,3,False,2,False,2,True,7,False,3,False,2,False,2,True,7,False,3,False,2,False,2,True,7,False,3,False,2,False,2,True,7,False,3,False,2,False,2,True,7,False,3,False,2,False,2,3.424123765875958,1.6296416972205916,1.0,0.34093864940576646,1.0,0.2758258909551389,1.0,0.2758258909551389
355332.0,0.25187354211127105,3.4285714285714293,True,5,True,3,True,3,True,3,True,6,True,3,True,3,True,3,True,6,True,3,True,3,True,3,True,6,True,3,True,3,True,3,True,7,True,3,True,3,True,3,True,7,True,3,True,3,True,3,True,6,True,3,True,3,True,3,True,5,True,3,True,3,True,3,True,5,True,3,True,3,True,3,True,5,True,3,True,3,True,2,True,5,True,3,True,3,True,2,3.428571428571429,3.4285714285714275,1.0,1.0,1.0,1.0,1.0,1.0
1769475.0,0.02037321951461611,3.4285714285714297,False,6,False,2,False,2,False,1,False,6,False,2,False,2,False,1,False,4,False,2,False,1,False,1,False,2,False,2,False,1,False,1,False,2,False,1,False,1,False,1,False,2,False,1,False,1,False,1,False,3,False,1,False,0,False,0,False,3,False,0,False,0,False,0,False,3,False,0,False,0,False,0,False,2,False,0,False,0,False,0,False,2,False,0,False,0,False,0,3.428571428571428,0.09684495070393968,0.447718675570915,0.04426655851006969,0.38165043127494314,0.03422339320548224,0.38165043127494314,0.004260964131025828
564287.0,0.5570003474117822,0.4802115160010144,True,6,True,1,False,0,False,0,True,2,True,1,False,0,False,0,True,1,True,1,False,0,False,0,True,1,False,0,False,0,False,0,True,1,False,0,False,0,False,0,True,1,False,0,False,0,False,0,False,0,False,0,False,0,False,0,False,0,False,0,False,0,False,0,False,0,False,0,False,0,False,0,False,0,False,0,False,0,False,0,False,0,False,0,False,0,False,0,0.38520072817445133,0.38520072817445133,0.20949983248047538,0.20949983248047538,0.034541750729301844,0.034541750729301844,7.055960573363606e-05,7.055960573363606e-05
1771665.0,0.01923172365874237,3.4285714285714293,True,4,True,2,False,1,False,1,True,3,True,2,False,1,False,1,True,3,False,1,False,1,False,1,True,2,False,1,False,1,False,1,True,3,False,1,False,0,False,0,False,2,False,1,False,0,False,0,False,2,False,1,False,0,False,0,False,1,False,1,False,0,False,0,False,1,False,1,False,0,False,0,False,1,False,1,False,0,False,0,False,1,False,1,False,0,False,0,3.4285714285714275,0.3386010078878177,2.3366806991020113,0.1593414195452659,0.25788842595400613,0.024172947577438243,0.25788842595400613,0.009091170521754899
1797896.0,0.019876916968584048,3.4285714285714293,True,7,False,1,False,1,False,1,True,6,False,1,False,1,False,1,True,6,False,1,False,1,False,1,False,3,False,1,False,1,False,1,False,2,False,1,False,1,False,1,False,2,False,1,False,1,False,1,False,2,False,1,False,1,False,0,False,1,False,1,False,1,False,0,False,1,False,1,False,1,False,0,False,2,False,1,False,0,False,0,False,2,False,1,False,0,False,0,3.428571428571428,0.24506619487640155,1.1998081437911798,0.01091054396358514,0.5350764115466339,0.0076548364648573435,0.3990425020669109,0.0012880813442884419
363446.0,0.7852250732046255,0.6845838291476172,True,8,True,2,False,0,False,0,True,6,True,1,False,0,False,0,True,4,False,0,False,0,False,0,True,1,False,0,False,0,False,0,True,1,False,0,False,0,False,0,True,1,False,0,False,0,False,0,True,1,False,0,False,0,False,0,False,0,False,0,False,0,False,0,False,0,False,0,False,0,False,0,False,0,False,0,False,0,False,0,False,0,False,0,False,0,False,0,0.4264552379122463,0.4264552379122463,0.1523385732674535,0.1523385732674535,0.03756899160244238,0.005195051125949731,0.01604642173638412,0.001958512917195463
795876.0,0.021241748970172218,3.4285714285714293,True,7,True,6,True,4,True,3,True,7,True,5,True,4,True,3,True,7,True,5,True,4,True,3,True,7,True,5,True,4,True,3,True,8,True,5,True,4,True,3,True,7,True,5,True,4,True,3,True,7,True,5,True,4,True,3,True,7,True,5,True,4,True,3,True,7,True,5,True,4,True,3,True,7,True,5,True,4,True,3,True,7,True,5,True,4,True,3,3.428571428571428,1.5625818770644668,1.0,0.987058287601361,1.0,0.9774149111757022,1.0,0.857465366729911
589852.0,0.01612983274604199,3.428571428571429,True,3,True,3,True,3,True,3,True,3,True,3,True,3,True,3,True,3,True,3,True,3,True,3,True,5,True,5,True,4,True,4,True,6,True,6,True,5,True,5,True,6,True,6,True,5,True,5,True,6,True,6,True,5,True,5,True,6,True,6,True,5,True,5,True,7,True,6,True,5,True,5,True,7,True,6,True,5,True,5,True,8,True,6,True,5,True,5,3.4285714285714284,2.498555628445488,1.5801153871369569,0.9876482877423611,1.0,0.9813678485354846,1.0,0.9481898159252868
1788708.0,0.018785051367313513,3.428571428571429,True,8,True,4,False,3,False,2,True,5,True,4,False,2,False,2,True,5,True,3,False,2,False,2,True,5,True,3,False,2,False,2,True,5,False,2,False,2,False,1,False,3,False,2,False,2,False,1,False,3,False,2,False,2,False,1,False,4,False,1,False,1,False,0,False,3,False,1,False,1,False,0,False,3,False,1,False,1,False,0,False,3,False,1,False,0,False,0,3.4285714285714284,0.30965479852821826,1.6693472885709484,0.2529924259007925,0.5873406728702794,0.02236961131518523,0.43602777976659274,0.02236961131518523
29194.0,0.45503498932949527,3.428571428571429,False,5,False,2,False,1,False,1,False,3,False,2,False,1,False,1,False,3,False,1,False,1,False,1,False,2,False,1,False,1,False,1,False,1,False,1,False,1,False,1,False,1,False,1,False,1,False,1,False,1,False,1,False,1,False,1,False,1,False,1,False,1,False,1,False,1,False,1,False,1,False,1,False,1,False,1,False,1,False,1,False,1,False,1,False,1,False,1,3.428571428571429,0.0,1.0,0.0,1.0,0.0,1.0,0.0
2044888.0,0.040696808774629015,3.4285714285714293,True,6,False,1,False,1,False,0,True,5,False,1,False,1,False,0,True,5,False,1,False,1,False,0,True,4,False,1,False,1,False,0,True,4,False,1,False,1,False,0,True,3,False,1,False,1,False,0,True,2,False,1,False,1,False,0,True,2,False,1,False,1,False,0,True,2,False,1,False,1,False,0,True,2,False,1,False,1,False,0,True,2,False,1,False,1,False,0,3.428571428571428,0.9191997495409412,1.1807274386979725,0.08666959069442048,0.867809098612372,0.02170614743888863,0.02170614743888863,0.02170614743888863
607197.0,0.14496997369596507,3.060464766356795,True,10,True,5,True,4,False,1,True,9,True,5,True,4,False,1,True,9,True,5,True,4,False,0,True,8,True,5,True,4,False,0,True,8,True,5,True,4,False,0,True,8,True,5,True,3,False,0,True,8,True,5,True,3,False,0,True,7,True,4,True,3,False,0,True,7,True,3,True,3,False,0,True,7,True,3,True,3,False,0,True,7,True,3,True,3,False,0,2.3692351031212353,1.0128261578604045,0.9078172863482729,0.7522555038316189,0.7908267654616996,0.6551356103724181,0.1890750358169604,0.048458725182863295
3271.0,0.9989577646533326,0.6536256721109284,True,7,True,3,True,2,False,0,True,6,True,2,True,2,False,0,True,4,True,2,True,1,False,0,True,3,True,2,False,0,False,0,True,3,True,1,False,0,False,0,True,3,True,1,False,0,False,0,True,2,False,0,False,0,False,0,True,2,False,0,False,0,False,0,False,0,False,0,False,0,False,0,False,0,False,0,False,0,False,0,False,0,False,0,False,0,False,0,0.4884351522557899,0.4812197083928275,0.3576877688164266,0.3576877688164266,0.21011066046559781,0.21011066046559781,0.026219899272208306,0.01709283525042723
1993833.0,0.3582311777259417,3.4285714285714284,True,5,True,5,True,3,False,1,True,5,True,4,True,3,False,1,True,5,True,4,False,2,False,1,True,5,True,3,False,1,False,1,True,4,True,3,False,1,False,1,True,4,True,3,False,1,False,1,True,5,False,3,False,2,False,0,False,3,False,3,False,2,False,0,False,3,False,3,False,2,False,0,False,3,False,3,False,2,False,0,False,3,False,3,False,2,False,0,3.4285714285714284,0.4482364506575889,1.2642705811429222,0.3999774488776489,1.0,0.1820473254562917,0.3974732750242954,0.0028215320425559543
619076.0,0.300511191622413,3.1088408054327465,True,9,True,5,True,4,False,2,True,11,True,7,True,4,False,2,True,10,True,7,True,4,False,1,True,10,True,7,True,4,False,1,True,10,True,7,True,4,False,1,True,10,True,7,True,3,False,0,True,10,True,6,True,2,False,0,True,11,True,5,False,1,False,0,True,11,True,5,False,0,False,0,True,10,True,5,False,0,False,0,True,10,True,4,False,0,False,0,2.2388306154299724,1.324750157576543,0.8862524362127899,0.7866510189505055,0.4765048204611857,0.42362002817666167,0.32032835884975436,0.011876515228271885
296195.0,0.7692689463496948,0.5252382703206394,True,4,True,1,False,0,False,0,True,3,False,0,False,0,False,0,True,3,False,0,False,0,False,0,False,1,False,0,False,0,False,0,False,0,False,0,False,0,False,0,False,0,False,0,False,0,False,0,False,0,False,0,False,0,False,0,False,0,False,0,False,0,False,0,False,0,False,0,False,0,False,0,False,0,False,0,False,0,False,0,False,0,False,0,False,0,False,0,0.2745386891189163,0.21210269362091264,0.12988676193043946,0.12988676193043946,0.025786456526664874,0.0010408563389133203,0.0010408563389133203,0.0010408563389133203
165515.0,0.044667229142885505,2.606766106078299,True,6,False,4,False,3,False,3,True,7,False,4,False,2,False,2,True,7,False,4,False,2,False,2,True,7,False,3,False,2,False,2,True,7,False,3,False,2,False,2,True,7,False,4,False,3,False,2,True,6,False,4,False,3,False,2,True,6,False,3,False,3,False,2,True,6,False,3,False,3,False,2,False,5,False,3,False,3,False,2,False,6,False,2,False,2,False,2,2.4932840212965988,0.5242066988940163,0.8857263005981206,0.04006922888441296,0.8461192646732721,0.03702734931027427,0.8461192646732721,0.021434222847162496
1800011.0,0.018536900094297485,3.4285714285714293,True,6,False,1,False,1,False,1,False,4,False,1,False,1,False,1,False,2,False,1,False,1,False,1,False,1,False,1,False,1,False,1,False,1,False,1,False,1,False,1,False,1,False,1,False,1,False,1,False,1,False,1,False,1,False,0,False,1,False,1,False,1,False,0,False,1,False,1,False,1,False,0,False,1,False,1,False,1,False,0,False,1,False,1,False,1,False,0,3.428571428571428,0.10422151997392548,1.0443308309603936,0.008319125978554994,0.6371938001300672,0.0023408375759912726,0.3885038365524391,0.0012846984264096068
664103.0,0.1719936473274108,1.95480139894192,True,9,True,6,True,3,False,1,True,9,True,6,True,3,False,1,True,9,True,3,True,3,False,1,True,10,True,3,False,1,False,1,True,11,True,3,False,0,False,0,True,11,False,1,False,0,False,0,True,8,False,1,False,0,False,0,True,6,False,0,False,0,False,0,True,5,False,0,False,0,False,0,True,4,False,0,False,0,False,0,True,4,False,0,False,0,False,0,0.935755634385368,0.8162045611920272,0.40815288834272107,0.31465876566169887,0.2846746559502379,0.2268490921548885,0.2813542471963954,0.08400791938070838
619502.0,0.00357337833143084,3.4285714285714293,True,7,True,4,False,3,False,3,True,7,True,4,False,3,False,2,True,7,False,4,False,2,False,1,True,8,False,4,False,1,False,1,True,7,False,3,False,1,False,1,True,8,False,3,False,1,False,1,False,7,False,2,False,1,False,1,False,7,False,2,False,1,False,1,False,7,False,2,False,1,False,1,False,7,False,2,False,1,False,1,False,4,False,2,False,1,False,1,3.428571428571428,0.35007643945169414,1.0,0.17079429330393847,1.0,0.04354292925790847,1.0,0.02611677213059148
732496.0,0.08772147501116681,3.4285714285714293,False,4,False,4,False,2,False,1,False,3,False,3,False,2,False,1,False,5,False,1,False,1,False,1,False,5,False,1,False,1,False,1,False,4,False,1,False,1,False,1,False,4,False,1,False,1,False,1,False,4,False,1,False,1,False,1,False,3,False,1,False,1,False,1,False,3,False,1,False,1,False,1,False,3,False,1,False,1,False,1,False,4,False,1,False,1,False,1,3.4285714285714293,0.0,1.0,0.0,1.0,0.0,1.0,0.0
1757969.0,0.020174698496203285,3.4285714285714293,True,7,True,2,False,1,False,1,True,6,False,1,False,1,False,1,True,4,False,1,False,1,False,1,False,2,False,1,False,1,False,1,False,2,False,1,False,1,False,1,False,1,False,1,False,1,False,1,False,1,False,1,False,1,False,1,False,1,False,1,False,1,False,1,False,1,False,1,False,1,False,1,False,1,False,1,False,1,False,1,False,1,False,1,False,1,False,1,3.428571428571428,0.23935031376891847,1.603768516901919,0.12222266144064328,1.2157758651223747,0.01157408905834296,0.6777770444195103,0.004022247157258566
