id_institution,ratio_active,max_rel_dev,t10p7_d,t10p7_n,t10p14_d,t10p14_n,t10p21_d,t10p21_n,t10p28_d,t10p28_n,t15p7_d,t15p7_n,t15p14_d,t15p14_n,t15p21_d,t15p21_n,t15p28_d,t15p28_n,t20p7_d,t20p7_n,t20p14_d,t20p14_n,t20p21_d,t20p21_n,t20p28_d,t20p28_n,t25p7_d,t25p7_n,t25p14_d,t25p14_n,t25p21_d,t25p21_n,t25p28_d,t25p28_n,t30p7_d,t30p7_n,t30p14_d,t30p14_n,t30p21_d,t30p21_n,t30p28_d,t30p28_n,t35p7_d,t35p7_n,t35p14_d,t35p14_n,t35p21_d,t35p21_n,t35p28_d,t35p28_n,t40p7_d,t40p7_n,t40p14_d,t40p14_n,t40p21_d,t40p21_n,t40p28_d,t40p28_n,t45p7_d,t45p7_n,t45p14_d,t45p14_n,t45p21_d,t45p21_n,t45p28_d,t45p28_n,t50p7_d,t50p7_n,t50p14_d,t50p14_n,t50p21_d,t50p21_n,t50p28_d,t50p28_n,t55p7_d,t55p7_n,t55p14_d,t55p14_n,t55p21_d,t55p21_n,t55p28_d,t55p28_n,t60p7_d,t60p7_n,t60p14_d,t60p14_n,t60p21_d,t60p21_n,t60p28_d,t60p28_n,S_p7,S_p7_test,S_p14,S_p14_test,S_p21,S_p21_test,S_p28,S_p28_test
190.0,0.9953347560672986,1.1003931531722606,True,10,True,4,False,0,False,0,True,8,False,1,False,0,False,0,True,7,False,0,False,0,False,0,True,4,False,0,False,0,False,0,True,3,False,0,False,0,False,0,True,2,False,0,False,0,False,0,True,2,False,0,False,0,False,0,True,2,False,0,False,0,False,0,True,1,False,0,False,0,False,0,True,1,False,0,False,0,False,0,True,1,False,0,False,0,False,0,0.6493583225560784,0.6493583225560784,0.19295720408914158,0.14847095436583152,0.012355279786069975,0.010734008284216088,0.004209125725144043,0.004209125725144043
249.0,0.9790064023028439,0.934058138885062,True,11,True,5,True,2,True,1,True,9,True,3,True,2,False,0,True,7,True,3,True,1,False,0,True,7,True,3,False,0,False,0,True,6,False,1,False,0,False,0,True,4,False,1,False,0,False,0,True,4,False,0,False,0,False,0,True,3,False,0,False,0,False,0,True,2,False,0,False,0,False,0,True,2,False,0,False,0,False,0,True,2,False,0,False,0,False,0,0.8202452231018941,0.8202452231018941,0.3810651972214721,0.2796296868146764,0.22045903661085947,0.22045903661085947,0.10324071897171493,0.10324071897171493
173.0,0.9996277730904759,2.144957224598866,True,10,True,5,False,2,False,0,True,10,True,3,False,2,False,0,True,8,True,3,False,2,False,0,True,8,True,3,False,0,False,0,True,8,True,3,False,0,False,0,True,4,True,3,False,0,False,0,True,4,True,3,False,0,False,0,True,4,False,2,False,0,False,0,True,4,False,2,False,0,False,0,True,3,False,2,False,0,False,0,True,3,False,1,False,0,False,0,1.0724812441412657,0.6811794370533523,0.8922569475146637,0.437624193002935,0.23278535888008686,0.07063162845278788,0.0066142604355858255,0.0009189620978549806
94.0,1.0,0.7244935417255564,True,8,True,2,False,1,False,0,True,6,True,2,False,0,False,0,True,3,True,2,False,0,False,0,True,2,True,2,False,0,False,0,True,2,False,1,False,0,False,0,True,2,False,1,False,0,False,0,True,2,False,0,False,0,False,0,True,2,False,0,False,0,False,0,False,1,False,0,False,0,False,0,False,0,False,0,False,0,False,0,False,0,False,0,False,0,False,0,0.5282223263393072,0.46845553592024636,0.36690022393925736,0.2740330225918608,0.1333080323611538,0.08664776213144224,0.0610481733408617,0.000588794681018355
284.0,0.9668469899250584,0.8258276086017667,True,7,True,4,False,1,False,0,True,3,True,3,False,1,False,0,True,3,True,1,False,0,False,0,True,3,False,0,False,0,False,0,True,2,False,0,False,0,False,0,True,2,False,0,False,0,False,0,True,2,False,0,False,0,False,0,True,1,False,0,False,0,False,0,True,1,False,0,False,0,False,0,True,1,False,0,False,0,False,0,True,1,False,0,False,0,False,0,0.7973479022086369,0.7973479022086369,0.2234792717018811,0.2234792717018811,0.18485267210488737,0.057240028609211874,0.053653763997802806,0.053653763997802806
108.0,0.9990818402898407,0.4347896438443111,True,5,True,2,True,1,False,0,True,3,True,1,False,0,False,0,True,2,False,0,False,0,False,0,True,1,False,0,False,0,False,0,True,1,False,0,False,0,False,0,False,0,False,0,False,0,False,0,False,0,False,0,False,0,False,0,False,0,False,0,False,0,False,0,False,0,False,0,False,0,False,0,False,0,False,0,False,0,False,0,False,0,False,0,False,0,False,0,0.33739431401462505,0.33739431401462505,0.18065483932798992,0.18065483932798992,0.13935301860912536,0.13935301860912536,0.03275912917238558,0.03275912917238558
246.0,0.8319023276589409,3.101752720000286,True,10,True,4,False,2,False,0,True,7,True,3,False,1,False,0,True,6,True,2,False,1,False,0,True,5,False,1,False,1,False,0,True,4,False,1,False,1,False,0,True,4,False,1,False,1,False,0,True,4,False,1,False,1,False,0,True,4,False,1,False,1,False,0,True,3,False,1,False,0,False,0,True,3,False,1,False,0,False,0,True,3,False,1,False,0,False,0,2.399801894718392,0.6094158395332907,0.8749327520748584,0.20633589658600676,0.48613733693689826,0.042149509409125104,0.06844787066231194,0.0007862646386620397
64.0,0.9988336890168247,0.5447951196609311,True,7,True,1,True,1,False,0,True,6,False,0,False,0,False,0,True,3,False,0,False,0,False,0,True,2,False,0,False,0,False,0,False,1,False,0,False,0,False,0,False,1,False,0,False,0,False,0,False,0,False,0,False,0,False,0,False,0,False,0,False,0,False,0,False,0,False,0,False,0,False,0,False,0,False,0,False,0,False,0,False,0,False,0,False,0,False,0,0.3859479286225687,0.26647721494461174,0.1152671866662588,0.1152671866662588,0.1152671866662588,0.1152671866662588,0.0057265548577979065,0.0057265548577979065
197.0,0.16521911757407315,1.8632203587139469,True,11,True,3,False,1,False,1,True,11,True,2,False,0,False,0,True,9,True,2,False,0,False,0,True,7,True,2,False,0,False,0,True,6,True,2,False,0,False,0,True,6,False,0,False,0,False,0,True,6,False,0,False,0,False,0,True,5,False,0,False,0,False,0,True,5,False,0,False,0,False,0,True,5,False,0,False,0,False,0,True,5,False,0,False,0,False,0,1.0330062208129895,1.0330062208129895,0.33534680682014495,0.33534680682014495,0.1398323307553812,0.012895771888310308,0.1398323307553812,0.012895771888310308
97.0,1.0,0.8936238701213822,True,10,True,2,False,0,False,0,True,6,True,2,False,0,False,0,True,5,True,2,False,0,False,0,True,4,True,2,False,0,False,0,True,4,False,1,False,0,False,0,True,2,False,0,False,0,False,0,True,2,False,0,False,0,False,0,True,1,False,0,False,0,False,0,True,1,False,0,False,0,False,0,False,0,False,0,False,0,False,0,False,0,False,0,False,0,False,0,0.5132998372233922,0.5132998372233922,0.3098061976840311,0.2730006765573217,0.09583622176929701,0.04599688505826921,0.01686401719273817,0.01686401719273817
141.0,0.9999751848726984,0.977848639207234,True,6,True,4,True,1,False,0,True,5,True,3,True,1,False,0,True,3,True,2,True,1,False,0,True,3,True,2,True,1,False,0,True,3,True,2,True,1,False,0,True,3,True,2,True,1,False,0,True,2,True,2,True,1,False,0,True,2,True,1,True,1,False,0,True,2,True,1,True,1,False,0,True,2,True,1,True,1,False,0,True,1,True,1,False,0,False,0,0.9689750452010185,0.9689750452010185,0.8251238064815478,0.8251238064815478,0.5586685918236819,0.5586685918236819,0.028503457920988542,0.004877524436055441
38.0,0.9896520919152315,0.9532262741493177,True,8,True,2,True,1,True,1,True,5,True,2,True,1,True,1,True,3,True,1,True,1,True,1,True,2,True,1,True,1,True,1,True,2,True,1,True,1,True,1,True,2,True,1,True,1,True,1,True,2,True,1,True,1,True,1,True,3,True,2,True,1,False,0,True,3,True,2,True,1,False,0,True,3,True,2,True,1,False,0,True,3,True,1,False,0,False,0,0.7295170762226265,0.7295170762226265,0.6118015653386769,0.6118015653386769,0.5597610119337971,0.5597610119337971,0.4359946386307967,0.4359946386307967
216.0,0.9998014789815872,0.9698948098642975,True,10,True,5,False,0,False,0,True,9,True,4,False,0,False,0,True,8,True,3,False,0,False,0,True,7,False,1,False,0,False,0,True,6,False,0,False,0,False,0,True,3,False,0,False,0,False,0,True,3,False,0,False,0,False,0,True,2,False,0,False,0,False,0,True,2,False,0,False,0,False,0,True,2,False,0,False,0,False,0,True,2,False,0,False,0,False,0,0.7760625839362064,0.7760625839362064,0.2786821888478361,0.2252376902840645,0.07710651475408065,0.0033861261071399017,0.0033861261071399017,0.0033861261071399017
45.0,0.9960295796317435,0.9561763017355547,True,13,True,5,False,0,False,0,True,10,True,4,False,0,False,0,True,5,True,1,False,0,False,0,True,5,False,0,False,0,False,0,True,4,False,0,False,0,False,0,True,4,False,0,False,0,False,0,True,3,False,0,False,0,False,0,False,1,False,0,False,0,False,0,False,1,False,0,False,0,False,0,False,1,False,0,False,0,False,0,False,1,False,0,False,0,False,0,0.7385831358436954,0.42796955562786254,0.20949773108177303,0.20949773108177303,0.02024568985955224,0.004808665300879717,0.004808665300879717,0.004808665300879717
209.0,0.9874931758399921,0.7829943329373983,True,4,True,3,True,1,False,0,True,4,True,2,False,0,False,0,True,4,True,2,False,0,False,0,True,2,True,1,False,0,False,0,True,2,True,1,False,0,False,0,True,2,True,1,False,0,False,0,True,2,False,0,False,0,False,0,True,2,False,0,False,0,False,0,True,2,False,0,False,0,False,0,True,1,False,0,False,0,False,0,True,1,False,0,False,0,False,0,0.6964027587148346,0.6964027587148346,0.3801214586890127,0.3801214586890127,0.1494190171759076,0.1494190171759076,0.0011196531707802384,0.0011196531707802384
189.0,0.657352722219465,1.097318483721422,True,13,True,4,False,0,False,0,True,10,True,3,False,0,False,0,True,8,True,2,False,0,False,0,True,6,True,2,False,0,False,0,True,6,False,1,False,0,False,0,True,5,False,1,False,0,False,0,True,5,False,1,False,0,False,0,True,4,False,1,False,0,False,0,True,2,False,1,False,0,False,0,True,2,False,1,False,0,False,0,True,2,False,0,False,0,False,0,0.8556657727591321,0.8556657727591321,0.5601531615496731,0.2998710405073732,0.09762861029688856,0.06843714142734085,0.06843714142734085,0.06843714142734085
4.0,0.9926547223187255,0.921838378950675,True,9,True,5,False,1,False,0,True,9,True,4,False,1,False,0,True,8,True,3,False,0,False,0,True,7,True,3,False,0,False,0,True,4,True,3,False,0,False,0,True,3,True,1,False,0,False,0,True,3,True,1,False,0,False,0,True,3,True,1,False,0,False,0,True,3,False,0,False,0,False,0,True,2,False,0,False,0,False,0,True,2,False,0,False,0,False,0,0.7817393025261216,0.7789789474895749,0.45389337391905427,0.45389337391905427,0.15253229384163558,0.001239373241566091,0.006962850271083496,0.001239373241566091
281.0,0.6636805796813737,0.7120428689870508,True,9,True,4,True,2,False,0,True,8,True,3,True,1,False,0,True,6,True,3,False,0,False,0,True,5,True,1,False,0,False,0,True,3,False,0,False,0,False,0,True,1,False,0,False,0,False,0,False,0,False,0,False,0,False,0,False,0,False,0,False,0,False,0,False,0,False,0,False,0,False,0,False,0,False,0,False,0,False,0,False,0,False,0,False,0,False,0,0.35280091243761613,0.35280091243761613,0.26663187303887337,0.26663187303887337,0.172623537268743,0.172623537268743,0.025580422966418177,0.00039590584843520116
69.0,1.0,0.6740690612124111,True,6,True,3,False,0,False,0,True,4,True,3,False,0,False,0,True,3,True,2,False,0,False,0,True,3,True,1,False,0,False,0,True,2,True,1,False,0,False,0,True,2,False,0,False,0,False,0,True,2,False,0,False,0,False,0,True,2,False,0,False,0,False,0,True,2,False,0,False,0,False,0,False,0,False,0,False,0,False,0,False,0,False,0,False,0,False,0,0.5140524695442656,0.5140524695442656,0.3285568013307245,0.3285568013307245,0.09982998855524289,0.09982998855524289,0.00033798685990353214,0.00010773978545769024
150.0,0.9995036974539679,0.9053688140309643,True,9,True,2,True,1,False,0,True,7,True,2,True,1,False,0,True,7,True,2,False,0,False,0,True,4,True,2,False,0,False,0,True,3,True,1,False,0,False,0,True,3,True,1,False,0,False,0,True,3,True,1,False,0,False,0,True,3,True,1,False,0,False,0,True,2,False,0,False,0,False,0,False,0,False,0,False,0,False,0,False,0,False,0,False,0,False,0,0.5340049483406483,0.5340049483406483,0.46719870344605113,0.46719870344605113,0.16044481363541205,0.16044481363541205,0.006330675179663968,0.006330675179663968
193.0,1.0,0.7381047040403436,True,7,True,4,True,1,False,0,True,6,True,2,False,0,False,0,True,5,True,1,False,0,False,0,True,3,True,1,False,0,False,0,True,2,False,0,False,0,False,0,True,2,False,0,False,0,False,0,True,2,False,0,False,0,False,0,True,1,False,0,False,0,False,0,True,1,False,0,False,0,False,0,True,1,False,0,False,0,False,0,True,1,False,0,False,0,False,0,0.6044698491813155,0.6044698491813155,0.2964146667448893,0.2964146667448893,0.14430201780909677,0.14430201780909677,0.011543902506602234,0.0035371472496346363
133.0,0.9996774033450792,0.7110315258159875,True,12,True,2,False,0,False,0,True,8,False,1,False,0,False,0,True,6,False,0,False,0,False,0,True,5,False,0,False,0,False,0,False,1,False,0,False,0,False,0,False,1,False,0,False,0,False,0,False,1,False,0,False,0,False,0,False,0,False,0,False,0,False,0,False,0,False,0,False,0,False,0,False,0,False,0,False,0,False,0,False,0,False,0,False,0,False,0,0.4147575078584821,0.2796932396900614,0.1639855647607532,0.10492241942514208,0.05616719232781623,0.0015865815241722918,0.03221075733425432,0.0015865815241722918
3.0,1.0,0.574805195743938,True,5,True,3,False,2,False,0,True,4,True,2,False,1,False,0,True,4,True,2,False,0,False,0,True,3,True,2,False,0,False,0,True,3,False,1,False,0,False,0,True,2,False,0,False,0,False,0,True,2,False,0,False,0,False,0,False,1,False,0,False,0,False,0,False,0,False,0,False,0,False,0,False,0,False,0,False,0,False,0,False,0,False,0,False,0,False,0,0.4887108023531471,0.44878145249425144,0.33242440900448905,0.2769707198170181,0.16778253587751252,0.050419616852898856,0.036590114626547106,0.0013335654228449634
123.0,0.9999255546180952,0.5525795412605563,True,5,True,2,False,1,False,0,True,4,True,2,False,0,False,0,True,2,True,2,False,0,False,0,True,2,True,2,False,0,False,0,True,2,True,1,False,0,False,0,False,1,False,0,False,0,False,0,False,0,False,0,False,0,False,0,False,0,False,0,False,0,False,0,False,0,False,0,False,0,False,0,False,0,False,0,False,0,False,0,False,0,False,0,False,0,False,0,0.38456066893947466,0.3204744206305182,0.31195730256384446,0.31195730256384446,0.1268380579697686,0.054678437895346835,0.0022993786605976355,0.0022993786605976355
86.0,0.9972207057422204,0.636335150994422,True,4,True,2,False,0,False,0,True,3,True,2,False,0,False,0,True,2,True,2,False,0,False,0,True,2,True,2,False,0,False,0,True,2,False,0,False,0,False,0,True,1,False,0,False,0,False,0,True,1,False,0,False,0,False,0,True,1,False,0,False,0,False,0,True,1,False,0,False,0,False,0,True,1,False,0,False,0,False,0,False,0,False,0,False,0,False,0,0.5540054615399805,0.5540054615399805,0.2910727665415857,0.2910727665415857,0.09232713695017483,0.09232713695017483,0.00144952901581063,0.00144952901581063
47.0,0.9847138815822125,0.716253328413904,True,8,True,3,True,3,False,1,True,8,False,2,False,1,False,1,True,7,False,1,False,1,False,0,True,6,False,1,False,0,False,0,True,4,False,0,False,0,False,0,True,4,False,0,False,0,False,0,False,1,False,0,False,0,False,0,False,1,False,0,False,0,False,0,False,0,False,0,False,0,False,0,False,0,False,0,False,0,False,0,False,0,False,0,False,0,False,0,0.4623210828876034,0.3584718219160089,0.2990453977960959,0.14267462771695022,0.23332088437051213,0.10325992398719304,0.1790391539649092,0.02131625996357685
52.0,1.0,0.8100955898771508,True,6,True,3,False,0,False,0,True,6,True,3,False,0,False,0,True,3,True,3,False,0,False,0,True,3,False,1,False,0,False,0,True,3,False,0,False,0,False,0,True,2,False,0,False,0,False,0,True,2,False,0,False,0,False,0,False,1,False,0,False,0,False,0,False,1,False,0,False,0,False,0,False,1,False,0,False,0,False,0,False,1,False,0,False,0,False,0,0.602872270508363,0.40656629119998056,0.2799631452976661,0.20419394101312655,0.07745092955131457,0.00015559540968464696,0.0019009587536961874,0.00015559540968464696
136.0,1.0,0.5593826488762849,True,6,True,2,True,1,False,0,True,4,True,2,False,0,False,0,True,3,True,1,False,0,False,0,True,3,True,1,False,0,False,0,True,3,False,0,False,0,False,0,True,2,False,0,False,0,False,0,False,0,False,0,False,0,False,0,False,0,False,0,False,0,False,0,False,0,False,0,False,0,False,0,False,0,False,0,False,0,False,0,False,0,False,0,False,0,False,0,0.37754149668356235,0.37754149668356235,0.29472013655381707,0.29472013655381707,0.13027740559391238,0.13027740559391238,0.001741677261044195,0.0009855602390607611
280.0,0.12201598094198224,2.4388287174989625,True,9,True,5,True,3,True,3,True,9,True,5,True,3,True,3,True,8,True,5,True,3,True,3,True,6,True,4,True,3,True,3,True,6,True,4,True,3,True,2,True,5,True,4,True,3,True,2,True,6,True,3,True,2,True,2,True,5,True,3,True,2,True,2,True,5,True,3,True,2,True,2,True,6,True,3,True,1,True,1,True,5,False,1,False,0,False,0,2.2195115068690976,0.8118914037676848,0.7028658480359009,0.5712350413800072,0.5843897580910796,0.5551478782092053,0.5843897580910796,0.5551478782092053
203.0,0.5442950022333615,0.9154795652603576,True,8,True,5,True,3,True,1,True,7,True,3,True,1,False,0,True,6,True,3,True,1,False,0,True,5,True,3,True,1,False,0,True,4,True,2,True,1,False,0,True,3,True,2,False,0,False,0,True,3,True,1,False,0,False,0,True,3,True,1,False,0,False,0,True,2,True,1,False,0,False,0,True,2,True,1,False,0,False,0,True,2,False,0,False,0,False,0,0.797331072368698,0.797331072368698,0.5932520049763214,0.5932520049763214,0.3015414433978294,0.3015414433978294,0.1347983276230447,0.1347983276230447
205.0,1.0,0.6130317510918827,True,7,True,3,False,0,False,0,True,7,True,3,False,0,False,0,True,3,True,2,False,0,False,0,True,2,False,0,False,0,False,0,True,2,False,0,False,0,False,0,True,2,False,0,False,0,False,0,True,1,False,0,False,0,False,0,False,0,False,0,False,0,False,0,False,0,False,0,False,0,False,0,False,0,False,0,False,0,False,0,False,0,False,0,False,0,False,0,0.41701906589075527,0.41701906589075527,0.21560219798863145,0.2068580295169944,0.07246165991354737,0.07246165991354737,0.0015117473064622524,0.0003919944643467484
220.0,1.0,0.8389151582810938,True,8,True,2,False,0,False,0,True,6,True,2,False,0,False,0,True,5,True,2,False,0,False,0,True,4,True,1,False,0,False,0,True,3,True,1,False,0,False,0,True,2,False,0,False,0,False,0,True,2,False,0,False,0,False,0,False,1,False,0,False,0,False,0,False,1,False,0,False,0,False,0,False,1,False,0,False,0,False,0,False,1,False,0,False,0,False,0,0.6562562788435762,0.42482536926980236,0.3267077491735681,0.3267077491735681,0.08201726077985885,0.08201726077985885,0.004358262931549156,0.0034472085664759896
185.0,0.9977666385428557,0.9215967227238493,True,8,True,5,False,1,False,1,True,6,True,4,False,1,False,0,True,5,True,3,False,1,False,0,True,4,True,3,False,1,False,0,True,4,True,3,False,1,False,0,True,4,True,2,False,0,False,0,True,4,True,2,False,0,False,0,True,4,False,1,False,0,False,0,False,1,False,0,False,0,False,0,False,1,False,0,False,0,False,0,False,1,False,0,False,0,False,0,0.7799035448214651,0.4785342230130738,0.49956106374889114,0.413875507805628,0.32600619364185307,0.003208069657815476,0.14457846236840058,0.003208069657815476
91.0,0.8519033202640329,0.9665137466539517,True,8,True,4,False,0,False,0,True,7,True,3,False,0,False,0,True,6,True,3,False,0,False,0,True,6,False,0,False,0,False,0,True,5,False,0,False,0,False,0,True,4,False,0,False,0,False,0,True,3,False,0,False,0,False,0,True,3,False,0,False,0,False,0,True,3,False,0,False,0,False,0,True,3,False,0,False,0,False,0,True,2,False,0,False,0,False,0,0.8510148009309193,0.8510148009309193,0.21184329143024797,0.21184329143024797,0.014049282412882079,0.00023655219002313065,0.014049282412882079,0.00021859934190317232
19.0,0.9983125713434909,1.4132151153819243,True,11,True,1,False,0,False,0,True,9,True,1,False,0,False,0,True,8,True,1,False,0,False,0,True,5,True,1,False,0,False,0,True,2,True,1,False,0,False,0,True,2,True,1,False,0,False,0,True,1,True,1,False,0,False,0,True,1,True,1,False,0,False,0,True,1,True,1,False,0,False,0,True,1,True,1,False,0,False,0,True,1,True,1,False,0,False,0,0.6866345281046533,0.6866345281046533,0.6028122502793236,0.6028122502793236,0.02665600928663365,0.02665600928663365,0.009102134577977173,0.004794028339864638
77.0,0.9613876619187056,0.6756216995824459,True,7,True,4,False,2,False,0,True,4,True,2,False,0,False,0,True,2,True,2,False,0,False,0,True,2,True,2,False,0,False,0,True,2,True,1,False,0,False,0,True,3,False,0,False,0,False,0,True,3,False,0,False,0,False,0,True,2,False,0,False,0,False,0,True,1,False,0,False,0,False,0,False,0,False,0,False,0,False,0,False,0,False,0,False,0,False,0,0.5175529996860307,0.5175529996860307,0.33190647636258397,0.33190647636258397,0.11889717470419589,0.07951705580885925,0.09271196640551603,0.001275005961688597
135.0,0.9966995880688868,0.9932975072267277,True,11,True,5,False,2,False,1,True,8,True,3,False,2,False,0,True,6,True,3,False,1,False,0,True,6,False,1,False,1,False,0,True,3,False,1,False,1,False,0,True,3,False,1,False,1,False,0,True,3,False,1,False,1,False,0,True,2,False,1,False,0,False,0,True,2,False,0,False,0,False,0,True,2,False,0,False,0,False,0,True,1,False,0,False,0,False,0,0.8186516016190666,0.8186516016190666,0.46517502294480323,0.24906895739765025,0.44845639748915284,0.011522225044785978,0.1136751156137029,0.0007724325274608735
283.0,0.0,0.0,False,0,False,0,False,0,False,0,False,0,False,0,False,0,False,0,False,0,False,0,False,0,False,0,False,0,False,0,False,0,False,0,False,0,False,0,False,0,False,0,False,0,False,0,False,0,False,0,False,0,False,0,False,0,False,0,False,0,False,0,False,0,False,0,False,0,False,0,False,0,False,0,False,0,False,0,False,0,False,0,False,0,False,0,False,0,False,0,0.0,0.0,0.0,0.0,0.0,0.0,0.0,0.0
267.0,0.0,0.0,False,0,False,0,False,0,False,0,False,0,False,0,False,0,False,0,False,0,False,0,False,0,False,0,False,0,False,0,False,0,False,0,False,0,False,0,False,0,False,0,False,0,False,0,False,0,False,0,False,0,False,0,False,0,False,0,False,0,False,0,False,0,False,0,False,0,False,0,False,0,False,0,False,0,False,0,False,0,False,0,False,0,False,0,False,0,False,0,0.0,0.0,0.0,0.0,0.0,0.0,0.0,0.0
138.0,0.9960295796317435,0.7977251673495633,True,6,True,3,False,2,False,0,True,4,True,3,False,1,False,0,True,4,False,2,False,0,False,0,True,3,False,2,False,0,False,0,False,2,False,1,False,0,False,0,False,1,False,0,False,0,False,0,False,1,False,0,False,0,False,0,False,1,False,0,False,0,False,0,False,1,False,0,False,0,False,0,False,1,False,0,False,0,False,0,False,1,False,0,False,0,False,0,0.6258986093338256,0.29260535119972264,0.31201695641878274,0.15201963814438313,0.17740013552879935,0.03628175014338644,0.0008107878927364617,0.00018315005671285612
137.0,0.9999007394907936,0.7887602203202408,True,8,True,3,True,1,False,0,True,6,True,2,False,0,False,0,True,4,True,1,False,0,False,0,True,2,True,1,False,0,False,0,True,2,True,1,False,0,False,0,True,2,True,1,False,0,False,0,True,2,False,0,False,0,False,0,True,1,False,0,False,0,False,0,True,1,False,0,False,0,False,0,True,1,False,0,False,0,False,0,True,1,False,0,False,0,False,0,0.631346176080003,0.631346176080003,0.39619759073945665,0.39619759073945665,0.10962483681830874,0.10962483681830874,0.03985021196671288,0.009103979485079796
13.0,0.9986351679984118,0.7357352151933495,True,8,True,3,False,0,False,0,True,7,True,2,False,0,False,0,True,3,True,2,False,0,False,0,True,3,True,2,False,0,False,0,True,3,True,1,False,0,False,0,True,1,True,1,False,0,False,0,True,1,True,1,False,0,False,0,True,1,False,0,False,0,False,0,True,1,False,0,False,0,False,0,True,1,False,0,False,0,False,0,True,1,False,0,False,0,False,0,0.6470718095747207,0.6470718095747207,0.4392804722138878,0.4392804722138878,0.08169262352628594,0.05469965953441782,0.01661298449188483,0.009200666720962349
207.0,0.660355352622959,0.947250228092144,True,15,True,4,False,0,False,0,True,9,True,2,False,0,False,0,True,7,True,1,False,0,False,0,True,7,True,1,False,0,False,0,True,6,False,0,False,0,False,0,True,4,False,0,False,0,False,0,True,2,False,0,False,0,False,0,True,2,False,0,False,0,False,0,True,2,False,0,False,0,False,0,True,2,False,0,False,0,False,0,True,2,False,0,False,0,False,0,0.9044740094766371,0.9044740094766371,0.2891246589840754,0.2891246589840754,0.06116447168802953,0.06116447168802953,0.05534206476407875,0.05534206476407875
198.0,0.9999503697453967,0.9111222113920292,True,7,True,4,True,3,False,0,True,5,True,4,True,2,False,0,True,4,True,3,True,2,False,0,True,4,True,2,True,2,False,0,True,4,True,2,False,0,False,0,True,3,True,2,False,0,False,0,True,3,True,2,False,0,False,0,True,3,False,0,False,0,False,0,True,2,False,0,False,0,False,0,True,1,False,0,False,0,False,0,False,0,False,0,False,0,False,0,0.5957224669547617,0.5957224669547617,0.44179293203624087,0.40246973011324433,0.2776085206820386,0.2776085206820386,0.021513067391394945,0.002227084279050651
147.0,1.0,0.906413160480629,True,11,True,3,False,0,False,0,True,8,True,2,False,0,False,0,True,7,True,2,False,0,False,0,True,3,True,1,False,0,False,0,True,3,False,0,False,0,False,0,True,3,False,0,False,0,False,0,True,3,False,0,False,0,False,0,True,2,False,0,False,0,False,0,True,2,False,0,False,0,False,0,True,2,False,0,False,0,False,0,True,1,False,0,False,0,False,0,0.6027597582824654,0.6027597582824654,0.2858091338365499,0.2858091338365499,0.02006412928152746,0.002274359635332342,0.002274359635332342,0.002274359635332342
40.0,0.9999255546180952,0.8346514015932992,True,10,True,5,True,1,False,0,True,9,True,5,False,0,False,0,True,8,True,3,False,0,False,0,True,7,False,0,False,0,False,0,True,5,False,0,False,0,False,0,True,2,False,0,False,0,False,0,True,2,False,0,False,0,False,0,True,2,False,0,False,0,False,0,False,1,False,0,False,0,False,0,False,1,False,0,False,0,False,0,False,1,False,0,False,0,False,0,0.6239367544878449,0.47980068206996174,0.2357559916633129,0.2021360631106036,0.13026962681962506,0.13026962681962506,0.05888034921181894,0.0017426798343627358
1.0,1.0,0.8574297287407759,True,9,True,4,False,1,False,0,True,8,True,2,False,1,False,0,True,7,True,1,False,0,False,0,True,4,False,0,False,0,False,0,True,2,False,0,False,0,False,0,True,1,False,0,False,0,False,0,False,0,False,0,False,0,False,0,False,0,False,0,False,0,False,0,False,0,False,0,False,0,False,0,False,0,False,0,False,0,False,0,False,0,False,0,False,0,False,0,0.35986331111875813,0.35986331111875813,0.23277522950923152,0.23277522950923152,0.1831516147241398,0.0824405597473981,0.06221236990376357,0.03482585067997933
142.0,0.9991562856717455,1.2761312156434665,True,10,False,2,False,1,False,0,True,7,False,2,False,1,False,0,True,6,False,1,False,1,False,0,True,6,False,1,False,1,False,0,True,5,False,1,False,0,False,0,True,3,False,0,False,0,False,0,True,3,False,0,False,0,False,0,True,1,False,0,False,0,False,0,True,1,False,0,False,0,False,0,True,1,False,0,False,0,False,0,True,1,False,0,False,0,False,0,0.7187701710015271,0.7187701710015271,0.33005963905477625,0.06827134332217552,0.2539929765043772,0.019300204671973856,0.019300204671973856,0.019300204671973856
179.0,0.9999751848726984,0.44968904814554267,True,5,False,0,False,0,False,0,True,3,False,0,False,0,False,0,True,1,False,0,False,0,False,0,True,1,False,0,False,0,False,0,True,1,False,0,False,0,False,0,True,1,False,0,False,0,False,0,False,0,False,0,False,0,False,0,False,0,False,0,False,0,False,0,False,0,False,0,False,0,False,0,False,0,False,0,False,0,False,0,False,0,False,0,False,0,False,0,0.3603552377995773,0.3603552377995773,0.09923426857882349,0.09923426857882349,0.061274335606134704,0.012379724611702558,0.027013523261881407,0.0017449552038872418
42.0,0.9975929326517445,0.8835118039745192,True,10,True,3,False,1,False,0,True,7,True,3,False,0,False,0,True,6,True,3,False,0,False,0,True,5,True,1,False,0,False,0,True,4,False,0,False,0,False,0,True,3,False,0,False,0,False,0,True,2,False,0,False,0,False,0,True,1,False,0,False,0,False,0,True,1,False,0,False,0,False,0,True,1,False,0,False,0,False,0,False,0,False,0,False,0,False,0,0.5779992087237016,0.5779992087237016,0.28914918500347003,0.28914918500347003,0.12835350010072086,0.044124530344928074,0.041176669363550376,0.0021001448709503418
154.0,0.9999503697453967,0.8873158905040519,True,11,True,5,True,1,False,0,True,9,True,3,True,1,False,0,True,7,True,1,True,1,False,0,True,5,True,1,True,1,False,0,True,4,True,1,False,0,False,0,True,4,True,1,False,0,False,0,True,2,True,1,False,0,False,0,True,2,True,1,False,0,False,0,True,2,True,1,False,0,False,0,True,1,True,1,False,0,False,0,True,1,True,1,False,0,False,0,0.7980350302676023,0.7980350302676023,0.6706859632948048,0.6706859632948048,0.2500817521556288,0.2500817521556288,0.0011017108969908068,0.0004893455131018602
180.0,0.9998759243634919,0.4579287175692681,True,4,True,2,False,0,False,0,True,3,False,0,False,0,False,0,True,2,False,0,False,0,False,0,True,2,False,0,False,0,False,0,False,0,False,0,False,0,False,0,False,0,False,0,False,0,False,0,False,0,False,0,False,0,False,0,False,0,False,0,False,0,False,0,False,0,False,0,False,0,False,0,False,0,False,0,False,0,False,0,False,0,False,0,False,0,False,0,0.2770789141464502,0.2689765865478132,0.11661103700511234,0.11661103700511234,0.05746172600601853,0.0022356291023811633,0.00047167068211269764,0.000192228525043366
112.0,0.9991314705444438,0.9000544934290274,True,12,True,3,False,0,False,0,True,11,True,1,False,0,False,0,True,7,True,1,False,0,False,0,True,6,True,1,False,0,False,0,True,5,True,1,False,0,False,0,True,3,True,1,False,0,False,0,True,3,True,1,False,0,False,0,True,2,True,1,False,0,False,0,True,2,False,0,False,0,False,0,True,2,False,0,False,0,False,0,True,1,False,0,False,0,False,0,0.8662954386611393,0.8662954386611393,0.4719756995795579,0.4719756995795579,0.042813769209784025,0.0013708495294493346,0.0013708495294493346,0.0013708495294493346
93.0,0.9999751848726984,0.9274410942136727,True,9,True,2,False,0,False,0,True,9,True,2,False,0,False,0,True,7,False,0,False,0,False,0,True,5,False,0,False,0,False,0,True,4,False,0,False,0,False,0,True,4,False,0,False,0,False,0,True,3,False,0,False,0,False,0,True,3,False,0,False,0,False,0,True,3,False,0,False,0,False,0,True,2,False,0,False,0,False,0,True,2,False,0,False,0,False,0,0.8780786560006059,0.8780786560006059,0.1846241272242254,0.1846241272242254,0.005611337281098924,0.0027492095050918896,0.0027492095050918896,0.0027492095050918896
111.0,0.9994788823266664,0.5442425908415287,True,6,True,1,False,0,False,0,True,3,False,0,False,0,False,0,True,3,False,0,False,0,False,0,False,2,False,0,False,0,False,0,False,1,False,0,False,0,False,0,False,1,False,0,False,0,False,0,False,0,False,0,False,0,False,0,False,0,False,0,False,0,False,0,False,0,False,0,False,0,False,0,False,0,False,0,False,0,False,0,False,0,False,0,False,0,False,0,0.3625944885400808,0.22903341416349296,0.10180457426418447,0.10180457426418447,0.06489787339599976,0.021626789824538032,0.008445136603493426,0.008445136603493426
252.0,0.683607126904561,0.7041013822548412,True,7,True,3,False,0,False,0,True,6,True,3,False,0,False,0,True,6,True,2,False,0,False,0,True,4,False,1,False,0,False,0,True,4,False,0,False,0,False,0,True,3,False,0,False,0,False,0,True,3,False,0,False,0,False,0,True,2,False,0,False,0,False,0,True,1,False,0,False,0,False,0,True,1,False,0,False,0,False,0,True,1,False,0,False,0,False,0,0.6002852170440416,0.6002852170440416,0.25298954660039635,0.23905477807475997,0.08592164939147905,0.052739132218670076,0.07511264971367115,0.0036579786738529917
149.0,0.8175591840786143,0.9825788300116008,True,7,True,3,False,0,False,0,True,5,True,2,False,0,False,0,True,5,True,1,False,0,False,0,True,5,True,1,False,0,False,0,True,4,False,0,False,0,False,0,True,3,False,0,False,0,False,0,True,3,False,0,False,0,False,0,True,3,False,0,False,0,False,0,True,3,False,0,False,0,False,0,True,3,False,0,False,0,False,0,True,2,False,0,False,0,False,0,0.9032765633879141,0.9032765633879141,0.2576204958795588,0.2576204958795588,0.04061290786982877,0.03202740540931585,0.04061290786982877,0.00028736833423987664
164.0,1.0,0.7975514951461243,True,6,True,5,True,1,False,0,True,6,True,2,True,1,False,0,True,2,True,2,False,0,False,0,True,2,True,2,False,0,False,0,True,3,True,1,False,0,False,0,True,2,True,1,False,0,False,0,True,2,True,1,False,0,False,0,True,2,True,1,False,0,False,0,True,1,True,1,False,0,False,0,True,1,False,0,False,0,False,0,True,1,False,0,False,0,False,0,0.6948138021608481,0.6948138021608481,0.5208745848809782,0.5208745848809782,0.1792677153079212,0.1792677153079212,0.039362980357060706,0.0006052980056694743
99.0,0.9362251228348801,0.935211998875278,True,9,True,5,False,1,False,0,True,9,True,3,False,1,False,0,True,8,True,2,False,0,False,0,True,7,True,1,False,0,False,0,True,4,True,1,False,0,False,0,True,2,False,0,False,0,False,0,True,2,False,0,False,0,False,0,True,2,False,0,False,0,False,0,True,2,False,0,False,0,False,0,True,2,False,0,False,0,False,0,True,2,False,0,False,0,False,0,0.8004851476800787,0.8004851476800787,0.34336738552371426,0.34336738552371426,0.16716018496179208,0.05149098076813213,0.03693200396958802,0.0007588381876464632
46.0,0.9497741823415554,0.7239604220173722,True,10,True,3,True,1,False,0,True,6,True,2,False,0,False,0,True,5,True,1,False,0,False,0,True,3,False,0,False,0,False,0,True,3,False,0,False,0,False,0,True,3,False,0,False,0,False,0,True,2,False,0,False,0,False,0,True,2,False,0,False,0,False,0,True,1,False,0,False,0,False,0,True,1,False,0,False,0,False,0,False,0,False,0,False,0,False,0,0.5909165030051405,0.5909165030051405,0.24834178108503854,0.24834178108503854,0.11660958148595083,0.11660958148595083,0.0023616551280650926,0.0023616551280650926
132.0,0.9917117474812646,0.8532482821125283,True,10,True,3,True,2,False,0,True,8,True,3,True,1,False,0,True,7,True,2,True,1,False,0,True,6,True,2,True,1,False,0,True,4,True,1,True,1,False,0,True,3,True,1,False,0,False,0,True,3,True,1,False,0,False,0,True,3,True,1,False,0,False,0,True,2,False,0,False,0,False,0,True,2,False,0,False,0,False,0,True,1,False,0,False,0,False,0,0.7393068887426844,0.7393068887426844,0.4889598045852335,0.4889598045852335,0.30008727910223243,0.30008727910223243,0.0024571262889027815,0.00039466649637645107
80.0,1.0,0.4255794511711433,True,8,True,3,True,1,False,0,True,4,False,1,False,0,False,0,True,2,False,1,False,0,False,0,True,2,False,0,False,0,False,0,True,1,False,0,False,0,False,0,True,1,False,0,False,0,False,0,False,0,False,0,False,0,False,0,False,0,False,0,False,0,False,0,False,0,False,0,False,0,False,0,False,0,False,0,False,0,False,0,False,0,False,0,False,0,False,0,0.3599117674975088,0.3599117674975088,0.21426095073271992,0.14220190385356357,0.10415614051277056,0.10415614051277056,0.01742726756051677,0.01742726756051677
210.0,1.0,0.7266265994693938,True,7,True,2,True,1,False,0,True,4,True,2,True,1,False,0,True,4,True,2,True,1,False,0,True,2,True,1,True,1,False,0,True,3,True,1,False,0,False,0,True,3,True,1,False,0,False,0,True,2,False,0,False,0,False,0,True,1,False,0,False,0,False,0,True,1,False,0,False,0,False,0,False,0,False,0,False,0,False,0,False,0,False,0,False,0,False,0,0.5338684897835251,0.5338684897835251,0.3640790343215905,0.3640790343215905,0.27807717948180866,0.27807717948180866,0.021111391686701734,0.021111391686701734
225.0,0.9996029579631743,1.1279835353443137,True,7,True,3,True,1,False,0,True,4,True,2,True,1,False,0,True,3,True,2,True,1,False,0,True,3,True,2,False,0,False,0,True,2,True,2,False,0,False,0,True,2,True,2,False,0,False,0,True,2,True,1,False,0,False,0,True,2,True,1,False,0,False,0,True,2,True,1,False,0,False,0,True,2,True,1,False,0,False,0,True,2,False,0,False,0,False,0,0.841044476073396,0.841044476073396,0.56413777653497,0.56413777653497,0.24484760250739104,0.24484760250739104,0.08508110895953187,0.08508110895953187
121.0,1.0,0.4839770032209483,True,9,True,2,False,0,False,0,True,3,True,1,False,0,False,0,True,2,True,1,False,0,False,0,True,1,False,0,False,0,False,0,True,1,False,0,False,0,False,0,True,1,False,0,False,0,False,0,True,1,False,0,False,0,False,0,False,0,False,0,False,0,False,0,False,0,False,0,False,0,False,0,False,0,False,0,False,0,False,0,False,0,False,0,False,0,False,0,0.44197577270842814,0.44197577270842814,0.20769370259296419,0.20769370259296419,0.06274192548954938,0.06274192548954938,0.0001445509036636845,0.00012150279639245974
278.0,0.7651744503449303,3.4285714285714297,True,11,True,5,False,0,False,0,True,8,True,5,False,0,False,0,True,6,True,4,False,0,False,0,True,5,True,4,False,0,False,0,True,5,True,3,False,0,False,0,True,5,True,3,False,0,False,0,True,3,True,3,False,0,False,0,True,3,True,2,False,0,False,0,True,3,True,2,False,0,False,0,True,3,True,2,False,0,False,0,True,3,True,2,False,0,False,0,3.4285714285714275,1.4466711373786598,0.8152700515936185,0.8152700515936185,0.06694286898079793,0.06694286898079793,0.031198874665953658,0.011990295222109258
113.0,0.9998759243634919,0.49913976885017153,True,7,True,3,False,0,False,0,True,5,True,2,False,0,False,0,True,2,False,0,False,0,False,0,True,2,False,0,False,0,False,0,True,1,False,0,False,0,False,0,True,1,False,0,False,0,False,0,False,0,False,0,False,0,False,0,False,0,False,0,False,0,False,0,False,0,False,0,False,0,False,0,False,0,False,0,False,0,False,0,False,0,False,0,False,0,False,0,0.3938963999668707,0.3938963999668707,0.19424135533193884,0.19424135533193884,0.07938271187547084,0.07938271187547084,0.00031386201057415097,0.0002684747188910278
228.0,0.9997270335996824,0.5847350966168255,True,7,False,1,False,0,False,0,True,5,False,1,False,0,False,0,True,4,False,0,False,0,False,0,True,3,False,0,False,0,False,0,False,2,False,0,False,0,False,0,False,1,False,0,False,0,False,0,False,0,False,0,False,0,False,0,False,0,False,0,False,0,False,0,False,0,False,0,False,0,False,0,False,0,False,0,False,0,False,0,False,0,False,0,False,0,False,0,0.37906274545595353,0.2729678034470838,0.17231926538999645,0.07158811629272697,0.007518358765282784,0.007518358765282784,0.0051269984080415465,0.0051269984080415465
78.0,1.0,0.6338367759234869,True,10,False,1,False,0,False,0,True,6,False,0,False,0,False,0,True,4,False,0,False,0,False,0,True,1,False,0,False,0,False,0,True,1,False,0,False,0,False,0,False,0,False,0,False,0,False,0,False,0,False,0,False,0,False,0,False,0,False,0,False,0,False,0,False,0,False,0,False,0,False,0,False,0,False,0,False,0,False,0,False,0,False,0,False,0,False,0,0.31176190991760117,0.31176190991760117,0.11370498007104846,0.012203253616358945,0.0028949443027557645,0.0001883193074903562,0.0010785652239638749,6.935620733197688e-05
215.0,0.9999007394907936,0.9561446567637762,True,8,True,4,True,2,False,1,True,6,True,3,True,2,False,0,True,5,True,2,True,1,False,0,True,3,True,2,True,1,False,0,True,3,True,2,True,1,False,0,True,3,True,1,False,0,False,0,True,2,True,1,False,0,False,0,True,2,True,1,False,0,False,0,True,2,True,1,False,0,False,0,True,2,True,1,False,0,False,0,True,2,False,0,False,0,False,0,0.678384230628815,0.678384230628815,0.5795266868395141,0.5795266868395141,0.31346299622067514,0.31346299622067514,0.133008880431211,0.011691195771280718
175.0,0.9998511092361904,0.44122751579684055,True,8,True,3,False,0,False,0,True,5,False,0,False,0,False,0,True,3,False,0,False,0,False,0,True,3,False,0,False,0,False,0,True,2,False,0,False,0,False,0,False,1,False,0,False,0,False,0,False,0,False,0,False,0,False,0,False,0,False,0,False,0,False,0,False,0,False,0,False,0,False,0,False,0,False,0,False,0,False,0,False,0,False,0,False,0,False,0,0.37735998678050225,0.307648415363413,0.13605777121864146,0.11581627002032198,0.036978280438605515,0.0025671280416155774,0.000591734643770553,0.00017633633973399056
274.0,0.9776663854285572,1.278836872551442,True,8,True,2,True,2,False,1,True,7,True,2,False,1,False,0,True,6,False,1,False,1,False,0,True,4,False,1,False,0,False,0,True,4,False,1,False,0,False,0,True,4,False,1,False,0,False,0,True,4,False,1,False,0,False,0,True,4,False,1,False,0,False,0,False,3,False,1,False,0,False,0,False,2,False,1,False,0,False,0,False,1,False,0,False,0,False,0,0.663954901050165,0.47218260391684336,0.5832971313024427,0.1930659246524447,0.22370207091742048,0.1066584662985388,0.10701889634518294,0.027845497964050097
162.0,0.985433520273959,1.0249330007754058,True,11,True,1,False,0,False,0,True,7,True,1,False,0,False,0,True,7,True,1,False,0,False,0,True,5,True,1,False,0,False,0,True,3,True,1,False,0,False,0,True,1,True,1,False,0,False,0,True,1,True,1,False,0,False,0,True,1,False,0,False,0,False,0,True,1,False,0,False,0,False,0,True,1,False,0,False,0,False,0,False,0,False,0,False,0,False,0,0.5756564473714961,0.5756564473714961,0.44227696699614644,0.44227696699614644,0.08155071453725622,0.08155071453725622,0.006165419375716586,0.0035399156625130945
65.0,0.88034145615167,0.9665125278044752,True,10,True,6,False,0,False,0,True,8,True,2,False,0,False,0,True,7,True,1,False,0,False,0,True,4,True,1,False,0,False,0,True,4,True,1,False,0,False,0,True,2,True,1,False,0,False,0,True,2,False,0,False,0,False,0,True,2,False,0,False,0,False,0,True,2,False,0,False,0,False,0,True,2,False,0,False,0,False,0,True,2,False,0,False,0,False,0,0.9062798833036456,0.9062798833036456,0.37509631030152546,0.37509631030152546,0.09325644437456061,0.02091248294157634,0.01757534529055461,0.01757534529055461
104.0,0.9999503697453967,0.5765346763473747,True,8,True,2,False,0,False,0,True,3,True,1,False,0,False,0,True,2,True,1,False,0,False,0,True,2,True,1,False,0,False,0,True,2,False,0,False,0,False,0,True,2,False,0,False,0,False,0,True,1,False,0,False,0,False,0,False,0,False,0,False,0,False,0,False,0,False,0,False,0,False,0,False,0,False,0,False,0,False,0,False,0,False,0,False,0,False,0,0.4464373370529464,0.4464373370529464,0.2745869526041141,0.2745869526041141,0.047336722702189,0.0006613462471497384,0.02351289840345807,0.0006613462471497384
191.0,0.9607176534815624,1.1905138167450375,True,10,True,4,True,3,False,0,True,10,False,4,False,1,False,0,True,8,False,2,False,0,False,0,True,7,False,2,False,0,False,0,False,4,False,2,False,0,False,0,False,4,False,1,False,0,False,0,False,4,False,1,False,0,False,0,False,4,False,1,False,0,False,0,False,2,False,1,False,0,False,0,False,2,False,0,False,0,False,0,False,2,False,0,False,0,False,0,0.9157089485908037,0.25379266609420903,0.5387146340607162,0.14247379787321476,0.15188105624119883,0.14247379787321476,0.08092263030038058,0.0061817921810515914
87.0,0.9995781428358728,2.1222983163502898,True,9,True,4,True,3,True,1,True,7,True,3,False,1,False,0,True,5,True,3,False,1,False,0,True,5,False,2,False,1,False,0,True,5,False,2,False,1,False,0,False,4,False,1,False,1,False,0,False,4,False,1,False,1,False,0,False,4,False,1,False,0,False,0,False,3,False,1,False,0,False,0,False,3,False,0,False,0,False,0,False,2,False,0,False,0,False,0,1.1949161097709589,0.3386019603854287,0.5335365836582634,0.23666088171996943,0.41380044139142874,0.10541518449625933,0.10541518449625933,0.10541518449625933
26.0,0.9635465779939452,1.7699525571961094,True,5,True,3,True,3,True,1,True,3,True,3,True,3,True,1,True,4,True,2,True,2,False,0,True,4,True,2,True,2,False,0,True,2,True,2,True,1,False,0,True,2,True,2,True,1,False,0,True,2,True,2,False,0,False,0,True,2,True,2,False,0,False,0,True,2,True,2,False,0,False,0,True,2,True,2,False,0,False,0,True,2,True,2,False,0,False,0,1.2379327135748903,1.2379327135748903,0.7104783021416812,0.7104783021416812,0.3849644460364132,0.3849644460364132,0.15351631789402473,0.15351631789402473
259.0,0.9946399325028538,2.808136814781855,True,9,True,7,True,5,True,2,True,8,True,7,True,5,True,2,True,9,True,6,True,3,True,2,True,9,True,6,True,3,True,2,True,10,True,5,True,3,True,1,True,10,True,5,True,3,True,1,True,10,True,4,True,3,True,1,True,11,True,5,False,2,False,0,True,11,False,2,False,2,False,0,True,11,False,2,False,2,False,0,True,9,False,2,False,1,False,0,1.8799129886294808,0.8291989960672769,0.6494785213424694,0.46802345021476366,0.6100805248470198,0.42735656826684987,0.42220168171009764,0.42220168171009764
145.0,0.9999007394907936,0.9540560431127724,True,7,True,4,True,2,False,1,True,7,True,3,False,1,False,0,True,6,True,3,False,1,False,0,True,5,True,3,False,1,False,0,True,4,True,3,False,1,False,0,True,3,False,2,False,0,False,0,True,3,False,2,False,0,False,0,True,3,False,2,False,0,False,0,True,3,False,2,False,0,False,0,True,3,False,2,False,0,False,0,False,2,False,0,False,0,False,0,0.9066589773422591,0.5951380185655021,0.5976071069622372,0.3371233325799974,0.3176930888324879,0.12451845087764515,0.1067387445218187,0.0016755541444946087
204.0,0.9097473820040697,3.086519858893315,True,11,True,4,True,1,False,0,True,10,True,2,True,1,False,0,True,9,True,2,False,0,False,0,True,7,False,1,False,0,False,0,True,4,False,0,False,0,False,0,True,4,False,0,False,0,False,0,True,4,False,0,False,0,False,0,True,2,False,0,False,0,False,0,True,2,False,0,False,0,False,0,True,2,False,0,False,0,False,0,True,2,False,0,False,0,False,0,2.3345138633497577,2.3345138633497577,0.2959407974804264,0.24399300670323815,0.15761948454390812,0.15761948454390812,0.0023013768982319497,0.0023013768982319497
279.0,0.0,0.0,False,0,False,0,False,0,False,0,False,0,False,0,False,0,False,0,False,0,False,0,False,0,False,0,False,0,False,0,False,0,False,0,False,0,False,0,False,0,False,0,False,0,False,0,False,0,False,0,False,0,False,0,False,0,False,0,False,0,False,0,False,0,False,0,False,0,False,0,False,0,False,0,False,0,False,0,False,0,False,0,False,0,False,0,False,0,False,0,0.0,0.0,0.0,0.0,0.0,0.0,0.0,0.0
263.0,0.3448806392376793,2.5277548208376652,True,10,True,5,False,3,False,3,True,12,False,4,False,2,False,0,True,12,False,2,False,1,False,0,True,12,False,2,False,1,False,0,True,11,False,2,False,1,False,0,True,10,False,1,False,1,False,0,True,8,False,1,False,1,False,0,True,8,False,1,False,1,False,0,True,5,False,1,False,1,False,0,True,4,False,1,False,1,False,0,True,4,False,1,False,1,False,0,1.9315608102732296,0.7596308624146118,0.7478640135163575,0.10896284159262135,0.6540131141478038,0.0477678190914344,0.133646209601771,0.04083059968061598
117.0,0.9987344285076183,0.9633510739836273,True,8,True,2,False,0,False,0,True,7,False,1,False,0,False,0,True,6,False,1,False,0,False,0,True,5,False,0,False,0,False,0,True,4,False,0,False,0,False,0,True,3,False,0,False,0,False,0,True,3,False,0,False,0,False,0,True,2,False,0,False,0,False,0,True,2,False,0,False,0,False,0,True,2,False,0,False,0,False,0,True,2,False,0,False,0,False,0,0.7541099038756741,0.7541099038756741,0.22643148385089482,0.1461096543775492,0.09521292565053464,0.0004737660991642057,0.0011723322665615021,0.0004737660991642057
25.0,1.0,0.40327168979950523,True,7,True,4,True,2,False,0,True,5,True,2,False,0,False,0,True,5,False,0,False,0,False,0,True,1,False,0,False,0,False,0,True,1,False,0,False,0,False,0,False,0,False,0,False,0,False,0,False,0,False,0,False,0,False,0,False,0,False,0,False,0,False,0,False,0,False,0,False,0,False,0,False,0,False,0,False,0,False,0,False,0,False,0,False,0,False,0,0.307732081524506,0.307732081524506,0.17254915132910276,0.15439351232802678,0.11809475451038623,0.11809475451038623,0.016446760033220455,0.0062746540246504225
17.0,1.0,0.7046694064422451,True,10,True,5,True,3,False,0,True,7,True,4,False,1,False,0,True,5,True,4,False,1,False,0,True,4,True,3,False,1,False,0,True,4,False,1,False,0,False,0,True,4,False,0,False,0,False,0,True,3,False,0,False,0,False,0,True,1,False,0,False,0,False,0,True,1,False,0,False,0,False,0,True,1,False,0,False,0,False,0,True,1,False,0,False,0,False,0,0.6106128320023557,0.6106128320023557,0.33128102926383984,0.28754396631466245,0.26847703673330403,0.10344655167730533,0.04928471175222641,0.011701502577730694
130.0,0.9999255546180952,0.5726229052366327,True,7,True,2,False,0,False,0,True,3,True,2,False,0,False,0,True,3,True,1,False,0,False,0,True,1,False,0,False,0,False,0,True,1,False,0,False,0,False,0,True,1,False,0,False,0,False,0,True,1,False,0,False,0,False,0,False,0,False,0,False,0,False,0,False,0,False,0,False,0,False,0,False,0,False,0,False,0,False,0,False,0,False,0,False,0,False,0,0.42638126442365926,0.42638126442365926,0.24531743598375147,0.24531743598375147,0.007925661108088797,0.007925661108088797,0.0048638148246828656,0.00013993986261808214
260.0,0.0,0.0,False,0,False,0,False,0,False,0,False,0,False,0,False,0,False,0,False,0,False,0,False,0,False,0,False,0,False,0,False,0,False,0,False,0,False,0,False,0,False,0,False,0,False,0,False,0,False,0,False,0,False,0,False,0,False,0,False,0,False,0,False,0,False,0,False,0,False,0,False,0,False,0,False,0,False,0,False,0,False,0,False,0,False,0,False,0,False,0,0.0,0.0,0.0,0.0,0.0,0.0,0.0,0.0
62.0,0.9998511092361904,0.9251499024613347,True,10,True,6,False,1,False,0,True,10,True,6,False,0,False,0,True,7,True,3,False,0,False,0,True,6,True,2,False,0,False,0,True,6,True,1,False,0,False,0,True,6,True,1,False,0,False,0,True,5,True,1,False,0,False,0,True,4,True,1,False,0,False,0,True,3,True,1,False,0,False,0,True,2,True,1,False,0,False,0,True,2,True,1,False,0,False,0,0.798227315702597,0.798227315702597,0.7385864220766449,0.7385864220766449,0.142695476283253,0.0004765666882529141,0.004530347671855361,0.00031501716275168426
140.0,0.5412923718298674,1.465911037799144,False,5,False,4,False,2,False,2,False,5,False,4,False,2,False,2,False,5,False,4,False,2,False,2,False,5,False,2,False,2,False,2,False,4,False,2,False,2,False,2,False,4,False,2,False,2,False,2,False,3,False,2,False,2,False,2,False,3,False,2,False,2,False,2,False,3,False,2,False,2,False,2,False,3,False,2,False,2,False,2,False,3,False,2,False,2,False,2,1.0,0.0,1.0,0.0,1.0,0.0,0.9965890713727287,0.0
119.0,1.0,0.39019001112244095,True,4,True,2,False,0,False,0,True,4,False,0,False,0,False,0,True,1,False,0,False,0,False,0,True,1,False,0,False,0,False,0,False,0,False,0,False,0,False,0,False,0,False,0,False,0,False,0,False,0,False,0,False,0,False,0,False,0,False,0,False,0,False,0,False,0,False,0,False,0,False,0,False,0,False,0,False,0,False,0,False,0,False,0,False,0,False,0,0.29962284390427696,0.29962284390427696,0.14813261206248998,0.14456346056537167,0.05878352515899669,0.05878352515899669,0.05817181076830501,0.05817181076830501
169.0,0.9999503697453967,0.8519982149405587,True,8,True,3,True,1,False,0,True,6,True,2,True,1,False,0,True,4,True,2,False,0,False,0,True,3,True,2,False,0,False,0,True,3,True,2,False,0,False,0,True,2,True,2,False,0,False,0,True,2,False,0,False,0,False,0,True,2,False,0,False,0,False,0,True,2,False,0,False,0,False,0,True,2,False,0,False,0,False,0,True,1,False,0,False,0,False,0,0.7238860428048784,0.7238860428048784,0.3995460236066333,0.3995460236066333,0.18815458770276822,0.18815458770276822,0.0027112501266442776,0.0027112501266442776
262.0,0.9992059159263487,0.3456989097237068,True,2,True,1,False,0,False,0,True,2,True,1,False,0,False,0,True,1,False,0,False,0,False,0,False,0,False,0,False,0,False,0,False,0,False,0,False,0,False,0,False,0,False,0,False,0,False,0,False,0,False,0,False,0,False,0,False,0,False,0,False,0,False,0,False,0,False,0,False,0,False,0,False,0,False,0,False,0,False,0,False,0,False,0,False,0,False,0,0.22744060106922304,0.22744060106922304,0.17762535991192904,0.17762535991192904,0.003020915357370202,0.003020915357370202,0.003020915357370202,0.003020915357370202
195.0,0.9999751848726984,0.9236996051171038,True,11,True,4,True,1,False,0,True,6,True,3,False,0,False,0,True,5,True,2,False,0,False,0,True,4,True,1,False,0,False,0,True,4,True,1,False,0,False,0,True,4,True,1,False,0,False,0,True,4,True,1,False,0,False,0,True,4,True,1,False,0,False,0,True,3,False,0,False,0,False,0,True,2,False,0,False,0,False,0,False,0,False,0,False,0,False,0,0.5775293326454178,0.5597027607659768,0.45454365855791523,0.45454365855791523,0.14255924904022832,0.14255924904022832,0.013417572519772929,0.00024813883671841766
122.0,0.9996774033450792,0.6634182738993094,True,7,True,3,True,2,False,0,True,4,True,3,True,2,False,0,True,4,False,1,False,0,False,0,True,2,False,1,False,0,False,0,True,2,False,0,False,0,False,0,True,2,False,0,False,0,False,0,True,2,False,0,False,0,False,0,True,1,False,0,False,0,False,0,True,1,False,0,False,0,False,0,False,0,False,0,False,0,False,0,False,0,False,0,False,0,False,0,0.5424797149219647,0.5424797149219647,0.28851524924584204,0.1981098436066774,0.1831280572378053,0.157791125156446,0.0031239052547609083,0.0006108888931939396
51.0,0.9999751848726984,0.9618863415323878,True,6,True,3,False,2,False,1,True,5,True,3,False,1,False,1,True,4,False,2,False,1,False,1,True,4,False,2,False,1,False,1,True,4,False,2,False,1,False,1,False,3,False,2,False,1,False,0,False,3,False,1,False,1,False,0,False,3,False,1,False,1,False,0,False,3,False,1,False,1,False,0,False,3,False,1,False,1,False,0,False,2,False,1,False,1,False,0,0.9279338591105478,0.31522564515054846,0.8556721918038168,0.16401277025615899,0.7605801262376702,0.059001097050442534,0.3287177913099827,0.01551539103445374
187.0,1.0,0.623572811054554,True,10,True,4,True,1,False,0,True,8,True,3,False,0,False,0,True,5,False,1,False,0,False,0,True,5,False,0,False,0,False,0,True,1,False,0,False,0,False,0,True,1,False,0,False,0,False,0,True,1,False,0,False,0,False,0,True,1,False,0,False,0,False,0,False,0,False,0,False,0,False,0,False,0,False,0,False,0,False,0,False,0,False,0,False,0,False,0,0.4860345281712543,0.4860345281712543,0.2099809378441466,0.17234214509631196,0.11474624897030315,0.11474624897030315,0.024303346030795522,0.024303346030795522
15.0,0.9992307310536503,1.4709579078579558,True,10,True,5,False,0,False,0,True,7,True,4,False,0,False,0,True,6,True,1,False,0,False,0,True,6,True,1,False,0,False,0,True,6,True,1,False,0,False,0,True,5,False,0,False,0,False,0,True,5,False,0,False,0,False,0,True,4,False,0,False,0,False,0,True,4,False,0,False,0,False,0,True,3,False,0,False,0,False,0,False,1,False,0,False,0,False,0,0.7681924405348174,0.5755568810285023,0.3147793256274699,0.3147793256274699,0.06987123583342815,0.06987123583342815,0.005079763043468278,0.005079763043468278
184.0,1.0,0.5670600743743222,True,7,True,2,False,0,False,0,True,5,True,2,False,0,False,0,True,4,True,2,False,0,False,0,True,2,True,1,False,0,False,0,True,2,False,0,False,0,False,0,True,1,False,0,False,0,False,0,True,1,False,0,False,0,False,0,True,1,False,0,False,0,False,0,False,0,False,0,False,0,False,0,False,0,False,0,False,0,False,0,False,0,False,0,False,0,False,0,0.4711809359032888,0.4711809359032888,0.257927814236295,0.257927814236295,0.0560488062196338,0.0560488062196338,0.0025732311828478398,0.0016538708346081257
171.0,0.9997270335996824,0.5951402120517644,True,7,False,2,False,0,False,0,True,5,False,1,False,0,False,0,True,4,False,0,False,0,False,0,False,1,False,0,False,0,False,0,False,1,False,0,False,0,False,0,False,1,False,0,False,0,False,0,False,1,False,0,False,0,False,0,False,0,False,0,False,0,False,0,False,0,False,0,False,0,False,0,False,0,False,0,False,0,False,0,False,0,False,0,False,0,False,0,0.41299899099164844,0.23464673760335414,0.16099257166225617,0.005614419470463203,0.050764803133947926,6.811221614989508e-05,0.03185194958954163,6.811221614989508e-05
41.0,0.9983373864707926,0.868521580263563,True,9,True,3,False,1,False,0,True,7,True,3,False,0,False,0,True,5,False,1,False,0,False,0,True,4,False,1,False,0,False,0,True,4,False,0,False,0,False,0,True,2,False,0,False,0,False,0,True,2,False,0,False,0,False,0,True,2,False,0,False,0,False,0,True,2,False,0,False,0,False,0,False,1,False,0,False,0,False,0,False,1,False,0,False,0,False,0,0.6978573229098065,0.5015638880258542,0.270228105378708,0.19008048316820889,0.1488315962695548,0.032752367246771795,0.002210368255346186,0.002210368255346186
114.0,0.998436646979999,0.9189586392934224,True,11,True,4,False,0,False,0,True,8,False,2,False,0,False,0,True,7,False,1,False,0,False,0,True,5,False,0,False,0,False,0,True,4,False,0,False,0,False,0,True,3,False,0,False,0,False,0,True,3,False,0,False,0,False,0,True,3,False,0,False,0,False,0,True,3,False,0,False,0,False,0,True,2,False,0,False,0,False,0,True,2,False,0,False,0,False,0,0.7409490501977621,0.7397940265186819,0.21370916186777242,0.13422727784573096,0.07165014407099347,0.07165014407099347,0.02821930227695425,0.000926008545669596
266.0,0.782569854583354,0.8022206629790962,True,8,True,3,False,1,False,0,True,4,False,2,False,1,False,0,True,4,False,1,False,1,False,0,True,3,False,1,False,0,False,0,True,3,False,0,False,0,False,0,True,3,False,0,False,0,False,0,True,1,False,0,False,0,False,0,True,1,False,0,False,0,False,0,True,1,False,0,False,0,False,0,False,0,False,0,False,0,False,0,False,0,False,0,False,0,False,0,0.5104691094494641,0.5104691094494641,0.25457519791843936,0.14327208955342788,0.21889272942685403,0.033948491510554776,0.07260976725725296,0.033948491510554776
219.0,0.9704451833837907,0.9830288180947837,True,10,True,1,False,0,False,0,True,9,True,1,False,0,False,0,True,7,False,0,False,0,False,0,True,5,False,0,False,0,False,0,True,3,False,0,False,0,False,0,True,3,False,0,False,0,False,0,True,2,False,0,False,0,False,0,False,1,False,0,False,0,False,0,False,1,False,0,False,0,False,0,False,1,False,0,False,0,False,0,False,1,False,0,False,0,False,0,0.6835637383923217,0.4247062973069875,0.19048264764237705,0.19048264764237705,0.01958651645665357,0.012644446298851388,0.0007617410237973173,0.00018606989088469308
229.0,0.9999007394907936,0.558141551605191,True,4,True,2,True,1,False,0,True,4,True,2,False,0,False,0,True,3,True,2,False,0,False,0,True,2,True,1,False,0,False,0,True,2,False,0,False,0,False,0,True,1,False,0,False,0,False,0,True,1,False,0,False,0,False,0,False,0,False,0,False,0,False,0,False,0,False,0,False,0,False,0,False,0,False,0,False,0,False,0,False,0,False,0,False,0,False,0,0.41614072296017657,0.41614072296017657,0.27148794933993503,0.27148794933993503,0.12553532783517893,0.12553532783517893,0.008564694208876332,0.0008087115896700765
155.0,0.9999255546180952,0.5793350437750532,True,4,True,3,False,0,False,0,True,3,True,1,False,0,False,0,True,2,False,0,False,0,False,0,True,2,False,0,False,0,False,0,True,1,False,0,False,0,False,0,True,1,False,0,False,0,False,0,False,0,False,0,False,0,False,0,False,0,False,0,False,0,False,0,False,0,False,0,False,0,False,0,False,0,False,0,False,0,False,0,False,0,False,0,False,0,False,0,0.38956584958538437,0.38956584958538437,0.16644429684890794,0.16644429684890794,0.0999377909412989,0.0999377909412989,0.0048193962524253516,0.0048193962524253516
12.0,0.9994788823266664,0.6129099156990713,True,7,True,3,False,1,False,0,True,6,True,2,False,0,False,0,True,4,True,2,False,0,False,0,True,4,False,1,False,0,False,0,True,3,False,0,False,0,False,0,True,3,False,0,False,0,False,0,True,2,False,0,False,0,False,0,False,1,False,0,False,0,False,0,False,0,False,0,False,0,False,0,False,0,False,0,False,0,False,0,False,0,False,0,False,0,False,0,0.471880732682674,0.40396540643082746,0.25109056422593323,0.2170576575515411,0.10355320768837646,0.0010018420322026797,0.03011763760542349,0.0010018420322026797
59.0,1.0,0.6817476847076662,True,5,True,3,False,0,False,0,True,4,True,3,False,0,False,0,True,4,True,3,False,0,False,0,True,4,False,1,False,0,False,0,True,2,False,0,False,0,False,0,True,2,False,0,False,0,False,0,True,2,False,0,False,0,False,0,True,2,False,0,False,0,False,0,False,0,False,0,False,0,False,0,False,0,False,0,False,0,False,0,False,0,False,0,False,0,False,0,0.49700424975681845,0.48151524211058505,0.2857568391788781,0.23927719799805586,0.09048121522783337,0.00016771976144892468,0.042607211597844384,8.804467005475037e-05
48.0,1.0,0.5693713359835021,True,7,True,3,False,0,False,0,True,6,True,2,False,0,False,0,True,4,True,2,False,0,False,0,True,2,True,1,False,0,False,0,True,2,False,0,False,0,False,0,True,1,False,0,False,0,False,0,True,1,False,0,False,0,False,0,True,1,False,0,False,0,False,0,True,1,False,0,False,0,False,0,False,0,False,0,False,0,False,0,False,0,False,0,False,0,False,0,0.5214804742655229,0.5214804742655229,0.27643363832147894,0.27643363832147894,0.038799657591458314,0.009789596464258258,0.01831299127826842,0.0004274111655112751
88.0,0.9993299915628567,0.9783886803334586,True,10,True,6,False,1,False,0,True,10,True,5,False,0,False,0,True,8,False,2,False,0,False,0,True,8,False,0,False,0,False,0,True,4,False,0,False,0,False,0,True,4,False,0,False,0,False,0,True,2,False,0,False,0,False,0,True,2,False,0,False,0,False,0,True,2,False,0,False,0,False,0,True,2,False,0,False,0,False,0,True,2,False,0,False,0,False,0,0.9128876328502588,0.9128876328502588,0.23372352015575157,0.17875029474768872,0.13503174142459556,0.00041559171959640816,0.0006878791409120603,0.00041559171959640816
160.0,0.9999751848726984,1.5980737266869065,True,10,True,6,False,1,False,1,True,9,True,3,False,1,False,0,True,6,True,2,False,1,False,0,True,4,True,2,False,1,False,0,True,3,True,2,False,0,False,0,True,3,True,1,False,0,False,0,True,3,True,1,False,0,False,0,True,3,True,1,False,0,False,0,True,2,True,1,False,0,False,0,True,2,False,0,False,0,False,0,True,1,False,0,False,0,False,0,1.253654805495586,1.253654805495586,0.5063921171684982,0.5063921171684982,0.285511988024651,0.014397609347023969,0.11241349787508974,0.0031110068195122817
50.0,1.0,0.6127270323074768,True,5,True,3,False,0,False,0,True,4,True,2,False,0,False,0,True,3,True,2,False,0,False,0,True,2,False,0,False,0,False,0,True,2,False,0,False,0,False,0,False,1,False,0,False,0,False,0,False,1,False,0,False,0,False,0,False,1,False,0,False,0,False,0,False,0,False,0,False,0,False,0,False,0,False,0,False,0,False,0,False,0,False,0,False,0,False,0,0.4736881865151235,0.3115329089280347,0.24911539025989643,0.21792817136819279,0.06478190873700938,0.00035753492839535875,0.017922206429485707,0.00021226127041789307
181.0,0.9993548066901583,1.6899660410568211,True,11,True,8,True,2,False,0,True,11,True,7,True,2,False,0,True,10,True,6,True,2,False,0,True,9,True,4,False,0,False,0,True,8,True,2,False,0,False,0,True,7,False,1,False,0,False,0,True,7,False,1,False,0,False,0,True,7,False,1,False,0,False,0,True,5,False,0,False,0,False,0,False,4,False,0,False,0,False,0,False,3,False,0,False,0,False,0,1.1397783201615608,0.5422840598626714,0.47858427802705217,0.32353666164354095,0.2225771986122102,0.2225771986122102,0.012878996133226097,0.0013321836619423076
29.0,0.9994540671993647,1.9733607448793276,True,10,True,4,True,2,False,0,True,8,True,3,True,2,False,0,True,7,True,2,True,2,False,0,True,5,True,2,True,1,False,0,True,4,True,2,True,1,False,0,True,4,True,1,True,1,False,0,True,4,True,1,True,1,False,0,True,3,True,1,True,1,False,0,True,3,True,1,True,1,False,0,True,3,True,1,False,0,False,0,True,3,True,1,False,0,False,0,1.1103376941232952,1.1103376941232952,0.684805608352264,0.684805608352264,0.5002920635306235,0.5002920635306235,0.004907051098286232,0.0034091134035999205
148.0,0.0,0.0,False,0,False,0,False,0,False,0,False,0,False,0,False,0,False,0,False,0,False,0,False,0,False,0,False,0,False,0,False,0,False,0,False,0,False,0,False,0,False,0,False,0,False,0,False,0,False,0,False,0,False,0,False,0,False,0,False,0,False,0,False,0,False,0,False,0,False,0,False,0,False,0,False,0,False,0,False,0,False,0,False,0,False,0,False,0,False,0,0.0,0.0,0.0,0.0,0.0,0.0,0.0,0.0
68.0,1.0,0.6736291964075326,True,6,True,3,False,0,False,0,True,4,True,2,False,0,False,0,True,4,True,2,False,0,False,0,True,3,True,1,False,0,False,0,True,2,True,1,False,0,False,0,True,1,False,0,False,0,False,0,True,1,False,0,False,0,False,0,True,1,False,0,False,0,False,0,True,1,False,0,False,0,False,0,True,1,False,0,False,0,False,0,True,1,False,0,False,0,False,0,0.620281153966052,0.620281153966052,0.3410423726960089,0.3410423726960089,0.04584837488522079,0.017163734872303812,0.0005322882132127281,0.0004628483523271864
92.0,0.9853838900193558,1.1056551719702312,True,9,True,4,False,1,False,1,True,7,True,2,False,1,False,1,True,6,True,2,False,1,False,1,True,4,True,2,False,1,False,1,True,4,True,2,False,1,False,1,True,4,False,2,False,0,False,0,True,4,False,0,False,0,False,0,False,3,False,0,False,0,False,0,False,2,False,0,False,0,False,0,False,1,False,0,False,0,False,0,False,1,False,0,False,0,False,0,0.8050654230714287,0.41766510115584765,0.38642158277114275,0.3336100490313403,0.34761487298396293,0.00299193586177778,0.34761487298396293,0.00299193586177778
213.0,0.9999503697453967,0.7562478808493709,True,9,True,6,False,2,False,0,True,8,True,5,False,1,False,0,True,7,True,4,False,0,False,0,True,6,True,2,False,0,False,0,True,5,True,2,False,0,False,0,True,5,False,1,False,0,False,0,True,5,False,0,False,0,False,0,True,4,False,0,False,0,False,0,True,3,False,0,False,0,False,0,False,1,False,0,False,0,False,0,False,0,False,0,False,0,False,0,0.5513297990557716,0.5361172454125529,0.37072283228501546,0.33237263358150504,0.16616247849922136,0.08736571303175043,0.005510697134776457,0.0004804029769966069
268.0,0.7355948186014194,1.5474249141579999,True,9,True,5,True,4,False,1,True,9,True,6,True,3,False,0,True,9,True,5,True,2,False,0,True,8,True,5,True,2,False,0,True,8,True,4,True,2,False,0,True,8,True,3,True,2,False,0,True,7,True,2,True,1,False,0,True,7,True,2,True,1,False,0,True,7,True,2,True,1,False,0,True,5,True,2,True,1,False,0,True,5,True,2,True,1,False,0,0.895187396522938,0.8509441907828939,0.6425058900868893,0.6303007918226756,0.6303007918226756,0.6303007918226756,0.12134166263363054,0.0919680048953907
230.0,0.9998759243634919,0.5244562992566421,True,6,True,3,True,1,False,0,True,4,True,1,False,0,False,0,True,3,False,0,False,0,False,0,True,1,False,0,False,0,False,0,True,1,False,0,False,0,False,0,True,1,False,0,False,0,False,0,True,1,False,0,False,0,False,0,False,0,False,0,False,0,False,0,False,0,False,0,False,0,False,0,False,0,False,0,False,0,False,0,False,0,False,0,False,0,False,0,0.4368028365189786,0.4368028365189786,0.18078647702711034,0.18078647702711034,0.10253995788596218,0.10253995788596218,0.006055369388047078,0.006055369388047078
166.0,0.9999751848726984,1.5935091595034099,True,9,True,4,False,1,False,0,True,7,True,3,False,1,False,0,True,5,True,3,False,1,False,0,True,3,True,3,False,1,False,0,True,3,False,2,False,1,False,0,True,3,False,2,False,1,False,0,True,3,False,2,False,1,False,0,True,3,False,2,False,1,False,0,False,2,False,2,False,1,False,0,False,2,False,2,False,0,False,0,False,2,False,2,False,0,False,0,1.1123430505910672,0.4727869829676586,0.8886035496256198,0.2611470736015663,0.5162946558545973,0.06776831146238786,0.06776831146238786,0.06776831146238786
255.0,0.9579631743510845,1.862939554563998,True,12,True,7,True,5,False,1,True,16,True,6,False,1,False,0,True,15,True,6,False,1,False,0,True,15,True,5,False,1,False,0,True,13,True,4,False,1,False,0,True,11,True,3,False,1,False,0,True,9,True,2,False,1,False,0,True,9,True,2,False,0,False,0,True,7,True,2,False,0,False,0,True,6,False,1,False,0,False,0,True,6,False,0,False,0,False,0,1.081491457179215,0.9664854395962211,0.5752268231661343,0.5191314224938879,0.4226307309771863,0.12263891664580935,0.11331033507560928,0.06513362355071191
240.0,0.9963025460320611,0.9887546797692597,True,12,True,5,True,2,False,0,True,8,True,4,False,1,False,0,True,6,True,4,False,0,False,0,True,5,False,2,False,0,False,0,True,5,False,1,False,0,False,0,True,3,False,1,False,0,False,0,True,3,False,1,False,0,False,0,True,3,False,1,False,0,False,0,True,3,False,0,False,0,False,0,True,3,False,0,False,0,False,0,True,3,False,0,False,0,False,0,0.8308442911940178,0.8308442911940178,0.46005188628313626,0.24066842067205677,0.15525645252446663,0.1457660556935754,0.002537249849294018,0.0014555142046492626
226.0,0.9999007394907936,3.299248014240866,True,9,True,5,False,2,False,2,True,8,True,4,False,2,False,2,True,8,True,4,False,2,False,2,True,7,False,3,False,2,False,2,True,7,False,3,False,2,False,2,True,7,False,2,False,2,False,2,True,6,False,2,False,2,False,2,True,6,False,2,False,2,False,2,True,6,False,2,False,2,False,2,True,6,False,2,False,2,False,2,True,5,False,2,False,2,False,2,2.7634499653129416,0.8967334585251058,0.8370606180516719,0.2076472354267504,0.8219348970182792,0.029263170426319967,0.6634687968452015,0.006278639886451129
202.0,0.9951362350488858,0.9727741944262204,True,9,True,4,True,3,True,1,True,8,True,4,True,3,True,1,True,7,True,3,True,3,True,1,True,7,True,3,True,2,True,1,True,8,True,2,True,2,True,1,True,8,True,2,True,2,True,1,True,7,True,2,True,2,False,0,True,6,True,1,True,1,False,0,True,5,True,1,True,1,False,0,True,4,True,1,True,1,False,0,True,4,True,1,False,0,False,0,0.9411619358471263,0.6859948597469024,0.8560340531255397,0.6859948597469024,0.577168524140439,0.577168524140439,0.36981075184020157,0.36981075184020157
8.0,0.6849967740334508,0.9659456724600485,True,11,True,3,False,1,False,0,True,10,False,1,False,0,False,0,True,5,False,1,False,0,False,0,True,4,False,1,False,0,False,0,True,3,False,0,False,0,False,0,True,3,False,0,False,0,False,0,True,3,False,0,False,0,False,0,True,2,False,0,False,0,False,0,True,2,False,0,False,0,False,0,True,2,False,0,False,0,False,0,True,2,False,0,False,0,False,0,0.9237851425807918,0.9237851425807918,0.2874140193671976,0.11967510239914665,0.11988397290269619,0.012052805177054883,0.012052805177054883,0.012052805177054883
177.0,0.9998759243634919,1.664297155818538,True,8,True,4,False,2,False,1,True,7,True,3,False,2,False,1,True,6,True,3,False,1,False,1,True,6,True,3,False,1,False,1,True,3,True,3,False,1,False,0,True,3,False,2,False,1,False,0,True,3,False,2,False,1,False,0,True,3,False,2,False,0,False,0,True,3,False,1,False,0,False,0,True,3,False,1,False,0,False,0,True,3,False,1,False,0,False,0,1.2005857283318633,0.6728594535848069,0.6583655363158059,0.3204312618864623,0.4212167789124455,0.024203489001147653,0.2806142534099894,0.0009097661755663825
20.0,0.9797260409945903,0.8373893275826588,True,8,True,4,True,2,False,0,True,7,True,2,True,2,False,0,True,5,True,2,True,1,False,0,True,4,True,1,True,1,False,0,True,5,True,1,False,0,False,0,True,4,True,1,False,0,False,0,True,2,True,1,False,0,False,0,True,1,False,0,False,0,False,0,True,1,False,0,False,0,False,0,True,1,False,0,False,0,False,0,True,1,False,0,False,0,False,0,0.6736882377170992,0.6736882377170992,0.4055218293216628,0.4055218293216628,0.29818763732999676,0.29818763732999676,0.0055693079640199645,0.002842386400323961
71.0,0.8789518090227803,0.8774560753737559,True,11,True,3,True,1,False,0,True,10,False,0,False,0,False,0,True,8,False,0,False,0,False,0,True,6,False,0,False,0,False,0,True,5,False,0,False,0,False,0,True,5,False,0,False,0,False,0,True,3,False,0,False,0,False,0,True,2,False,0,False,0,False,0,True,2,False,0,False,0,False,0,True,2,False,0,False,0,False,0,True,2,False,0,False,0,False,0,0.6562792305534829,0.6562792305534829,0.1477726966120479,0.1477726966120479,0.13154201457053913,0.13154201457053913,0.0006152597042485101,0.0006152597042485101
250.0,0.8255744701970321,1.772288685943514,True,10,True,4,False,1,False,0,True,9,True,4,False,1,False,0,True,8,True,4,False,1,False,0,True,8,False,2,False,1,False,0,True,5,False,2,False,1,False,0,True,5,False,2,False,0,False,0,False,4,False,2,False,0,False,0,False,2,False,0,False,0,False,0,False,2,False,0,False,0,False,0,False,2,False,0,False,0,False,0,False,2,False,0,False,0,False,0,0.8689460995629813,0.38698714987197336,0.4119955380814825,0.2107841641566094,0.3179641770615959,0.0065707761794941,0.01460619854714023,0.0006070614656376397
176.0,0.9989825797806343,1.0842378346923214,True,7,True,3,True,3,True,1,True,5,True,2,True,1,False,0,True,4,True,1,True,1,False,0,True,4,True,1,False,0,False,0,True,3,True,1,False,0,False,0,True,3,True,1,False,0,False,0,True,2,True,1,False,0,False,0,True,2,False,0,False,0,False,0,True,1,False,0,False,0,False,0,True,1,False,0,False,0,False,0,False,0,False,0,False,0,False,0,0.5739350861802619,0.5739350861802619,0.4042674859877946,0.4042674859877946,0.2128162262777629,0.2128162262777629,0.10959712691072465,0.10959712691072465
57.0,1.0,0.6213007127251625,True,8,True,3,False,0,False,0,True,5,True,2,False,0,False,0,True,2,True,2,False,0,False,0,True,2,True,2,False,0,False,0,True,2,True,1,False,0,False,0,True,2,False,0,False,0,False,0,True,2,False,0,False,0,False,0,True,2,False,0,False,0,False,0,True,2,False,0,False,0,False,0,False,0,False,0,False,0,False,0,False,0,False,0,False,0,False,0,0.5331486475054678,0.5331486475054678,0.33259522339279246,0.33259522339279246,0.03690613193896443,0.017277686778881085,0.001677739444503287,0.001677739444503287
218.0,0.9720333515310934,0.7408339243960925,True,7,True,4,False,0,False,0,True,4,True,1,False,0,False,0,True,3,True,1,False,0,False,0,True,3,True,1,False,0,False,0,True,2,False,0,False,0,False,0,True,2,False,0,False,0,False,0,True,1,False,0,False,0,False,0,True,1,False,0,False,0,False,0,True,1,False,0,False,0,False,0,True,1,False,0,False,0,False,0,True,1,False,0,False,0,False,0,0.6441094523028174,0.6441094523028174,0.29821135765242973,0.29821135765242973,0.04219009263165474,0.033439906796744044,0.0012105328425537566,0.0002177239924710144
72.0,0.2054940691845749,1.09872503509502,True,12,True,2,True,1,False,0,True,9,True,2,False,0,False,0,True,8,True,2,False,0,False,0,True,8,True,2,False,0,False,0,True,7,True,2,False,0,False,0,True,6,True,2,False,0,False,0,True,5,True,2,False,0,False,0,True,2,True,2,False,0,False,0,True,2,True,1,False,0,False,0,False,1,False,0,False,0,False,0,False,1,False,0,False,0,False,0,0.9111766175030743,0.5364242385825386,0.5272794732598154,0.5272794732598154,0.1262670008943245,0.1262670008943245,0.03133949966595867,0.002696742422318196
58.0,0.9999503697453967,0.8256571759742015,True,11,True,3,False,0,False,0,True,8,False,1,False,0,False,0,True,8,False,0,False,0,False,0,True,6,False,0,False,0,False,0,True,5,False,0,False,0,False,0,True,3,False,0,False,0,False,0,True,3,False,0,False,0,False,0,True,2,False,0,False,0,False,0,True,2,False,0,False,0,False,0,True,2,False,0,False,0,False,0,True,1,False,0,False,0,False,0,0.6035396465852254,0.6035396465852254,0.19470698396573927,0.12134848035727021,0.09593376516273477,0.0019173867345997865,0.004280557383097361,0.0001860456509797604
188.0,1.0,1.1716891465446064,True,10,True,3,False,0,False,0,True,9,True,3,False,0,False,0,True,6,True,3,False,0,False,0,True,5,True,3,False,0,False,0,True,4,False,1,False,0,False,0,True,4,False,1,False,0,False,0,True,4,False,1,False,0,False,0,True,3,False,0,False,0,False,0,True,1,False,0,False,0,False,0,True,1,False,0,False,0,False,0,True,1,False,0,False,0,False,0,0.6093718293506816,0.6093718293506816,0.41078214038637556,0.29068599463272715,0.06609571473387747,0.06609571473387747,0.018008950234315,0.005355454937680793
168.0,0.9999503697453967,0.4964015110544803,True,7,True,4,False,0,False,0,True,6,True,2,False,0,False,0,True,5,True,2,False,0,False,0,True,4,False,0,False,0,False,0,True,1,False,0,False,0,False,0,True,1,False,0,False,0,False,0,False,0,False,0,False,0,False,0,False,0,False,0,False,0,False,0,False,0,False,0,False,0,False,0,False,0,False,0,False,0,False,0,False,0,False,0,False,0,False,0,0.3957122989997283,0.3957122989997283,0.23044403032689953,0.22290101378964314,0.015335592998348122,0.0026773025265980415,0.0026773025265980415,0.0026773025265980415
7.0,0.997245520869522,0.9819117477227447,True,11,True,3,False,0,False,0,True,9,True,3,False,0,False,0,True,6,True,2,False,0,False,0,True,5,True,1,False,0,False,0,True,3,True,1,False,0,False,0,True,2,True,1,False,0,False,0,True,2,True,1,False,0,False,0,True,2,True,1,False,0,False,0,True,2,True,1,False,0,False,0,True,2,True,1,False,0,False,0,True,2,True,1,False,0,False,0,0.8414854312855704,0.8414854312855704,0.6071971725846291,0.6071971725846291,0.03768720906225611,0.03768720906225611,0.021826161557566726,0.0014274509990510663
6.0,0.9998511092361904,1.0120830388477249,True,11,False,2,False,1,False,0,True,8,False,2,False,1,False,0,False,5,False,1,False,0,False,0,False,5,False,1,False,0,False,0,False,4,False,0,False,0,False,0,False,3,False,0,False,0,False,0,False,1,False,0,False,0,False,0,False,1,False,0,False,0,False,0,False,1,False,0,False,0,False,0,False,0,False,0,False,0,False,0,False,0,False,0,False,0,False,0,0.5026411186229653,0.17015009766971562,0.2714584200950502,0.029115623377042356,0.1808841904282495,0.0012458040766337236,0.0028896653532299887,0.001159592193521862
182.0,0.9981388654523797,1.3870585376533224,True,8,True,3,True,2,True,1,True,7,True,3,True,2,True,1,True,6,True,3,True,2,True,1,True,6,True,3,True,2,True,1,True,7,False,2,False,0,False,0,True,6,False,0,False,0,False,0,True,5,False,0,False,0,False,0,True,4,False,0,False,0,False,0,True,2,False,0,False,0,False,0,True,2,False,0,False,0,False,0,False,1,False,0,False,0,False,0,0.6967945173810692,0.581321736995807,0.3490164703373544,0.29907624653390225,0.29907624653390225,0.29907624653390225,0.26832601077182566,0.26832601077182566
253.0,0.9978907141793637,0.9105850063721334,True,8,True,4,False,0,False,0,True,7,False,1,False,0,False,0,True,6,False,1,False,0,False,0,True,5,False,1,False,0,False,0,True,4,False,0,False,0,False,0,True,3,False,0,False,0,False,0,True,2,False,0,False,0,False,0,True,2,False,0,False,0,False,0,False,1,False,0,False,0,False,0,False,1,False,0,False,0,False,0,False,1,False,0,False,0,False,0,0.7269119801410306,0.4655035831095451,0.26722736485999754,0.10312723423461966,0.06797817048423471,0.0021590195114950662,0.002070457922718261,0.0018955787606142179
271.0,0.9455307955729813,1.6957482145459928,True,8,True,4,False,1,False,1,True,4,True,2,False,1,False,1,True,4,True,2,False,1,False,1,True,3,False,1,False,1,False,0,True,3,False,0,False,0,False,0,True,3,False,0,False,0,False,0,True,3,False,0,False,0,False,0,True,2,False,0,False,0,False,0,True,1,False,0,False,0,False,0,True,1,False,0,False,0,False,0,True,1,False,0,False,0,False,0,1.0284816342432315,1.0284816342432315,0.271261675254204,0.21332229832504435,0.2512322271909217,0.0008439275437953257,0.23557582076743291,0.0008439275437953257
206.0,0.9993299915628567,0.5719558830847186,True,7,False,2,False,0,False,0,True,6,False,1,False,0,False,0,True,3,False,0,False,0,False,0,False,2,False,0,False,0,False,0,False,1,False,0,False,0,False,0,False,1,False,0,False,0,False,0,False,0,False,0,False,0,False,0,False,0,False,0,False,0,False,0,False,0,False,0,False,0,False,0,False,0,False,0,False,0,False,0,False,0,False,0,False,0,False,0,0.388109020247478,0.2411695376894978,0.18322814014801395,0.05186304861903788,0.010267440269169025,0.010267440269169025,0.0028917572790510913,0.002683837588399752
18.0,0.9912402600625341,0.8465333909335753,True,7,True,3,False,0,False,0,True,6,True,3,False,0,False,0,True,5,True,2,False,0,False,0,True,5,True,2,False,0,False,0,True,4,True,2,False,0,False,0,True,2,True,2,False,0,False,0,True,2,True,1,False,0,False,0,True,2,False,0,False,0,False,0,True,2,False,0,False,0,False,0,True,1,False,0,False,0,False,0,True,1,False,0,False,0,False,0,0.6900499803221657,0.6900499803221657,0.4001218495166052,0.4001218495166052,0.04346172653195154,0.04346172653195154,0.0013107752379140007,0.0013107752379140007
27.0,1.0,0.6034884217953594,True,6,True,5,True,1,False,0,True,5,True,4,False,0,False,0,True,4,True,2,False,0,False,0,True,3,True,1,False,0,False,0,True,2,False,0,False,0,False,0,True,1,False,0,False,0,False,0,True,1,False,0,False,0,False,0,True,1,False,0,False,0,False,0,True,1,False,0,False,0,False,0,False,0,False,0,False,0,False,0,False,0,False,0,False,0,False,0,0.5136093171461894,0.5136093171461894,0.2510347655115343,0.2510347655115343,0.1116915534573536,0.1116915534573536,0.0005375722407556368,0.0005375722407556368
60.0,0.9999255546180952,0.5604819922406474,True,5,True,4,False,0,False,0,True,5,True,2,False,0,False,0,True,2,True,2,False,0,False,0,True,2,False,0,False,0,False,0,True,1,False,0,False,0,False,0,True,1,False,0,False,0,False,0,True,1,False,0,False,0,False,0,True,1,False,0,False,0,False,0,False,0,False,0,False,0,False,0,False,0,False,0,False,0,False,0,False,0,False,0,False,0,False,0,0.47421386738792826,0.47421386738792826,0.23790756927282672,0.23790756927282672,0.09996550896916596,0.09996550896916596,0.0005099277276469338,0.0005099277276469338
212.0,0.9999503697453967,0.5737465443924805,True,4,True,3,False,1,False,0,True,5,True,1,False,0,False,0,True,3,True,1,False,0,False,0,True,2,True,1,False,0,False,0,True,1,False,0,False,0,False,0,True,1,False,0,False,0,False,0,True,1,False,0,False,0,False,0,True,1,False,0,False,0,False,0,False,0,False,0,False,0,False,0,False,0,False,0,False,0,False,0,False,0,False,0,False,0,False,0,0.4524150779742857,0.4524150779742857,0.2992990255439167,0.2992990255439167,0.12216324308520149,0.039737065532070945,0.010971584528324052,0.0017256771032359355
109.0,0.9999007394907936,0.49342220444434876,True,6,True,3,False,0,False,0,True,3,True,2,False,0,False,0,True,2,True,1,False,0,False,0,True,2,False,0,False,0,False,0,True,1,False,0,False,0,False,0,True,1,False,0,False,0,False,0,True,1,False,0,False,0,False,0,False,0,False,0,False,0,False,0,False,0,False,0,False,0,False,0,False,0,False,0,False,0,False,0,False,0,False,0,False,0,False,0,0.40880216731550795,0.40880216731550795,0.21448154182871415,0.21448154182871415,0.05359774565873859,0.03646021641111353,0.0002839826060365943,7.880714792266834e-05
257.0,0.992183234899995,0.8858152567662916,True,16,True,4,True,2,False,0,True,10,True,4,True,2,False,0,True,10,True,3,False,0,False,0,True,9,True,2,False,0,False,0,True,8,True,2,False,0,False,0,True,6,True,2,False,0,False,0,True,5,True,2,False,0,False,0,True,5,False,1,False,0,False,0,True,4,False,0,False,0,False,0,True,4,False,0,False,0,False,0,True,1,False,0,False,0,False,0,0.6714376404056339,0.6714376404056339,0.47333826356525177,0.40818996475966324,0.15887318514587787,0.15887318514587787,0.07590509133402591,0.0018262695477972877
222.0,0.163854285572485,1.2615810298693453,True,10,True,4,False,1,False,0,True,6,True,3,False,1,False,0,True,6,True,2,False,1,False,0,True,4,True,2,False,0,False,0,True,3,True,2,False,0,False,0,True,3,True,2,False,0,False,0,True,3,True,2,False,0,False,0,True,3,True,2,False,0,False,0,True,3,True,2,False,0,False,0,True,3,True,1,False,0,False,0,True,3,False,0,False,0,False,0,0.9051510364191607,0.9051510364191607,0.5809042292526929,0.5809042292526929,0.20517071915011212,0.05834766353298559,0.06336487427944165,0.018941841956959412
261.0,0.9998262941088888,0.8925145969875778,True,6,True,3,True,1,False,0,True,3,True,2,False,0,False,0,True,3,True,2,False,0,False,0,True,3,True,2,False,0,False,0,True,4,True,1,False,0,False,0,True,3,True,1,False,0,False,0,True,3,True,1,False,0,False,0,True,2,False,0,False,0,False,0,False,1,False,0,False,0,False,0,False,0,False,0,False,0,False,0,False,0,False,0,False,0,False,0,0.5005879816072213,0.45095253462192714,0.40066936333599523,0.40066936333599523,0.13810526508178972,0.13810526508178972,0.004562051890250919,0.004562051890250919
39.0,0.9982629410888878,0.9957651457411325,True,8,True,3,False,0,False,0,True,6,True,2,False,0,False,0,True,4,True,2,False,0,False,0,True,3,True,1,False,0,False,0,True,3,True,1,False,0,False,0,True,2,True,1,False,0,False,0,True,2,False,0,False,0,False,0,True,2,False,0,False,0,False,0,True,2,False,0,False,0,False,0,True,2,False,0,False,0,False,0,True,2,False,0,False,0,False,0,0.9170600748722475,0.9170600748722475,0.36702742198942356,0.36702742198942356,0.048707710358999685,0.0007222000389243897,0.002898208246685443,0.0007222000389243897
139.0,0.7143530696312472,0.9833097655822864,True,11,True,5,False,0,False,0,True,8,True,4,False,0,False,0,True,8,True,2,False,0,False,0,True,5,False,1,False,0,False,0,True,5,False,1,False,0,False,0,True,4,False,1,False,0,False,0,True,4,False,0,False,0,False,0,True,4,False,0,False,0,False,0,True,4,False,0,False,0,False,0,True,4,False,0,False,0,False,0,True,4,False,0,False,0,False,0,0.8719872708625437,0.8719872708625437,0.35378357689069456,0.22321436236852663,0.0268588310628952,0.0017842482119297535,0.013219193739372267,0.001482566167633908
243.0,0.5853888530448161,1.0,False,2,False,1,False,1,False,1,False,2,False,1,False,1,False,1,False,2,False,1,False,1,False,1,False,2,False,1,False,1,False,1,False,2,False,1,False,1,False,1,False,1,False,1,False,1,False,1,False,1,False,1,False,1,False,1,False,1,False,1,False,1,False,1,False,1,False,1,False,1,False,1,False,1,False,1,False,1,False,1,False,1,False,1,False,1,False,1,1.0,0.0,1.0,0.0,1.0,0.0,0.9983230171980554,0.0
79.0,0.9973199662514268,0.573179910564446,True,6,True,3,True,1,False,0,True,4,True,2,False,0,False,0,True,2,True,2,False,0,False,0,True,2,True,1,False,0,False,0,True,2,False,0,False,0,False,0,True,2,False,0,False,0,False,0,True,1,False,0,False,0,False,0,False,0,False,0,False,0,False,0,False,0,False,0,False,0,False,0,False,0,False,0,False,0,False,0,False,0,False,0,False,0,False,0,0.44936454813854076,0.44936454813854076,0.2798505347591366,0.2798505347591366,0.10834717134980834,0.10834717134980834,0.0087450730235471,0.00014771078933972366
258.0,0.8545089086307013,1.4313365884477742,True,11,True,4,False,0,False,0,True,11,True,3,False,0,False,0,True,8,True,3,False,0,False,0,True,8,True,2,False,0,False,0,True,6,True,2,False,0,False,0,True,6,True,2,False,0,False,0,True,6,True,1,False,0,False,0,True,6,True,1,False,0,False,0,True,4,True,1,False,0,False,0,True,3,True,1,False,0,False,0,True,3,True,1,False,0,False,0,0.9512071241751342,0.9512071241751342,0.6992845313870104,0.6992845313870104,0.0818955259156245,0.05749725691383771,0.05229265032107931,0.02346985487522123
128.0,0.9622810065015633,1.2411187054883466,True,7,True,3,True,1,False,0,True,5,True,3,True,1,False,0,True,5,True,3,True,1,False,0,True,4,True,3,False,0,False,0,True,3,True,2,False,0,False,0,True,2,True,1,False,0,False,0,True,2,True,1,False,0,False,0,True,2,False,0,False,0,False,0,True,2,False,0,False,0,False,0,True,2,False,0,False,0,False,0,True,2,False,0,False,0,False,0,0.7890522487998041,0.6534008610211829,0.44740141090025914,0.44740141090025914,0.2081211982721767,0.2081211982721767,0.03034053136693361,0.004747382456550383
221.0,0.9975681175244429,1.1210240859074132,True,11,True,4,False,0,False,0,True,10,True,3,False,0,False,0,True,6,True,3,False,0,False,0,True,6,False,1,False,0,False,0,True,5,False,1,False,0,False,0,True,3,False,0,False,0,False,0,True,2,False,0,False,0,False,0,True,2,False,0,False,0,False,0,True,2,False,0,False,0,False,0,True,2,False,0,False,0,False,0,True,2,False,0,False,0,False,0,0.7934287130757895,0.7305526846518787,0.3425560040283513,0.20252864261300044,0.03828531880066145,0.028571654416497404,0.006049626083742791,0.00013028084267700636
170.0,0.9999503697453967,0.8471473039680235,True,7,False,1,False,0,False,0,True,4,False,1,False,0,False,0,True,4,False,1,False,0,False,0,True,2,False,1,False,0,False,0,True,2,False,0,False,0,False,0,True,2,False,0,False,0,False,0,False,1,False,0,False,0,False,0,False,0,False,0,False,0,False,0,False,0,False,0,False,0,False,0,False,0,False,0,False,0,False,0,False,0,False,0,False,0,False,0,0.4095520503294296,0.38200184706585544,0.27618945078644797,0.01776288325258421,0.07900801824152645,6.500916017650364e-05,0.02127708193346185,6.500916017650364e-05
161.0,0.9952106804307906,0.9762271282654458,True,10,True,5,False,1,False,0,True,10,True,3,False,0,False,0,True,7,True,2,False,0,False,0,True,7,True,1,False,0,False,0,True,4,True,1,False,0,False,0,True,3,False,0,False,0,False,0,True,3,False,0,False,0,False,0,True,3,False,0,False,0,False,0,True,2,False,0,False,0,False,0,False,1,False,0,False,0,False,0,False,1,False,0,False,0,False,0,0.7712081341813108,0.5132070049923915,0.31875775819984975,0.31875775819984975,0.11811393056381259,0.0016434709341138919,0.0007366550135679999,0.0007366550135679999
186.0,0.9999007394907936,1.414508464552064,True,7,True,3,True,1,True,1,True,5,True,2,True,1,True,1,True,4,True,2,True,1,True,1,True,3,True,2,True,1,True,1,True,3,True,1,True,1,True,1,True,3,True,1,False,0,False,0,True,2,False,0,False,0,False,0,True,2,False,0,False,0,False,0,False,1,False,0,False,0,False,0,False,1,False,0,False,0,False,0,False,1,False,0,False,0,False,0,0.9364751646386013,0.4560428130452975,0.35895272639817916,0.35895272639817916,0.31413995162040015,0.31413995162040015,0.31413995162040015,0.31413995162040015
23.0,1.0,0.6058989769035463,True,7,True,4,True,1,False,0,True,6,True,2,False,0,False,0,True,4,True,2,False,0,False,0,True,4,True,2,False,0,False,0,True,3,False,0,False,0,False,0,True,2,False,0,False,0,False,0,True,2,False,0,False,0,False,0,True,2,False,0,False,0,False,0,False,1,False,0,False,0,False,0,False,0,False,0,False,0,False,0,False,0,False,0,False,0,False,0,0.5110810449845031,0.46943024470220185,0.29833243423627953,0.29833243423627953,0.12743152264296512,0.12743152264296512,0.08670878082035914,0.0004345501076190952
131.0,0.9999751848726984,0.5339145964577988,True,7,True,2,False,0,False,0,True,5,True,1,False,0,False,0,True,3,True,1,False,0,False,0,True,2,False,0,False,0,False,0,True,2,False,0,False,0,False,0,True,2,False,0,False,0,False,0,True,1,False,0,False,0,False,0,True,1,False,0,False,0,False,0,False,0,False,0,False,0,False,0,False,0,False,0,False,0,False,0,False,0,False,0,False,0,False,0,0.4899648516759611,0.4899648516759611,0.21837197415155193,0.21837197415155193,0.07937862529975447,0.07937862529975447,0.031803712032824935,0.031803712032824935
231.0,0.9955829073403146,1.3675791445939125,True,12,True,6,False,2,False,0,True,11,True,5,False,1,False,0,True,9,True,3,False,1,False,0,True,9,True,3,False,0,False,0,True,8,True,3,False,0,False,0,True,6,False,1,False,0,False,0,True,5,False,1,False,0,False,0,True,4,False,1,False,0,False,0,True,2,False,0,False,0,False,0,False,1,False,0,False,0,False,0,False,0,False,0,False,0,False,0,0.5729392686603146,0.5277124958615114,0.46397554884235076,0.3041735962370221,0.24382192071775946,0.01295502306197379,0.01295502306197379,0.01295502306197379
116.0,0.9675666286168048,0.6692583829247859,True,9,True,4,True,2,False,0,True,9,True,2,False,1,False,0,True,6,True,2,False,1,False,0,True,3,True,2,False,0,False,0,True,3,False,0,False,0,False,0,True,2,False,0,False,0,False,0,True,2,False,0,False,0,False,0,True,2,False,0,False,0,False,0,True,1,False,0,False,0,False,0,True,1,False,0,False,0,False,0,False,0,False,0,False,0,False,0,0.58889949126682,0.58889949126682,0.2769586903306766,0.26021554332683583,0.22816607790468119,0.14719811232849891,0.04057510820666814,0.0007519139727914265
37.0,0.9808923519777657,0.45376647158926764,True,9,True,2,True,2,False,0,True,4,False,1,False,1,False,0,False,2,False,0,False,0,False,0,False,0,False,0,False,0,False,0,False,0,False,0,False,0,False,0,False,0,False,0,False,0,False,0,False,0,False,0,False,0,False,0,False,0,False,0,False,0,False,0,False,0,False,0,False,0,False,0,False,0,False,0,False,0,False,0,False,0,False,0,False,0,False,0,0.23693551517963649,0.1556785727564804,0.15640882554689678,0.1232911640167757,0.15640882554689678,0.10251074113856073,0.02077347486910837,0.0003373355895847376
16.0,0.9996029579631743,0.541086061981253,True,5,False,2,False,0,False,0,True,5,False,0,False,0,False,0,True,2,False,0,False,0,False,0,True,2,False,0,False,0,False,0,True,2,False,0,False,0,False,0,True,1,False,0,False,0,False,0,True,1,False,0,False,0,False,0,False,0,False,0,False,0,False,0,False,0,False,0,False,0,False,0,False,0,False,0,False,0,False,0,False,0,False,0,False,0,False,0,0.40482258052790016,0.40482258052790016,0.1347783998598148,0.08942001145080994,0.013795090082602605,0.005719196463923378,0.005719196463923378,0.005719196463923378
5.0,0.996873293959998,1.001639826055493,True,9,True,4,True,2,False,0,True,8,True,3,True,1,False,0,True,8,True,3,False,0,False,0,True,6,True,3,False,0,False,0,True,5,True,3,False,0,False,0,True,5,True,3,False,0,False,0,True,4,True,1,False,0,False,0,True,3,False,0,False,0,False,0,True,3,False,0,False,0,False,0,True,3,False,0,False,0,False,0,True,3,False,0,False,0,False,0,0.8651545315015763,0.6579515196558005,0.41598810960794586,0.41598810960794586,0.1655054086294659,0.1655054086294659,0.01701997788906325,0.01701997788906325
125.0,0.9997270335996824,0.5094388663286953,True,6,True,2,False,0,False,0,True,4,True,1,False,0,False,0,True,2,True,1,False,0,False,0,True,1,False,0,False,0,False,0,True,1,False,0,False,0,False,0,True,1,False,0,False,0,False,0,True,1,False,0,False,0,False,0,False,0,False,0,False,0,False,0,False,0,False,0,False,0,False,0,False,0,False,0,False,0,False,0,False,0,False,0,False,0,False,0,0.4120072347592467,0.4120072347592467,0.21732549406488905,0.21732549406488905,0.009973276929498578,0.007634318826907604,0.003053228679398491,0.003053228679398491
227.0,0.9563998213310835,1.0743679791655276,True,10,True,2,False,0,False,0,True,6,True,1,False,0,False,0,True,5,True,1,False,0,False,0,True,5,True,1,False,0,False,0,True,3,True,1,False,0,False,0,True,3,True,1,False,0,False,0,True,3,True,1,False,0,False,0,True,3,False,0,False,0,False,0,True,2,False,0,False,0,False,0,True,2,False,0,False,0,False,0,True,2,False,0,False,0,False,0,0.7226306993779068,0.7226306993779068,0.4486058422858078,0.4486058422858078,0.060845543042334256,0.060845543042334256,0.04401953777246583,0.010029777173325056
234.0,1.0,0.5800327603769849,True,9,True,2,True,1,False,0,True,6,True,2,True,1,False,0,True,3,True,2,True,1,False,0,True,2,True,2,True,1,False,0,True,3,False,0,False,0,False,0,True,3,False,0,False,0,False,0,True,1,False,0,False,0,False,0,True,1,False,0,False,0,False,0,True,1,False,0,False,0,False,0,False,0,False,0,False,0,False,0,False,0,False,0,False,0,False,0,0.5054506579434221,0.5054506579434221,0.2788555316023159,0.2788555316023159,0.2509105759196867,0.2509105759196867,0.00686584404632013,0.0008481909955481286
146.0,1.0,0.8514722812430112,True,4,True,2,True,1,True,1,True,3,True,3,True,1,False,0,True,3,True,2,True,1,False,0,True,4,True,1,False,0,False,0,True,4,False,0,False,0,False,0,True,3,False,0,False,0,False,0,True,2,False,0,False,0,False,0,True,2,False,0,False,0,False,0,True,1,False,0,False,0,False,0,False,0,False,0,False,0,False,0,False,0,False,0,False,0,False,0,0.5198843129356516,0.5198843129356516,0.254992835949478,0.254992835949478,0.20481532057783922,0.20481532057783922,0.13915822198987438,0.13915822198987438
158.0,0.9961040250136484,0.9126441584523647,True,12,True,4,False,2,False,0,True,8,True,4,False,1,False,0,True,8,True,2,False,0,False,0,True,8,True,1,False,0,False,0,True,8,True,1,False,0,False,0,True,4,True,1,False,0,False,0,True,3,True,1,False,0,False,0,True,2,True,1,False,0,False,0,True,2,True,1,False,0,False,0,True,2,False,0,False,0,False,0,True,2,False,0,False,0,False,0,0.7513878288621112,0.7513878288621112,0.5191534682804257,0.5191534682804257,0.16362764140931765,0.0011723807626441633,0.005394437143798304,0.0006457318090243434
115.0,0.9998759243634919,1.0168859364841851,True,10,True,5,False,0,False,0,True,9,True,4,False,0,False,0,True,8,True,3,False,0,False,0,True,6,True,2,False,0,False,0,True,5,True,2,False,0,False,0,True,4,True,2,False,0,False,0,True,4,True,1,False,0,False,0,True,4,True,1,False,0,False,0,True,3,False,0,False,0,False,0,True,3,False,0,False,0,False,0,True,2,False,0,False,0,False,0,0.8648609139912897,0.8648609139912897,0.47928410965662716,0.47928410965662716,0.03908069793717035,0.0031993990080293228,0.014336629028768576,0.0031993990080293228
248.0,0.9999255546180952,0.8577410817847062,True,10,True,3,False,0,False,0,True,7,True,3,False,0,False,0,True,4,True,1,False,0,False,0,True,3,True,1,False,0,False,0,True,2,True,1,False,0,False,0,True,2,True,1,False,0,False,0,True,2,False,0,False,0,False,0,True,2,False,0,False,0,False,0,True,2,False,0,False,0,False,0,True,2,False,0,False,0,False,0,True,2,False,0,False,0,False,0,0.7919396836001744,0.7919396836001744,0.37444568947364104,0.37444568947364104,0.01676283965943175,0.01676283965943175,0.002740801232531743,0.002740801232531743
217.0,0.8275348652538588,2.606296027879119,True,13,True,5,False,1,False,0,True,11,True,5,False,1,False,0,True,10,False,3,False,1,False,0,True,9,False,1,False,1,False,0,True,6,False,1,False,1,False,0,True,4,False,1,False,1,False,0,True,4,False,1,False,0,False,0,True,4,False,1,False,0,False,0,True,4,False,1,False,0,False,0,True,4,False,1,False,0,False,0,True,4,False,1,False,0,False,0,1.7956653779019334,0.7912712516843511,1.1498622830175242,0.19359995414289455,0.37539727903737974,0.04499747486668933,0.04499747486668933,0.04499747486668933
194.0,0.9999751848726984,0.7065315322218879,True,8,False,2,False,1,False,0,False,4,False,1,False,1,False,0,False,1,False,1,False,0,False,0,False,1,False,1,False,0,False,0,False,1,False,1,False,0,False,0,False,1,False,0,False,0,False,0,False,1,False,0,False,0,False,0,False,1,False,0,False,0,False,0,False,1,False,0,False,0,False,0,False,1,False,0,False,0,False,0,False,0,False,0,False,0,False,0,0.5698470777031177,0.12626997415309613,0.3042999865129162,0.03553662859399375,0.15624245156985495,0.005176680327856559,0.005176680327856559,0.005176680327856559
9.0,1.0,0.645645995648808,True,5,True,2,False,0,False,0,True,5,True,2,False,0,False,0,True,4,True,2,False,0,False,0,True,2,True,2,False,0,False,0,True,2,True,2,False,0,False,0,True,2,True,1,False,0,False,0,True,2,False,0,False,0,False,0,True,1,False,0,False,0,False,0,True,1,False,0,False,0,False,0,True,1,False,0,False,0,False,0,True,1,False,0,False,0,False,0,0.6167882988102801,0.6167882988102801,0.37256362681067373,0.37256362681067373,0.0869319814788685,0.005556758999948318,0.004853548437626313,0.004853548437626313
254.0,0.9988336890168247,1.6022987053334794,True,7,True,3,True,2,False,0,True,6,True,2,True,1,False,0,True,5,True,2,True,1,False,0,True,4,True,2,False,0,False,0,True,2,True,2,False,0,False,0,True,2,True,2,False,0,False,0,True,2,True,2,False,0,False,0,True,2,True,1,False,0,False,0,True,2,False,0,False,0,False,0,True,2,False,0,False,0,False,0,True,2,False,0,False,0,False,0,1.040975087207611,1.040975087207611,0.4845036948574221,0.4845036948574221,0.22933772136126784,0.22933772136126784,0.0049609079790150805,0.0049609079790150805
183.0,0.9960543947590451,0.9661984079034089,True,10,True,4,False,0,False,0,True,8,True,3,False,0,False,0,True,6,True,1,False,0,False,0,True,4,False,0,False,0,False,0,True,4,False,0,False,0,False,0,True,2,False,0,False,0,False,0,True,2,False,0,False,0,False,0,True,2,False,0,False,0,False,0,True,2,False,0,False,0,False,0,True,2,False,0,False,0,False,0,True,2,False,0,False,0,False,0,0.7391438563044342,0.6176671660309037,0.2241412320554728,0.2241412320554728,0.045588070366312856,0.0025602714855950718,0.0031027729603357625,0.0005811411464103901
144.0,1.0,0.7334058060498878,True,10,True,4,False,0,False,0,True,8,True,2,False,0,False,0,True,6,True,2,False,0,False,0,True,5,True,1,False,0,False,0,True,3,True,1,False,0,False,0,True,2,False,0,False,0,False,0,True,2,False,0,False,0,False,0,True,2,False,0,False,0,False,0,True,2,False,0,False,0,False,0,True,2,False,0,False,0,False,0,True,1,False,0,False,0,False,0,0.6350787057797729,0.6350787057797729,0.31429989192579255,0.31429989192579255,0.0403730733147137,0.001611006477834649,0.001611006477834649,0.001611006477834649
110.0,0.9729763263685542,1.0939744465531545,True,12,True,4,False,0,False,0,True,11,True,3,False,0,False,0,True,9,True,2,False,0,False,0,True,8,False,0,False,0,False,0,True,7,False,0,False,0,False,0,True,6,False,0,False,0,False,0,True,4,False,0,False,0,False,0,True,4,False,0,False,0,False,0,True,4,False,0,False,0,False,0,True,2,False,0,False,0,False,0,True,2,False,0,False,0,False,0,0.936621860049663,0.936621860049663,0.24727153880546954,0.24727153880546954,0.0316547763858997,0.0021864012937536843,0.031109613470316995,0.0021864012937536843
54.0,0.9996774033450792,0.8563121844558242,True,9,True,7,False,0,False,0,True,8,False,4,False,0,False,0,True,7,False,2,False,0,False,0,True,7,False,0,False,0,False,0,True,5,False,0,False,0,False,0,True,3,False,0,False,0,False,0,True,3,False,0,False,0,False,0,True,2,False,0,False,0,False,0,True,1,False,0,False,0,False,0,True,1,False,0,False,0,False,0,True,1,False,0,False,0,False,0,0.7247068361796166,0.7247068361796166,0.21610210923101333,0.12285172569537087,0.06870458415267731,0.0028247538808485635,0.041408010495909815,0.0008740380111687618
153.0,0.9982381259615862,0.7134534134991252,True,9,True,4,False,0,False,0,True,6,True,2,False,0,False,0,True,5,True,2,False,0,False,0,True,2,True,1,False,0,False,0,True,2,False,0,False,0,False,0,True,2,False,0,False,0,False,0,True,2,False,0,False,0,False,0,True,2,False,0,False,0,False,0,True,2,False,0,False,0,False,0,False,1,False,0,False,0,False,0,False,0,False,0,False,0,False,0,0.5566919301054842,0.5340023346868569,0.2914351953884981,0.2914351953884981,0.08444525278204616,0.06061084850275484,0.012634065242259879,0.0018546424423544982
90.0,1.0,0.8543459969957624,True,11,True,5,True,3,False,0,True,9,True,4,True,2,False,0,True,6,True,3,True,2,False,0,True,5,True,3,True,1,False,0,True,5,True,2,False,0,False,0,True,4,True,1,False,0,False,0,True,3,True,1,False,0,False,0,True,3,True,1,False,0,False,0,True,2,False,0,False,0,False,0,True,1,False,0,False,0,False,0,True,1,False,0,False,0,False,0,0.6288274456987979,0.6288274456987979,0.4899675192390999,0.4899675192390999,0.2666089902241324,0.2666089902241324,0.02400220735854094,0.02400220735854094
192.0,0.9998262941088888,0.771358871650226,True,7,True,5,True,2,True,1,True,5,True,3,True,2,True,1,True,4,True,2,True,2,True,1,True,4,True,2,True,2,False,0,True,5,True,1,False,0,False,0,True,3,False,0,False,0,False,0,True,1,False,0,False,0,False,0,True,1,False,0,False,0,False,0,True,1,False,0,False,0,False,0,True,1,False,0,False,0,False,0,True,1,False,0,False,0,False,0,0.7171893908684781,0.7171893908684781,0.32918639925070337,0.32918639925070337,0.2780933974835471,0.2780933974835471,0.23133557613928735,0.23133557613928735
14.0,0.9991811007990471,0.7973152598525561,True,7,True,1,False,0,False,0,True,7,True,1,False,0,False,0,True,5,False,0,False,0,False,0,True,3,False,0,False,0,False,0,True,2,False,0,False,0,False,0,True,2,False,0,False,0,False,0,True,2,False,0,False,0,False,0,True,1,False,0,False,0,False,0,True,1,False,0,False,0,False,0,True,1,False,0,False,0,False,0,False,0,False,0,False,0,False,0,0.564247737935018,0.564247737935018,0.16989799981386974,0.16989799981386974,0.011973170424177707,0.011431838405808923,0.003496927285617593,0.0013332704541972865
0.0,1.0,0.5374236607513699,True,7,True,3,False,0,False,0,True,4,True,2,False,0,False,0,True,3,True,2,False,0,False,0,True,2,False,0,False,0,False,0,True,2,False,0,False,0,False,0,True,2,False,0,False,0,False,0,False,1,False,0,False,0,False,0,False,0,False,0,False,0,False,0,False,0,False,0,False,0,False,0,False,0,False,0,False,0,False,0,False,0,False,0,False,0,False,0,0.40879631970735314,0.3952260788544369,0.20912821762840833,0.20710324051111495,0.05727247114336696,0.0002578322576888465,0.04100415323432664,0.0002578322576888465
53.0,0.9999503697453967,0.6223438263231932,True,10,True,3,False,1,False,0,True,5,True,3,False,1,False,0,True,4,True,3,False,1,False,0,True,3,True,3,False,0,False,0,True,3,True,2,False,0,False,0,True,2,False,0,False,0,False,0,True,2,False,0,False,0,False,0,True,2,False,0,False,0,False,0,True,1,False,0,False,0,False,0,True,1,False,0,False,0,False,0,False,0,False,0,False,0,False,0,0.5661035976616419,0.5661035976616419,0.3488315070691088,0.3002415253973018,0.20056238241229699,0.02585537169200919,0.0004165192134213067,0.00015513413097566586
273.0,0.7396893146061839,1.7540173962566386,True,9,True,3,False,1,False,1,True,8,False,1,False,1,False,1,True,8,False,1,False,1,False,0,True,7,False,1,False,1,False,0,True,5,False,1,False,1,False,0,True,4,False,1,False,1,False,0,True,4,False,1,False,1,False,0,True,3,False,1,False,0,False,0,True,2,False,1,False,0,False,0,True,1,False,0,False,0,False,0,False,0,False,0,False,0,False,0,0.5651816933487387,0.5651816933487387,0.5426898771628261,0.1323859055016512,0.44444938027971115,0.015427552501454648,0.19100370279247464,0.010249831693897376
101.0,1.0,0.6681441410674444,True,9,True,3,True,1,False,0,True,4,True,2,True,1,False,0,True,4,True,2,False,0,False,0,True,3,True,2,False,0,False,0,True,3,True,1,False,0,False,0,True,3,True,1,False,0,False,0,True,2,False,0,False,0,False,0,True,1,False,0,False,0,False,0,True,1,False,0,False,0,False,0,True,1,False,0,False,0,False,0,False,0,False,0,False,0,False,0,0.5976469927888056,0.5976469927888056,0.36296596871015474,0.36296596871015474,0.16603956841137563,0.16603956841137563,0.006779844390636999,0.002361219561961256
32.0,1.0,0.4494303761784746,True,5,True,3,False,0,False,0,True,3,True,2,False,0,False,0,True,2,False,0,False,0,False,0,True,1,False,0,False,0,False,0,True,1,False,0,False,0,False,0,True,1,False,0,False,0,False,0,False,0,False,0,False,0,False,0,False,0,False,0,False,0,False,0,False,0,False,0,False,0,False,0,False,0,False,0,False,0,False,0,False,0,False,0,False,0,False,0,0.37471375955209,0.37471375955209,0.1770986715173526,0.1770986715173526,0.09002602816319413,0.09002602816319413,0.0041073150422543045,0.0041073150422543045
244.0,0.930542458682813,0.9807643342671764,True,9,True,6,False,1,False,0,True,9,True,5,False,1,False,0,True,10,True,4,False,0,False,0,True,8,True,2,False,0,False,0,True,6,True,1,False,0,False,0,True,4,True,1,False,0,False,0,True,3,True,1,False,0,False,0,True,3,True,1,False,0,False,0,True,3,True,1,False,0,False,0,True,2,False,0,False,0,False,0,True,2,False,0,False,0,False,0,0.7919453282026596,0.7531730428541534,0.5186527295173741,0.5186527295173741,0.17521453327213685,0.0015085443526314218,0.0023668397729092122,0.0015085443526314218
199.0,0.9998511092361904,0.6185606308644349,True,8,True,4,False,0,False,0,True,7,True,2,False,0,False,0,True,6,False,0,False,0,False,0,True,4,False,0,False,0,False,0,True,2,False,0,False,0,False,0,False,1,False,0,False,0,False,0,False,1,False,0,False,0,False,0,False,0,False,0,False,0,False,0,False,0,False,0,False,0,False,0,False,0,False,0,False,0,False,0,False,0,False,0,False,0,False,0,0.41056102274232686,0.32876603859965325,0.18636976797620142,0.18636976797620142,0.04200974437557424,0.04200974437557424,0.002790115213128612,0.0007705355638449132
43.0,0.9992307310536503,0.9740292050116329,True,8,True,3,False,1,False,0,True,6,True,3,False,1,False,0,True,5,True,3,False,1,False,0,True,6,True,2,False,0,False,0,True,5,True,1,False,0,False,0,True,4,True,1,False,0,False,0,True,4,False,0,False,0,False,0,True,3,False,0,False,0,False,0,True,3,False,0,False,0,False,0,True,2,False,0,False,0,False,0,True,2,False,0,False,0,False,0,0.8673292307933054,0.7548148984376508,0.36717657237841406,0.36717657237841406,0.2144252974038886,0.0052581400328196555,0.018353976125411776,0.0052581400328196555
102.0,0.9996029579631743,0.8957175244472059,True,11,True,3,False,1,False,0,True,8,True,2,False,0,False,0,True,5,False,1,False,0,False,0,True,5,False,0,False,0,False,0,True,3,False,0,False,0,False,0,True,2,False,0,False,0,False,0,True,2,False,0,False,0,False,0,True,2,False,0,False,0,False,0,True,2,False,0,False,0,False,0,True,2,False,0,False,0,False,0,True,2,False,0,False,0,False,0,0.7707569265921903,0.7707569265921903,0.20370603220940875,0.16674284569066314,0.12845160260482397,0.004225734769468791,0.011608547683718015,0.004225734769468791
224.0,0.9995533277085712,0.7834109401103502,True,5,True,3,False,0,False,0,True,5,True,2,False,0,False,0,True,3,True,1,False,0,False,0,True,3,False,0,False,0,False,0,True,2,False,0,False,0,False,0,True,2,False,0,False,0,False,0,True,2,False,0,False,0,False,0,True,1,False,0,False,0,False,0,False,0,False,0,False,0,False,0,False,0,False,0,False,0,False,0,False,0,False,0,False,0,False,0,0.4924565015712931,0.4924565015712931,0.22778000021877506,0.22778000021877506,0.05002384969907157,0.05002384969907157,0.01536134490263853,0.0003562123039579776
247.0,0.1519678395950171,2.109044928969364,True,12,True,5,False,1,False,1,True,12,True,5,False,1,False,0,True,9,True,4,False,1,False,0,True,8,False,3,False,1,False,0,True,6,False,2,False,1,False,0,True,6,False,1,False,0,False,0,True,6,False,1,False,0,False,0,True,4,False,1,False,0,False,0,True,4,False,0,False,0,False,0,True,3,False,0,False,0,False,0,True,3,False,0,False,0,False,0,1.4012038791297496,1.4012038791297496,0.4974515291365892,0.203228308259176,0.31652186587262676,0.00867803090746984,0.1063660491701036,0.007701144728196985
275.0,0.9935232517742816,0.3301785372929761,True,5,True,1,False,0,False,0,True,3,False,0,False,0,False,0,False,1,False,0,False,0,False,0,False,0,False,0,False,0,False,0,False,0,False,0,False,0,False,0,False,0,False,0,False,0,False,0,False,0,False,0,False,0,False,0,False,0,False,0,False,0,False,0,False,0,False,0,False,0,False,0,False,0,False,0,False,0,False,0,False,0,False,0,False,0,False,0,0.20941755463979606,0.17800218765056627,0.12777211297839994,0.12777211297839994,0.05748041483815026,0.035399777840592575,0.035399777840592575,0.035399777840592575
134.0,0.7351729614372922,0.6762857645921417,True,10,True,5,True,3,True,2,True,9,True,4,True,2,True,2,True,7,True,4,True,1,False,0,True,7,False,1,False,0,False,0,True,5,False,1,False,0,False,0,True,2,False,0,False,0,False,0,True,2,False,0,False,0,False,0,True,1,False,0,False,0,False,0,False,0,False,0,False,0,False,0,False,0,False,0,False,0,False,0,False,0,False,0,False,0,False,0,0.4779919646058418,0.4779919646058418,0.30093477000626806,0.22928594719554232,0.21493131638679372,0.21493131638679372,0.18850182225938708,0.15324330624965202
151.0,0.08442106308005361,1.1777888375843926,True,12,True,5,False,2,False,1,True,12,True,5,False,1,False,0,True,10,True,4,False,1,False,0,True,10,True,3,False,0,False,0,True,10,True,3,False,0,False,0,True,9,True,3,False,0,False,0,True,8,True,3,False,0,False,0,True,8,True,2,False,0,False,0,True,6,True,1,False,0,False,0,True,4,True,1,False,0,False,0,True,3,True,1,False,0,False,0,0.862087124364355,0.852098805957907,0.7254427919714649,0.7254427919714649,0.2179227382813541,0.03638846778032159,0.12009141564671173,0.03638846778032159
126.0,0.9990570251625391,0.5255200567619702,True,6,True,3,False,0,False,0,True,4,True,1,False,0,False,0,True,3,False,0,False,0,False,0,True,1,False,0,False,0,False,0,True,1,False,0,False,0,False,0,True,1,False,0,False,0,False,0,False,0,False,0,False,0,False,0,False,0,False,0,False,0,False,0,False,0,False,0,False,0,False,0,False,0,False,0,False,0,False,0,False,0,False,0,False,0,False,0,0.3767355623733771,0.3767355623733771,0.16676144198781168,0.16676144198781168,0.06131548844616301,0.018696164062253322,0.007798495442447414,0.0007502123236641897
236.0,0.9955332770857115,1.1013177986720486,True,12,True,3,False,2,False,0,True,9,True,3,False,2,False,0,True,9,True,2,False,1,False,0,True,8,False,1,False,1,False,0,True,7,False,1,False,0,False,0,False,5,False,1,False,0,False,0,False,3,False,0,False,0,False,0,False,3,False,0,False,0,False,0,False,2,False,0,False,0,False,0,False,2,False,0,False,0,False,0,False,1,False,0,False,0,False,0,0.7497065678189396,0.3143692976701105,0.3853743285367047,0.23001483711298995,0.2583682149069406,0.020028380351791546,0.022860745271133465,0.011714387719415133
270.0,0.8281304283090972,0.5639604913115761,True,9,True,5,False,1,False,0,True,8,True,1,False,0,False,0,True,7,False,0,False,0,False,0,True,4,False,0,False,0,False,0,True,3,False,0,False,0,False,0,True,1,False,0,False,0,False,0,False,0,False,0,False,0,False,0,False,0,False,0,False,0,False,0,False,0,False,0,False,0,False,0,False,0,False,0,False,0,False,0,False,0,False,0,False,0,False,0,0.35671882232665564,0.35671882232665564,0.16237271792220825,0.16237271792220825,0.10397156078392002,0.06809824543331082,0.05986259147935137,0.0011148197135211369
34.0,1.0,0.7376725517208416,True,7,True,3,False,0,False,0,True,5,True,2,False,0,False,0,True,4,True,2,False,0,False,0,True,4,False,0,False,0,False,0,True,3,False,0,False,0,False,0,True,3,False,0,False,0,False,0,True,3,False,0,False,0,False,0,False,1,False,0,False,0,False,0,False,1,False,0,False,0,False,0,False,0,False,0,False,0,False,0,False,0,False,0,False,0,False,0,0.5304935394642882,0.44439464546606205,0.21709056186098058,0.21709056186098058,0.05817994366376966,0.05817994366376966,0.01525506750776477,0.0005095263433644638
238.0,0.9994540671993647,0.8257161634265202,True,8,True,2,True,1,False,0,True,3,True,2,True,1,False,0,True,2,True,2,True,1,False,0,True,2,True,2,True,1,False,0,True,2,True,2,False,0,False,0,True,2,True,1,False,0,False,0,True,2,True,1,False,0,False,0,True,2,False,0,False,0,False,0,True,2,False,0,False,0,False,0,True,2,False,0,False,0,False,0,True,2,False,0,False,0,False,0,0.6308306117532445,0.6308306117532445,0.44627469250441026,0.44627469250441026,0.2759491083510645,0.2759491083510645,0.03416728946300249,0.03416728946300249
11.0,0.9992307310536503,1.3025403739577,True,9,True,4,True,1,False,0,True,7,True,3,True,1,False,0,True,5,True,2,False,0,False,0,True,5,True,2,False,0,False,0,True,4,True,2,False,0,False,0,True,3,True,2,False,0,False,0,True,2,True,2,False,0,False,0,True,2,True,2,False,0,False,0,True,2,True,1,False,0,False,0,True,2,False,0,False,0,False,0,True,2,False,0,False,0,False,0,0.9215160804983207,0.9215160804983207,0.5331983918748674,0.5331983918748674,0.1916081207077485,0.1916081207077485,0.0017057010398851833,0.0017057010398851833
172.0,0.8700431783215048,0.9380392003319283,True,7,True,4,True,1,False,0,True,7,True,1,False,0,False,0,True,5,True,1,False,0,False,0,True,3,True,1,False,0,False,0,True,3,True,1,False,0,False,0,True,3,True,1,False,0,False,0,True,2,True,1,False,0,False,0,True,2,True,1,False,0,False,0,True,1,False,0,False,0,False,0,True,1,False,0,False,0,False,0,True,1,False,0,False,0,False,0,0.7785221604795137,0.7785221604795137,0.4961999215934169,0.4961999215934169,0.12264975737096113,0.12264975737096113,0.004835668350099529,0.004835668350099529
208.0,0.9989081343987295,0.9729263143677087,True,9,True,4,False,0,False,0,True,8,True,4,False,0,False,0,True,7,True,3,False,0,False,0,True,6,True,1,False,0,False,0,True,5,False,0,False,0,False,0,True,4,False,0,False,0,False,0,True,3,False,0,False,0,False,0,True,2,False,0,False,0,False,0,True,2,False,0,False,0,False,0,True,2,False,0,False,0,False,0,True,2,False,0,False,0,False,0,0.7810168544132294,0.7810168544132294,0.2584440893960701,0.2584440893960701,0.0993765714132877,0.0010696482973365502,0.0012583436080136096,0.00031194470359934034
264.0,0.12281006501563353,3.428571428571428,False,3,False,1,False,1,False,1,False,3,False,1,False,1,False,1,False,2,False,1,False,1,False,1,False,2,False,1,False,1,False,1,False,2,False,1,False,1,False,1,False,2,False,1,False,1,False,1,False,2,False,1,False,1,False,1,False,2,False,1,False,1,False,1,False,2,False,1,False,1,False,1,False,1,False,1,False,1,False,1,False,1,False,1,False,1,False,1,3.428571428571428,0.0,1.0,0.0,1.0,0.0,1.0,0.0
89.0,0.9984614621073006,1.5159260537956447,True,13,True,3,False,0,False,0,True,13,True,3,False,0,False,0,True,12,True,2,False,0,False,0,True,7,True,2,False,0,False,0,True,6,True,2,False,0,False,0,True,4,True,1,False,0,False,0,True,4,False,0,False,0,False,0,True,3,False,0,False,0,False,0,True,1,False,0,False,0,False,0,True,1,False,0,False,0,False,0,True,1,False,0,False,0,False,0,0.7907732244663069,0.7907732244663069,0.37247236917863824,0.37247236917863824,0.008140103892401659,0.008140103892401659,0.008140103892401659,0.008140103892401659
83.0,1.0,0.47705037348829094,True,7,True,4,True,1,False,0,True,5,True,3,False,0,False,0,True,3,True,1,False,0,False,0,True,2,False,0,False,0,False,0,True,2,False,0,False,0,False,0,True,1,False,0,False,0,False,0,True,1,False,0,False,0,False,0,False,0,False,0,False,0,False,0,False,0,False,0,False,0,False,0,False,0,False,0,False,0,False,0,False,0,False,0,False,0,False,0,0.4004117332102195,0.4004117332102195,0.2143359531331321,0.2143359531331321,0.11449090373792362,0.11449090373792362,0.004985771061845487,0.0017047658547698244
107.0,0.9996277730904759,0.9919557780894106,True,11,True,2,False,0,False,0,True,9,True,1,False,0,False,0,True,6,True,1,False,0,False,0,True,5,True,1,False,0,False,0,True,3,True,1,False,0,False,0,True,2,True,1,False,0,False,0,True,2,True,1,False,0,False,0,True,2,True,1,False,0,False,0,True,2,True,1,False,0,False,0,True,2,True,1,False,0,False,0,True,2,False,0,False,0,False,0,0.8733025619791897,0.8733025619791897,0.5526165241182225,0.5526165241182225,0.08528490230407482,0.0007056487481738467,0.001061947664026374,0.0007056487481738467
103.0,1.0,0.762169596041496,True,9,True,4,True,1,False,0,True,7,True,3,True,1,False,0,True,5,True,2,False,0,False,0,True,5,True,2,False,0,False,0,True,4,True,1,False,0,False,0,True,4,True,1,False,0,False,0,True,3,True,1,False,0,False,0,True,3,False,0,False,0,False,0,True,1,False,0,False,0,False,0,False,0,False,0,False,0,False,0,False,0,False,0,False,0,False,0,0.535884287683457,0.535884287683457,0.44228928926356664,0.44228928926356664,0.18036871488812595,0.18036871488812595,0.09694291471534684,0.0008157725001259753
74.0,0.9992803613082535,0.6340402932791694,True,8,True,3,False,1,False,0,True,4,True,3,False,0,False,0,True,4,True,2,False,0,False,0,True,2,True,2,False,0,False,0,True,2,False,1,False,0,False,0,True,2,False,1,False,0,False,0,False,1,False,0,False,0,False,0,False,1,False,0,False,0,False,0,False,1,False,0,False,0,False,0,False,1,False,0,False,0,False,0,False,0,False,0,False,0,False,0,0.555547664654483,0.38326826771776357,0.35589294600815213,0.2588158051689691,0.13418670176627853,0.0014958228036869002,0.008427589944171381,0.00015029387524794654
127.0,0.9994292520720631,1.3214282860179494,True,10,True,6,False,0,False,0,True,8,True,5,False,0,False,0,True,7,True,4,False,0,False,0,True,7,True,2,False,0,False,0,True,7,True,1,False,0,False,0,True,6,True,1,False,0,False,0,True,5,True,1,False,0,False,0,True,4,True,1,False,0,False,0,True,3,True,1,False,0,False,0,True,3,False,0,False,0,False,0,True,3,False,0,False,0,False,0,0.8204597740298148,0.8204597740298148,0.5275465576687955,0.5275465576687955,0.07592160958938517,0.0034148002828618324,0.06240743682559732,0.0034148002828618324
242.0,0.8845600277929426,2.366861570472039,True,11,True,5,True,2,True,2,True,9,True,4,True,2,True,2,True,8,True,4,True,2,True,1,True,8,True,2,True,1,True,1,True,7,True,1,True,1,True,1,True,7,True,1,True,1,True,1,True,6,True,1,True,1,True,1,True,5,True,2,False,0,False,0,True,5,True,2,False,0,False,0,True,5,True,2,False,0,False,0,True,3,True,2,False,0,False,0,1.215096492360406,1.0829563390754557,0.7183488514095318,0.7183488514095318,0.43063081191790115,0.43063081191790115,0.43063081191790115,0.43063081191790115
241.0,0.9881135540225321,1.1745860146095464,True,10,True,2,True,1,True,1,True,6,True,2,True,1,True,1,True,5,True,2,True,1,False,0,True,4,True,2,True,1,False,0,True,3,True,2,True,1,False,0,True,3,True,2,True,1,False,0,True,3,True,2,False,0,False,0,True,2,True,2,False,0,False,0,True,2,True,2,False,0,False,0,True,2,True,1,False,0,False,0,True,2,False,0,False,0,False,0,0.9656304222434257,0.9656304222434257,0.5675700939848933,0.5675700939848933,0.3782644188980874,0.3782644188980874,0.17554917093398736,0.17554917093398736
214.0,0.9267457442056678,1.0523013837461948,True,11,True,4,False,0,False,0,True,10,True,4,False,0,False,0,True,9,True,4,False,0,False,0,True,9,True,3,False,0,False,0,True,8,True,1,False,0,False,0,True,6,False,0,False,0,False,0,True,4,False,0,False,0,False,0,True,3,False,0,False,0,False,0,True,3,False,0,False,0,False,0,True,2,False,0,False,0,False,0,True,2,False,0,False,0,False,0,0.8214016567157585,0.8214016567157585,0.3243765396911272,0.3243765396911272,0.05563893065190415,0.05266033671583067,0.003214557779042065,0.0010985225352327659
276.0,0.9575661323142588,2.1694167192112626,True,9,True,5,True,3,True,3,True,8,True,4,True,3,True,2,True,8,True,3,True,3,True,2,True,6,True,3,True,3,True,2,True,7,True,2,True,1,True,1,True,6,True,1,False,0,False,0,True,6,False,0,False,0,False,0,True,5,False,0,False,0,False,0,True,4,False,0,False,0,False,0,True,3,False,0,False,0,False,0,True,3,False,0,False,0,False,0,1.7700136468641035,1.7700136468641035,0.39633183785299303,0.39633183785299303,0.32337964043415357,0.32337964043415357,0.32337964043415357,0.32337964043415357
21.0,0.5150131520174699,2.5911598556482582,True,13,True,4,True,2,False,0,True,13,True,4,True,1,False,0,True,11,True,3,True,1,False,0,True,9,True,3,True,1,False,0,True,9,True,3,True,1,False,0,True,8,True,1,True,1,False,0,True,8,True,1,True,1,False,0,True,8,True,1,True,1,False,0,True,6,True,1,True,1,False,0,True,6,True,1,True,1,False,0,True,6,True,1,True,1,False,0,1.7565529838176372,1.7565529838176372,0.8685417845070733,0.8074109515501346,0.7772187132881384,0.7772187132881384,0.04117592782261009,0.04117592782261009
256.0,0.26269293761477,2.4837837933753395,True,13,True,7,True,3,False,1,True,14,True,5,True,3,False,1,True,13,True,4,True,3,False,1,True,9,True,4,False,1,False,1,True,8,True,3,False,1,False,1,True,7,True,3,False,1,False,1,True,5,True,3,False,1,False,1,True,4,True,3,False,1,False,0,True,4,True,3,False,1,False,0,True,4,True,3,False,1,False,0,True,4,False,2,False,1,False,0,1.7751643983958934,0.7356830592306659,0.970638422881893,0.5985104254114212,0.7165133037939316,0.22544380740305445,0.4222884077067176,0.008671159983793642
143.0,0.9997270335996824,0.628419958192419,True,8,True,2,False,0,False,0,True,6,True,1,False,0,False,0,True,4,False,0,False,0,False,0,True,3,False,0,False,0,False,0,True,3,False,0,False,0,False,0,False,0,False,0,False,0,False,0,False,0,False,0,False,0,False,0,False,0,False,0,False,0,False,0,False,0,False,0,False,0,False,0,False,0,False,0,False,0,False,0,False,0,False,0,False,0,False,0,0.3436849327417466,0.3436849327417466,0.19981324430897632,0.19981324430897632,0.0543036958553065,0.0543036958553065,0.03195513412898084,0.021595157026683853
56.0,1.0,0.6635126035468333,True,6,True,2,False,0,False,0,True,4,True,2,False,0,False,0,True,3,True,1,False,0,False,0,True,2,True,1,False,0,False,0,True,2,True,1,False,0,False,0,True,2,False,0,False,0,False,0,True,2,False,0,False,0,False,0,True,2,False,0,False,0,False,0,True,1,False,0,False,0,False,0,True,1,False,0,False,0,False,0,False,0,False,0,False,0,False,0,0.5716884419000565,0.5716884419000565,0.301645303774472,0.301645303774472,0.036139490441978415,0.014478259864920514,0.003688160509812711,0.003688160509812711
49.0,1.0,0.6894006683906804,True,7,True,3,False,1,False,0,True,6,True,2,False,1,False,0,True,5,True,1,False,0,False,0,True,5,True,1,False,0,False,0,True,2,False,0,False,0,False,0,True,1,False,0,False,0,False,0,True,1,False,0,False,0,False,0,True,1,False,0,False,0,False,0,True,1,False,0,False,0,False,0,False,0,False,0,False,0,False,0,False,0,False,0,False,0,False,0,0.516565175855477,0.516565175855477,0.2735619224305663,0.2735619224305663,0.15196852966166557,0.01794422354268135,0.035034246514239274,0.00017280686440623475
211.0,0.9998014789815872,0.7767906780456537,True,11,True,3,True,1,True,1,True,8,True,2,True,1,True,1,True,6,True,2,True,1,True,1,True,6,True,3,False,0,False,0,True,5,True,3,False,0,False,0,True,4,False,0,False,0,False,0,True,3,False,0,False,0,False,0,True,2,False,0,False,0,False,0,True,1,False,0,False,0,False,0,False,0,False,0,False,0,False,0,False,0,False,0,False,0,False,0,0.5072032311263759,0.5072032311263759,0.34086862630705034,0.34086862630705034,0.23372800227976828,0.23372800227976828,0.23372800227976828,0.23372800227976828
63.0,0.9999751848726984,0.9552887017685923,True,12,True,6,False,0,False,0,True,10,True,4,False,0,False,0,True,7,True,2,False,0,False,0,True,7,True,1,False,0,False,0,True,6,True,1,False,0,False,0,True,4,True,1,False,0,False,0,True,2,True,1,False,0,False,0,True,2,True,1,False,0,False,0,True,2,True,1,False,0,False,0,True,2,True,1,False,0,False,0,True,2,False,0,False,0,False,0,0.8236589788839268,0.8236589788839268,0.5900008145155393,0.5900008145155393,0.017520924216869026,0.0020283868672338725,0.004447421316427905,0.0020283868672338725
75.0,1.0,0.6524127624624823,True,7,True,2,False,0,False,0,True,5,True,2,False,0,False,0,True,2,True,1,False,0,False,0,True,1,True,1,False,0,False,0,True,1,True,1,False,0,False,0,True,1,True,1,False,0,False,0,True,1,False,0,False,0,False,0,True,1,False,0,False,0,False,0,True,1,False,0,False,0,False,0,True,1,False,0,False,0,False,0,False,0,False,0,False,0,False,0,0.5638986352861138,0.5638986352861138,0.3821292912274733,0.3821292912274733,0.09422198807998793,0.02256851121812,0.0015255749412274023,0.0015255749412274023
239.0,0.9969725544692044,0.8047663933288228,True,7,True,4,False,0,False,0,True,6,True,2,False,0,False,0,True,6,False,0,False,0,False,0,True,4,False,0,False,0,False,0,True,3,False,0,False,0,False,0,True,3,False,0,False,0,False,0,True,2,False,0,False,0,False,0,True,2,False,0,False,0,False,0,True,2,False,0,False,0,False,0,True,2,False,0,False,0,False,0,True,1,False,0,False,0,False,0,0.6178627023205826,0.6178627023205826,0.1904928720365011,0.167498372142376,0.09306318725892528,0.0009099056280303282,0.0009099056280303282,0.0009099056280303282
124.0,0.9991811007990471,0.9076668281836772,True,9,True,5,False,2,False,0,True,9,True,5,False,1,False,0,True,9,False,1,False,0,False,0,True,6,False,0,False,0,False,0,True,4,False,0,False,0,False,0,True,2,False,0,False,0,False,0,False,1,False,0,False,0,False,0,False,1,False,0,False,0,False,0,False,1,False,0,False,0,False,0,False,1,False,0,False,0,False,0,False,1,False,0,False,0,False,0,0.7069584048226595,0.3883681003683193,0.22071262967144284,0.17804523545034837,0.15463184337654493,0.06118668478429084,0.02000613975067485,0.005902878204781615
196.0,1.0,0.7134170385687114,True,8,True,2,False,0,False,0,True,6,False,1,False,0,False,0,True,3,False,0,False,0,False,0,True,3,False,0,False,0,False,0,True,2,False,0,False,0,False,0,True,2,False,0,False,0,False,0,False,1,False,0,False,0,False,0,False,1,False,0,False,0,False,0,False,0,False,0,False,0,False,0,False,0,False,0,False,0,False,0,False,0,False,0,False,0,False,0,0.4944235218708888,0.38173315324880797,0.15371020404858132,0.1262010888682309,0.003430626081214929,0.003430626081214929,0.001731204966758632,0.001731204966758632
223.0,0.7157179016328353,0.9592879362924064,True,12,True,5,False,0,False,0,True,9,True,3,False,0,False,0,True,7,False,1,False,0,False,0,True,7,False,0,False,0,False,0,True,6,False,0,False,0,False,0,True,3,False,0,False,0,False,0,True,3,False,0,False,0,False,0,True,2,False,0,False,0,False,0,True,2,False,0,False,0,False,0,False,1,False,0,False,0,False,0,False,1,False,0,False,0,False,0,0.6628760779696712,0.5177402608996947,0.21415094236839735,0.16167255426043364,0.004325002302543603,0.0016884749547372993,0.004325002302543603,0.0016884749547372993
201.0,0.9999751848726984,0.6927551862648618,True,10,True,3,False,1,False,0,True,8,True,2,False,0,False,0,True,6,True,1,False,0,False,0,True,5,True,1,False,0,False,0,True,5,False,0,False,0,False,0,True,3,False,0,False,0,False,0,True,1,False,0,False,0,False,0,True,1,False,0,False,0,False,0,False,0,False,0,False,0,False,0,False,0,False,0,False,0,False,0,False,0,False,0,False,0,False,0,0.4612038333938564,0.4612038333938564,0.2599454409593744,0.2599454409593744,0.11883163178674674,0.0865269383629651,0.0945266104821844,0.001950947252813258
272.0,0.7702615514417589,1.15238394395508,True,8,False,3,False,1,False,1,True,7,False,1,False,1,False,1,True,6,False,1,False,0,False,0,False,1,False,0,False,0,False,0,False,1,False,0,False,0,False,0,False,1,False,0,False,0,False,0,False,1,False,0,False,0,False,0,False,1,False,0,False,0,False,0,False,1,False,0,False,0,False,0,False,1,False,0,False,0,False,0,False,1,False,0,False,0,False,0,0.8069658068960531,0.24604349718302604,0.20364495588361267,0.05490421785514,0.19196516979349432,0.01475217006785314,0.17044725242788988,0.0020611532675973276
81.0,1.0,0.8575227710498385,True,6,True,4,True,2,True,1,True,5,True,2,True,2,True,1,True,4,True,2,True,2,True,1,True,3,True,2,True,2,True,1,True,3,True,2,True,1,True,1,True,5,True,2,True,1,False,0,True,4,True,2,False,0,False,0,True,3,False,0,False,0,False,0,True,3,False,0,False,0,False,0,True,2,False,0,False,0,False,0,False,0,False,0,False,0,False,0,0.5788880190208759,0.5513781844408683,0.4093756482913623,0.4093756482913623,0.3806490285929352,0.3806490285929352,0.3496015863507454,0.3496015863507454
28.0,0.9986351679984118,0.6006010818841871,True,6,True,3,True,1,False,0,True,5,True,2,False,0,False,0,True,3,True,1,False,0,False,0,True,3,False,0,False,0,False,0,True,3,False,0,False,0,False,0,True,1,False,0,False,0,False,0,False,0,False,0,False,0,False,0,False,0,False,0,False,0,False,0,False,0,False,0,False,0,False,0,False,0,False,0,False,0,False,0,False,0,False,0,False,0,False,0,0.3734760314485596,0.3734760314485596,0.24249209792947754,0.24249209792947754,0.10425157647715246,0.10425157647715246,0.08163959579309675,0.0013147628000912382
156.0,0.9981140503250782,0.5449509743053897,True,6,True,3,False,0,False,0,True,4,True,2,False,0,False,0,True,2,True,1,False,0,False,0,True,2,True,1,False,0,False,0,True,1,False,0,False,0,False,0,True,1,False,0,False,0,False,0,True,1,False,0,False,0,False,0,False,0,False,0,False,0,False,0,False,0,False,0,False,0,False,0,False,0,False,0,False,0,False,0,False,0,False,0,False,0,False,0,0.43055230058606553,0.43055230058606553,0.25394834643450004,0.25394834643450004,0.07637818621702203,0.07637818621702203,0.0006653874011787832,0.0006653874011787832
277.0,0.3648071864608665,3.4285714285714293,True,8,True,4,True,2,False,1,True,9,True,2,True,2,False,1,True,7,True,2,False,1,False,1,True,6,True,2,False,1,False,0,True,7,True,1,False,0,False,0,True,6,True,1,False,0,False,0,True,6,True,1,False,0,False,0,True,6,True,1,False,0,False,0,True,6,True,1,False,0,False,0,True,5,True,1,False,0,False,0,True,5,True,1,False,0,False,0,3.428571428571428,1.8386741169911298,0.7814479549816152,0.7814479549816152,0.25794144903336963,0.1845361387035316,0.24703517719710727,0.04145387766585167
167.0,0.9999007394907936,0.7017164024853358,True,12,False,2,False,0,False,0,True,8,False,2,False,0,False,0,True,6,False,2,False,0,False,0,True,5,False,1,False,0,False,0,True,3,False,0,False,0,False,0,True,2,False,0,False,0,False,0,False,1,False,0,False,0,False,0,False,1,False,0,False,0,False,0,False,1,False,0,False,0,False,0,False,1,False,0,False,0,False,0,False,0,False,0,False,0,False,0,0.5698151798885507,0.37657096387289496,0.278571287374133,0.039337480283929374,0.08724135067712989,0.005152481847508847,0.051544945947906026,0.0008372034622617586
100.0,0.9997270335996824,0.769278030906634,True,7,True,3,True,1,False,0,True,5,True,3,False,0,False,0,True,4,True,1,False,0,False,0,True,3,False,0,False,0,False,0,True,3,False,0,False,0,False,0,True,3,False,0,False,0,False,0,True,1,False,0,False,0,False,0,False,0,False,0,False,0,False,0,False,0,False,0,False,0,False,0,False,0,False,0,False,0,False,0,False,0,False,0,False,0,False,0,0.4319507460352553,0.4319507460352553,0.21893286141454776,0.21893286141454776,0.11667850956583745,0.11667850956583745,0.04849651627235649,0.00029757382466616536
55.0,1.0,0.6084776398817177,True,8,True,2,False,0,False,0,True,4,True,2,False,0,False,0,True,2,True,2,False,0,False,0,True,2,False,0,False,0,False,0,True,2,False,0,False,0,False,0,True,2,False,0,False,0,False,0,True,2,False,0,False,0,False,0,True,2,False,0,False,0,False,0,False,0,False,0,False,0,False,0,False,0,False,0,False,0,False,0,False,0,False,0,False,0,False,0,0.47329336958867146,0.4548904096248933,0.24938775414717032,0.24938775414717032,0.06474728682262408,0.00483069967576387,0.006972565242237206,0.0005104681297207108
61.0,1.0,1.323879743031936,True,10,True,4,False,0,False,0,True,6,True,2,False,0,False,0,True,5,True,2,False,0,False,0,True,3,True,2,False,0,False,0,True,2,True,1,False,0,False,0,True,2,True,1,False,0,False,0,True,2,True,1,False,0,False,0,True,2,True,1,False,0,False,0,True,2,False,0,False,0,False,0,True,2,False,0,False,0,False,0,False,1,False,0,False,0,False,0,0.684498498189132,0.5806516552939261,0.4724841004783256,0.4724841004783256,0.09308473132197156,0.09237612816190938,0.0028947350581573746,0.0028947350581573746
251.0,0.9716114943669661,1.150692056522826,True,9,True,3,False,0,False,0,True,7,True,3,False,0,False,0,True,7,True,2,False,0,False,0,True,4,True,2,False,0,False,0,True,4,True,2,False,0,False,0,True,4,True,1,False,0,False,0,True,4,False,0,False,0,False,0,True,4,False,0,False,0,False,0,True,4,False,0,False,0,False,0,True,4,False,0,False,0,False,0,True,4,False,0,False,0,False,0,0.7261973305221441,0.7261973305221441,0.3756344702897673,0.3756344702897673,0.0021539821929338673,0.0021404242230807263,0.0021404242230807263,0.0021404242230807263
269.0,0.8755273214551591,0.8107566555836877,True,12,True,4,False,0,False,0,True,11,True,4,False,0,False,0,True,7,True,3,False,0,False,0,True,4,True,2,False,0,False,0,True,4,True,1,False,0,False,0,True,2,False,0,False,0,False,0,True,2,False,0,False,0,False,0,True,1,False,0,False,0,False,0,True,1,False,0,False,0,False,0,True,1,False,0,False,0,False,0,True,1,False,0,False,0,False,0,0.6142365837454821,0.6142365837454821,0.3226804795012665,0.3226804795012665,0.020072130905929145,0.020072130905929145,0.002340937962983589,0.0008466473074347646
105.0,1.0,0.6829117512209641,True,6,True,3,False,1,False,0,True,4,True,2,False,1,False,0,True,3,True,2,False,0,False,0,True,2,True,2,False,0,False,0,True,2,True,2,False,0,False,0,True,2,True,2,False,0,False,0,True,2,False,0,False,0,False,0,True,2,False,0,False,0,False,0,True,2,False,0,False,0,False,0,True,1,False,0,False,0,False,0,True,1,False,0,False,0,False,0,0.6125681766434221,0.6125681766434221,0.35433945905394143,0.352169567389878,0.18160521571253488,0.03141650017877787,0.02197017875643474,0.02197017875643474
96.0,1.0,0.7885716007033752,True,10,False,4,False,0,False,0,True,10,False,1,False,0,False,0,True,8,False,1,False,0,False,0,True,6,False,1,False,0,False,0,True,4,False,0,False,0,False,0,True,3,False,0,False,0,False,0,True,3,False,0,False,0,False,0,False,2,False,0,False,0,False,0,False,2,False,0,False,0,False,0,False,2,False,0,False,0,False,0,False,0,False,0,False,0,False,0,0.5966513073030374,0.4204366354654887,0.2637219436016056,0.08464810149394275,0.07379198467193264,0.008330694313677773,0.021116675651386706,0.0009399477980114868
232.0,0.9703459228745843,0.8504098411634994,True,10,True,3,False,0,False,0,True,6,True,3,False,0,False,0,True,3,True,2,False,0,False,0,True,3,True,2,False,0,False,0,True,2,True,2,False,0,False,0,True,2,True,1,False,0,False,0,True,2,False,0,False,0,False,0,True,2,False,0,False,0,False,0,True,1,False,0,False,0,False,0,True,1,False,0,False,0,False,0,False,0,False,0,False,0,False,0,0.5957154450474409,0.5957154450474409,0.36308368875223346,0.36308368875223346,0.04756643483820747,0.04756643483820747,0.0030754323367853755,0.002115757850757439
2.0,1.0,0.5159497871861606,True,5,False,0,False,0,False,0,True,1,False,0,False,0,False,0,True,1,False,0,False,0,False,0,True,1,False,0,False,0,False,0,True,1,False,0,False,0,False,0,True,1,False,0,False,0,False,0,False,0,False,0,False,0,False,0,False,0,False,0,False,0,False,0,False,0,False,0,False,0,False,0,False,0,False,0,False,0,False,0,False,0,False,0,False,0,False,0,0.36994778691910135,0.36994778691910135,0.08115526940160507,0.07580852985799753,0.056161570992489536,0.0012006648975504519,0.0012006648975504519,0.0012006648975504519
84.0,0.9934488063923768,0.6204864440399968,True,6,True,2,False,0,False,0,True,3,True,2,False,0,False,0,True,3,True,1,False,0,False,0,True,2,False,0,False,0,False,0,True,2,False,0,False,0,False,0,True,2,False,0,False,0,False,0,True,1,False,0,False,0,False,0,True,1,False,0,False,0,False,0,True,1,False,0,False,0,False,0,False,0,False,0,False,0,False,0,False,0,False,0,False,0,False,0,0.5014410615367482,0.5014410615367482,0.20224753147270882,0.20224753147270882,0.02481458830655011,0.02481458830655011,0.02481458830655011,0.02481458830655011
106.0,1.0,0.4796556172179734,True,4,True,4,False,0,False,0,True,5,True,1,False,0,False,0,True,2,True,1,False,0,False,0,True,1,False,0,False,0,False,0,True,1,False,0,False,0,False,0,True,1,False,0,False,0,False,0,True,1,False,0,False,0,False,0,False,0,False,0,False,0,False,0,False,0,False,0,False,0,False,0,False,0,False,0,False,0,False,0,False,0,False,0,False,0,False,0,0.42735966867300873,0.42735966867300873,0.2376566616075722,0.2376566616075722,0.06773461789258634,0.06773461789258634,0.001391743620160408,0.001391743620160408
233.0,0.9996277730904759,1.5599205424446496,True,10,True,7,False,2,False,1,True,10,True,7,False,2,False,1,True,10,True,6,False,2,False,1,True,10,True,5,False,2,False,1,True,8,True,5,False,2,False,1,True,8,True,5,False,1,False,1,True,6,True,5,False,1,False,1,True,6,True,4,False,1,False,1,True,6,True,3,False,1,False,1,True,7,True,2,False,0,False,0,True,6,True,2,False,0,False,0,1.005252203241397,0.9017080042635041,0.7819682563083642,0.7819682563083642,0.5487484787334982,0.06971472381899306,0.5487484787334982,0.006411931945480658
24.0,0.9978162687974589,0.5506051799998368,True,9,True,2,False,0,False,0,True,6,True,1,False,0,False,0,True,3,True,1,False,0,False,0,True,2,False,0,False,0,False,0,True,2,False,0,False,0,False,0,True,1,False,0,False,0,False,0,True,1,False,0,False,0,False,0,True,1,False,0,False,0,False,0,False,0,False,0,False,0,False,0,False,0,False,0,False,0,False,0,False,0,False,0,False,0,False,0,0.45449070439555295,0.45449070439555295,0.2418093858300429,0.2418093858300429,0.08056692635881034,0.08056692635881034,0.010951676464735029,0.0003300598656474444
22.0,1.0,0.5155760677487329,True,5,True,2,False,1,False,0,True,2,True,2,False,0,False,0,True,2,True,2,False,0,False,0,True,2,False,1,False,0,False,0,True,2,False,0,False,0,False,0,True,1,False,0,False,0,False,0,True,1,False,0,False,0,False,0,True,1,False,0,False,0,False,0,False,0,False,0,False,0,False,0,False,0,False,0,False,0,False,0,False,0,False,0,False,0,False,0,0.4612037795270252,0.4612037795270252,0.26138286089541274,0.24593394557607604,0.12419065917219073,0.00020964381132736691,0.0010632136325522128,9.967638878586385e-05
265.0,0.2532383741128592,0.948562601927769,True,10,True,2,False,0,False,0,True,7,True,1,False,0,False,0,True,4,True,1,False,0,False,0,True,3,True,1,False,0,False,0,True,3,True,1,False,0,False,0,True,2,True,1,False,0,False,0,True,2,True,1,False,0,False,0,True,2,True,1,False,0,False,0,True,2,False,0,False,0,False,0,True,2,False,0,False,0,False,0,True,2,False,0,False,0,False,0,0.7321565587175807,0.7321565587175807,0.4627521393024173,0.4627521393024173,0.07297038617946602,0.07297038617946602,0.00457605666709009,0.00457605666709009
237.0,0.9990073949079359,0.9958074011265297,True,11,True,2,True,1,False,0,True,9,True,2,True,1,False,0,True,7,True,2,False,0,False,0,True,7,True,1,False,0,False,0,True,5,False,0,False,0,False,0,True,5,False,0,False,0,False,0,True,4,False,0,False,0,False,0,True,3,False,0,False,0,False,0,True,1,False,0,False,0,False,0,True,1,False,0,False,0,False,0,True,1,False,0,False,0,False,0,0.6658437903478969,0.6658437903478969,0.26025139598909985,0.26025139598909985,0.1699550130509861,0.1699550130509861,0.011088404630146962,0.011088404630146962
118.0,0.9782619484837958,0.9293031979251734,True,4,True,3,True,1,True,1,True,3,True,3,True,1,True,1,True,3,True,2,True,1,False,0,True,2,True,2,True,1,False,0,True,2,True,2,False,0,False,0,True,2,True,2,False,0,False,0,True,2,True,2,False,0,False,0,True,2,True,2,False,0,False,0,True,2,True,2,False,0,False,0,True,2,True,1,False,0,False,0,True,2,False,0,False,0,False,0,0.787201350739907,0.787201350739907,0.5865847086023661,0.5865847086023661,0.2539780477760483,0.2539780477760483,0.15932339625909922,0.15932339625909922
30.0,0.9547123926745744,3.4006019688871203,True,6,True,5,True,2,False,0,True,6,True,2,False,1,False,0,True,3,False,1,False,1,False,0,True,3,False,1,False,1,False,0,True,2,False,1,False,1,False,0,True,2,False,1,False,0,False,0,True,2,False,1,False,0,False,0,True,2,False,1,False,0,False,0,False,1,False,1,False,0,False,0,False,1,False,1,False,0,False,0,False,1,False,1,False,0,False,0,3.126120068874575,0.493973249372835,0.9210903123256496,0.15609960302870632,0.3238541803326556,0.11941687955287308,0.08677101829303156,0.0016592305006305666
73.0,0.9995533277085712,1.1452269415040872,True,10,True,3,False,1,False,0,True,7,True,3,False,0,False,0,True,6,True,3,False,0,False,0,True,6,True,3,False,0,False,0,True,6,True,2,False,0,False,0,True,5,True,2,False,0,False,0,True,3,True,2,False,0,False,0,True,3,True,1,False,0,False,0,True,3,True,1,False,0,False,0,True,3,False,0,False,0,False,0,True,3,False,0,False,0,False,0,0.8889855081531028,0.8296151238750497,0.5339081481830587,0.5339081481830587,0.12318889423357604,0.013377027064388721,0.013377027064388721,0.013377027064388721
129.0,0.9991811007990471,0.8004512128823882,True,6,True,3,True,1,False,0,True,5,True,2,True,1,False,0,True,4,True,2,False,0,False,0,True,3,False,0,False,0,False,0,True,3,False,0,False,0,False,0,True,2,False,0,False,0,False,0,True,1,False,0,False,0,False,0,True,1,False,0,False,0,False,0,True,1,False,0,False,0,False,0,False,0,False,0,False,0,False,0,False,0,False,0,False,0,False,0,0.522452327140314,0.522452327140314,0.23129088422504077,0.23129088422504077,0.19760662252649602,0.19760662252649602,0.0017420027742411975,0.0017420027742411975
31.0,0.9687081244726785,0.9999999939556263,True,8,True,2,False,0,False,0,True,6,True,1,False,0,False,0,True,3,False,0,False,0,False,0,True,2,False,0,False,0,False,0,True,2,False,0,False,0,False,0,True,2,False,0,False,0,False,0,True,1,False,0,False,0,False,0,True,1,False,0,False,0,False,0,False,0,False,0,False,0,False,0,False,0,False,0,False,0,False,0,False,0,False,0,False,0,False,0,0.4840212100984888,0.4840212100984888,0.17771151730197574,0.17771151730197574,0.01856163246563017,0.004266310011849529,0.004707917518704586,0.004266310011849529
98.0,0.9995533277085712,0.6771512963688454,True,5,True,3,False,1,False,0,True,4,True,2,False,0,False,0,True,3,True,2,False,0,False,0,True,3,False,1,False,0,False,0,True,2,False,0,False,0,False,0,True,2,False,0,False,0,False,0,True,2,False,0,False,0,False,0,True,2,False,0,False,0,False,0,False,1,False,0,False,0,False,0,False,1,False,0,False,0,False,0,False,0,False,0,False,0,False,0,0.5805699806653609,0.4632384692107562,0.2603537227559672,0.23232830993207673,0.12243294903811158,0.0007841254108378843,0.0012700159098156312,0.0007841254108378843
70.0,0.9851109236190382,0.8784763117263653,True,9,True,6,False,1,False,0,True,9,True,6,False,0,False,0,True,8,True,3,False,0,False,0,True,7,True,2,False,0,False,0,True,5,True,1,False,0,False,0,True,4,True,1,False,0,False,0,True,4,False,0,False,0,False,0,True,3,False,0,False,0,False,0,True,3,False,0,False,0,False,0,True,3,False,0,False,0,False,0,True,2,False,0,False,0,False,0,0.7804900651043558,0.7804900651043558,0.3742288213799508,0.3742288213799508,0.14842739301211125,0.002446429187043848,0.002446429187043848,0.002446429187043848
178.0,0.9999503697453967,0.43001578180041394,True,3,True,3,False,1,False,0,True,4,True,2,False,0,False,0,True,2,True,2,False,0,False,0,True,1,False,0,False,0,False,0,True,1,False,0,False,0,False,0,False,0,False,0,False,0,False,0,False,0,False,0,False,0,False,0,False,0,False,0,False,0,False,0,False,0,False,0,False,0,False,0,False,0,False,0,False,0,False,0,False,0,False,0,False,0,False,0,0.33275001667672827,0.33275001667672827,0.23345967952864946,0.20747576451225336,0.10427508002876311,0.06276103326697761,0.06276103326697761,0.06276103326697761
85.0,0.9973199662514268,0.7670319413068307,True,8,True,3,False,0,False,0,True,6,True,1,False,0,False,0,True,6,True,1,False,0,False,0,True,4,False,0,False,0,False,0,True,2,False,0,False,0,False,0,True,2,False,0,False,0,False,0,True,2,False,0,False,0,False,0,False,0,False,0,False,0,False,0,False,0,False,0,False,0,False,0,False,0,False,0,False,0,False,0,False,0,False,0,False,0,False,0,0.4455966099816539,0.4455966099816539,0.23169604147365705,0.23169604147365705,0.07477745944727289,0.07477745944727289,0.014679069259096837,0.0005658535339510996
36.0,0.9999503697453967,0.5556098022583155,True,5,True,3,True,1,False,0,True,4,True,2,True,1,False,0,True,4,False,0,False,0,False,0,True,4,False,0,False,0,False,0,True,2,False,0,False,0,False,0,True,1,False,0,False,0,False,0,True,1,False,0,False,0,False,0,True,1,False,0,False,0,False,0,False,0,False,0,False,0,False,0,False,0,False,0,False,0,False,0,False,0,False,0,False,0,False,0,0.4532394568328296,0.4532394568328296,0.1915258391731029,0.1915258391731029,0.1566246853518421,0.1566246853518421,0.0008958878192692947,0.0008958878192692947
35.0,0.9999007394907936,0.5831723059330637,True,8,True,3,True,1,False,0,True,6,False,1,False,0,False,0,True,3,False,0,False,0,False,0,False,2,False,0,False,0,False,0,False,2,False,0,False,0,False,0,False,1,False,0,False,0,False,0,False,1,False,0,False,0,False,0,False,0,False,0,False,0,False,0,False,0,False,0,False,0,False,0,False,0,False,0,False,0,False,0,False,0,False,0,False,0,False,0,0.4327315684660027,0.23606556103911322,0.15927253025246607,0.10648450549264825,0.10648450549264825,0.10648450549264825,0.001233288594026386,0.001233288594026386
33.0,1.0,0.6743839321445841,True,4,True,3,False,0,False,0,True,4,True,2,False,0,False,0,True,2,True,2,False,0,False,0,True,2,True,1,False,0,False,0,True,2,False,0,False,0,False,0,True,1,False,0,False,0,False,0,True,1,False,0,False,0,False,0,True,1,False,0,False,0,False,0,True,1,False,0,False,0,False,0,True,1,False,0,False,0,False,0,False,0,False,0,False,0,False,0,0.5765466325927862,0.5765466325927862,0.251370358687532,0.251370358687532,0.08961948469683188,0.08961948469683188,0.0036195343624846944,0.0006355889798469674
235.0,0.9999503697453967,0.7606027115483478,True,8,True,2,False,0,False,0,True,7,True,1,False,0,False,0,True,5,False,0,False,0,False,0,True,5,False,0,False,0,False,0,True,4,False,0,False,0,False,0,True,3,False,0,False,0,False,0,True,2,False,0,False,0,False,0,True,2,False,0,False,0,False,0,True,2,False,0,False,0,False,0,False,1,False,0,False,0,False,0,False,0,False,0,False,0,False,0,0.5717138313702138,0.5189510840860304,0.19428102011158502,0.19428102011158502,0.04812154650051666,0.04220362748744113,0.005054729158238129,0.005054729158238129
282.0,0.12717752742071567,1.0,False,1,False,1,False,1,False,1,False,1,False,1,False,1,False,1,False,1,False,1,False,1,False,1,False,1,False,1,False,1,False,1,False,1,False,1,False,1,False,1,False,1,False,1,False,1,False,1,False,1,False,1,False,1,False,1,False,1,False,1,False,1,False,1,False,1,False,1,False,1,False,0,False,1,False,1,False,1,False,0,False,1,False,1,False,1,False,0,1.0,0.0,1.0,0.0,1.0,0.0,0.49026969245676755,0.0
159.0,0.9997766638542855,1.3489261404028547,True,9,True,3,True,3,True,2,True,8,True,2,True,2,True,1,True,5,True,2,True,2,True,1,True,5,True,2,True,2,True,1,True,5,True,2,True,2,True,1,True,5,True,2,True,1,True,1,True,3,True,2,True,1,True,1,True,3,True,2,True,1,False,0,True,3,True,2,True,1,False,0,True,3,True,1,True,1,False,0,True,2,True,1,False,0,False,0,0.9780162213875834,0.9780162213875834,0.6869612360128209,0.6715981847051182,0.5681510086454918,0.5681510086454918,0.40697620753513264,0.40697620753513264
120.0,0.7525931808030175,0.5055763733324072,True,5,True,3,True,1,False,0,True,4,False,0,False,0,False,0,True,2,False,0,False,0,False,0,True,2,False,0,False,0,False,0,True,1,False,0,False,0,False,0,False,0,False,0,False,0,False,0,False,0,False,0,False,0,False,0,False,0,False,0,False,0,False,0,False,0,False,0,False,0,False,0,False,0,False,0,False,0,False,0,False,0,False,0,False,0,False,0,0.3420660628373712,0.3420660628373712,0.13753251911141448,0.13753251911141448,0.10543236976972331,0.10543236976972331,0.07660160017695572,0.07660160017695572
10.0,1.0,0.776728371220728,True,9,True,4,False,0,False,0,True,5,True,2,False,0,False,0,True,4,False,0,False,0,False,0,True,3,False,0,False,0,False,0,True,3,False,0,False,0,False,0,True,3,False,0,False,0,False,0,True,2,False,0,False,0,False,0,True,2,False,0,False,0,False,0,False,1,False,0,False,0,False,0,False,1,False,0,False,0,False,0,False,0,False,0,False,0,False,0,0.5721394001467623,0.4934793912076186,0.18465872209900308,0.18465872209900308,0.04105191066693798,0.0013441808373725952,0.0013441808373725952,0.0013441808373725952
200.0,0.9999503697453967,0.9775160956196297,True,9,True,4,True,3,False,1,True,9,True,3,True,3,False,1,True,6,True,3,False,2,False,0,True,5,True,3,False,2,False,0,True,4,True,3,False,1,False,0,True,4,True,3,False,1,False,0,True,4,True,3,False,0,False,0,True,4,False,2,False,0,False,0,True,4,False,1,False,0,False,0,True,3,False,1,False,0,False,0,False,1,False,1,False,0,False,0,0.7081719065740973,0.5826797537007837,0.6349919299415898,0.44155611840387876,0.35528829751646057,0.19682346298576245,0.18111356992915592,0.01015223848973714
82.0,0.9946151173755521,0.9953412576194551,True,10,True,4,True,1,False,0,True,6,True,3,True,1,False,0,True,5,True,2,True,1,False,0,True,4,True,2,True,1,False,0,True,4,False,1,False,0,False,0,True,3,False,1,False,0,False,0,False,2,False,1,False,0,False,0,False,2,False,0,False,0,False,0,False,1,False,0,False,0,False,0,False,1,False,0,False,0,False,0,False,1,False,0,False,0,False,0,0.6128457770875322,0.38354910858464636,0.42680910277228007,0.28218312899378345,0.27319115895771684,0.27319115895771684,0.006081071351034844,0.003103862897029967
163.0,0.9976177477790461,0.8779858188128831,True,11,True,3,False,1,False,1,True,9,True,3,False,1,False,0,True,8,True,2,False,0,False,0,True,4,False,0,False,0,False,0,True,4,False,0,False,0,False,0,True,3,False,0,False,0,False,0,True,3,False,0,False,0,False,0,True,1,False,0,False,0,False,0,False,0,False,0,False,0,False,0,False,0,False,0,False,0,False,0,False,0,False,0,False,0,False,0,0.49217392982770414,0.49217392982770414,0.24138896402463117,0.22906036440877758,0.16318522193984827,0.005141845404112917,0.11611773874430482,0.002102789234820902
157.0,0.7416745247903122,0.9127149518075981,True,12,True,3,False,0,False,0,True,10,True,3,False,0,False,0,True,8,True,1,False,0,False,0,True,7,True,1,False,0,False,0,True,5,False,0,False,0,False,0,True,4,False,0,False,0,False,0,True,4,False,0,False,0,False,0,True,3,False,0,False,0,False,0,True,3,False,0,False,0,False,0,True,2,False,0,False,0,False,0,True,2,False,0,False,0,False,0,0.7263454454276803,0.6278143060279983,0.29475275427835607,0.29475275427835607,0.0707146036899981,0.0005066504333258916,0.003553867956227431,0.0005066504333258916
76.0,0.9998759243634919,0.9440896426113443,True,10,True,4,False,0,False,0,True,9,False,2,False,0,False,0,True,6,False,1,False,0,False,0,True,4,False,0,False,0,False,0,True,4,False,0,False,0,False,0,True,3,False,0,False,0,False,0,True,3,False,0,False,0,False,0,True,2,False,0,False,0,False,0,True,2,False,0,False,0,False,0,False,1,False,0,False,0,False,0,False,1,False,0,False,0,False,0,0.7541098380747392,0.5454797078195048,0.20538458536380663,0.10365423427042149,0.05915996216566183,0.0073043336518922525,0.014287061369344262,0.0005298621784320887
67.0,1.0,0.5810303974001646,True,6,True,2,False,1,False,0,True,5,True,2,False,0,False,0,True,3,True,1,False,0,False,0,True,3,True,1,False,0,False,0,True,2,False,0,False,0,False,0,True,2,False,0,False,0,False,0,True,2,False,0,False,0,False,0,True,2,False,0,False,0,False,0,False,0,False,0,False,0,False,0,False,0,False,0,False,0,False,0,False,0,False,0,False,0,False,0,0.48633512962799114,0.48633512962799114,0.2724969986853052,0.2724969986853052,0.12308655695338729,0.030193362058410715,0.04597170763635371,0.005651877565948428
165.0,0.9988833192714278,0.6610272009262259,True,10,True,3,False,0,False,0,True,5,True,2,False,0,False,0,True,4,True,2,False,0,False,0,True,4,True,2,False,0,False,0,True,3,False,1,False,0,False,0,True,3,False,0,False,0,False,0,True,3,False,0,False,0,False,0,True,2,False,0,False,0,False,0,False,1,False,0,False,0,False,0,False,1,False,0,False,0,False,0,False,0,False,0,False,0,False,0,0.5583465426832458,0.48655009153516016,0.32571576856857815,0.2706266721184081,0.04838230132031915,0.04838230132031915,0.0013909934625156212,0.0013909934625156212
152.0,0.9925802769368207,1.225754014487214,True,10,True,7,False,2,False,1,True,10,True,6,False,2,False,1,True,9,True,5,False,1,False,1,True,9,True,4,False,1,False,1,True,8,True,4,False,1,False,1,True,6,True,2,False,1,False,1,True,4,False,1,False,1,False,0,True,4,False,1,False,1,False,0,True,4,False,1,False,1,False,0,True,4,False,1,False,1,False,0,True,3,False,1,False,1,False,0,0.8505330947612162,0.8505330947612162,0.7201553125205368,0.3744662594851466,0.7193118925394956,0.04339816205600265,0.3609538864925998,0.0022315160049231624
66.0,0.9998511092361904,0.5798524762686268,True,4,True,3,False,0,False,0,True,4,True,3,False,0,False,0,True,4,True,1,False,0,False,0,True,2,False,0,False,0,False,0,True,2,False,0,False,0,False,0,True,2,False,0,False,0,False,0,True,2,False,0,False,0,False,0,True,1,False,0,False,0,False,0,True,1,False,0,False,0,False,0,False,0,False,0,False,0,False,0,False,0,False,0,False,0,False,0,0.5158498678507559,0.5158498678507559,0.2218646393183608,0.2218646393183608,0.04590103286041314,0.04590103286041314,0.012158195593140672,0.006668711619921506
245.0,0.9960047645044419,0.9857795204492926,True,13,True,4,False,0,False,0,True,12,True,1,False,0,False,0,True,9,False,0,False,0,False,0,True,7,False,0,False,0,False,0,True,6,False,0,False,0,False,0,True,4,False,0,False,0,False,0,True,4,False,0,False,0,False,0,True,4,False,0,False,0,False,0,True,4,False,0,False,0,False,0,False,3,False,0,False,0,False,0,False,1,False,0,False,0,False,0,0.6849775277823625,0.505486536194754,0.17357730435699503,0.17357730435699503,0.06637116404743881,0.04990434630035322,0.038639331717776934,0.01810913275427107
95.0,1.0,0.7046637178353827,True,10,False,2,False,0,False,0,True,8,False,1,False,0,False,0,True,6,False,1,False,0,False,0,True,4,False,0,False,0,False,0,True,4,False,0,False,0,False,0,False,1,False,0,False,0,False,0,False,1,False,0,False,0,False,0,False,1,False,0,False,0,False,0,False,0,False,0,False,0,False,0,False,0,False,0,False,0,False,0,False,0,False,0,False,0,False,0,0.46329223816366394,0.3259128902021502,0.22507205282169565,0.08634683858852396,0.021523710246643832,0.021523710246643832,0.016800729118836177,0.00024943296642202764
