id_institution_subnet,ratio_active,max_rel_dev,t10p7_d,t10p7_n,t10p14_d,t10p14_n,t10p21_d,t10p21_n,t10p28_d,t10p28_n,t15p7_d,t15p7_n,t15p14_d,t15p14_n,t15p21_d,t15p21_n,t15p28_d,t15p28_n,t20p7_d,t20p7_n,t20p14_d,t20p14_n,t20p21_d,t20p21_n,t20p28_d,t20p28_n,t25p7_d,t25p7_n,t25p14_d,t25p14_n,t25p21_d,t25p21_n,t25p28_d,t25p28_n,t30p7_d,t30p7_n,t30p14_d,t30p14_n,t30p21_d,t30p21_n,t30p28_d,t30p28_n,t35p7_d,t35p7_n,t35p14_d,t35p14_n,t35p21_d,t35p21_n,t35p28_d,t35p28_n,t40p7_d,t40p7_n,t40p14_d,t40p14_n,t40p21_d,t40p21_n,t40p28_d,t40p28_n,t45p7_d,t45p7_n,t45p14_d,t45p14_n,t45p21_d,t45p21_n,t45p28_d,t45p28_n,t50p7_d,t50p7_n,t50p14_d,t50p14_n,t50p21_d,t50p21_n,t50p28_d,t50p28_n,t55p7_d,t55p7_n,t55p14_d,t55p14_n,t55p21_d,t55p21_n,t55p28_d,t55p28_n,t60p7_d,t60p7_n,t60p14_d,t60p14_n,t60p21_d,t60p21_n,t60p28_d,t60p28_n,S_p7,S_p7_test,S_p14,S_p14_test,S_p21,S_p21_test,S_p28,S_p28_test
526.0,0.0,0.0,False,0,False,0,False,0,False,0,False,0,False,0,False,0,False,0,False,0,False,0,False,0,False,0,False,0,False,0,False,0,False,0,False,0,False,0,False,0,False,0,False,0,False,0,False,0,False,0,False,0,False,0,False,0,False,0,False,0,False,0,False,0,False,0,False,0,False,0,False,0,False,0,False,0,False,0,False,0,False,0,False,0,False,0,False,0,False,0,0.0,0.0,0.0,0.0,0.0,0.0,0.0,0.0
200.0,1.0,0.5693713359835021,True,7,True,3,False,0,False,0,True,6,True,2,False,0,False,0,True,4,True,2,False,0,False,0,True,2,True,1,False,0,False,0,True,2,False,0,False,0,False,0,True,1,False,0,False,0,False,0,True,1,False,0,False,0,False,0,True,1,False,0,False,0,False,0,True,1,False,0,False,0,False,0,False,0,False,0,False,0,False,0,False,0,False,0,False,0,False,0,0.5214804742655229,0.5214804742655229,0.27643363832147894,0.27643363832147894,0.038799657591458314,0.009789596464258258,0.01831299127826842,0.0004274111655112751
354.0,0.9991811007990471,0.8004512128823882,True,6,True,3,True,1,False,0,True,5,True,2,True,1,False,0,True,4,True,2,False,0,False,0,True,3,False,0,False,0,False,0,True,3,False,0,False,0,False,0,True,2,False,0,False,0,False,0,True,1,False,0,False,0,False,0,True,1,False,0,False,0,False,0,True,1,False,0,False,0,False,0,False,0,False,0,False,0,False,0,False,0,False,0,False,0,False,0,0.522452327140314,0.522452327140314,0.23129088422504077,0.23129088422504077,0.19760662252649602,0.19760662252649602,0.0017420027742411975,0.0017420027742411975
246.0,0.9999255546180952,0.5604819922406474,True,5,True,4,False,0,False,0,True,5,True,2,False,0,False,0,True,2,True,2,False,0,False,0,True,2,False,0,False,0,False,0,True,1,False,0,False,0,False,0,True,1,False,0,False,0,False,0,True,1,False,0,False,0,False,0,True,1,False,0,False,0,False,0,False,0,False,0,False,0,False,0,False,0,False,0,False,0,False,0,False,0,False,0,False,0,False,0,0.47421386738792826,0.47421386738792826,0.23790756927282672,0.23790756927282672,0.09996550896916596,0.09996550896916596,0.0005099277276469338,0.0005099277276469338
101.0,0.8514070177180009,1.0,True,6,True,3,True,1,True,1,True,3,True,1,True,1,True,1,True,2,True,1,True,1,True,1,True,1,True,1,True,1,True,1,True,1,True,1,True,1,True,1,True,1,True,1,True,1,True,1,True,1,True,1,True,1,True,1,True,1,True,1,True,1,True,1,True,1,True,1,True,1,True,1,True,1,True,1,True,1,True,1,True,1,True,1,True,1,True,1,1.0,1.0,1.0,1.0,1.0,1.0,0.7819959698703727,0.7819959698703727
339.0,0.5595314903965457,0.9756393401911294,True,9,True,7,True,2,True,1,True,10,True,6,True,1,True,1,True,8,True,4,True,1,False,0,True,7,True,3,False,0,False,0,True,6,True,3,False,0,False,0,True,7,True,1,False,0,False,0,True,5,True,1,False,0,False,0,True,1,True,1,False,0,False,0,True,1,True,1,False,0,False,0,True,1,True,1,False,0,False,0,True,1,True,1,False,0,False,0,0.9491040864630728,0.9491040864630728,0.6291105085590657,0.6291105085590657,0.2348294841376167,0.2348294841376167,0.17249169588056898,0.17249169588056898
106.0,1.0,0.3776033428870026,True,4,True,2,False,0,False,0,True,1,False,0,False,0,False,0,True,1,False,0,False,0,False,0,True,1,False,0,False,0,False,0,False,0,False,0,False,0,False,0,False,0,False,0,False,0,False,0,False,0,False,0,False,0,False,0,False,0,False,0,False,0,False,0,False,0,False,0,False,0,False,0,False,0,False,0,False,0,False,0,False,0,False,0,False,0,False,0,0.29490648071498304,0.29490648071498304,0.123332386690496,0.123332386690496,0.08907105483028988,0.031155967637046027,0.031155967637046027,0.031155967637046027
183.0,0.19028239614869225,3.053217805916341,True,8,True,3,True,3,True,1,True,7,True,4,True,3,True,1,True,5,True,4,True,3,True,1,True,5,True,4,True,3,True,1,True,5,True,4,True,3,True,1,True,5,True,3,True,3,True,1,True,5,True,3,True,1,False,0,True,5,True,3,True,1,False,0,True,5,True,3,False,0,False,0,True,4,True,3,False,0,False,0,True,3,True,2,False,0,False,0,2.32304016483117,2.32304016483117,1.2328162054128868,1.2328162054128868,0.49906130761684875,0.49906130761684875,0.38344945868760283,0.38344945868760283
80.0,0.9982381259615862,2.5366452421755943,True,11,True,6,False,3,False,1,True,13,True,6,False,1,False,0,True,13,True,6,False,1,False,0,True,13,True,4,False,0,False,0,True,12,True,4,False,0,False,0,True,11,True,4,False,0,False,0,True,10,False,3,False,0,False,0,True,10,False,3,False,0,False,0,True,10,False,2,False,0,False,0,True,10,False,2,False,0,False,0,True,8,False,1,False,0,False,0,1.8195741152436455,0.8567651210806101,0.6686422717301365,0.3845729791528396,0.22242896280600657,0.0467278571676898,0.14522416011866066,0.04270999595400672
201.0,0.9801230830314159,2.0022492661880666,True,10,True,5,True,2,True,2,True,10,True,5,True,2,True,2,True,10,True,5,True,2,True,2,True,10,True,5,True,2,True,1,True,10,True,3,True,2,True,1,True,10,True,2,True,1,True,1,True,10,True,3,False,0,False,0,True,9,True,3,False,0,False,0,True,8,True,2,False,0,False,0,True,6,True,1,False,0,False,0,True,5,True,1,False,0,False,0,1.0782926295486455,0.7404794178161281,0.6198492601221941,0.6198492601221941,0.3985635985466742,0.3985635985466742,0.3985635985466742,0.3985635985466742
340.0,0.9962281006501563,0.9636501983066147,True,8,True,2,False,0,False,0,True,7,True,2,False,0,False,0,True,6,False,1,False,0,False,0,True,5,False,0,False,0,False,0,True,4,False,0,False,0,False,0,True,3,False,0,False,0,False,0,True,3,False,0,False,0,False,0,True,2,False,0,False,0,False,0,True,2,False,0,False,0,False,0,True,2,False,0,False,0,False,0,True,2,False,0,False,0,False,0,0.75586711594725,0.75586711594725,0.22645507187874148,0.15159476000715574,0.09521843444333128,0.000835137566548953,0.0010534927048678352,0.000835137566548953
248.0,0.9998014789815872,2.802486379550139,True,8,True,4,True,2,True,2,True,7,True,4,True,2,False,1,True,6,True,4,True,2,False,1,True,6,True,4,True,2,False,1,True,6,True,3,True,2,False,1,True,7,True,4,True,2,False,0,True,7,True,4,True,2,False,0,True,7,True,4,True,2,False,0,True,7,True,4,True,2,False,0,True,7,True,4,True,2,False,0,True,7,True,4,False,0,False,0,1.890415581480718,0.9605413006515425,1.0683087793561183,0.6423781612661136,0.5995301003914225,0.5995301003914225,0.30037957662307363,0.14602333462815134
48.0,0.9995533277085712,3.3433309209056814,True,9,True,4,True,3,True,2,True,10,True,5,True,3,False,1,True,10,True,6,True,4,False,1,True,11,True,4,False,1,False,1,True,10,True,4,False,1,False,1,True,9,True,4,False,1,False,0,True,8,True,4,False,1,False,0,True,8,True,3,False,1,False,0,True,8,True,3,False,1,False,0,True,8,True,3,False,1,False,0,True,8,True,3,False,1,False,0,2.9580172417522306,0.8802934443747441,0.9561875330455605,0.7642780519319115,0.9321870926726931,0.22205494975913845,0.34965318667227197,0.10627330158491233
110.0,0.8905652885999306,2.9984551174125214,True,10,True,6,True,3,True,3,True,9,True,5,True,3,True,3,True,9,True,4,True,3,True,3,True,9,True,3,True,3,True,2,True,9,True,3,True,3,False,0,True,7,True,3,True,2,False,0,True,6,True,3,False,1,False,0,True,5,True,3,False,0,False,0,True,5,True,3,False,0,False,0,True,5,True,2,False,0,False,0,True,5,False,1,False,0,False,0,2.5938603338024793,0.6273584576642869,0.755963210169066,0.5844708197549936,0.4426144915248992,0.35173943154289583,0.26155036242974794,0.26155036242974794
308.0,0.9577646533326716,2.916931825813714,True,10,True,7,True,6,False,2,True,13,True,7,True,6,False,0,True,13,True,7,True,6,False,0,True,14,True,7,True,5,False,0,True,14,True,7,True,4,False,0,True,14,True,7,True,4,False,0,True,14,True,6,True,4,False,0,True,13,True,6,True,3,False,0,True,12,True,6,True,3,False,0,True,11,True,5,True,3,False,0,True,11,True,5,True,3,False,0,1.9443686315020836,1.183266763306512,0.9734394711177548,0.922271466593122,0.94220943575707,0.6944889556149421,0.13753629905109477,0.03823825220694594
314.0,0.9362251228348801,0.935211998875278,True,9,True,5,False,1,False,0,True,9,True,3,False,1,False,0,True,8,True,2,False,0,False,0,True,7,True,1,False,0,False,0,True,4,True,1,False,0,False,0,True,2,False,0,False,0,False,0,True,2,False,0,False,0,False,0,True,2,False,0,False,0,False,0,True,2,False,0,False,0,False,0,True,2,False,0,False,0,False,0,True,2,False,0,False,0,False,0,0.8004851476800787,0.8004851476800787,0.34336738552371426,0.34336738552371426,0.16716018496179208,0.05149098076813213,0.03693200396958802,0.0007588381876464632
206.0,1.0,0.7352934971865969,True,7,True,3,True,1,False,0,True,7,True,2,False,0,False,0,True,4,False,1,False,0,False,0,True,3,False,1,False,0,False,0,True,3,False,0,False,0,False,0,True,2,False,0,False,0,False,0,True,2,False,0,False,0,False,0,False,0,False,0,False,0,False,0,False,0,False,0,False,0,False,0,False,0,False,0,False,0,False,0,False,0,False,0,False,0,False,0,0.4263564151964918,0.41970414787308463,0.2561259221354388,0.18094186761971895,0.10187433340828303,0.10187433340828303,0.0684852847419828,0.0684852847419828
332.0,0.9729763263685542,1.0939744465531545,True,12,True,4,False,0,False,0,True,11,True,3,False,0,False,0,True,9,True,2,False,0,False,0,True,8,False,0,False,0,False,0,True,7,False,0,False,0,False,0,True,6,False,0,False,0,False,0,True,4,False,0,False,0,False,0,True,4,False,0,False,0,False,0,True,4,False,0,False,0,False,0,True,2,False,0,False,0,False,0,True,2,False,0,False,0,False,0,0.936621860049663,0.936621860049663,0.24727153880546954,0.24727153880546954,0.0316547763858997,0.0021864012937536843,0.031109613470316995,0.0021864012937536843
468.0,0.9267457442056678,1.0523013837461948,True,11,True,4,False,0,False,0,True,10,True,4,False,0,False,0,True,9,True,4,False,0,False,0,True,9,True,3,False,0,False,0,True,8,True,1,False,0,False,0,True,6,False,0,False,0,False,0,True,4,False,0,False,0,False,0,True,3,False,0,False,0,False,0,True,3,False,0,False,0,False,0,True,2,False,0,False,0,False,0,True,2,False,0,False,0,False,0,0.8214016567157585,0.8214016567157585,0.3243765396911272,0.3243765396911272,0.05563893065190415,0.05266033671583067,0.003214557779042065,0.0010985225352327659
464.0,0.9999503697453967,0.5737465443924805,True,4,True,3,False,1,False,0,True,5,True,1,False,0,False,0,True,3,True,1,False,0,False,0,True,2,True,1,False,0,False,0,True,1,False,0,False,0,False,0,True,1,False,0,False,0,False,0,True,1,False,0,False,0,False,0,True,1,False,0,False,0,False,0,False,0,False,0,False,0,False,0,False,0,False,0,False,0,False,0,False,0,False,0,False,0,False,0,0.4524150779742857,0.4524150779742857,0.2992990255439167,0.2992990255439167,0.12216324308520149,0.039737065532070945,0.010971584528324052,0.0017256771032359355
247.0,0.9999503697453967,1.9667674742646775,True,7,True,5,True,4,True,4,True,8,True,5,True,3,True,2,True,8,True,5,True,3,True,2,True,8,True,4,True,3,True,2,True,9,True,5,True,3,True,1,True,8,True,4,True,3,True,1,True,8,True,4,True,2,False,0,True,7,True,2,False,1,False,0,True,5,False,1,False,1,False,0,True,5,False,1,False,1,False,0,True,5,False,1,False,0,False,0,1.287097231311208,1.287097231311208,0.7684310932081236,0.4989262333379117,0.5953575777099663,0.4109951552905457,0.3920407994242123,0.3920407994242123
331.0,0.9914635962082485,0.8567243582737738,True,12,True,4,False,0,False,0,True,8,True,2,False,0,False,0,True,7,True,1,False,0,False,0,True,5,True,1,False,0,False,0,True,2,False,0,False,0,False,0,True,1,False,0,False,0,False,0,True,1,False,0,False,0,False,0,False,0,False,0,False,0,False,0,False,0,False,0,False,0,False,0,False,0,False,0,False,0,False,0,False,0,False,0,False,0,False,0,0.41314020120641953,0.41314020120641953,0.2615128780061476,0.2615128780061476,0.059336539127921625,0.059336539127921625,0.0009946376434080975,0.00046848484745135174
69.0,0.08638145813688024,2.3788619786625564,True,11,True,8,True,3,True,2,True,11,True,6,True,2,True,1,True,11,True,6,True,2,True,1,True,11,True,4,True,1,True,1,True,10,True,2,True,1,True,1,True,10,True,1,True,1,False,0,True,9,True,1,True,1,False,0,True,5,True,1,True,1,False,0,True,4,True,1,True,1,False,0,True,5,True,1,False,0,False,0,True,4,True,1,False,0,False,0,1.7278539973920355,1.7278539973920355,1.0631409111142676,1.0631409111142676,0.5239336619270824,0.5239336619270824,0.33110716968449017,0.33110716968449017
499.0,0.8845600277929426,2.366861570472039,True,11,True,5,True,2,True,2,True,9,True,4,True,2,True,2,True,8,True,4,True,2,True,1,True,8,True,2,True,1,True,1,True,7,True,1,True,1,True,1,True,7,True,1,True,1,True,1,True,6,True,1,True,1,True,1,True,5,True,2,False,0,False,0,True,5,True,2,False,0,False,0,True,5,True,2,False,0,False,0,True,3,True,2,False,0,False,0,1.215096492360406,1.0829563390754557,0.7183488514095318,0.7183488514095318,0.43063081191790115,0.43063081191790115,0.43063081191790115,0.43063081191790115
38.0,1.0,3.311640780560279,True,13,True,7,True,4,False,1,True,13,True,7,True,3,False,1,True,13,True,7,True,3,False,1,True,13,True,6,True,3,False,1,True,13,True,6,True,2,False,1,True,13,True,6,True,2,False,1,True,13,True,6,True,2,False,1,True,12,True,6,True,2,False,1,True,11,True,6,True,2,False,1,True,10,True,6,True,2,False,1,True,9,True,6,True,2,False,1,2.868315675666765,0.9768416075471522,1.223827170529659,0.9271512465690378,0.9352044793521047,0.9256378897914828,0.6998790959119957,0.02852875421722554
27.0,0.9923569407911063,2.2473547513555228,True,12,False,5,False,3,False,2,True,14,False,5,False,2,False,0,True,11,False,5,False,2,False,0,True,10,False,4,False,0,False,0,True,9,False,4,False,0,False,0,True,9,False,4,False,0,False,0,True,8,False,4,False,0,False,0,True,7,False,2,False,0,False,0,True,5,False,1,False,0,False,0,False,4,False,1,False,0,False,0,False,4,False,0,False,0,False,0,1.5998190744176177,0.5384461986081611,0.579631431523628,0.09104784324339836,0.22445383067105054,0.09104784324339836,0.13366562739615906,0.07375702256946352
232.0,0.0,0.0,False,0,False,0,False,0,False,0,False,0,False,0,False,0,False,0,False,0,False,0,False,0,False,0,False,0,False,0,False,0,False,0,False,0,False,0,False,0,False,0,False,0,False,0,False,0,False,0,False,0,False,0,False,0,False,0,False,0,False,0,False,0,False,0,False,0,False,0,False,0,False,0,False,0,False,0,False,0,False,0,False,0,False,0,False,0,False,0,0.0,0.0,0.0,0.0,0.0,0.0,0.0,0.0
50.0,0.9869224279120552,2.032272033943742,True,13,True,4,True,2,False,0,True,10,True,1,True,1,False,0,True,9,True,1,True,1,False,0,True,8,True,1,True,1,False,0,True,8,True,1,False,0,False,0,True,8,True,1,False,0,False,0,True,8,False,0,False,0,False,0,True,7,False,0,False,0,False,0,True,6,False,0,False,0,False,0,True,4,False,0,False,0,False,0,False,1,False,0,False,0,False,0,1.2571257955186628,0.5907450266215696,0.3772620663262262,0.3772620663262262,0.28893751502207293,0.28893751502207293,0.08166299621879801,0.05836432449001028
345.0,1.0,0.5153575550306712,True,6,True,3,False,1,False,0,True,2,True,2,False,0,False,0,True,2,True,2,False,0,False,0,True,2,True,2,False,0,False,0,True,2,True,1,False,0,False,0,False,1,False,0,False,0,False,0,False,0,False,0,False,0,False,0,False,0,False,0,False,0,False,0,False,0,False,0,False,0,False,0,False,0,False,0,False,0,False,0,False,0,False,0,False,0,False,0,0.3865077527111287,0.3271021287074945,0.30912055689057044,0.30912055689057044,0.10728455293539767,0.054868631241908744,0.004388752263772519,0.00218378934513203
282.0,0.9820834780882426,1.2965670203671864,True,9,True,5,True,2,False,0,True,5,True,4,True,2,False,0,True,5,True,2,False,1,False,0,True,3,True,2,False,1,False,0,True,4,True,1,False,0,False,0,True,4,True,1,False,0,False,0,True,4,True,1,False,0,False,0,True,2,True,1,False,0,False,0,True,2,True,1,False,0,False,0,True,2,False,0,False,0,False,0,True,2,False,0,False,0,False,0,0.882816196272109,0.7123372199489738,0.530823777265554,0.530823777265554,0.2956644848302003,0.19673053063539936,0.07389090508289857,0.00026145897863953915
185.0,0.561888927490198,0.6827980805167791,True,10,True,4,False,1,False,0,True,7,True,3,False,1,False,0,True,4,False,1,False,1,False,0,True,4,False,1,False,1,False,0,False,2,False,1,False,1,False,0,False,2,False,1,False,1,False,0,False,1,False,0,False,0,False,0,False,0,False,0,False,0,False,0,False,0,False,0,False,0,False,0,False,0,False,0,False,0,False,0,False,0,False,0,False,0,False,0,0.4185094268027305,0.2615515961948443,0.3768520819748104,0.17749476847876125,0.3768520819748104,0.07314002133426607,0.05211267241672626,0.00039250724330806846
477.0,0.163854285572485,1.2615810298693453,True,10,True,4,False,1,False,0,True,6,True,3,False,1,False,0,True,6,True,2,False,1,False,0,True,4,True,2,False,0,False,0,True,3,True,2,False,0,False,0,True,3,True,2,False,0,False,0,True,3,True,2,False,0,False,0,True,3,True,2,False,0,False,0,True,3,True,2,False,0,False,0,True,3,True,1,False,0,False,0,True,3,False,0,False,0,False,0,0.9051510364191607,0.9051510364191607,0.5809042292526929,0.5809042292526929,0.20517071915011212,0.05834766353298559,0.06336487427944165,0.018941841956959412
137.0,0.967616258871408,1.903257187662028,True,8,True,6,False,3,False,1,True,7,True,4,False,2,False,1,True,6,True,4,False,2,False,1,True,4,False,2,False,2,False,1,True,3,False,2,False,2,False,1,True,3,False,2,False,1,False,1,True,3,False,2,False,1,False,1,False,2,False,2,False,1,False,1,False,3,False,2,False,0,False,0,False,3,False,2,False,0,False,0,False,2,False,1,False,0,False,0,1.3323189913168667,0.4230649168088089,0.7460149457183831,0.24306532669400419,0.49977905749397666,0.028399396795279454,0.49977905749397666,0.0004339565306224176
385.0,0.9999503697453967,0.8873158905040519,True,11,True,5,True,1,False,0,True,9,True,3,True,1,False,0,True,7,True,1,True,1,False,0,True,5,True,1,True,1,False,0,True,4,True,1,False,0,False,0,True,4,True,1,False,0,False,0,True,2,True,1,False,0,False,0,True,2,True,1,False,0,False,0,True,2,True,1,False,0,False,0,True,1,True,1,False,0,False,0,True,1,True,1,False,0,False,0,0.7980350302676023,0.7980350302676023,0.6706859632948048,0.6706859632948048,0.2500817521556288,0.2500817521556288,0.0011017108969908068,0.0004893455131018602
87.0,0.9978410839247606,3.3259175599896023,True,8,True,4,True,4,True,4,True,8,True,4,True,4,False,3,True,8,True,4,True,4,False,3,True,8,True,4,True,4,False,2,True,7,True,4,True,4,False,2,True,8,True,4,True,4,False,2,True,8,True,4,True,4,False,2,True,8,True,4,True,4,False,2,True,9,True,4,True,4,False,2,True,10,True,4,True,4,False,2,True,11,True,3,True,3,False,1,3.101735490914814,3.101735490914814,0.9539901086738798,0.7974383536583817,0.9436183580378149,0.6344294044337279,0.9436183580378149,0.14901018560462784
81.0,0.9334458285771006,0.9474321062696952,True,4,True,3,True,1,False,0,True,4,True,2,False,0,False,0,True,3,True,2,False,0,False,0,True,3,False,0,False,0,False,0,True,3,False,0,False,0,False,0,True,3,False,0,False,0,False,0,True,1,False,0,False,0,False,0,False,0,False,0,False,0,False,0,False,0,False,0,False,0,False,0,False,0,False,0,False,0,False,0,False,0,False,0,False,0,False,0,0.4311076380911893,0.4311076380911893,0.23895074595552496,0.23895074595552496,0.10563259917748635,0.10563259917748635,0.016385706992424295,0.016385706992424295
285.0,0.9934488063923768,0.6204864440399968,True,6,True,2,False,0,False,0,True,3,True,2,False,0,False,0,True,3,True,1,False,0,False,0,True,2,False,0,False,0,False,0,True,2,False,0,False,0,False,0,True,2,False,0,False,0,False,0,True,1,False,0,False,0,False,0,True,1,False,0,False,0,False,0,True,1,False,0,False,0,False,0,False,0,False,0,False,0,False,0,False,0,False,0,False,0,False,0,0.5014410615367482,0.5014410615367482,0.20224753147270882,0.20224753147270882,0.02481458830655011,0.02481458830655011,0.02481458830655011,0.02481458830655011
86.0,0.9745644945158569,2.101140383101396,True,5,True,2,True,2,True,1,True,5,True,2,True,2,True,1,True,2,True,2,True,2,True,1,True,2,True,2,True,2,True,1,True,2,True,2,True,2,True,1,True,2,True,2,True,2,True,1,True,2,True,2,True,1,False,0,True,2,True,2,True,1,False,0,True,2,True,2,True,1,False,0,True,2,True,2,True,1,False,0,True,2,True,2,True,1,False,0,1.4877002499943484,0.8995535830068068,0.8209638701722165,0.8209638701722165,0.6521499144421127,0.6521499144421127,0.3945192190950723,0.3945192190950723
431.0,0.5239465978460469,0.6875393579452113,True,8,True,3,False,1,False,0,True,6,True,2,False,0,False,0,True,4,True,1,False,0,False,0,True,4,False,0,False,0,False,0,True,2,False,0,False,0,False,0,False,1,False,0,False,0,False,0,False,0,False,0,False,0,False,0,False,0,False,0,False,0,False,0,False,0,False,0,False,0,False,0,False,0,False,0,False,0,False,0,False,0,False,0,False,0,False,0,0.3858177949424479,0.3274405075061074,0.21652610137429273,0.21652610137429273,0.10002685185011531,0.08610506518297528,0.07292304165379208,0.014192850003707791
66.0,0.9928036130825351,3.395723382150707,True,9,True,4,True,1,False,0,True,8,True,2,True,1,False,0,True,3,True,2,True,1,False,0,True,3,True,2,True,1,False,0,True,3,True,2,True,1,False,0,True,2,True,2,True,1,False,0,True,2,True,2,True,1,False,0,True,2,True,2,True,1,False,0,True,2,True,2,True,1,False,0,True,2,True,2,False,0,False,0,True,2,True,2,False,0,False,0,3.095707098062857,0.7196420277460299,1.643702134251609,0.6304820003658741,0.5043329571673084,0.5043329571673084,0.02140082178999332,0.02140082178999332
533.0,0.7355948186014194,1.5474249141579999,True,9,True,5,True,4,False,1,True,9,True,6,True,3,False,0,True,9,True,5,True,2,False,0,True,8,True,5,True,2,False,0,True,8,True,4,True,2,False,0,True,8,True,3,True,2,False,0,True,7,True,2,True,1,False,0,True,7,True,2,True,1,False,0,True,7,True,2,True,1,False,0,True,5,True,2,True,1,False,0,True,5,True,2,True,1,False,0,0.895187396522938,0.8509441907828939,0.6425058900868893,0.6303007918226756,0.6303007918226756,0.6303007918226756,0.12134166263363054,0.0919680048953907
111.0,0.28606878753288006,2.647077249005729,True,14,True,5,False,2,False,0,True,14,True,4,False,2,False,0,True,13,True,4,False,2,False,0,True,12,True,4,False,2,False,0,True,10,True,4,False,1,False,0,True,10,True,4,False,1,False,0,True,9,True,3,False,1,False,0,True,8,True,2,False,1,False,0,True,6,False,0,False,0,False,0,False,4,False,0,False,0,False,0,False,3,False,0,False,0,False,0,1.4560859215667792,0.5056170176974685,0.4997927509193435,0.4997927509193435,0.46019903683252417,0.07692167913514414,0.040318309024876854,0.0072859694176578725
346.0,0.9991811007990471,0.9076668281836772,True,9,True,5,False,2,False,0,True,9,True,5,False,1,False,0,True,9,False,1,False,0,False,0,True,6,False,0,False,0,False,0,True,4,False,0,False,0,False,0,True,2,False,0,False,0,False,0,False,1,False,0,False,0,False,0,False,1,False,0,False,0,False,0,False,1,False,0,False,0,False,0,False,1,False,0,False,0,False,0,False,1,False,0,False,0,False,0,0.7069584048226595,0.3883681003683193,0.22071262967144284,0.17804523545034837,0.15463184337654493,0.06118668478429084,0.02000613975067485,0.005902878204781615
365.0,0.962678048538389,2.9463183415144094,True,10,True,5,True,1,False,0,True,8,True,4,True,1,False,0,True,8,True,3,False,0,False,0,True,7,True,2,False,0,False,0,True,7,True,2,False,0,False,0,True,6,True,2,False,0,False,0,True,4,True,1,False,0,False,0,True,3,True,1,False,0,False,0,True,3,True,1,False,0,False,0,True,3,True,1,False,0,False,0,True,3,True,1,False,0,False,0,1.8199819401410957,1.8199819401410957,0.6206548855164689,0.6206548855164689,0.17017860917221908,0.17017860917221908,0.08022120416947491,0.08022120416947491
362.0,1.0,0.5580030524189219,True,6,True,2,True,1,False,0,True,4,True,2,False,0,False,0,True,3,True,1,False,0,False,0,True,3,True,1,False,0,False,0,True,3,False,0,False,0,False,0,True,2,False,0,False,0,False,0,False,0,False,0,False,0,False,0,False,0,False,0,False,0,False,0,False,0,False,0,False,0,False,0,False,0,False,0,False,0,False,0,False,0,False,0,False,0,False,0,0.37390834443539517,0.37390834443539517,0.2912382140287712,0.2912382140287712,0.12764366016693995,0.12764366016693995,0.0009883676592662037,0.0009883676592662037
544.0,0.6636805796813737,0.7120428689870508,True,9,True,4,True,2,False,0,True,8,True,3,True,1,False,0,True,6,True,3,False,0,False,0,True,5,True,1,False,0,False,0,True,3,False,0,False,0,False,0,True,1,False,0,False,0,False,0,False,0,False,0,False,0,False,0,False,0,False,0,False,0,False,0,False,0,False,0,False,0,False,0,False,0,False,0,False,0,False,0,False,0,False,0,False,0,False,0,0.35280091243761613,0.35280091243761613,0.26663187303887337,0.26663187303887337,0.172623537268743,0.172623537268743,0.025580422966418177,0.00039590584843520116
420.0,0.9981388654523797,1.3870585376533224,True,8,True,3,True,2,True,1,True,7,True,3,True,2,True,1,True,6,True,3,True,2,True,1,True,6,True,3,True,2,True,1,True,7,False,2,False,0,False,0,True,6,False,0,False,0,False,0,True,5,False,0,False,0,False,0,True,4,False,0,False,0,False,0,True,2,False,0,False,0,False,0,True,2,False,0,False,0,False,0,False,1,False,0,False,0,False,0,0.6967945173810692,0.581321736995807,0.3490164703373544,0.29907624653390225,0.29907624653390225,0.29907624653390225,0.26832601077182566,0.26832601077182566
21.0,0.9480867536850464,0.4663780606445009,True,4,True,2,False,1,False,0,True,2,True,1,False,0,False,0,True,2,False,0,False,0,False,0,True,1,False,0,False,0,False,0,True,1,False,0,False,0,False,0,True,1,False,0,False,0,False,0,False,0,False,0,False,0,False,0,False,0,False,0,False,0,False,0,False,0,False,0,False,0,False,0,False,0,False,0,False,0,False,0,False,0,False,0,False,0,False,0,0.39082534974836103,0.39082534974836103,0.1918433886769438,0.1918433886769438,0.10243256332473034,0.0013147788618608884,0.0013147788618608884,0.0013147788618608884
512.0,0.9353565933793241,1.0078313880109409,True,9,False,3,False,0,False,0,True,7,False,3,False,0,False,0,True,5,False,1,False,0,False,0,True,5,False,1,False,0,False,0,True,4,False,1,False,0,False,0,True,4,False,0,False,0,False,0,True,3,False,0,False,0,False,0,True,2,False,0,False,0,False,0,False,1,False,0,False,0,False,0,False,1,False,0,False,0,False,0,False,1,False,0,False,0,False,0,0.7300656450744164,0.4650319050512296,0.34692813717025855,0.09493225700005015,0.03351710813583665,0.0022152871355289798,0.021743968125854416,0.002041907057602395
316.0,1.0,0.6681623274389678,True,9,True,3,True,1,False,0,True,4,True,2,True,1,False,0,True,4,True,2,False,0,False,0,True,3,True,2,False,0,False,0,True,3,True,1,False,0,False,0,True,3,True,1,False,0,False,0,True,2,False,0,False,0,False,0,True,1,False,0,False,0,False,0,True,1,False,0,False,0,False,0,True,1,False,0,False,0,False,0,False,0,False,0,False,0,False,0,0.5976553994975272,0.5976553994975272,0.3629612333644126,0.3629612333644126,0.1660540418223746,0.1660540418223746,0.006809976712813366,0.0023590351588337675
213.0,0.820015881681473,1.145117155763306,True,10,True,5,True,1,False,0,True,8,True,1,True,1,False,0,True,6,True,1,False,0,False,0,True,5,True,1,False,0,False,0,True,4,True,1,False,0,False,0,True,4,False,0,False,0,False,0,True,4,False,0,False,0,False,0,True,4,False,0,False,0,False,0,True,3,False,0,False,0,False,0,True,2,False,0,False,0,False,0,True,1,False,0,False,0,False,0,0.6089876027035813,0.6089876027035813,0.3288248221363117,0.3288248221363117,0.18430955466364715,0.18430955466364715,0.09398119668618175,0.09285254033069582
327.0,0.9673432924710904,0.5790277175924792,True,5,True,2,True,1,False,0,True,3,True,2,True,1,False,0,True,2,True,2,True,1,False,0,True,2,True,1,False,0,False,0,True,2,False,0,False,0,False,0,True,1,False,0,False,0,False,0,True,1,False,0,False,0,False,0,True,1,False,0,False,0,False,0,False,0,False,0,False,0,False,0,False,0,False,0,False,0,False,0,False,0,False,0,False,0,False,0,0.486847423318129,0.486847423318129,0.2545740176666951,0.2545740176666951,0.20492641835622424,0.20492641835622424,0.027390522273942043,0.027390522273942043
147.0,0.9992307310536503,1.3025403739577,True,9,True,4,True,1,False,0,True,7,True,3,True,1,False,0,True,5,True,2,False,0,False,0,True,5,True,2,False,0,False,0,True,4,True,2,False,0,False,0,True,3,True,2,False,0,False,0,True,2,True,2,False,0,False,0,True,2,True,2,False,0,False,0,True,2,True,1,False,0,False,0,True,2,False,0,False,0,False,0,True,2,False,0,False,0,False,0,0.9215160804983207,0.9215160804983207,0.5331983918748674,0.5331983918748674,0.1916081207077485,0.1916081207077485,0.0017057010398851833,0.0017057010398851833
181.0,1.0,0.7376725517208416,True,7,True,3,False,0,False,0,True,5,True,2,False,0,False,0,True,4,True,2,False,0,False,0,True,4,False,0,False,0,False,0,True,3,False,0,False,0,False,0,True,3,False,0,False,0,False,0,True,3,False,0,False,0,False,0,False,1,False,0,False,0,False,0,False,1,False,0,False,0,False,0,False,0,False,0,False,0,False,0,False,0,False,0,False,0,False,0,0.5304935394642882,0.44439464546606205,0.21709056186098058,0.21709056186098058,0.05817994366376966,0.05817994366376966,0.01525506750776477,0.0005095263433644638
495.0,0.9994540671993647,0.8257161634265202,True,8,True,2,True,1,False,0,True,3,True,2,True,1,False,0,True,2,True,2,True,1,False,0,True,2,True,2,True,1,False,0,True,2,True,2,False,0,False,0,True,2,True,1,False,0,False,0,True,2,True,1,False,0,False,0,True,2,False,0,False,0,False,0,True,2,False,0,False,0,False,0,True,2,False,0,False,0,False,0,True,2,False,0,False,0,False,0,0.6308306117532445,0.6308306117532445,0.44627469250441026,0.44627469250441026,0.2759491083510645,0.2759491083510645,0.03416728946300249,0.03416728946300249
275.0,0.9613876619187056,0.6756216995824459,True,7,True,4,False,2,False,0,True,4,True,2,False,0,False,0,True,2,True,2,False,0,False,0,True,2,True,2,False,0,False,0,True,2,True,1,False,0,False,0,True,3,False,0,False,0,False,0,True,3,False,0,False,0,False,0,True,2,False,0,False,0,False,0,True,1,False,0,False,0,False,0,False,0,False,0,False,0,False,0,False,0,False,0,False,0,False,0,0.5175529996860307,0.5175529996860307,0.33190647636258397,0.33190647636258397,0.11889717470419589,0.07951705580885925,0.09271196640551603,0.001275005961688597
291.0,0.9984614621073006,1.5159260537956447,True,13,True,3,False,0,False,0,True,13,True,3,False,0,False,0,True,12,True,2,False,0,False,0,True,7,True,2,False,0,False,0,True,6,True,2,False,0,False,0,True,4,True,1,False,0,False,0,True,4,False,0,False,0,False,0,True,3,False,0,False,0,False,0,True,1,False,0,False,0,False,0,True,1,False,0,False,0,False,0,True,1,False,0,False,0,False,0,0.7907732244663069,0.7907732244663069,0.37247236917863824,0.37247236917863824,0.008140103892401659,0.008140103892401659,0.008140103892401659,0.008140103892401659
466.0,0.06464340662067597,2.988749290540138,True,7,True,4,True,4,True,3,True,6,True,4,True,4,True,3,True,6,True,4,True,4,True,3,True,6,True,4,True,4,True,3,True,6,True,4,True,4,True,3,True,6,True,4,True,4,True,3,True,6,True,4,True,4,True,3,True,7,True,4,True,4,True,2,True,8,True,4,True,4,True,2,True,8,True,4,True,4,True,1,True,8,True,4,True,4,True,1,2.4986992214540473,2.077815816397914,1.1756412365504834,1.1756412365504834,0.9987144893595358,0.9987144893595358,0.9145051791218055,0.9145051791218055
90.0,0.16502059655566034,2.1194682431644667,True,12,True,4,True,3,False,1,True,14,False,2,False,1,False,1,True,14,False,1,False,1,False,0,True,14,False,1,False,1,False,0,True,12,False,0,False,0,False,0,True,12,False,0,False,0,False,0,True,9,False,0,False,0,False,0,True,8,False,0,False,0,False,0,True,8,False,0,False,0,False,0,True,8,False,0,False,0,False,0,True,7,False,0,False,0,False,0,1.3601308294328291,1.3601308294328291,0.27937901918331903,0.11119478340589793,0.2752254539223554,0.11119478340589793,0.1924499753790927,0.04079244291106054
35.0,0.9982133108342846,0.7617044552777524,True,10,False,0,False,0,False,0,True,6,False,0,False,0,False,0,True,2,False,0,False,0,False,0,True,2,False,0,False,0,False,0,True,1,False,0,False,0,False,0,True,1,False,0,False,0,False,0,True,1,False,0,False,0,False,0,True,1,False,0,False,0,False,0,True,1,False,0,False,0,False,0,True,1,False,0,False,0,False,0,False,0,False,0,False,0,False,0,0.5991831676618524,0.5991831676618524,0.09408111902324635,0.09408111902324635,0.025768457092958198,0.0004495583948348466,0.019624151115926417,0.0004495583948348466
194.0,0.9975929326517445,0.8835118039745192,True,10,True,3,False,1,False,0,True,7,True,3,False,0,False,0,True,6,True,3,False,0,False,0,True,5,True,1,False,0,False,0,True,4,False,0,False,0,False,0,True,3,False,0,False,0,False,0,True,2,False,0,False,0,False,0,True,1,False,0,False,0,False,0,True,1,False,0,False,0,False,0,True,1,False,0,False,0,False,0,False,0,False,0,False,0,False,0,0.5779992087237016,0.5779992087237016,0.28914918500347003,0.28914918500347003,0.12835350010072086,0.044124530344928074,0.041176669363550376,0.0021001448709503418
486.0,0.9955829073403146,1.3675791445939125,True,12,True,6,False,2,False,0,True,11,True,5,False,1,False,0,True,9,True,3,False,1,False,0,True,9,True,3,False,0,False,0,True,8,True,3,False,0,False,0,True,6,False,1,False,0,False,0,True,5,False,1,False,0,False,0,True,4,False,1,False,0,False,0,True,2,False,0,False,0,False,0,False,1,False,0,False,0,False,0,False,0,False,0,False,0,False,0,0.5729392686603146,0.5277124958615114,0.46397554884235076,0.3041735962370221,0.24382192071775946,0.01295502306197379,0.01295502306197379,0.01295502306197379
360.0,0.9966995880688868,0.9932975072267277,True,11,True,5,False,2,False,1,True,8,True,3,False,2,False,0,True,6,True,3,False,1,False,0,True,6,False,1,False,1,False,0,True,3,False,1,False,1,False,0,True,3,False,1,False,1,False,0,True,3,False,1,False,1,False,0,True,2,False,1,False,0,False,0,True,2,False,0,False,0,False,0,True,2,False,0,False,0,False,0,True,1,False,0,False,0,False,0,0.8186516016190666,0.8186516016190666,0.46517502294480323,0.24906895739765025,0.44845639748915284,0.011522225044785978,0.1136751156137029,0.0007724325274608735
168.0,0.9978162687974589,0.5506051799998368,True,9,True,2,False,0,False,0,True,6,True,1,False,0,False,0,True,3,True,1,False,0,False,0,True,2,False,0,False,0,False,0,True,2,False,0,False,0,False,0,True,1,False,0,False,0,False,0,True,1,False,0,False,0,False,0,True,1,False,0,False,0,False,0,False,0,False,0,False,0,False,0,False,0,False,0,False,0,False,0,False,0,False,0,False,0,False,0,0.45449070439555295,0.45449070439555295,0.2418093858300429,0.2418093858300429,0.08056692635881034,0.08056692635881034,0.010951676464735029,0.0003300598656474444
427.0,1.0,0.623572811054554,True,10,True,4,True,1,False,0,True,8,True,3,False,0,False,0,True,5,False,1,False,0,False,0,True,5,False,0,False,0,False,0,True,1,False,0,False,0,False,0,True,1,False,0,False,0,False,0,True,1,False,0,False,0,False,0,True,1,False,0,False,0,False,0,False,0,False,0,False,0,False,0,False,0,False,0,False,0,False,0,False,0,False,0,False,0,False,0,0.4860345281712543,0.4860345281712543,0.2099809378441466,0.17234214509631196,0.11474624897030315,0.11474624897030315,0.024303346030795522,0.024303346030795522
139.0,0.0,0.0,False,0,False,0,False,0,False,0,False,0,False,0,False,0,False,0,False,0,False,0,False,0,False,0,False,0,False,0,False,0,False,0,False,0,False,0,False,0,False,0,False,0,False,0,False,0,False,0,False,0,False,0,False,0,False,0,False,0,False,0,False,0,False,0,False,0,False,0,False,0,False,0,False,0,False,0,False,0,False,0,False,0,False,0,False,0,False,0,0.0,0.0,0.0,0.0,0.0,0.0,0.0,0.0
519.0,0.9946399325028538,2.808136814781855,True,9,True,7,True,5,True,2,True,8,True,7,True,5,True,2,True,9,True,6,True,3,True,2,True,9,True,6,True,3,True,2,True,10,True,5,True,3,True,1,True,10,True,5,True,3,True,1,True,10,True,4,True,3,True,1,True,11,True,5,False,2,False,0,True,11,False,2,False,2,False,0,True,11,False,2,False,2,False,0,True,9,False,2,False,1,False,0,1.8799129886294808,0.8291989960672769,0.6494785213424694,0.46802345021476366,0.6100805248470198,0.42735656826684987,0.42220168171009764,0.42220168171009764
238.0,1.0,0.6084776398817177,True,8,True,2,False,0,False,0,True,4,True,2,False,0,False,0,True,2,True,2,False,0,False,0,True,2,False,0,False,0,False,0,True,2,False,0,False,0,False,0,True,2,False,0,False,0,False,0,True,2,False,0,False,0,False,0,True,2,False,0,False,0,False,0,False,0,False,0,False,0,False,0,False,0,False,0,False,0,False,0,False,0,False,0,False,0,False,0,0.47329336958867146,0.4548904096248933,0.24938775414717032,0.24938775414717032,0.06474728682262408,0.00483069967576387,0.006972565242237206,0.0005104681297207108
210.0,0.9020546925405727,1.0355019092754338,True,13,False,4,False,1,False,0,True,11,False,4,False,0,False,0,True,10,False,2,False,0,False,0,True,7,False,1,False,0,False,0,False,6,False,0,False,0,False,0,False,4,False,0,False,0,False,0,False,3,False,0,False,0,False,0,False,2,False,0,False,0,False,0,False,1,False,0,False,0,False,0,False,0,False,0,False,0,False,0,False,0,False,0,False,0,False,0,0.5051474924718758,0.2788617190202647,0.25454522321626727,0.07389086068095618,0.1493345771645632,0.07389086068095618,0.045072872751299356,0.005911130733212405
203.0,1.0,1.6887177834836355,True,11,True,4,False,1,False,1,True,7,True,4,False,1,False,1,True,7,True,4,False,1,False,1,True,5,False,3,False,1,False,1,True,5,False,3,False,1,False,1,True,6,False,1,False,0,False,0,False,4,False,1,False,0,False,0,False,3,False,1,False,0,False,0,False,3,False,1,False,0,False,0,False,3,False,1,False,0,False,0,False,3,False,0,False,0,False,0,1.0314984671436196,0.37732824387154545,0.5756194682356846,0.20751312691922807,0.3273612913382971,0.002294801846150969,0.3273612913382971,0.0011806143958571452
166.0,0.8027197379522557,0.56166726898124,True,8,True,3,False,0,False,0,True,5,True,2,False,0,False,0,True,4,False,1,False,0,False,0,True,2,False,0,False,0,False,0,True,2,False,0,False,0,False,0,True,1,False,0,False,0,False,0,True,1,False,0,False,0,False,0,False,0,False,0,False,0,False,0,False,0,False,0,False,0,False,0,False,0,False,0,False,0,False,0,False,0,False,0,False,0,False,0,0.4274760709197938,0.4274760709197938,0.20212582237926427,0.1512847062293894,0.09794650736085703,0.032084078259476206,0.053488249879369544,8.556062144368135e-05
529.0,0.12281006501563353,3.428571428571428,False,3,False,1,False,1,False,1,False,3,False,1,False,1,False,1,False,2,False,1,False,1,False,1,False,2,False,1,False,1,False,1,False,2,False,1,False,1,False,1,False,2,False,1,False,1,False,1,False,2,False,1,False,1,False,1,False,2,False,1,False,1,False,1,False,2,False,1,False,1,False,1,False,1,False,1,False,1,False,1,False,1,False,1,False,1,False,1,3.428571428571428,0.0,1.0,0.0,1.0,0.0,1.0,0.0
120.0,0.9995781428358728,0.37504717136954996,True,7,True,1,False,0,False,0,True,4,False,0,False,0,False,0,True,1,False,0,False,0,False,0,False,0,False,0,False,0,False,0,False,0,False,0,False,0,False,0,False,0,False,0,False,0,False,0,False,0,False,0,False,0,False,0,False,0,False,0,False,0,False,0,False,0,False,0,False,0,False,0,False,0,False,0,False,0,False,0,False,0,False,0,False,0,False,0,0.21744290379504014,0.21744290379504014,0.1374848658776973,0.1374848658776973,0.047369803178084716,0.0010803258509905495,0.010588379683236365,0.0010803258509905495
9.0,0.8380316641024368,1.0,True,10,True,4,True,2,True,1,True,11,True,3,True,1,True,1,True,8,True,3,True,1,True,1,True,7,True,2,True,1,True,1,True,7,True,2,True,1,True,1,True,4,True,1,True,1,True,1,True,3,True,1,True,1,False,0,True,3,True,1,True,1,False,0,True,3,True,1,True,1,False,0,True,3,True,1,True,1,False,0,True,2,True,1,True,1,False,0,1.0,1.0,1.0,1.0,1.0,1.0,0.3697768082666733,0.3697768082666733
37.0,0.07069829768226711,1.0,False,3,False,3,False,2,False,2,False,3,False,3,False,2,False,2,False,3,False,2,False,2,False,2,False,3,False,2,False,2,False,2,False,2,False,2,False,2,False,1,False,2,False,2,False,2,False,1,False,2,False,2,False,2,False,1,False,2,False,2,False,2,False,1,False,3,False,2,False,2,False,1,False,3,False,2,False,2,False,1,False,2,False,2,False,2,False,0,1.0,0.0,1.0,0.0,1.0,0.0,0.55457256519472,0.0
8.0,0.9988833192714278,0.5405098025704059,True,6,True,2,True,1,False,0,True,3,True,2,True,1,False,0,True,2,True,2,True,1,False,0,True,2,True,1,False,0,False,0,True,1,False,0,False,0,False,0,True,1,False,0,False,0,False,0,True,1,False,0,False,0,False,0,False,0,False,0,False,0,False,0,False,0,False,0,False,0,False,0,False,0,False,0,False,0,False,0,False,0,False,0,False,0,False,0,0.4179979451244908,0.4179979451244908,0.2924003546347451,0.2924003546347451,0.23321714498437032,0.23321714498437032,0.06843771805572224,0.06843771805572224
444.0,0.9999255546180952,0.7569257662450627,True,6,True,5,True,2,False,0,True,5,True,4,True,2,False,0,True,4,True,3,True,2,False,0,True,4,True,3,False,1,False,0,True,4,True,2,False,0,False,0,True,3,True,1,False,0,False,0,True,2,True,1,False,0,False,0,True,2,False,0,False,0,False,0,True,2,False,0,False,0,False,0,True,2,False,0,False,0,False,0,True,2,False,0,False,0,False,0,0.6758448961311275,0.6409723480601065,0.4196581510886415,0.4196581510886415,0.2774456906869833,0.22790591624675693,0.06666715603566077,0.0020666967010057762
473.0,0.9500719638691747,0.9145343361016893,True,7,True,4,True,1,False,0,True,4,True,2,False,0,False,0,True,3,True,2,False,0,False,0,True,3,True,2,False,0,False,0,True,2,True,1,False,0,False,0,True,2,True,1,False,0,False,0,True,2,True,1,False,0,False,0,True,2,False,0,False,0,False,0,True,2,False,0,False,0,False,0,True,2,False,0,False,0,False,0,True,2,False,0,False,0,False,0,0.8763585200801213,0.8763585200801213,0.4424053126552971,0.4424053126552971,0.1000947424984623,0.1000947424984623,0.009776099025671944,0.009776099025671944
380.0,0.8175591840786143,0.9825788300116008,True,7,True,3,False,0,False,0,True,5,True,2,False,0,False,0,True,5,True,1,False,0,False,0,True,5,True,1,False,0,False,0,True,4,False,0,False,0,False,0,True,3,False,0,False,0,False,0,True,3,False,0,False,0,False,0,True,3,False,0,False,0,False,0,True,3,False,0,False,0,False,0,True,3,False,0,False,0,False,0,True,2,False,0,False,0,False,0,0.9032765633879141,0.9032765633879141,0.2576204958795588,0.2576204958795588,0.04061290786982877,0.03202740540931585,0.04061290786982877,0.00028736833423987664
429.0,0.8093205618144821,0.5503575844657278,True,7,True,3,False,1,False,1,True,3,True,2,False,1,False,1,True,3,False,1,False,1,False,0,True,3,False,0,False,0,False,0,True,3,False,0,False,0,False,0,False,1,False,0,False,0,False,0,False,1,False,0,False,0,False,0,False,0,False,0,False,0,False,0,False,0,False,0,False,0,False,0,False,0,False,0,False,0,False,0,False,0,False,0,False,0,False,0,0.40980152174207596,0.342247886493202,0.245810354412433,0.1697717764181652,0.2215484293032148,0.05011514993606276,0.19452370598998245,0.05011514993606276
321.0,0.9981140503250782,0.944004388177135,True,10,True,2,False,0,False,0,True,7,False,0,False,0,False,0,True,3,False,0,False,0,False,0,True,3,False,0,False,0,False,0,False,2,False,0,False,0,False,0,False,2,False,0,False,0,False,0,False,2,False,0,False,0,False,0,False,1,False,0,False,0,False,0,False,1,False,0,False,0,False,0,False,1,False,0,False,0,False,0,False,1,False,0,False,0,False,0,0.6910524369326129,0.272125690928818,0.1351453551995056,0.10654206374495558,0.0403672086779651,0.0403672086779651,0.02834503365130005,0.0016396847562470587
152.0,0.9996029579631743,0.541086061981253,True,5,False,2,False,0,False,0,True,5,False,0,False,0,False,0,True,2,False,0,False,0,False,0,True,2,False,0,False,0,False,0,True,2,False,0,False,0,False,0,True,1,False,0,False,0,False,0,True,1,False,0,False,0,False,0,False,0,False,0,False,0,False,0,False,0,False,0,False,0,False,0,False,0,False,0,False,0,False,0,False,0,False,0,False,0,False,0,0.40482258052790016,0.40482258052790016,0.1347783998598148,0.08942001145080994,0.013795090082602605,0.005719196463923378,0.005719196463923378,0.005719196463923378
67.0,0.9934736215196784,3.3954571014556953,True,8,True,2,True,1,True,1,True,4,True,2,True,1,False,0,True,2,True,2,True,1,False,0,True,2,True,2,True,1,False,0,True,2,True,2,True,1,False,0,True,2,True,2,True,1,False,0,True,2,True,2,True,1,False,0,True,2,True,2,True,1,False,0,True,2,True,2,True,1,False,0,True,2,True,2,False,0,False,0,True,2,True,2,False,0,False,0,3.1059137229509197,0.7456630755671482,1.714107262060087,0.7220895438066757,0.5487194018447821,0.5487194018447821,0.13081725735349903,0.13081725735349903
439.0,0.9999751848726984,0.9236996051171038,True,11,True,4,True,1,False,0,True,6,True,3,False,0,False,0,True,5,True,2,False,0,False,0,True,4,True,1,False,0,False,0,True,4,True,1,False,0,False,0,True,4,True,1,False,0,False,0,True,4,True,1,False,0,False,0,True,4,True,1,False,0,False,0,True,3,False,0,False,0,False,0,True,2,False,0,False,0,False,0,False,0,False,0,False,0,False,0,0.5775293326454178,0.5597027607659768,0.45454365855791523,0.45454365855791523,0.14255924904022832,0.14255924904022832,0.013417572519772929,0.00024813883671841766
392.0,0.9135689116085165,0.4805000719121101,True,4,True,1,True,1,True,1,True,3,True,1,True,1,True,1,True,2,True,2,False,0,False,0,True,2,False,0,False,0,False,0,True,2,False,0,False,0,False,0,False,0,False,0,False,0,False,0,False,0,False,0,False,0,False,0,False,0,False,0,False,0,False,0,False,0,False,0,False,0,False,0,False,0,False,0,False,0,False,0,False,0,False,0,False,0,False,0,0.33401812169717254,0.31260547561836394,0.23567304139680403,0.22981842682129353,0.15829881755847547,0.15829881755847547,0.15829881755847547,0.15829881755847547
449.0,0.9951362350488858,0.9727741944262204,True,9,True,4,True,3,True,1,True,8,True,4,True,3,True,1,True,7,True,3,True,3,True,1,True,7,True,3,True,2,True,1,True,8,True,2,True,2,True,1,True,8,True,2,True,2,True,1,True,7,True,2,True,2,False,0,True,6,True,1,True,1,False,0,True,5,True,1,True,1,False,0,True,4,True,1,True,1,False,0,True,4,True,1,False,0,False,0,0.9411619358471263,0.6859948597469024,0.8560340531255397,0.6859948597469024,0.577168524140439,0.577168524140439,0.36981075184020157,0.36981075184020157
0.0,0.9999503697453967,0.5522790495336971,True,6,True,2,False,0,False,0,True,5,True,2,False,0,False,0,True,4,False,1,False,0,False,0,True,3,False,0,False,0,False,0,True,2,False,0,False,0,False,0,True,2,False,0,False,0,False,0,False,1,False,0,False,0,False,0,False,0,False,0,False,0,False,0,False,0,False,0,False,0,False,0,False,0,False,0,False,0,False,0,False,0,False,0,False,0,False,0,0.41987826240929205,0.3745247943131475,0.2200359224850646,0.1913732882582196,0.04950419067880309,0.00017899970199635574,0.04950419067880309,0.00017899970199635574
161.0,0.9999503697453967,0.9061443051611124,True,6,False,1,False,0,False,0,True,4,False,1,False,0,False,0,True,3,False,1,False,0,False,0,True,3,False,1,False,0,False,0,True,3,False,1,False,0,False,0,True,3,False,0,False,0,False,0,True,2,False,0,False,0,False,0,False,0,False,0,False,0,False,0,False,0,False,0,False,0,False,0,False,0,False,0,False,0,False,0,False,0,False,0,False,0,False,0,0.43543517769653456,0.41792635193282174,0.33851869493790177,0.053330407845283666,0.04166966848466413,0.012043820191884661,0.0019146450394016462,0.00160840760560537
4.0,0.9992803613082535,0.6969982933971317,True,9,True,4,False,0,False,0,True,7,False,1,False,0,False,0,True,5,False,1,False,0,False,0,True,5,False,1,False,0,False,0,False,2,False,0,False,0,False,0,False,2,False,0,False,0,False,0,False,1,False,0,False,0,False,0,False,0,False,0,False,0,False,0,False,0,False,0,False,0,False,0,False,0,False,0,False,0,False,0,False,0,False,0,False,0,False,0,0.42801097886253836,0.25260516737892397,0.2536572689783249,0.1269471734557625,0.029881608601019113,0.0008551107991187558,0.0075558232180570235,0.0008551107991187558
57.0,0.0,0.0,False,0,False,0,False,0,False,0,False,0,False,0,False,0,False,0,False,0,False,0,False,0,False,0,False,0,False,0,False,0,False,0,False,0,False,0,False,0,False,0,False,0,False,0,False,0,False,0,False,0,False,0,False,0,False,0,False,0,False,0,False,0,False,0,False,0,False,0,False,0,False,0,False,0,False,0,False,0,False,0,False,0,False,0,False,0,False,0,0.0,0.0,0.0,0.0,0.0,0.0,0.0,0.0
169.0,0.8587522953992754,3.346894233007963,True,10,True,5,True,4,True,2,True,10,True,3,True,3,True,1,True,9,True,3,True,3,True,1,True,8,True,3,True,3,True,1,True,8,True,2,True,2,True,1,True,7,True,2,True,1,True,1,True,6,True,2,True,1,True,1,True,6,True,1,True,1,True,1,True,6,True,1,True,1,True,1,True,6,True,1,True,1,True,1,True,6,True,1,False,0,False,0,2.8450973546131944,2.3859922899959263,0.6272203183729076,0.6272203183729076,0.5627485393460913,0.5627485393460913,0.5626327072014004,0.5626327072014004
89.0,0.0,0.0,False,0,False,0,False,0,False,0,False,0,False,0,False,0,False,0,False,0,False,0,False,0,False,0,False,0,False,0,False,0,False,0,False,0,False,0,False,0,False,0,False,0,False,0,False,0,False,0,False,0,False,0,False,0,False,0,False,0,False,0,False,0,False,0,False,0,False,0,False,0,False,0,False,0,False,0,False,0,False,0,False,0,False,0,False,0,False,0,0.0,0.0,0.0,0.0,0.0,0.0,0.0,0.0
224.0,0.7940592585239963,0.6533951115648083,True,6,True,3,False,0,False,0,True,4,True,1,False,0,False,0,True,3,True,1,False,0,False,0,True,2,False,0,False,0,False,0,True,2,False,0,False,0,False,0,True,1,False,0,False,0,False,0,False,0,False,0,False,0,False,0,False,0,False,0,False,0,False,0,False,0,False,0,False,0,False,0,False,0,False,0,False,0,False,0,False,0,False,0,False,0,False,0,0.3536277016788779,0.3536277016788779,0.2216746424910178,0.2216746424910178,0.08214930248989008,0.08214930248989008,0.03575966320849654,0.001304780608538866
22.0,0.0,0.0,False,0,False,0,False,0,False,0,False,0,False,0,False,0,False,0,False,0,False,0,False,0,False,0,False,0,False,0,False,0,False,0,False,0,False,0,False,0,False,0,False,0,False,0,False,0,False,0,False,0,False,0,False,0,False,0,False,0,False,0,False,0,False,0,False,0,False,0,False,0,False,0,False,0,False,0,False,0,False,0,False,0,False,0,False,0,False,0,0.0,0.0,0.0,0.0,0.0,0.0,0.0,0.0
493.0,0.8063179314109882,1.212386673381821,True,11,True,4,False,1,False,0,True,10,True,3,False,1,False,0,True,8,False,1,False,1,False,0,True,7,False,1,False,1,False,0,True,6,False,1,False,1,False,0,True,5,False,1,False,0,False,0,True,4,False,0,False,0,False,0,False,3,False,0,False,0,False,0,False,2,False,0,False,0,False,0,False,2,False,0,False,0,False,0,False,2,False,0,False,0,False,0,0.7926569297908838,0.4121299239674899,0.3577250914124196,0.15636035926033673,0.31916247681005816,0.029637357795541535,0.01579118935749041,0.015332994514374736
484.0,0.9999007394907936,0.558141551605191,True,4,True,2,True,1,False,0,True,4,True,2,False,0,False,0,True,3,True,2,False,0,False,0,True,2,True,1,False,0,False,0,True,2,False,0,False,0,False,0,True,1,False,0,False,0,False,0,True,1,False,0,False,0,False,0,False,0,False,0,False,0,False,0,False,0,False,0,False,0,False,0,False,0,False,0,False,0,False,0,False,0,False,0,False,0,False,0,0.41614072296017657,0.41614072296017657,0.27148794933993503,0.27148794933993503,0.12553532783517893,0.12553532783517893,0.008564694208876332,0.0008087115896700765
257.0,0.88034145615167,0.9665125278044752,True,10,True,6,False,0,False,0,True,8,True,2,False,0,False,0,True,7,True,1,False,0,False,0,True,4,True,1,False,0,False,0,True,4,True,1,False,0,False,0,True,2,True,1,False,0,False,0,True,2,False,0,False,0,False,0,True,2,False,0,False,0,False,0,True,2,False,0,False,0,False,0,True,2,False,0,False,0,False,0,True,2,False,0,False,0,False,0,0.9062798833036456,0.9062798833036456,0.37509631030152546,0.37509631030152546,0.09325644437456061,0.02091248294157634,0.01757534529055461,0.01757534529055461
60.0,0.9505434512879051,2.7433592775978695,True,9,True,4,False,1,False,0,True,7,False,2,False,1,False,0,True,6,False,2,False,1,False,0,True,5,False,1,False,1,False,0,True,3,False,1,False,1,False,0,True,3,False,1,False,1,False,0,False,2,False,1,False,1,False,0,False,1,False,1,False,0,False,0,False,1,False,1,False,0,False,0,False,1,False,1,False,0,False,0,False,1,False,1,False,0,False,0,2.0065388998350837,0.37867443034726955,1.0111968968545768,0.1377913360034229,0.44266134061455487,0.0005482420748035136,0.05285414034439173,0.0005482420748035136
12.0,0.0,0.0,False,0,False,0,False,0,False,0,False,0,False,0,False,0,False,0,False,0,False,0,False,0,False,0,False,0,False,0,False,0,False,0,False,0,False,0,False,0,False,0,False,0,False,0,False,0,False,0,False,0,False,0,False,0,False,0,False,0,False,0,False,0,False,0,False,0,False,0,False,0,False,0,False,0,False,0,False,0,False,0,False,0,False,0,False,0,False,0,0.0,0.0,0.0,0.0,0.0,0.0,0.0,0.0
26.0,1.0,2.7351949973357845,True,10,True,4,False,2,False,2,True,9,True,3,False,2,False,2,True,9,True,3,False,2,False,2,True,7,True,3,False,2,False,2,True,6,True,3,False,2,False,2,True,5,True,3,False,2,False,2,True,7,True,3,False,2,False,1,True,6,True,3,False,2,False,1,True,6,True,3,False,2,False,1,True,6,True,3,False,2,False,1,True,6,False,2,False,1,False,0,2.248117787921818,0.8915038665977967,0.7275361679901241,0.5751260867743495,0.6627286506627503,0.03357428993354808,0.5922522311440119,0.03357428993354808
39.0,0.4425529802967889,3.428571428571429,True,4,True,4,True,3,True,2,True,5,True,4,True,3,False,1,True,5,True,3,True,3,False,1,True,5,True,2,False,1,False,1,True,5,True,2,False,1,False,1,True,5,True,2,False,1,False,1,True,4,True,2,False,1,False,1,True,5,False,2,False,2,False,1,True,5,False,2,False,2,False,1,True,5,False,2,False,2,False,1,True,5,False,2,False,2,False,1,3.4285714285714284,1.3730820667457415,1.0805945128806984,0.44774566452509457,1.0,0.21949959591556828,1.0,0.12311041619447585
310.0,0.9998511092361904,1.6966073012914324,True,9,True,3,True,2,False,0,True,9,True,2,True,2,False,0,True,8,True,2,True,2,False,0,True,7,True,2,True,2,False,0,True,7,True,2,False,1,False,0,True,7,True,2,False,0,False,0,True,6,False,1,False,0,False,0,True,6,False,0,False,0,False,0,True,4,False,0,False,0,False,0,True,4,False,0,False,0,False,0,True,3,False,0,False,0,False,0,0.9582958719590932,0.9582958719590932,0.4427207471168874,0.37414336329964354,0.3301487646348756,0.2938553097384514,0.08847255456049578,0.04497452976521499
315.0,0.9997270335996824,0.769278030906634,True,7,True,3,True,1,False,0,True,5,True,3,False,0,False,0,True,4,True,1,False,0,False,0,True,3,False,0,False,0,False,0,True,3,False,0,False,0,False,0,True,3,False,0,False,0,False,0,True,1,False,0,False,0,False,0,False,0,False,0,False,0,False,0,False,0,False,0,False,0,False,0,False,0,False,0,False,0,False,0,False,0,False,0,False,0,False,0,0.4319507460352553,0.4319507460352553,0.21893286141454776,0.21893286141454776,0.11667850956583745,0.11667850956583745,0.04849651627235649,0.00029757382466616536
123.0,0.07983026452925704,1.5262714403323443,True,12,True,5,False,2,False,1,True,11,False,2,False,2,False,1,True,8,False,1,False,1,False,1,True,7,False,1,False,1,False,1,True,5,False,1,False,1,False,1,True,5,False,1,False,1,False,1,True,5,False,1,False,1,False,1,True,5,False,1,False,1,False,1,True,5,False,1,False,0,False,0,False,4,False,1,False,0,False,0,False,4,False,1,False,0,False,0,1.1040907035921683,0.5291244469192369,0.6174147658927976,0.13912233882386948,0.4725560562817648,0.03876906539915734,0.4725560562817648,0.01895078907115185
128.0,0.722616507022681,1.3924363995711488,True,11,True,4,True,1,False,0,True,8,True,3,True,1,False,0,True,5,True,2,True,1,False,0,True,4,True,2,True,1,False,0,True,2,True,2,False,0,False,0,True,2,True,2,False,0,False,0,True,2,True,2,False,0,False,0,True,2,True,1,False,0,False,0,True,2,True,1,False,0,False,0,True,2,True,1,False,0,False,0,True,2,False,0,False,0,False,0,0.9080657582572128,0.9080657582572128,0.5742089763812308,0.5742089763812308,0.2875399054406229,0.2875399054406229,0.08074870601277237,0.0033567187585966433
237.0,0.9996774033450792,0.8563121844558242,True,9,True,7,False,0,False,0,True,8,False,4,False,0,False,0,True,7,False,2,False,0,False,0,True,7,False,0,False,0,False,0,True,5,False,0,False,0,False,0,True,3,False,0,False,0,False,0,True,3,False,0,False,0,False,0,True,2,False,0,False,0,False,0,True,1,False,0,False,0,False,0,True,1,False,0,False,0,False,0,True,1,False,0,False,0,False,0,0.7247068361796166,0.7247068361796166,0.21610210923101333,0.12285172569537087,0.06870458415267731,0.0028247538808485635,0.041408010495909815,0.0008740380111687618
236.0,0.9999503697453967,0.6223438263231932,True,10,True,3,False,1,False,0,True,5,True,3,False,1,False,0,True,4,True,3,False,1,False,0,True,3,True,3,False,0,False,0,True,3,True,2,False,0,False,0,True,2,False,0,False,0,False,0,True,2,False,0,False,0,False,0,True,2,False,0,False,0,False,0,True,1,False,0,False,0,False,0,True,1,False,0,False,0,False,0,False,0,False,0,False,0,False,0,0.5661035976616419,0.5661035976616419,0.3488315070691088,0.3002415253973018,0.20056238241229699,0.02585537169200919,0.0004165192134213067,0.00015513413097566586
391.0,0.9982133108342846,0.9687696262736342,True,8,True,3,True,3,True,2,True,7,True,2,True,2,True,1,True,5,True,2,True,2,True,1,True,5,True,2,True,2,True,1,True,5,True,2,True,2,True,1,True,5,True,2,True,2,True,1,True,3,True,2,True,2,True,1,True,3,True,2,True,2,False,0,True,3,True,2,True,2,False,0,True,3,True,2,True,2,False,0,True,2,True,2,True,1,False,0,0.9066568502208489,0.9066568502208489,0.8588686708811906,0.8588686708811906,0.752738161473225,0.752738161473225,0.4074467348812183,0.4074467348812183
461.0,0.3335649411881483,2.2991555669441053,True,11,True,6,True,3,True,2,True,10,True,6,True,3,True,2,True,10,True,5,True,2,True,1,True,11,True,5,False,1,False,0,True,8,False,3,False,1,False,0,True,8,False,2,False,1,False,0,True,8,False,2,False,1,False,0,True,7,False,1,False,1,False,0,True,6,False,1,False,1,False,0,True,5,False,1,False,0,False,0,True,5,False,1,False,0,False,0,1.7785536595149911,0.8440654895856673,1.1071841651448928,0.2576978058280894,0.5321035095117331,0.22370135231179228,0.22370135231179228,0.22370135231179228
401.0,0.9999007394907936,0.7017164024853358,True,12,False,2,False,0,False,0,True,8,False,2,False,0,False,0,True,6,False,2,False,0,False,0,True,5,False,1,False,0,False,0,True,3,False,0,False,0,False,0,True,2,False,0,False,0,False,0,False,1,False,0,False,0,False,0,False,1,False,0,False,0,False,0,False,1,False,0,False,0,False,0,False,1,False,0,False,0,False,0,False,0,False,0,False,0,False,0,0.5698151798885507,0.37657096387289496,0.278571287374133,0.039337480283929374,0.08724135067712989,0.005152481847508847,0.051544945947906026,0.0008372034622617586
536.0,0.9455307955729813,1.6957482145459928,True,8,True,4,False,1,False,1,True,4,True,2,False,1,False,1,True,4,True,2,False,1,False,1,True,3,False,1,False,1,False,0,True,3,False,0,False,0,False,0,True,3,False,0,False,0,False,0,True,3,False,0,False,0,False,0,True,2,False,0,False,0,False,0,True,1,False,0,False,0,False,0,True,1,False,0,False,0,False,0,True,1,False,0,False,0,False,0,1.0284816342432315,1.0284816342432315,0.271261675254204,0.21332229832504435,0.2512322271909217,0.0008439275437953257,0.23557582076743291,0.0008439275437953257
518.0,0.8545089086307013,1.4313365884477742,True,11,True,4,False,0,False,0,True,11,True,3,False,0,False,0,True,8,True,3,False,0,False,0,True,8,True,2,False,0,False,0,True,6,True,2,False,0,False,0,True,6,True,2,False,0,False,0,True,6,True,1,False,0,False,0,True,6,True,1,False,0,False,0,True,4,True,1,False,0,False,0,True,3,True,1,False,0,False,0,True,3,True,1,False,0,False,0,0.9512071241751342,0.9512071241751342,0.6992845313870104,0.6992845313870104,0.0818955259156245,0.05749725691383771,0.05229265032107931,0.02346985487522123
216.0,0.0,0.0,False,0,False,0,False,0,False,0,False,0,False,0,False,0,False,0,False,0,False,0,False,0,False,0,False,0,False,0,False,0,False,0,False,0,False,0,False,0,False,0,False,0,False,0,False,0,False,0,False,0,False,0,False,0,False,0,False,0,False,0,False,0,False,0,False,0,False,0,False,0,False,0,False,0,False,0,False,0,False,0,False,0,False,0,False,0,False,0,0.0,0.0,0.0,0.0,0.0,0.0,0.0,0.0
446.0,0.9999255546180952,1.555084417238663,True,13,True,3,True,1,False,0,True,10,True,3,True,1,False,0,True,11,False,2,False,0,False,0,True,10,False,2,False,0,False,0,True,10,False,1,False,0,False,0,True,10,False,1,False,0,False,0,True,6,False,1,False,0,False,0,True,4,False,1,False,0,False,0,True,4,False,0,False,0,False,0,True,3,False,0,False,0,False,0,False,1,False,0,False,0,False,0,0.9450635980520271,0.5608386337277494,0.4892246811390982,0.1883246596861881,0.1883246596861881,0.1883246596861881,0.06225687331667347,0.011824933905441941
507.0,0.8255744701970321,1.772288685943514,True,10,True,4,False,1,False,0,True,9,True,4,False,1,False,0,True,8,True,4,False,1,False,0,True,8,False,2,False,1,False,0,True,5,False,2,False,1,False,0,True,5,False,2,False,0,False,0,False,4,False,2,False,0,False,0,False,2,False,0,False,0,False,0,False,2,False,0,False,0,False,0,False,2,False,0,False,0,False,0,False,2,False,0,False,0,False,0,0.8689460995629813,0.38698714987197336,0.4119955380814825,0.2107841641566094,0.3179641770615959,0.0065707761794941,0.01460619854714023,0.0006070614656376397
322.0,1.0,0.6829117512209641,True,6,True,3,False,1,False,0,True,4,True,2,False,1,False,0,True,3,True,2,False,0,False,0,True,2,True,2,False,0,False,0,True,2,True,2,False,0,False,0,True,2,True,2,False,0,False,0,True,2,False,0,False,0,False,0,True,2,False,0,False,0,False,0,True,2,False,0,False,0,False,0,True,1,False,0,False,0,False,0,True,1,False,0,False,0,False,0,0.6125681766434221,0.6125681766434221,0.35433945905394143,0.352169567389878,0.18160521571253488,0.03141650017877787,0.02197017875643474,0.02197017875643474
256.0,0.9910417390441213,0.544795023776664,True,7,True,1,True,1,False,0,True,6,False,0,False,0,False,0,True,3,False,0,False,0,False,0,True,2,False,0,False,0,False,0,False,1,False,0,False,0,False,0,False,1,False,0,False,0,False,0,False,0,False,0,False,0,False,0,False,0,False,0,False,0,False,0,False,0,False,0,False,0,False,0,False,0,False,0,False,0,False,0,False,0,False,0,False,0,False,0,0.38594332789017793,0.26602396187107197,0.1174883534712266,0.1174883534712266,0.1174883534712266,0.1174883534712266,0.0004903433976227114,0.00011566271978050018
489.0,1.0,0.5800327603769849,True,9,True,2,True,1,False,0,True,6,True,2,True,1,False,0,True,3,True,2,True,1,False,0,True,2,True,2,True,1,False,0,True,3,False,0,False,0,False,0,True,3,False,0,False,0,False,0,True,1,False,0,False,0,False,0,True,1,False,0,False,0,False,0,True,1,False,0,False,0,False,0,False,0,False,0,False,0,False,0,False,0,False,0,False,0,False,0,0.5054506579434221,0.5054506579434221,0.2788555316023159,0.2788555316023159,0.2509105759196867,0.2509105759196867,0.00686584404632013,0.0008481909955481286
341.0,0.9782619484837958,0.9293031979251734,True,4,True,3,True,1,True,1,True,3,True,3,True,1,True,1,True,3,True,2,True,1,False,0,True,2,True,2,True,1,False,0,True,2,True,2,False,0,False,0,True,2,True,2,False,0,False,0,True,2,True,2,False,0,False,0,True,2,True,2,False,0,False,0,True,2,True,2,False,0,False,0,True,2,True,1,False,0,False,0,True,2,False,0,False,0,False,0,0.787201350739907,0.787201350739907,0.5865847086023661,0.5865847086023661,0.2539780477760483,0.2539780477760483,0.15932339625909922,0.15932339625909922
241.0,1.0,0.663525050040929,True,6,True,2,False,0,False,0,True,4,True,2,False,0,False,0,True,3,True,1,False,0,False,0,True,2,True,1,False,0,False,0,True,2,True,1,False,0,False,0,True,2,False,0,False,0,False,0,True,2,False,0,False,0,False,0,True,2,False,0,False,0,False,0,True,1,False,0,False,0,False,0,True,1,False,0,False,0,False,0,False,0,False,0,False,0,False,0,0.5716914003539036,0.5716914003539036,0.301647462411436,0.301647462411436,0.03614053013815607,0.014481305334368222,0.0036836909402518624,0.0036836909402518624
423.0,0.9956325375949179,1.0112134771131722,True,9,True,2,False,0,False,0,True,8,True,1,False,0,False,0,True,6,True,1,False,0,False,0,True,4,True,1,False,0,False,0,True,4,False,0,False,0,False,0,True,4,False,0,False,0,False,0,True,2,False,0,False,0,False,0,True,2,False,0,False,0,False,0,False,1,False,0,False,0,False,0,False,1,False,0,False,0,False,0,False,0,False,0,False,0,False,0,0.5917437264300157,0.4821697016841164,0.2624031309745129,0.2624031309745129,0.0046891710297661095,0.0046891710297661095,0.0046891710297661095,0.0046891710297661095
103.0,0.9791801081939551,0.8774149090788055,True,7,True,3,True,2,False,0,True,5,True,3,False,1,False,0,True,4,True,3,False,1,False,0,True,3,True,3,False,0,False,0,True,3,True,3,False,0,False,0,True,3,True,3,False,0,False,0,True,3,True,1,False,0,False,0,True,1,True,1,False,0,False,0,True,1,True,1,False,0,False,0,True,1,False,0,False,0,False,0,True,1,False,0,False,0,False,0,0.8364230905910901,0.8364230905910901,0.5244970313477745,0.5244970313477745,0.2046160143417677,0.1183663467518848,0.040690339624406976,0.005696862153554566
450.0,0.5442950022333615,0.9154795652603576,True,8,True,5,True,3,True,1,True,7,True,3,True,1,False,0,True,6,True,3,True,1,False,0,True,5,True,3,True,1,False,0,True,4,True,2,True,1,False,0,True,3,True,2,False,0,False,0,True,3,True,1,False,0,False,0,True,3,True,1,False,0,False,0,True,2,True,1,False,0,False,0,True,2,True,1,False,0,False,0,True,2,False,0,False,0,False,0,0.797331072368698,0.797331072368698,0.5932520049763214,0.5932520049763214,0.3015414433978294,0.3015414433978294,0.1347983276230447,0.1347983276230447
13.0,0.9999751848726984,0.5995834660060012,True,8,True,1,False,0,False,0,True,4,True,1,False,0,False,0,True,4,True,1,False,0,False,0,True,3,True,1,False,0,False,0,True,1,False,0,False,0,False,0,True,1,False,0,False,0,False,0,True,1,False,0,False,0,False,0,True,1,False,0,False,0,False,0,True,1,False,0,False,0,False,0,False,0,False,0,False,0,False,0,False,0,False,0,False,0,False,0,0.5012230232067781,0.5012230232067781,0.2966760180380753,0.2966760180380753,0.02953393652348926,0.02953393652348926,0.02953393652348926,0.02953393652348926
16.0,0.9999255546180952,0.9859874760577484,True,9,True,4,True,1,False,0,True,8,True,3,False,0,False,0,True,7,True,3,False,0,False,0,True,5,True,2,False,0,False,0,True,4,True,1,False,0,False,0,True,3,True,1,False,0,False,0,True,3,False,0,False,0,False,0,True,2,False,0,False,0,False,0,True,1,False,0,False,0,False,0,True,1,False,0,False,0,False,0,True,1,False,0,False,0,False,0,0.8644280096795359,0.8644280096795359,0.3695814371168897,0.3695814371168897,0.12962063661249396,0.12962063661249396,0.006570331808102577,0.0010240676971536528
278.0,0.9996277730904759,0.4255795499707017,True,8,True,3,True,1,False,0,True,4,False,1,False,0,False,0,True,2,False,1,False,0,False,0,True,2,False,0,False,0,False,0,True,1,False,0,False,0,False,0,True,1,False,0,False,0,False,0,False,0,False,0,False,0,False,0,False,0,False,0,False,0,False,0,False,0,False,0,False,0,False,0,False,0,False,0,False,0,False,0,False,0,False,0,False,0,False,0,0.35991178927372464,0.35991178927372464,0.2142611247237571,0.142202344486571,0.10415625995198101,0.10415625995198101,0.017427269314774715,0.017427269314774715
74.0,0.0,0.0,False,0,False,0,False,0,False,0,False,0,False,0,False,0,False,0,False,0,False,0,False,0,False,0,False,0,False,0,False,0,False,0,False,0,False,0,False,0,False,0,False,0,False,0,False,0,False,0,False,0,False,0,False,0,False,0,False,0,False,0,False,0,False,0,False,0,False,0,False,0,False,0,False,0,False,0,False,0,False,0,False,0,False,0,False,0,False,0,0.0,0.0,0.0,0.0,0.0,0.0,0.0,0.0
305.0,0.18400416894138666,1.578003045151786,True,11,True,6,True,2,False,1,True,9,True,6,False,1,False,1,True,7,True,5,False,1,False,1,True,8,True,4,False,0,False,0,True,6,True,2,False,0,False,0,True,6,True,2,False,0,False,0,True,6,True,2,False,0,False,0,True,5,True,2,False,0,False,0,True,5,False,0,False,0,False,0,True,3,False,0,False,0,False,0,True,3,False,0,False,0,False,0,1.0622124584268946,1.0622124584268946,0.49242069208622247,0.468842099089456,0.22025325824816336,0.1122412256780523,0.22025325824816336,0.003500014298742037
219.0,0.0,0.0,False,0,False,0,False,0,False,0,False,0,False,0,False,0,False,0,False,0,False,0,False,0,False,0,False,0,False,0,False,0,False,0,False,0,False,0,False,0,False,0,False,0,False,0,False,0,False,0,False,0,False,0,False,0,False,0,False,0,False,0,False,0,False,0,False,0,False,0,False,0,False,0,False,0,False,0,False,0,False,0,False,0,False,0,False,0,False,0,0.0,0.0,0.0,0.0,0.0,0.0,0.0,0.0
136.0,1.0,0.632545113104222,True,5,True,3,False,0,False,0,True,4,True,2,False,0,False,0,True,2,True,2,False,0,False,0,True,2,True,2,False,0,False,0,True,2,True,1,False,0,False,0,True,2,True,1,False,0,False,0,True,2,False,0,False,0,False,0,True,1,False,0,False,0,False,0,True,1,False,0,False,0,False,0,True,1,False,0,False,0,False,0,False,0,False,0,False,0,False,0,0.589731845960111,0.589731845960111,0.3818777102889684,0.3818777102889684,0.08404613565204329,0.035275243667925324,0.0015214315283927293,0.0015214315283927293
541.0,0.9575661323142588,2.1694167192112626,True,9,True,5,True,3,True,3,True,8,True,4,True,3,True,2,True,8,True,3,True,3,True,2,True,6,True,3,True,3,True,2,True,7,True,2,True,1,True,1,True,6,True,1,False,0,False,0,True,6,False,0,False,0,False,0,True,5,False,0,False,0,False,0,True,4,False,0,False,0,False,0,True,3,False,0,False,0,False,0,True,3,False,0,False,0,False,0,1.7700136468641035,1.7700136468641035,0.39633183785299303,0.39633183785299303,0.32337964043415357,0.32337964043415357,0.32337964043415357,0.32337964043415357
178.0,1.0,0.4494303761784746,True,5,True,3,False,0,False,0,True,3,True,2,False,0,False,0,True,2,False,0,False,0,False,0,True,1,False,0,False,0,False,0,True,1,False,0,False,0,False,0,True,1,False,0,False,0,False,0,False,0,False,0,False,0,False,0,False,0,False,0,False,0,False,0,False,0,False,0,False,0,False,0,False,0,False,0,False,0,False,0,False,0,False,0,False,0,False,0,0.37471375955209,0.37471375955209,0.1770986715173526,0.1770986715173526,0.09002602816319413,0.09002602816319413,0.0041073150422543045,0.0041073150422543045
1.0,0.08891260112164376,3.4285714285714297,False,5,False,4,False,4,False,1,False,6,False,3,False,3,False,1,False,6,False,3,False,3,False,1,False,6,False,3,False,2,False,1,False,5,False,3,False,2,False,1,False,6,False,2,False,2,False,1,False,5,False,2,False,2,False,1,False,5,False,2,False,2,False,1,False,4,False,2,False,2,False,1,False,4,False,2,False,2,False,1,False,4,False,2,False,2,False,1,3.4285714285714275,0.0,1.0,0.0,1.0,0.0,0.9189061120245775,0.0
287.0,0.9972207057422204,0.6312882855399427,True,4,True,2,False,0,False,0,True,3,True,2,False,0,False,0,True,2,True,2,False,0,False,0,True,2,True,1,False,0,False,0,True,2,False,0,False,0,False,0,True,1,False,0,False,0,False,0,True,1,False,0,False,0,False,0,True,1,False,0,False,0,False,0,True,1,False,0,False,0,False,0,False,0,False,0,False,0,False,0,False,0,False,0,False,0,False,0,0.5468391482295718,0.5468391482295718,0.2693370998318524,0.2693370998318524,0.08965403612377934,0.08965403612377934,0.0007517158084909893,0.0007517158084909893
260.0,0.0,0.0,False,0,False,0,False,0,False,0,False,0,False,0,False,0,False,0,False,0,False,0,False,0,False,0,False,0,False,0,False,0,False,0,False,0,False,0,False,0,False,0,False,0,False,0,False,0,False,0,False,0,False,0,False,0,False,0,False,0,False,0,False,0,False,0,False,0,False,0,False,0,False,0,False,0,False,0,False,0,False,0,False,0,False,0,False,0,False,0,0.0,0.0,0.0,0.0,0.0,0.0,0.0,0.0
323.0,0.9999255546180952,0.46598654097534425,True,5,True,1,False,0,False,0,True,4,True,1,False,0,False,0,True,2,False,0,False,0,False,0,True,1,False,0,False,0,False,0,True,1,False,0,False,0,False,0,True,1,False,0,False,0,False,0,False,0,False,0,False,0,False,0,False,0,False,0,False,0,False,0,False,0,False,0,False,0,False,0,False,0,False,0,False,0,False,0,False,0,False,0,False,0,False,0,0.36948343404681777,0.36948343404681777,0.17127331011823724,0.17127331011823724,0.029425229353315714,0.023843379272901696,0.0004699505721041905,0.00013281744978343736
142.0,0.9951362350488858,1.6997461095018576,True,11,True,6,True,3,False,0,True,10,True,6,True,1,False,0,True,8,True,4,True,1,False,0,True,9,True,2,False,0,False,0,True,9,True,2,False,0,False,0,True,7,False,1,False,0,False,0,True,6,False,0,False,0,False,0,True,6,False,0,False,0,False,0,True,5,False,0,False,0,False,0,True,4,False,0,False,0,False,0,True,2,False,0,False,0,False,0,1.067415796104284,0.6100263568844791,0.35128452061028453,0.3318122404949329,0.2157937853512955,0.2157937853512955,0.04438933820782265,0.0051352902690738585
306.0,0.9997766638542855,1.4953946939613112,True,15,True,4,False,0,False,0,True,14,True,3,False,0,False,0,True,13,False,0,False,0,False,0,True,11,False,0,False,0,False,0,True,9,False,0,False,0,False,0,True,8,False,0,False,0,False,0,False,6,False,0,False,0,False,0,False,5,False,0,False,0,False,0,False,4,False,0,False,0,False,0,False,4,False,0,False,0,False,0,False,3,False,0,False,0,False,0,0.8879277423010037,0.3569490362134615,0.1736668058141972,0.15844853697274655,0.07554249542291223,0.07554249542291223,0.07554249542291223,0.07554249542291223
297.0,0.7279021291379225,1.0991087311404626,True,10,True,3,False,0,False,0,True,9,True,2,False,0,False,0,True,6,True,1,False,0,False,0,True,4,True,1,False,0,False,0,True,4,True,1,False,0,False,0,True,2,True,1,False,0,False,0,True,2,True,1,False,0,False,0,True,2,False,0,False,0,False,0,True,2,False,0,False,0,False,0,True,2,False,0,False,0,False,0,True,1,False,0,False,0,False,0,0.7594531250567709,0.7594531250567709,0.4342246393803607,0.4342246393803607,0.092321345038528,0.00732422024219995,0.01722516495910589,0.00732422024219995
442.0,0.16521911757407315,1.8632203587139469,True,11,True,3,False,1,False,1,True,11,True,2,False,0,False,0,True,9,True,2,False,0,False,0,True,7,True,2,False,0,False,0,True,6,True,2,False,0,False,0,True,6,False,0,False,0,False,0,True,6,False,0,False,0,False,0,True,5,False,0,False,0,False,0,True,5,False,0,False,0,False,0,True,5,False,0,False,0,False,0,True,5,False,0,False,0,False,0,1.0330062208129895,1.0330062208129895,0.33534680682014495,0.33534680682014495,0.1398323307553812,0.012895771888310308,0.1398323307553812,0.012895771888310308
104.0,0.9997270335996824,2.47506806518717,True,9,True,6,True,3,True,2,True,10,True,5,True,3,True,2,True,9,True,5,True,3,True,2,True,6,True,5,True,2,True,2,True,5,True,3,True,2,True,2,True,5,True,2,True,2,True,2,True,5,True,2,True,2,False,1,True,5,True,2,True,2,False,1,True,5,True,2,True,2,False,1,True,5,True,2,True,2,False,1,True,5,True,2,True,2,False,1,2.2265754642847337,0.8772611502672544,0.8752137111721424,0.8752137111721424,0.826238410872917,0.826238410872917,0.6451105631809161,0.3886138844257993
130.0,0.996873293959998,1.001639826055493,True,9,True,4,True,2,False,0,True,8,True,3,True,1,False,0,True,8,True,3,False,0,False,0,True,6,True,3,False,0,False,0,True,5,True,3,False,0,False,0,True,5,True,3,False,0,False,0,True,4,True,1,False,0,False,0,True,3,False,0,False,0,False,0,True,3,False,0,False,0,False,0,True,3,False,0,False,0,False,0,True,3,False,0,False,0,False,0,0.8651545315015763,0.6579515196558005,0.41598810960794586,0.41598810960794586,0.1655054086294659,0.1655054086294659,0.01701997788906325,0.01701997788906325
320.0,0.9999503697453967,0.578240637317009,True,8,True,2,False,0,False,0,True,3,True,1,False,0,False,0,True,2,True,1,False,0,False,0,True,2,True,1,False,0,False,0,True,2,False,0,False,0,False,0,True,1,False,0,False,0,False,0,True,1,False,0,False,0,False,0,False,0,False,0,False,0,False,0,False,0,False,0,False,0,False,0,False,0,False,0,False,0,False,0,False,0,False,0,False,0,False,0,0.44809443034036084,0.44809443034036084,0.278716830781059,0.278716830781059,0.05037838855318373,0.0008050355417625145,0.032160597991887474,0.0008050355417625145
229.0,0.0,0.0,False,0,False,0,False,0,False,0,False,0,False,0,False,0,False,0,False,0,False,0,False,0,False,0,False,0,False,0,False,0,False,0,False,0,False,0,False,0,False,0,False,0,False,0,False,0,False,0,False,0,False,0,False,0,False,0,False,0,False,0,False,0,False,0,False,0,False,0,False,0,False,0,False,0,False,0,False,0,False,0,False,0,False,0,False,0,False,0,0.0,0.0,0.0,0.0,0.0,0.0,0.0,0.0
107.0,1.0,2.0008550292597467,True,13,True,5,True,1,False,0,True,10,True,4,False,0,False,0,True,9,True,2,False,0,False,0,True,9,False,1,False,0,False,0,True,8,False,0,False,0,False,0,True,8,False,0,False,0,False,0,True,7,False,0,False,0,False,0,True,5,False,0,False,0,False,0,True,4,False,0,False,0,False,0,True,4,False,0,False,0,False,0,True,3,False,0,False,0,False,0,1.2458232174515842,1.2458232174515842,0.2522993381416312,0.23176278215579055,0.11163629214529829,0.11163629214529829,0.0694388140895134,0.0694388140895134
299.0,0.9999503697453967,0.9488471037002382,True,9,True,2,False,0,False,0,True,9,True,1,False,0,False,0,True,7,False,0,False,0,False,0,True,6,False,0,False,0,False,0,True,5,False,0,False,0,False,0,True,4,False,0,False,0,False,0,True,4,False,0,False,0,False,0,True,3,False,0,False,0,False,0,True,3,False,0,False,0,False,0,True,2,False,0,False,0,False,0,True,2,False,0,False,0,False,0,0.9026776531289646,0.9026776531289646,0.15851618130696382,0.15851618130696382,0.01241464331611651,0.003187271222934764,0.00257263193632407,0.00257263193632407
443.0,0.8893741624894536,1.554605526191553,True,10,True,3,True,3,False,1,True,7,True,3,True,2,False,0,True,4,True,3,True,2,False,0,True,4,True,3,True,2,False,0,True,4,True,3,False,1,False,0,True,3,True,3,False,1,False,0,True,3,False,2,False,0,False,0,True,3,False,1,False,0,False,0,True,2,False,1,False,0,False,0,True,2,False,1,False,0,False,0,True,2,False,1,False,0,False,0,0.9393666076293251,0.6294750950596016,0.6484867042722149,0.38860154082960147,0.3779349594390615,0.2804937585599968,0.10242723193754172,0.0003582257584177223
245.0,0.8403146558141843,0.5154194725979168,True,7,False,3,False,2,False,0,True,6,False,2,False,1,False,0,True,5,False,0,False,0,False,0,True,5,False,0,False,0,False,0,False,2,False,0,False,0,False,0,False,0,False,0,False,0,False,0,False,0,False,0,False,0,False,0,False,0,False,0,False,0,False,0,False,0,False,0,False,0,False,0,False,0,False,0,False,0,False,0,False,0,False,0,False,0,False,0,0.3336841581289272,0.26439317583228333,0.19052252601754374,0.07335061713944048,0.16401446091908586,0.0007493808458604607,0.060398695979708844,0.0007493808458604607
197.0,0.9497741823415554,0.7239604220173722,True,10,True,3,True,1,False,0,True,6,True,2,False,0,False,0,True,5,True,1,False,0,False,0,True,3,False,0,False,0,False,0,True,3,False,0,False,0,False,0,True,3,False,0,False,0,False,0,True,2,False,0,False,0,False,0,True,2,False,0,False,0,False,0,True,1,False,0,False,0,False,0,True,1,False,0,False,0,False,0,False,0,False,0,False,0,False,0,0.5909165030051405,0.5909165030051405,0.24834178108503854,0.24834178108503854,0.11660958148595083,0.11660958148595083,0.0023616551280650926,0.0023616551280650926
457.0,0.49955332770857114,1.0977394913507341,True,9,True,2,True,2,True,1,True,7,True,2,True,1,True,1,True,5,True,2,False,0,False,0,True,4,True,2,False,0,False,0,True,3,True,2,False,0,False,0,True,3,True,2,False,0,False,0,True,2,True,2,False,0,False,0,True,2,True,2,False,0,False,0,True,2,True,2,False,0,False,0,True,2,True,2,False,0,False,0,True,2,True,1,False,0,False,0,0.9890461601741527,0.9890461601741527,0.7211622671046947,0.7211622671046947,0.19649124844465196,0.19649124844465196,0.18882088754035597,0.18882088754035597
249.0,1.0,2.140080032097922,True,10,True,6,True,3,False,1,True,9,True,2,True,2,False,0,True,8,True,2,True,1,False,0,True,6,True,2,True,1,False,0,True,6,True,2,True,1,False,0,True,4,True,2,True,1,False,0,True,4,True,2,False,0,False,0,True,3,True,1,False,0,False,0,True,3,True,1,False,0,False,0,True,3,True,1,False,0,False,0,True,2,True,1,False,0,False,0,1.213549324239065,0.7194510244163299,0.6511035008009897,0.6511035008009897,0.3941997652823111,0.3941997652823111,0.11393843475165823,0.013587710642706299
324.0,1.0,0.5528681077900522,True,5,True,4,False,0,False,0,True,4,True,2,False,0,False,0,True,4,True,2,False,0,False,0,True,1,True,1,False,0,False,0,True,1,True,1,False,0,False,0,True,1,False,0,False,0,False,0,True,1,False,0,False,0,False,0,True,1,False,0,False,0,False,0,False,0,False,0,False,0,False,0,False,0,False,0,False,0,False,0,False,0,False,0,False,0,False,0,0.459900616239286,0.459900616239286,0.3022613051137,0.3022613051137,0.09056408804079212,0.09056408804079212,0.0007970371297339484,0.0007868062225794987
212.0,0.8420020844706934,0.5270361829132745,True,10,True,3,False,0,False,0,True,8,True,1,False,0,False,0,True,3,False,0,False,0,False,0,False,1,False,0,False,0,False,0,False,1,False,0,False,0,False,0,False,1,False,0,False,0,False,0,False,0,False,0,False,0,False,0,False,0,False,0,False,0,False,0,False,0,False,0,False,0,False,0,False,0,False,0,False,0,False,0,False,0,False,0,False,0,False,0,0.35080112632835814,0.2025809835857223,0.15568162732274338,0.15568162732274338,0.09491764214328882,0.03499819513982005,0.048445820109714,0.0017522440191050474
116.0,1.0,0.8836576193551824,True,9,True,3,True,1,True,1,True,8,True,3,True,1,True,1,True,5,True,2,True,1,False,0,True,5,True,1,False,0,False,0,True,4,True,1,False,0,False,0,True,2,True,1,False,0,False,0,True,2,False,0,False,0,False,0,False,1,False,0,False,0,False,0,False,1,False,0,False,0,False,0,False,1,False,0,False,0,False,0,False,0,False,0,False,0,False,0,0.5639698781760655,0.4372624834017783,0.3632841288204435,0.3632841288204435,0.23326747769883935,0.23326747769883935,0.1781141975723304,0.1781141975723304
326.0,0.9974688570152365,0.9919984006144342,True,11,True,2,False,0,False,0,True,9,True,1,False,0,False,0,True,6,True,1,False,0,False,0,True,5,True,1,False,0,False,0,True,3,True,1,False,0,False,0,True,2,True,1,False,0,False,0,True,2,True,1,False,0,False,0,True,2,True,1,False,0,False,0,True,2,True,1,False,0,False,0,True,2,True,1,False,0,False,0,True,2,False,0,False,0,False,0,0.8733611662235089,0.8733611662235089,0.5502536617189994,0.5502536617189994,0.08528387850205497,0.0019624370483884318,0.0019624370483884318,0.0019624370483884318
441.0,0.9361010471983722,0.6912869433385264,True,9,True,2,False,0,False,0,True,8,True,1,False,0,False,0,True,4,True,1,False,0,False,0,True,4,False,0,False,0,False,0,True,3,False,0,False,0,False,0,True,3,False,0,False,0,False,0,True,2,False,0,False,0,False,0,True,2,False,0,False,0,False,0,False,1,False,0,False,0,False,0,False,0,False,0,False,0,False,0,False,0,False,0,False,0,False,0,0.5161174707828595,0.4943856996169076,0.2231007215683807,0.2231007215683807,0.08375362923128998,0.08375362923128998,0.00982709969876533,0.002198108210255934
269.0,0.7879299220805003,2.2447764743654117,True,9,True,6,True,1,True,1,True,9,True,6,True,1,True,1,True,8,True,4,True,2,False,0,True,5,True,4,True,2,False,0,True,5,True,4,True,1,False,0,True,5,True,3,True,1,False,0,True,5,True,1,False,0,False,0,True,4,True,1,False,0,False,0,True,4,True,1,False,0,False,0,True,4,True,1,False,0,False,0,True,4,True,1,False,0,False,0,2.1417284041081706,2.1417284041081706,0.736675032845223,0.736675032845223,0.37739071514339834,0.37739071514339834,0.15398634071022502,0.15398634071022502
290.0,0.9993299915628567,0.9783886803334586,True,10,True,6,False,1,False,0,True,10,True,5,False,0,False,0,True,8,False,2,False,0,False,0,True,8,False,0,False,0,False,0,True,4,False,0,False,0,False,0,True,4,False,0,False,0,False,0,True,2,False,0,False,0,False,0,True,2,False,0,False,0,False,0,True,2,False,0,False,0,False,0,True,2,False,0,False,0,False,0,True,2,False,0,False,0,False,0,0.9128876328502588,0.9128876328502588,0.23372352015575157,0.17875029474768872,0.13503174142459556,0.00041559171959640816,0.0006878791409120603,0.00041559171959640816
403.0,0.9999503697453967,0.8519982149405587,True,8,True,3,True,1,False,0,True,6,True,2,True,1,False,0,True,4,True,2,False,0,False,0,True,3,True,2,False,0,False,0,True,3,True,2,False,0,False,0,True,2,True,2,False,0,False,0,True,2,False,0,False,0,False,0,True,2,False,0,False,0,False,0,True,2,False,0,False,0,False,0,True,2,False,0,False,0,False,0,True,1,False,0,False,0,False,0,0.7238860428048784,0.7238860428048784,0.3995460236066333,0.3995460236066333,0.18815458770276822,0.18815458770276822,0.0027112501266442776,0.0027112501266442776
405.0,0.9999503697453967,0.8471634858651584,True,7,False,1,False,0,False,0,True,4,False,1,False,0,False,0,True,4,False,1,False,0,False,0,True,2,False,1,False,0,False,0,True,2,False,0,False,0,False,0,True,2,False,0,False,0,False,0,False,1,False,0,False,0,False,0,False,0,False,0,False,0,False,0,False,0,False,0,False,0,False,0,False,0,False,0,False,0,False,0,False,0,False,0,False,0,False,0,0.4095661722731075,0.3820061278941836,0.27630645428346806,0.01777172830960151,0.07898057025526509,5.2669881469754366e-05,0.02126515274542279,5.2669881469754366e-05
268.0,0.9995533277085712,1.1452269415040872,True,10,True,3,False,1,False,0,True,7,True,3,False,0,False,0,True,6,True,3,False,0,False,0,True,6,True,3,False,0,False,0,True,6,True,2,False,0,False,0,True,5,True,2,False,0,False,0,True,3,True,2,False,0,False,0,True,3,True,1,False,0,False,0,True,3,True,1,False,0,False,0,True,3,False,0,False,0,False,0,True,3,False,0,False,0,False,0,0.8889855081531028,0.8296151238750497,0.5339081481830587,0.5339081481830587,0.12318889423357604,0.013377027064388721,0.013377027064388721,0.013377027064388721
226.0,0.80820388108591,0.574168940187861,True,9,True,1,True,1,False,0,True,6,False,0,False,0,False,0,True,2,False,0,False,0,False,0,False,1,False,0,False,0,False,0,False,0,False,0,False,0,False,0,False,0,False,0,False,0,False,0,False,0,False,0,False,0,False,0,False,0,False,0,False,0,False,0,False,0,False,0,False,0,False,0,False,0,False,0,False,0,False,0,False,0,False,0,False,0,False,0,0.2910302705813887,0.21889305258962435,0.10277185975314287,0.10277185975314287,0.10084007671607859,0.10084007671607859,0.03481732961536629,0.004679963669978271
337.0,0.9998759243634919,1.0168859364841851,True,10,True,5,False,0,False,0,True,9,True,4,False,0,False,0,True,8,True,3,False,0,False,0,True,6,True,2,False,0,False,0,True,5,True,2,False,0,False,0,True,4,True,2,False,0,False,0,True,4,True,1,False,0,False,0,True,4,True,1,False,0,False,0,True,3,False,0,False,0,False,0,True,3,False,0,False,0,False,0,True,2,False,0,False,0,False,0,0.8648609139912897,0.8648609139912897,0.47928410965662716,0.47928410965662716,0.03908069793717035,0.0031993990080293228,0.014336629028768576,0.0031993990080293228
189.0,0.9092014492034344,0.999987495711116,True,8,True,2,True,1,True,1,True,5,True,1,True,1,True,1,True,3,True,1,True,1,True,1,True,3,True,1,True,1,True,1,True,3,True,1,True,1,True,1,True,2,True,1,True,1,True,1,True,2,True,1,True,1,True,1,True,2,True,1,True,1,True,1,True,2,True,1,True,1,True,1,True,1,True,1,True,1,True,1,True,1,True,1,True,1,False,0,0.9867691424262592,0.9867691424262592,0.8601086879278798,0.8601086879278798,0.8063527236361391,0.8063527236361391,0.5606612407640504,0.5606612407640504
149.0,0.9986351679984118,0.7357352151933495,True,8,True,3,False,0,False,0,True,7,True,2,False,0,False,0,True,3,True,2,False,0,False,0,True,3,True,2,False,0,False,0,True,3,True,1,False,0,False,0,True,1,True,1,False,0,False,0,True,1,True,1,False,0,False,0,True,1,False,0,False,0,False,0,True,1,False,0,False,0,False,0,True,1,False,0,False,0,False,0,True,1,False,0,False,0,False,0,0.6470718095747207,0.6470718095747207,0.4392804722138878,0.4392804722138878,0.08169262352628594,0.05469965953441782,0.01661298449188483,0.009200666720962349
96.0,0.41210481909772195,0.8129122050228762,True,7,True,5,True,3,True,2,True,6,True,4,True,2,True,1,True,5,True,3,True,1,True,1,True,5,True,1,True,1,True,1,True,3,True,1,True,1,True,1,True,3,False,1,False,0,False,0,True,2,False,1,False,0,False,0,True,2,False,1,False,0,False,0,False,1,False,0,False,0,False,0,False,1,False,0,False,0,False,0,False,1,False,0,False,0,False,0,0.6161603459302303,0.4936331832806489,0.47420726110169775,0.34070129335099814,0.31893762817671595,0.31893762817671595,0.31352615247819793,0.31352615247819793
353.0,0.952553476599335,1.2476719435434735,True,7,True,3,True,1,False,0,True,5,True,3,True,1,False,0,True,5,True,3,True,1,False,0,True,4,True,2,False,0,False,0,True,3,True,2,False,0,False,0,True,2,True,1,False,0,False,0,True,2,True,1,False,0,False,0,True,2,False,0,False,0,False,0,True,2,False,0,False,0,False,0,True,2,False,0,False,0,False,0,True,2,False,0,False,0,False,0,0.7891182524553191,0.6578801877456849,0.44825488794158175,0.44825488794158175,0.20723466028070722,0.20723466028070722,0.007931615784080116,0.00046785579347415605
188.0,0.9374162489453571,0.9905483546051487,True,9,True,5,True,1,False,0,True,9,True,3,True,1,False,0,True,7,True,3,True,1,False,0,True,6,True,1,False,0,False,0,True,5,True,1,False,0,False,0,True,5,True,1,False,0,False,0,True,3,True,1,False,0,False,0,True,3,True,1,False,0,False,0,True,3,True,1,False,0,False,0,True,3,True,1,False,0,False,0,True,2,True,1,False,0,False,0,0.9280299420997193,0.9280299420997193,0.863951605923012,0.863951605923012,0.2349998366005906,0.2349998366005906,0.0030324616199365845,0.0015420964909236086
516.0,0.26269293761477,2.4837837933753395,True,13,True,7,True,3,False,1,True,14,True,5,True,3,False,1,True,13,True,4,True,3,False,1,True,9,True,4,False,1,False,1,True,8,True,3,False,1,False,1,True,7,True,3,False,1,False,1,True,5,True,3,False,1,False,1,True,4,True,3,False,1,False,0,True,4,True,3,False,1,False,0,True,4,True,3,False,1,False,0,True,4,False,2,False,1,False,0,1.7751643983958934,0.7356830592306659,0.970638422881893,0.5985104254114212,0.7165133037939316,0.22544380740305445,0.4222884077067176,0.008671159983793642
71.0,0.9999255546180952,2.834137685292652,True,10,True,6,True,4,True,4,True,10,True,6,True,3,True,3,True,11,True,7,True,3,True,2,True,10,True,7,True,3,True,2,True,11,True,5,True,3,True,2,True,10,True,5,True,3,False,1,True,9,True,5,True,3,False,1,True,9,True,5,True,2,False,1,True,10,True,3,True,2,False,0,True,10,True,3,True,2,False,0,True,9,True,3,False,1,False,0,2.096318491428794,0.7990229604878661,0.981470125673157,0.694479309077305,0.9660707890667415,0.5879482097308228,0.4840010759993985,0.34710900838523895
165.0,0.9504193756513971,1.0425714772884922,True,11,True,4,False,1,False,1,True,9,False,3,False,1,False,1,True,9,False,1,False,0,False,0,True,8,False,0,False,0,False,0,True,7,False,0,False,0,False,0,False,3,False,0,False,0,False,0,False,3,False,0,False,0,False,0,False,1,False,0,False,0,False,0,False,1,False,0,False,0,False,0,False,1,False,0,False,0,False,0,False,1,False,0,False,0,False,0,0.8316900562618187,0.34447878419648037,0.22050730990383363,0.11488981742950521,0.17198885954889032,0.03506345805454882,0.16028695090400075,0.010815043483732457
108.0,0.2647029629261998,3.4285125164870194,True,11,True,6,True,4,False,2,True,11,True,6,True,3,False,1,True,11,True,6,True,3,False,1,True,11,True,6,True,3,False,1,True,12,True,5,True,3,False,1,True,12,True,5,True,3,False,1,True,11,True,4,True,3,False,1,True,11,True,4,True,3,False,1,True,11,True,4,True,3,False,1,True,10,True,4,True,3,False,1,True,10,True,4,True,3,False,1,3.372083197899113,1.67756269176238,0.9999979335547967,0.9999979335547967,0.9974217866824535,0.9909070393737963,0.9967471948684477,0.027578686403119505
230.0,0.842399126507519,0.4261684417081669,True,5,True,2,False,1,False,0,True,4,False,0,False,0,False,0,False,1,False,0,False,0,False,0,False,1,False,0,False,0,False,0,False,1,False,0,False,0,False,0,False,0,False,0,False,0,False,0,False,0,False,0,False,0,False,0,False,0,False,0,False,0,False,0,False,0,False,0,False,0,False,0,False,0,False,0,False,0,False,0,False,0,False,0,False,0,False,0,0.3052893583288836,0.16635784213508853,0.1333311870355571,0.1333311870355571,0.10996996106115246,0.0009143864410362355,0.06919222904584046,0.0005864204688585981
148.0,0.9994788823266664,0.6129099156990713,True,7,True,3,False,1,False,0,True,6,True,2,False,0,False,0,True,4,True,2,False,0,False,0,True,4,False,1,False,0,False,0,True,3,False,0,False,0,False,0,True,3,False,0,False,0,False,0,True,2,False,0,False,0,False,0,False,1,False,0,False,0,False,0,False,0,False,0,False,0,False,0,False,0,False,0,False,0,False,0,False,0,False,0,False,0,False,0,0.471880732682674,0.40396540643082746,0.25109056422593323,0.2170576575515411,0.10355320768837646,0.0010018420322026797,0.03011763760542349,0.0010018420322026797
47.0,0.0,0.0,False,0,False,0,False,0,False,0,False,0,False,0,False,0,False,0,False,0,False,0,False,0,False,0,False,0,False,0,False,0,False,0,False,0,False,0,False,0,False,0,False,0,False,0,False,0,False,0,False,0,False,0,False,0,False,0,False,0,False,0,False,0,False,0,False,0,False,0,False,0,False,0,False,0,False,0,False,0,False,0,False,0,False,0,False,0,False,0,0.0,0.0,0.0,0.0,0.0,0.0,0.0,0.0
118.0,0.9940691845749169,2.1384885830348903,True,10,True,4,True,2,False,1,True,6,True,2,True,2,False,1,True,6,True,2,False,1,False,1,True,6,True,2,False,1,False,1,True,5,True,2,False,1,False,1,True,5,True,2,False,1,False,1,True,5,True,2,False,1,False,0,True,5,True,1,False,0,False,0,True,3,True,1,False,0,False,0,True,3,False,0,False,0,False,0,True,3,False,0,False,0,False,0,1.2622192839392585,0.8196592843934037,0.5113292580659394,0.5113292580659394,0.43298234669832464,0.1860362677659936,0.36699114224398593,0.003907594195952271
65.0,0.986500570747928,2.369225303077654,True,9,True,8,True,3,True,2,True,9,True,8,True,2,True,2,True,10,True,5,True,1,True,1,True,8,True,3,True,1,True,1,True,8,True,2,True,1,True,1,True,6,True,1,True,1,False,0,True,3,True,1,True,1,False,0,True,3,True,1,True,1,False,0,True,3,True,1,True,1,False,0,True,2,True,1,True,1,False,0,True,2,True,1,True,1,False,0,1.5097452802054614,1.5097452802054614,0.9392646475985951,0.9392646475985951,0.807813165365923,0.807813165365923,0.30088064131807335,0.30088064131807335
433.0,0.657352722219465,1.097318483721422,True,13,True,4,False,0,False,0,True,10,True,3,False,0,False,0,True,8,True,2,False,0,False,0,True,6,True,2,False,0,False,0,True,6,False,1,False,0,False,0,True,5,False,1,False,0,False,0,True,5,False,1,False,0,False,0,True,4,False,1,False,0,False,0,True,2,False,1,False,0,False,0,True,2,False,1,False,0,False,0,True,2,False,0,False,0,False,0,0.8556657727591321,0.8556657727591321,0.5601531615496731,0.2998710405073732,0.09762861029688856,0.06843714142734085,0.06843714142734085,0.06843714142734085
462.0,0.2012506824160008,2.063140584022018,True,7,True,6,True,3,True,3,True,10,True,8,True,4,True,2,True,12,True,5,False,1,False,1,True,12,True,5,False,1,False,0,True,10,True,5,False,1,False,0,True,11,True,5,False,0,False,0,True,9,True,5,False,0,False,0,True,9,False,3,False,0,False,0,True,10,False,0,False,0,False,0,True,10,False,0,False,0,False,0,True,9,False,0,False,0,False,0,1.6751424335970009,1.6751424335970009,0.4757558582251381,0.4228140938856865,0.33236512404029095,0.1781506834079495,0.2319119685048846,0.16529974317033325
476.0,0.9975681175244429,1.1210240859074132,True,11,True,4,False,0,False,0,True,10,True,3,False,0,False,0,True,6,True,3,False,0,False,0,True,6,False,1,False,0,False,0,True,5,False,1,False,0,False,0,True,3,False,0,False,0,False,0,True,2,False,0,False,0,False,0,True,2,False,0,False,0,False,0,True,2,False,0,False,0,False,0,True,2,False,0,False,0,False,0,True,2,False,0,False,0,False,0,0.7934287130757895,0.7305526846518787,0.3425560040283513,0.20252864261300044,0.03828531880066145,0.028571654416497404,0.006049626083742791,0.00013028084267700636
88.0,0.6186411236289642,2.8024411925483323,True,7,True,3,True,3,True,3,True,5,True,3,True,3,True,2,True,4,True,3,True,3,False,1,True,3,True,3,True,3,False,1,True,3,True,3,False,2,False,0,True,3,True,3,False,2,False,0,True,3,False,2,False,2,False,0,True,3,False,2,False,1,False,0,True,3,False,2,False,1,False,0,False,2,False,2,False,1,False,0,False,2,False,2,False,1,False,0,1.9520882035917368,0.5311452116903337,0.8577823713040856,0.3867348808518242,0.7007772598696219,0.25524422782068096,0.2975333740652129,0.1802468315647777
402.0,0.9999503697453967,0.4964015110544803,True,7,True,4,False,0,False,0,True,6,True,2,False,0,False,0,True,5,True,2,False,0,False,0,True,4,False,0,False,0,False,0,True,1,False,0,False,0,False,0,True,1,False,0,False,0,False,0,False,0,False,0,False,0,False,0,False,0,False,0,False,0,False,0,False,0,False,0,False,0,False,0,False,0,False,0,False,0,False,0,False,0,False,0,False,0,False,0,0.3957122989997283,0.3957122989997283,0.23044403032689953,0.22290101378964314,0.015335592998348122,0.0026773025265980415,0.0026773025265980415,0.0026773025265980415
417.0,0.9998759243634919,0.4579287175692681,True,4,True,2,False,0,False,0,True,3,False,0,False,0,False,0,True,2,False,0,False,0,False,0,True,2,False,0,False,0,False,0,False,0,False,0,False,0,False,0,False,0,False,0,False,0,False,0,False,0,False,0,False,0,False,0,False,0,False,0,False,0,False,0,False,0,False,0,False,0,False,0,False,0,False,0,False,0,False,0,False,0,False,0,False,0,False,0,0.2770789141464502,0.2689765865478132,0.11661103700511234,0.11661103700511234,0.05746172600601853,0.0022356291023811633,0.00047167068211269764,0.000192228525043366
387.0,0.9981140503250782,0.5449509743053897,True,6,True,3,False,0,False,0,True,4,True,2,False,0,False,0,True,2,True,1,False,0,False,0,True,2,True,1,False,0,False,0,True,1,False,0,False,0,False,0,True,1,False,0,False,0,False,0,True,1,False,0,False,0,False,0,False,0,False,0,False,0,False,0,False,0,False,0,False,0,False,0,False,0,False,0,False,0,False,0,False,0,False,0,False,0,False,0,0.43055230058606553,0.43055230058606553,0.25394834643450004,0.25394834643450004,0.07637818621702203,0.07637818621702203,0.0006653874011787832,0.0006653874011787832
455.0,0.660355352622959,0.947250228092144,True,15,True,4,False,0,False,0,True,9,True,2,False,0,False,0,True,7,True,1,False,0,False,0,True,7,True,1,False,0,False,0,True,6,False,0,False,0,False,0,True,4,False,0,False,0,False,0,True,2,False,0,False,0,False,0,True,2,False,0,False,0,False,0,True,2,False,0,False,0,False,0,True,2,False,0,False,0,False,0,True,2,False,0,False,0,False,0,0.9044740094766371,0.9044740094766371,0.2891246589840754,0.2891246589840754,0.06116447168802953,0.06116447168802953,0.05534206476407875,0.05534206476407875
28.0,0.9999255546180952,1.7571720285878178,True,7,True,4,True,2,True,1,True,8,True,5,True,1,False,0,True,5,True,2,False,0,False,0,True,5,True,2,False,0,False,0,True,4,True,2,False,0,False,0,True,4,True,2,False,0,False,0,True,3,False,0,False,0,False,0,True,3,False,0,False,0,False,0,True,3,False,0,False,0,False,0,True,3,False,0,False,0,False,0,True,3,False,0,False,0,False,0,1.0230047927482941,0.9943191479135072,0.3767161188588894,0.3767161188588894,0.1842695087345341,0.1842695087345341,0.11704400822419599,0.11704400822419599
3.0,0.44664747630155344,2.3824352651584753,True,11,True,5,True,4,True,2,True,10,True,4,True,2,True,2,True,11,True,3,True,2,True,2,True,11,True,3,True,2,True,2,True,11,True,3,True,2,False,1,True,9,True,4,True,1,False,0,True,8,True,3,True,1,False,0,True,6,True,2,True,1,False,0,True,6,True,1,False,0,False,0,True,6,True,1,False,0,False,0,True,5,True,1,False,0,False,0,1.9260093964043754,1.7934772978968694,0.7085789653332478,0.7085789653332478,0.48492183003542244,0.48492183003542244,0.3366652914870149,0.2966238255296282
58.0,1.0,0.9602003122354017,True,8,True,2,False,0,False,0,True,5,True,2,False,0,False,0,True,4,True,1,False,0,False,0,True,3,True,1,False,0,False,0,True,2,True,1,False,0,False,0,True,2,True,1,False,0,False,0,True,2,True,1,False,0,False,0,True,1,True,1,False,0,False,0,True,1,True,1,False,0,False,0,True,1,False,0,False,0,False,0,True,1,False,0,False,0,False,0,0.6541166170412916,0.6541166170412916,0.5205571395767935,0.5205571395767935,0.0877959628117697,0.0877959628117697,0.0018508371348102183,0.001095494362107038
404.0,0.8673135143183285,1.0614375924803663,True,9,True,4,True,2,True,1,True,7,True,3,True,1,False,0,True,5,False,1,False,0,False,0,False,2,False,0,False,0,False,0,False,2,False,0,False,0,False,0,False,1,False,0,False,0,False,0,False,1,False,0,False,0,False,0,False,1,False,0,False,0,False,0,False,1,False,0,False,0,False,0,False,1,False,0,False,0,False,0,False,1,False,0,False,0,False,0,1.0102935672832976,0.22423956883607743,0.21629983102830252,0.18418698207849432,0.18006647606527526,0.18006647606527526,0.13435629596128099,0.13435629596128099
36.0,1.0,2.6675746734329207,True,10,True,4,True,2,True,2,True,10,True,4,True,2,False,1,True,9,True,3,False,1,False,1,True,7,True,3,False,1,False,1,True,6,False,2,False,1,False,1,True,5,False,2,False,1,False,1,True,3,False,1,False,1,False,1,True,3,False,1,False,1,False,1,True,3,False,1,False,1,False,1,True,3,False,1,False,1,False,0,True,3,False,1,False,0,False,0,1.8201721455997606,0.7216754124131755,0.7346381540274338,0.2877202046450959,0.5871434665504293,0.19238935097649912,0.5071185656713691,0.12385682937084429
480.0,0.9996029579631743,1.1279835353443137,True,7,True,3,True,1,False,0,True,4,True,2,True,1,False,0,True,3,True,2,True,1,False,0,True,3,True,2,False,0,False,0,True,2,True,2,False,0,False,0,True,2,True,2,False,0,False,0,True,2,True,1,False,0,False,0,True,2,True,1,False,0,False,0,True,2,True,1,False,0,False,0,True,2,True,1,False,0,False,0,True,2,False,0,False,0,False,0,0.841044476073396,0.841044476073396,0.56413777653497,0.56413777653497,0.24484760250739104,0.24484760250739104,0.08508110895953187,0.08508110895953187
263.0,1.0,0.6736291964075326,True,6,True,3,False,0,False,0,True,4,True,2,False,0,False,0,True,4,True,2,False,0,False,0,True,3,True,1,False,0,False,0,True,2,True,1,False,0,False,0,True,1,False,0,False,0,False,0,True,1,False,0,False,0,False,0,True,1,False,0,False,0,False,0,True,1,False,0,False,0,False,0,True,1,False,0,False,0,False,0,True,1,False,0,False,0,False,0,0.620281153966052,0.620281153966052,0.3410423726960089,0.3410423726960089,0.04584837488522079,0.017163734872303812,0.0005322882132127281,0.0004628483523271864
406.0,0.9997270335996824,0.5951402120517644,True,7,False,2,False,0,False,0,True,5,False,1,False,0,False,0,True,4,False,0,False,0,False,0,False,1,False,0,False,0,False,0,False,1,False,0,False,0,False,0,False,1,False,0,False,0,False,0,False,1,False,0,False,0,False,0,False,0,False,0,False,0,False,0,False,0,False,0,False,0,False,0,False,0,False,0,False,0,False,0,False,0,False,0,False,0,False,0,0.41299899099164844,0.23464673760335414,0.16099257166225617,0.005614419470463203,0.050764803133947926,6.811221614989508e-05,0.03185194958954163,6.811221614989508e-05
293.0,1.0,0.8546911459608532,True,11,True,5,True,3,False,0,True,9,True,4,True,2,False,0,True,6,True,3,True,2,False,0,True,5,True,3,True,1,False,0,True,5,True,2,False,0,False,0,True,4,True,1,False,0,False,0,True,3,True,1,False,0,False,0,True,3,True,1,False,0,False,0,True,2,False,0,False,0,False,0,True,1,False,0,False,0,False,0,True,1,False,0,False,0,False,0,0.6287363086798614,0.6287363086798614,0.49005217234529175,0.49005217234529175,0.266878027344887,0.266878027344887,0.024835718122062728,0.024835718122062728
352.0,0.0038215296044468708,1.6324754444858887,True,12,True,6,True,3,False,1,True,14,False,4,False,2,False,0,True,14,False,4,False,1,False,0,True,13,False,2,False,0,False,0,True,12,False,2,False,0,False,0,True,12,False,2,False,0,False,0,True,11,False,1,False,0,False,0,True,10,False,1,False,0,False,0,True,8,False,1,False,0,False,0,True,8,False,1,False,0,False,0,True,7,False,1,False,0,False,0,1.04863268768868,0.7177935565917762,0.6861585223287351,0.12948994595833244,0.22118462591341595,0.12948994595833244,0.12136241048070227,0.06078343088698775
10.0,1.0,0.7819012420185212,True,10,True,2,False,0,False,0,True,7,False,1,False,0,False,0,True,4,False,0,False,0,False,0,True,3,False,0,False,0,False,0,True,3,False,0,False,0,False,0,True,2,False,0,False,0,False,0,False,1,False,0,False,0,False,0,False,1,False,0,False,0,False,0,False,1,False,0,False,0,False,0,False,0,False,0,False,0,False,0,False,0,False,0,False,0,False,0,0.5180960634203176,0.3695331793431973,0.17838846240146172,0.13265683382161658,0.00950820722830251,0.005616908635026085,0.0018721888495111295,0.0010686871334484565
474.0,0.9704451833837907,0.9830288180947837,True,10,True,1,False,0,False,0,True,9,True,1,False,0,False,0,True,7,False,0,False,0,False,0,True,5,False,0,False,0,False,0,True,3,False,0,False,0,False,0,True,3,False,0,False,0,False,0,True,2,False,0,False,0,False,0,False,1,False,0,False,0,False,0,False,1,False,0,False,0,False,0,False,1,False,0,False,0,False,0,False,1,False,0,False,0,False,0,0.6835637383923217,0.4247062973069875,0.19048264764237705,0.19048264764237705,0.01958651645665357,0.012644446298851388,0.0007617410237973173,0.00018606989088469308
193.0,0.9865502010025311,0.7336111626821742,True,8,True,3,True,1,False,0,True,5,True,3,False,0,False,0,True,5,True,3,False,0,False,0,True,4,True,1,False,0,False,0,True,2,False,0,False,0,False,0,True,2,False,0,False,0,False,0,True,2,False,0,False,0,False,0,True,2,False,0,False,0,False,0,True,2,False,0,False,0,False,0,True,1,False,0,False,0,False,0,False,0,False,0,False,0,False,0,0.5690623849537674,0.5690623849537674,0.2731473846813976,0.2731473846813976,0.12357340512485857,0.12357340512485857,0.0020384166529107445,0.0020384166529107445
395.0,0.9952106804307906,0.9762271282654458,True,10,True,5,False,1,False,0,True,10,True,3,False,0,False,0,True,7,True,2,False,0,False,0,True,7,True,1,False,0,False,0,True,4,True,1,False,0,False,0,True,3,False,0,False,0,False,0,True,3,False,0,False,0,False,0,True,3,False,0,False,0,False,0,True,2,False,0,False,0,False,0,False,1,False,0,False,0,False,0,False,1,False,0,False,0,False,0,0.7712081341813108,0.5132070049923915,0.31875775819984975,0.31875775819984975,0.11811393056381259,0.0016434709341138919,0.0007366550135679999,0.0007366550135679999
524.0,0.0,0.0,False,0,False,0,False,0,False,0,False,0,False,0,False,0,False,0,False,0,False,0,False,0,False,0,False,0,False,0,False,0,False,0,False,0,False,0,False,0,False,0,False,0,False,0,False,0,False,0,False,0,False,0,False,0,False,0,False,0,False,0,False,0,False,0,False,0,False,0,False,0,False,0,False,0,False,0,False,0,False,0,False,0,False,0,False,0,False,0,0.0,0.0,0.0,0.0,0.0,0.0,0.0,0.0
538.0,0.7396893146061839,1.7540173962566386,True,9,True,3,False,1,False,1,True,8,False,1,False,1,False,1,True,8,False,1,False,1,False,0,True,7,False,1,False,1,False,0,True,5,False,1,False,1,False,0,True,4,False,1,False,1,False,0,True,4,False,1,False,1,False,0,True,3,False,1,False,0,False,0,True,2,False,1,False,0,False,0,True,1,False,0,False,0,False,0,False,0,False,0,False,0,False,0,0.5651816933487387,0.5651816933487387,0.5426898771628261,0.1323859055016512,0.44444938027971115,0.015427552501454648,0.19100370279247464,0.010249831693897376
437.0,1.0,0.7381047040403436,True,7,True,4,True,1,False,0,True,6,True,2,False,0,False,0,True,5,True,1,False,0,False,0,True,3,True,1,False,0,False,0,True,2,False,0,False,0,False,0,True,2,False,0,False,0,False,0,True,2,False,0,False,0,False,0,True,1,False,0,False,0,False,0,True,1,False,0,False,0,False,0,True,1,False,0,False,0,False,0,True,1,False,0,False,0,False,0,0.6044698491813155,0.6044698491813155,0.2964146667448893,0.2964146667448893,0.14430201780909677,0.14430201780909677,0.011543902506602234,0.0035371472496346363
154.0,0.9912402600625341,0.8465333909335753,True,7,True,3,False,0,False,0,True,6,True,3,False,0,False,0,True,5,True,2,False,0,False,0,True,5,True,2,False,0,False,0,True,4,True,2,False,0,False,0,True,2,True,2,False,0,False,0,True,2,True,1,False,0,False,0,True,2,False,0,False,0,False,0,True,2,False,0,False,0,False,0,True,1,False,0,False,0,False,0,True,1,False,0,False,0,False,0,0.6900499803221657,0.6900499803221657,0.4001218495166052,0.4001218495166052,0.04346172653195154,0.04346172653195154,0.0013107752379140007,0.0013107752379140007
522.0,0.0,0.0,False,0,False,0,False,0,False,0,False,0,False,0,False,0,False,0,False,0,False,0,False,0,False,0,False,0,False,0,False,0,False,0,False,0,False,0,False,0,False,0,False,0,False,0,False,0,False,0,False,0,False,0,False,0,False,0,False,0,False,0,False,0,False,0,False,0,False,0,False,0,False,0,False,0,False,0,False,0,False,0,False,0,False,0,False,0,False,0,0.0,0.0,0.0,0.0,0.0,0.0,0.0,0.0
40.0,1.0,0.9223056123642579,False,5,False,2,False,1,False,1,False,4,False,1,False,0,False,0,False,4,False,1,False,0,False,0,False,2,False,0,False,0,False,0,False,1,False,0,False,0,False,0,False,1,False,0,False,0,False,0,False,1,False,0,False,0,False,0,False,1,False,0,False,0,False,0,False,1,False,0,False,0,False,0,False,1,False,0,False,0,False,0,False,1,False,0,False,0,False,0,0.8183946397418149,0.09970180879236752,0.20089375598893067,0.007545295861386589,0.10124625249032726,0.0001609765225767339,0.10124625249032726,0.0001609765225767339
62.0,0.24959055039952355,2.583359035220345,True,9,True,5,True,2,False,1,True,9,True,5,True,2,False,1,True,11,True,4,False,1,False,1,True,11,True,3,False,1,False,1,True,10,True,3,False,1,False,1,True,10,True,2,False,1,False,1,True,9,True,2,False,1,False,1,True,8,True,2,False,1,False,1,True,8,True,2,False,1,False,1,True,8,True,3,False,0,False,0,True,8,True,1,False,0,False,0,1.4989079973811803,0.9254903923752118,0.6757099461802719,0.6757099461802719,0.5212471350882409,0.15688183365991096,0.5212471350882409,0.009317504085695014
411.0,0.9989825797806343,1.0842378346923214,True,7,True,3,True,3,True,1,True,5,True,2,True,1,False,0,True,4,True,1,True,1,False,0,True,4,True,1,False,0,False,0,True,3,True,1,False,0,False,0,True,3,True,1,False,0,False,0,True,2,True,1,False,0,False,0,True,2,False,0,False,0,False,0,True,1,False,0,False,0,False,0,True,1,False,0,False,0,False,0,False,0,False,0,False,0,False,0,0.5739350861802619,0.5739350861802619,0.4042674859877946,0.4042674859877946,0.2128162262777629,0.2128162262777629,0.10959712691072465,0.10959712691072465
463.0,0.9991562856717455,0.7778659715054603,True,11,True,3,True,1,True,1,True,8,True,2,True,1,True,1,True,6,True,2,True,1,True,1,True,6,True,3,False,0,False,0,True,5,True,3,False,0,False,0,True,4,False,0,False,0,False,0,True,3,False,0,False,0,False,0,True,2,False,0,False,0,False,0,True,1,False,0,False,0,False,0,False,0,False,0,False,0,False,0,False,0,False,0,False,0,False,0,0.5082524556356692,0.5082524556356692,0.3412226746125186,0.3412226746125186,0.23441675066713696,0.23441675066713696,0.23441675066713696,0.23441675066713696
298.0,0.9999255546180952,0.887671723073564,True,11,True,3,False,0,False,0,True,9,True,2,False,0,False,0,True,7,True,2,False,0,False,0,True,4,True,2,False,0,False,0,True,4,True,2,False,0,False,0,True,3,False,0,False,0,False,0,True,3,False,0,False,0,False,0,True,3,False,0,False,0,False,0,True,3,False,0,False,0,False,0,True,3,False,0,False,0,False,0,True,2,False,0,False,0,False,0,0.7589071847341532,0.7589071847341532,0.3466938511351124,0.3466938511351124,0.03687731370934399,0.0032832072278784243,0.01313171917565878,0.0007015869211856252
361.0,0.8102387215246414,1.749532295552418,True,7,True,3,True,2,False,0,True,5,True,3,True,2,False,0,True,5,True,3,True,2,False,0,True,5,True,3,True,1,False,0,True,4,True,3,True,1,False,0,True,4,True,3,True,1,False,0,True,3,True,1,True,1,False,0,True,2,True,1,True,1,False,0,True,2,True,1,False,0,False,0,True,2,True,1,False,0,False,0,True,2,True,1,False,0,False,0,1.0491295990839142,1.0491295990839142,0.6279569296109465,0.6279569296109465,0.46178746523763764,0.46178746523763764,0.052649141885819796,0.052649141885819796
301.0,0.994366966102536,0.8553987112059124,True,9,True,3,True,2,False,0,True,8,True,3,False,1,False,0,True,5,True,3,False,1,False,0,True,3,False,1,False,1,False,0,True,3,False,1,False,0,False,0,True,3,False,1,False,0,False,0,True,3,False,1,False,0,False,0,True,2,False,0,False,0,False,0,False,0,False,0,False,0,False,0,False,0,False,0,False,0,False,0,False,0,False,0,False,0,False,0,0.47858674025354886,0.47858674025354886,0.4089605594849616,0.24576264473117632,0.28577319578456306,0.14646845873618486,0.0760847173748937,0.006564731047549016
514.0,0.9988336890168247,1.602299579982777,True,7,True,3,True,2,False,0,True,6,True,2,True,1,False,0,True,5,True,2,True,1,False,0,True,4,True,2,False,0,False,0,True,2,True,2,False,0,False,0,True,2,True,2,False,0,False,0,True,2,True,2,False,0,False,0,True,2,True,1,False,0,False,0,True,2,False,0,False,0,False,0,True,2,False,0,False,0,False,0,True,2,False,0,False,0,False,0,1.0409762361565211,1.0409762361565211,0.484504134558414,0.484504134558414,0.22933735478623707,0.22933735478623707,0.004961396858150263,0.004961396858150263
63.0,0.9392525683656757,1.1231147850943457,True,9,True,3,True,2,False,1,True,5,True,3,True,2,False,0,True,4,True,3,False,0,False,0,True,4,True,3,False,0,False,0,True,4,True,1,False,0,False,0,True,4,True,1,False,0,False,0,True,2,True,1,False,0,False,0,True,2,False,0,False,0,False,0,True,2,False,0,False,0,False,0,True,2,False,0,False,0,False,0,True,1,False,0,False,0,False,0,0.8418331929994981,0.8418331929994981,0.40599635015528934,0.40599635015528934,0.1844347991354523,0.1844347991354523,0.14966216093222956,0.07443875297851707
121.0,0.9155789369199464,2.1003287261534584,True,7,True,3,True,2,False,0,True,4,True,3,False,1,False,0,True,3,True,3,False,1,False,0,True,3,True,2,False,1,False,0,True,2,False,1,False,1,False,0,True,2,False,1,False,1,False,0,True,2,False,1,False,1,False,0,True,2,False,1,False,1,False,0,True,2,False,1,False,1,False,0,True,2,False,1,False,1,False,0,True,3,False,0,False,0,False,0,0.7149575861963666,0.7149575861963666,0.5835741116507156,0.2648636733080707,0.5682583577467804,0.12396745585584878,0.011524914085278832,0.0004053187436264987
171.0,0.9635465779939452,1.7699525571961094,True,5,True,3,True,3,True,1,True,3,True,3,True,3,True,1,True,4,True,2,True,2,False,0,True,4,True,2,True,2,False,0,True,2,True,2,True,1,False,0,True,2,True,2,True,1,False,0,True,2,True,2,False,0,False,0,True,2,True,2,False,0,False,0,True,2,True,2,False,0,False,0,True,2,True,2,False,0,False,0,True,2,True,2,False,0,False,0,1.2379327135748903,1.2379327135748903,0.7104783021416812,0.7104783021416812,0.3849644460364132,0.3849644460364132,0.15351631789402473,0.15351631789402473
302.0,1.0,0.8233658138070712,True,7,True,3,False,1,False,0,True,5,True,2,False,0,False,0,True,4,True,2,False,0,False,0,True,2,True,2,False,0,False,0,True,2,False,1,False,0,False,0,True,2,False,1,False,0,False,0,True,2,False,0,False,0,False,0,True,2,False,0,False,0,False,0,False,1,False,0,False,0,False,0,False,1,False,0,False,0,False,0,False,0,False,0,False,0,False,0,0.5565317634462442,0.4646003483759369,0.37887009492854373,0.26253513352058144,0.11316065673051301,0.08540859699864703,0.09422554790142249,0.003909063453016138
328.0,0.9989825797806343,1.5101730820803902,True,10,True,5,True,3,False,1,True,8,True,4,True,2,False,1,True,6,True,4,True,2,False,0,True,5,True,4,False,1,False,0,True,5,False,2,False,0,False,0,True,4,False,1,False,0,False,0,True,4,False,1,False,0,False,0,True,3,False,0,False,0,False,0,True,3,False,0,False,0,False,0,True,3,False,0,False,0,False,0,True,3,False,0,False,0,False,0,0.8921762697598924,0.7712639053099698,0.4253756451438741,0.2855121673975664,0.2790909600689739,0.2128538516627008,0.15428240676371502,0.09094667077495677
343.0,0.7525931808030175,0.5055763733324072,True,5,True,3,True,1,False,0,True,4,False,0,False,0,False,0,True,2,False,0,False,0,False,0,True,2,False,0,False,0,False,0,True,1,False,0,False,0,False,0,False,0,False,0,False,0,False,0,False,0,False,0,False,0,False,0,False,0,False,0,False,0,False,0,False,0,False,0,False,0,False,0,False,0,False,0,False,0,False,0,False,0,False,0,False,0,False,0,0.3420660628373712,0.3420660628373712,0.13753251911141448,0.13753251911141448,0.10543236976972331,0.10543236976972331,0.07660160017695572,0.07660160017695572
217.0,0.41304779393518287,3.4285714285714284,True,4,False,1,False,1,False,1,False,2,False,1,False,1,False,1,False,1,False,1,False,1,False,1,False,1,False,1,False,1,False,1,False,1,False,1,False,1,False,1,False,1,False,1,False,1,False,1,False,1,False,1,False,1,False,1,False,1,False,1,False,1,False,1,False,1,False,1,False,1,False,1,False,1,False,1,False,1,False,1,False,1,False,1,False,1,False,1,3.4285714285714284,0.13590981967812887,1.10246259413172,0.06736896191276903,1.0,0.03457918038734524,1.0,0.00013508878924938482
531.0,0.782569854583354,0.8022206629790962,True,8,True,3,False,1,False,0,True,4,False,2,False,1,False,0,True,4,False,1,False,1,False,0,True,3,False,1,False,0,False,0,True,3,False,0,False,0,False,0,True,3,False,0,False,0,False,0,True,1,False,0,False,0,False,0,True,1,False,0,False,0,False,0,True,1,False,0,False,0,False,0,False,0,False,0,False,0,False,0,False,0,False,0,False,0,False,0,0.5104691094494641,0.5104691094494641,0.25457519791843936,0.14327208955342788,0.21889272942685403,0.033948491510554776,0.07260976725725296,0.033948491510554776
270.0,0.7652985259814383,1.0,True,10,True,2,False,0,False,0,True,9,True,2,False,0,False,0,True,8,False,1,False,0,False,0,True,7,False,0,False,0,False,0,True,4,False,0,False,0,False,0,True,1,False,0,False,0,False,0,True,1,False,0,False,0,False,0,False,0,False,0,False,0,False,0,False,0,False,0,False,0,False,0,False,0,False,0,False,0,False,0,False,0,False,0,False,0,False,0,0.4138355723675079,0.4138355723675079,0.2147363478082583,0.17390352355583688,0.0560085195852851,0.00020834062629209558,0.0560085195852851,0.0001572183640769499
407.0,0.8700431783215048,0.9380392003319283,True,7,True,4,True,1,False,0,True,7,True,1,False,0,False,0,True,5,True,1,False,0,False,0,True,3,True,1,False,0,False,0,True,3,True,1,False,0,False,0,True,3,True,1,False,0,False,0,True,2,True,1,False,0,False,0,True,2,True,1,False,0,False,0,True,1,False,0,False,0,False,0,True,1,False,0,False,0,False,0,True,1,False,0,False,0,False,0,0.7785221604795137,0.7785221604795137,0.4961999215934169,0.4961999215934169,0.12264975737096113,0.12264975737096113,0.004835668350099529,0.004835668350099529
97.0,0.5081393617549258,0.7490348177478896,True,6,True,3,True,3,True,1,True,5,True,3,True,3,True,1,True,4,True,2,True,2,True,1,True,3,True,1,True,1,True,1,True,2,True,1,True,1,True,1,True,2,True,1,False,0,False,0,True,2,False,1,False,0,False,0,False,1,False,1,False,0,False,0,False,1,False,1,False,0,False,0,False,1,False,1,False,0,False,0,False,1,False,0,False,0,False,0,0.6377590194426488,0.40060900020121765,0.5637484661243185,0.37501763940714017,0.343151219349237,0.343151219349237,0.31636679845099086,0.31636679845099086
434.0,0.9953347560672986,1.1003931531722606,True,10,True,4,False,0,False,0,True,8,False,1,False,0,False,0,True,7,False,0,False,0,False,0,True,4,False,0,False,0,False,0,True,3,False,0,False,0,False,0,True,2,False,0,False,0,False,0,True,2,False,0,False,0,False,0,True,2,False,0,False,0,False,0,True,1,False,0,False,0,False,0,True,1,False,0,False,0,False,0,True,1,False,0,False,0,False,0,0.6493583225560784,0.6493583225560784,0.19295720408914158,0.14847095436583152,0.012355279786069975,0.010734008284216088,0.004209125725144043,0.004209125725144043
338.0,0.9675666286168048,0.6692583829247859,True,9,True,4,True,2,False,0,True,9,True,2,False,1,False,0,True,6,True,2,False,1,False,0,True,3,True,2,False,0,False,0,True,3,False,0,False,0,False,0,True,2,False,0,False,0,False,0,True,2,False,0,False,0,False,0,True,2,False,0,False,0,False,0,True,1,False,0,False,0,False,0,True,1,False,0,False,0,False,0,False,0,False,0,False,0,False,0,0.58889949126682,0.58889949126682,0.2769586903306766,0.26021554332683583,0.22816607790468119,0.14719811232849891,0.04057510820666814,0.0007519139727914265
191.0,0.9999255546180952,0.8346514015932992,True,10,True,5,True,1,False,0,True,9,True,5,False,0,False,0,True,8,True,3,False,0,False,0,True,7,False,0,False,0,False,0,True,5,False,0,False,0,False,0,True,2,False,0,False,0,False,0,True,2,False,0,False,0,False,0,True,2,False,0,False,0,False,0,False,1,False,0,False,0,False,0,False,1,False,0,False,0,False,0,False,1,False,0,False,0,False,0,0.6239367544878449,0.47980068206996174,0.2357559916633129,0.2021360631106036,0.13026962681962506,0.13026962681962506,0.05888034921181894,0.0017426798343627358
295.0,0.8519033202640329,0.9665137466539517,True,8,True,4,False,0,False,0,True,7,True,3,False,0,False,0,True,6,True,3,False,0,False,0,True,6,False,0,False,0,False,0,True,5,False,0,False,0,False,0,True,4,False,0,False,0,False,0,True,3,False,0,False,0,False,0,True,3,False,0,False,0,False,0,True,3,False,0,False,0,False,0,True,3,False,0,False,0,False,0,True,2,False,0,False,0,False,0,0.8510148009309193,0.8510148009309193,0.21184329143024797,0.21184329143024797,0.014049282412882079,0.00023655219002313065,0.014049282412882079,0.00021859934190317232
44.0,0.9920095290088838,3.1819904533617005,True,12,True,4,True,3,True,1,True,11,True,2,True,1,True,1,True,9,True,2,True,1,True,1,True,8,True,2,True,1,True,1,True,8,True,2,True,1,True,1,True,7,True,2,True,1,False,0,True,7,False,1,False,0,False,0,True,6,False,0,False,0,False,0,True,4,False,0,False,0,False,0,True,4,False,0,False,0,False,0,True,4,False,0,False,0,False,0,2.4481231008343505,2.4481231008343505,0.4448623848100608,0.3832515071567044,0.3832515071567044,0.3832515071567044,0.32294845406913597,0.32294845406913597
79.0,0.9984862772346023,1.6132114878251738,True,10,False,3,False,1,False,0,True,10,False,3,False,0,False,0,True,9,False,2,False,0,False,0,True,9,False,1,False,0,False,0,True,7,False,1,False,0,False,0,True,7,False,1,False,0,False,0,True,6,False,1,False,0,False,0,True,6,False,1,False,0,False,0,True,5,False,1,False,0,False,0,True,5,False,1,False,0,False,0,True,3,False,1,False,0,False,0,0.965187525910896,0.965187525910896,0.632396413354354,0.023385378448736654,0.1421760588712144,0.010928958929345237,0.08075046831244242,0.010928958929345237
78.0,0.6916968584048836,3.4116520672901522,True,7,True,3,True,3,True,2,True,6,True,3,True,2,True,2,True,7,True,4,True,3,True,3,True,7,True,4,True,3,True,3,True,6,True,4,True,3,True,3,True,8,True,5,True,4,True,3,True,8,True,6,False,4,False,2,True,7,True,6,False,4,False,2,True,7,True,6,False,4,False,2,True,7,True,5,False,3,False,2,True,7,True,5,False,3,False,2,3.153773810621833,0.9730868245903619,0.9754919480620255,0.9108074413564577,0.9516018984439111,0.37485517294810533,0.8260819003661802,0.37485517294810533
114.0,0.9998262941088888,0.953188751989881,True,6,True,1,False,0,False,0,True,4,True,1,False,0,False,0,True,2,False,0,False,0,False,0,True,1,False,0,False,0,False,0,True,1,False,0,False,0,False,0,True,1,False,0,False,0,False,0,True,1,False,0,False,0,False,0,False,0,False,0,False,0,False,0,False,0,False,0,False,0,False,0,False,0,False,0,False,0,False,0,False,0,False,0,False,0,False,0,0.41183004714039656,0.41183004714039656,0.15504159585569952,0.15504159585569952,0.05064837743559154,0.0012626338322358226,0.0011389735868480209,0.0011389735868480209
109.0,0.9484093503399672,1.9317202886446454,True,10,True,4,True,2,True,1,True,8,True,4,True,1,False,0,True,8,True,4,True,1,False,0,True,6,True,2,True,1,False,0,True,6,False,2,False,0,False,0,True,6,False,2,False,0,False,0,True,6,False,2,False,0,False,0,True,6,False,1,False,0,False,0,True,5,False,1,False,0,False,0,True,4,False,0,False,0,False,0,True,4,False,0,False,0,False,0,1.0277394892249578,0.7641252628430971,0.5109032531858569,0.275448129542884,0.275448129542884,0.275448129542884,0.132658208818537,0.132658208818537
426.0,0.9999007394907936,1.414508464552064,True,7,True,3,True,1,True,1,True,5,True,2,True,1,True,1,True,4,True,2,True,1,True,1,True,3,True,2,True,1,True,1,True,3,True,1,True,1,True,1,True,3,True,1,False,0,False,0,True,2,False,0,False,0,False,0,True,2,False,0,False,0,False,0,False,1,False,0,False,0,False,0,False,1,False,0,False,0,False,0,False,1,False,0,False,0,False,0,0.9364751646386013,0.4560428130452975,0.35895272639817916,0.35895272639817916,0.31413995162040015,0.31413995162040015,0.31413995162040015,0.31413995162040015
277.0,0.9973199662514268,0.573179910564446,True,6,True,3,True,1,False,0,True,4,True,2,False,0,False,0,True,2,True,2,False,0,False,0,True,2,True,1,False,0,False,0,True,2,False,0,False,0,False,0,True,2,False,0,False,0,False,0,True,1,False,0,False,0,False,0,False,0,False,0,False,0,False,0,False,0,False,0,False,0,False,0,False,0,False,0,False,0,False,0,False,0,False,0,False,0,False,0,0.44936454813854076,0.44936454813854076,0.2798505347591366,0.2798505347591366,0.10834717134980834,0.10834717134980834,0.0087450730235471,0.00014771078933972366
517.0,0.992183234899995,0.8858152567662916,True,16,True,4,True,2,False,0,True,10,True,4,True,2,False,0,True,10,True,3,False,0,False,0,True,9,True,2,False,0,False,0,True,8,True,2,False,0,False,0,True,6,True,2,False,0,False,0,True,5,True,2,False,0,False,0,True,5,False,1,False,0,False,0,True,4,False,0,False,0,False,0,True,4,False,0,False,0,False,0,True,1,False,0,False,0,False,0,0.6714376404056339,0.6714376404056339,0.47333826356525177,0.40818996475966324,0.15887318514587787,0.15887318514587787,0.07590509133402591,0.0018262695477972877
286.0,0.9973199662514268,0.7670319413068307,True,8,True,3,False,0,False,0,True,6,True,1,False,0,False,0,True,6,True,1,False,0,False,0,True,4,False,0,False,0,False,0,True,2,False,0,False,0,False,0,True,2,False,0,False,0,False,0,True,2,False,0,False,0,False,0,False,0,False,0,False,0,False,0,False,0,False,0,False,0,False,0,False,0,False,0,False,0,False,0,False,0,False,0,False,0,False,0,0.4455966099816539,0.4455966099816539,0.23169604147365705,0.23169604147365705,0.07477745944727289,0.07477745944727289,0.014679069259096837,0.0005658535339510996
319.0,1.0,0.762169596041496,True,9,True,4,True,1,False,0,True,7,True,3,True,1,False,0,True,5,True,2,False,0,False,0,True,5,True,2,False,0,False,0,True,4,True,1,False,0,False,0,True,4,True,1,False,0,False,0,True,3,True,1,False,0,False,0,True,3,False,0,False,0,False,0,True,1,False,0,False,0,False,0,False,0,False,0,False,0,False,0,False,0,False,0,False,0,False,0,0.535884287683457,0.535884287683457,0.44228928926356664,0.44228928926356664,0.18036871488812595,0.18036871488812595,0.09694291471534684,0.0008157725001259753
73.0,0.0,0.0,False,0,False,0,False,0,False,0,False,0,False,0,False,0,False,0,False,0,False,0,False,0,False,0,False,0,False,0,False,0,False,0,False,0,False,0,False,0,False,0,False,0,False,0,False,0,False,0,False,0,False,0,False,0,False,0,False,0,False,0,False,0,False,0,False,0,False,0,False,0,False,0,False,0,False,0,False,0,False,0,False,0,False,0,False,0,False,0,0.0,0.0,0.0,0.0,0.0,0.0,0.0,0.0
133.0,0.6849967740334508,0.9659456724600485,True,11,True,3,False,1,False,0,True,10,False,1,False,0,False,0,True,5,False,1,False,0,False,0,True,4,False,1,False,0,False,0,True,3,False,0,False,0,False,0,True,3,False,0,False,0,False,0,True,3,False,0,False,0,False,0,True,2,False,0,False,0,False,0,True,2,False,0,False,0,False,0,True,2,False,0,False,0,False,0,True,2,False,0,False,0,False,0,0.9237851425807918,0.9237851425807918,0.2874140193671976,0.11967510239914665,0.11988397290269619,0.012052805177054883,0.012052805177054883,0.012052805177054883
435.0,0.9607176534815624,1.1905138167450375,True,10,True,4,True,3,False,0,True,10,False,4,False,1,False,0,True,8,False,2,False,0,False,0,True,7,False,2,False,0,False,0,False,4,False,2,False,0,False,0,False,4,False,1,False,0,False,0,False,4,False,1,False,0,False,0,False,4,False,1,False,0,False,0,False,2,False,1,False,0,False,0,False,2,False,0,False,0,False,0,False,2,False,0,False,0,False,0,0.9157089485908037,0.25379266609420903,0.5387146340607162,0.14247379787321476,0.15188105624119883,0.14247379787321476,0.08092263030038058,0.0061817921810515914
160.0,0.7477790461065065,0.7590610228767734,True,8,True,3,False,0,False,0,True,6,True,3,False,0,False,0,True,6,True,1,False,0,False,0,True,4,False,0,False,0,False,0,True,2,False,0,False,0,False,0,True,1,False,0,False,0,False,0,True,1,False,0,False,0,False,0,True,1,False,0,False,0,False,0,False,0,False,0,False,0,False,0,False,0,False,0,False,0,False,0,False,0,False,0,False,0,False,0,0.48531062743362247,0.48531062743362247,0.22679053537496766,0.22679053537496766,0.09803916319638314,0.09803916319638314,0.0068548546108791394,0.006453165999962815
77.0,0.8769914139659536,2.312881177044162,True,12,True,3,False,0,False,0,True,11,True,3,False,0,False,0,True,10,True,2,False,0,False,0,True,10,True,1,False,0,False,0,True,7,True,1,False,0,False,0,True,7,False,0,False,0,False,0,True,7,False,0,False,0,False,0,True,7,False,0,False,0,False,0,True,7,False,0,False,0,False,0,True,5,False,0,False,0,False,0,True,2,False,0,False,0,False,0,1.886022509648035,1.886022509648035,0.3409700822876142,0.3409700822876142,0.0645862254587231,0.0645862254587231,0.0645862254587231,0.0645862254587231
447.0,0.7513027941833341,1.0944562146194854,True,10,True,5,True,4,False,1,True,8,True,4,True,3,False,1,True,7,True,3,True,3,False,1,True,5,True,3,False,1,False,0,True,5,True,3,False,1,False,0,True,4,True,3,False,1,False,0,True,4,True,3,False,1,False,0,True,4,True,3,False,0,False,0,True,4,True,2,False,0,False,0,True,4,False,1,False,0,False,0,True,3,False,1,False,0,False,0,0.7720505419171957,0.6965982735583709,0.7055295257077064,0.5463107503214958,0.40572514146243444,0.22991961959437285,0.23911911973396696,0.08027298179653294
125.0,0.7392426423147551,3.064150095919758,True,9,True,4,False,2,False,1,True,8,True,2,False,1,False,1,True,8,True,2,False,1,False,1,True,7,True,2,False,1,False,1,True,5,True,2,False,1,False,1,True,4,True,2,False,1,False,1,True,4,False,1,False,1,False,1,True,4,False,1,False,1,False,1,True,4,False,1,False,1,False,1,True,3,False,1,False,1,False,1,True,3,False,1,False,1,False,1,2.673598878684793,0.7399277701052241,0.8529324922456215,0.38453800992254833,0.84426265713707,0.01036221699046231,0.84426265713707,0.0024231546934537014
356.0,0.9999751848726984,0.5339145964577988,True,7,True,2,False,0,False,0,True,5,True,1,False,0,False,0,True,3,True,1,False,0,False,0,True,2,False,0,False,0,False,0,True,2,False,0,False,0,False,0,True,2,False,0,False,0,False,0,True,1,False,0,False,0,False,0,True,1,False,0,False,0,False,0,False,0,False,0,False,0,False,0,False,0,False,0,False,0,False,0,False,0,False,0,False,0,False,0,0.4899648516759611,0.4899648516759611,0.21837197415155193,0.21837197415155193,0.07937862529975447,0.07937862529975447,0.031803712032824935,0.031803712032824935
390.0,0.9947391930120602,3.404478332211554,True,12,True,3,True,2,True,1,True,9,True,3,True,2,True,1,True,7,True,1,True,1,False,0,True,4,True,1,True,1,False,0,True,3,True,1,True,1,False,0,True,2,True,1,True,1,False,0,True,2,True,1,True,1,False,0,True,2,True,1,True,1,False,0,True,1,True,1,True,1,False,0,True,1,True,1,False,0,False,0,True,1,True,1,False,0,False,0,3.136025954239024,3.136025954239024,1.2946973684631435,1.2946973684631435,0.5200211244980091,0.5200211244980091,0.175549711892848,0.175549711892848
379.0,0.0,0.0,False,0,False,0,False,0,False,0,False,0,False,0,False,0,False,0,False,0,False,0,False,0,False,0,False,0,False,0,False,0,False,0,False,0,False,0,False,0,False,0,False,0,False,0,False,0,False,0,False,0,False,0,False,0,False,0,False,0,False,0,False,0,False,0,False,0,False,0,False,0,False,0,False,0,False,0,False,0,False,0,False,0,False,0,False,0,False,0,0.0,0.0,0.0,0.0,0.0,0.0,0.0,0.0
371.0,0.9991562856717455,1.2761312156434665,True,10,False,2,False,1,False,0,True,7,False,2,False,1,False,0,True,6,False,1,False,1,False,0,True,6,False,1,False,1,False,0,True,5,False,1,False,0,False,0,True,3,False,0,False,0,False,0,True,3,False,0,False,0,False,0,True,1,False,0,False,0,False,0,True,1,False,0,False,0,False,0,True,1,False,0,False,0,False,0,True,1,False,0,False,0,False,0,0.7187701710015271,0.7187701710015271,0.33005963905477625,0.06827134332217552,0.2539929765043772,0.019300204671973856,0.019300204671973856,0.019300204671973856
164.0,1.0,0.8395963106712068,True,5,True,5,True,2,False,1,True,5,True,3,False,1,False,1,True,4,True,2,False,1,False,1,True,4,True,2,False,0,False,0,True,4,False,1,False,0,False,0,True,3,False,1,False,0,False,0,True,3,False,0,False,0,False,0,True,2,False,0,False,0,False,0,False,1,False,0,False,0,False,0,False,1,False,0,False,0,False,0,False,0,False,0,False,0,False,0,0.5896511932027743,0.4717679001885857,0.3588868288563169,0.29961497675604026,0.21760794967267783,0.14245606245356612,0.21250682400183288,0.0003443427161171928
141.0,1.0,0.9147759066159696,True,8,True,3,False,0,False,0,True,6,True,3,False,0,False,0,True,5,True,2,False,0,False,0,True,5,True,2,False,0,False,0,True,3,True,2,False,0,False,0,True,3,True,2,False,0,False,0,True,3,True,1,False,0,False,0,True,3,False,0,False,0,False,0,True,1,False,0,False,0,False,0,True,1,False,0,False,0,False,0,True,1,False,0,False,0,False,0,0.7720513376152887,0.7720513376152887,0.414856171768643,0.414856171768643,0.09049107916322667,0.014951073532146334,0.016961331111052167,0.014951073532146334
418.0,0.9982629410888878,2.954293912013414,True,10,True,5,False,2,False,0,True,9,False,4,False,1,False,0,True,8,False,2,False,1,False,0,True,7,False,2,False,1,False,0,True,6,False,1,False,1,False,0,False,4,False,1,False,1,False,0,False,4,False,1,False,1,False,0,False,4,False,1,False,1,False,0,False,4,False,1,False,1,False,0,False,4,False,1,False,1,False,0,False,4,False,1,False,1,False,0,2.085167329811581,0.34994598603383065,0.8434697959240196,0.10298179565487685,0.8434697959240196,0.06128776934273032,0.03901874138456461,0.03901874138456461
59.0,0.9990322100352375,0.838895327188574,True,11,True,4,False,0,False,0,True,8,True,1,False,0,False,0,True,4,True,1,False,0,False,0,True,3,True,1,False,0,False,0,True,2,True,1,False,0,False,0,True,2,False,0,False,0,False,0,True,2,False,0,False,0,False,0,True,2,False,0,False,0,False,0,True,2,False,0,False,0,False,0,False,1,False,0,False,0,False,0,False,1,False,0,False,0,False,0,0.7437875419739086,0.5109283147186919,0.31200422354614077,0.31200422354614077,0.05845451401626851,0.035499108348345736,0.046500287101867675,0.004332590809943609
279.0,0.9974192267606333,0.5635612132995782,True,3,False,1,False,0,False,0,True,2,False,1,False,0,False,0,True,1,False,0,False,0,False,0,True,1,False,0,False,0,False,0,True,1,False,0,False,0,False,0,False,0,False,0,False,0,False,0,False,0,False,0,False,0,False,0,False,0,False,0,False,0,False,0,False,0,False,0,False,0,False,0,False,0,False,0,False,0,False,0,False,0,False,0,False,0,False,0,0.30144069291016923,0.30144069291016923,0.1927972028640075,0.048143754570705424,0.05934201161065092,0.0007322465605210878,0.03064796409286289,0.0002204300492867735
398.0,1.0,0.7975514951461243,True,6,True,5,True,1,False,0,True,6,True,2,True,1,False,0,True,2,True,2,False,0,False,0,True,2,True,2,False,0,False,0,True,3,True,1,False,0,False,0,True,2,True,1,False,0,False,0,True,2,True,1,False,0,False,0,True,2,True,1,False,0,False,0,True,1,True,1,False,0,False,0,True,1,False,0,False,0,False,0,True,1,False,0,False,0,False,0,0.6948138021608481,0.6948138021608481,0.5208745848809782,0.5208745848809782,0.1792677153079212,0.1792677153079212,0.039362980357060706,0.0006052980056694743
482.0,0.9563998213310835,1.0743679791655276,True,10,True,2,False,0,False,0,True,6,True,1,False,0,False,0,True,5,True,1,False,0,False,0,True,5,True,1,False,0,False,0,True,3,True,1,False,0,False,0,True,3,True,1,False,0,False,0,True,3,True,1,False,0,False,0,True,3,False,0,False,0,False,0,True,2,False,0,False,0,False,0,True,2,False,0,False,0,False,0,True,2,False,0,False,0,False,0,0.7226306993779068,0.7226306993779068,0.4486058422858078,0.4486058422858078,0.060845543042334256,0.060845543042334256,0.04401953777246583,0.010029777173325056
520.0,0.0,0.0,False,0,False,0,False,0,False,0,False,0,False,0,False,0,False,0,False,0,False,0,False,0,False,0,False,0,False,0,False,0,False,0,False,0,False,0,False,0,False,0,False,0,False,0,False,0,False,0,False,0,False,0,False,0,False,0,False,0,False,0,False,0,False,0,False,0,False,0,False,0,False,0,False,0,False,0,False,0,False,0,False,0,False,0,False,0,False,0,0.0,0.0,0.0,0.0,0.0,0.0,0.0,0.0
174.0,0.9994540671993647,1.9733607448793276,True,10,True,4,True,2,False,0,True,8,True,3,True,2,False,0,True,7,True,2,True,2,False,0,True,5,True,2,True,1,False,0,True,4,True,2,True,1,False,0,True,4,True,1,True,1,False,0,True,4,True,1,True,1,False,0,True,3,True,1,True,1,False,0,True,3,True,1,True,1,False,0,True,3,True,1,False,0,False,0,True,3,True,1,False,0,False,0,1.1103376941232952,1.1103376941232952,0.684805608352264,0.684805608352264,0.5002920635306235,0.5002920635306235,0.004907051098286232,0.0034091134035999205
513.0,0.016601320164772445,2.5386643405990275,True,13,True,3,True,2,True,2,True,12,True,4,True,3,False,1,True,11,True,4,True,3,False,1,True,12,True,4,True,2,False,1,True,9,True,4,True,2,False,1,True,11,True,3,True,2,False,0,True,9,True,3,True,2,False,0,True,7,True,3,True,1,False,0,True,7,True,3,True,1,False,0,True,6,True,3,False,0,False,0,True,6,True,3,False,0,False,0,2.126675944801631,2.126675944801631,0.7198526765870075,0.7198526765870075,0.5351532608228365,0.5351532608228365,0.34593499635833946,0.13407821229050285
41.0,0.9762022929177626,1.5830277890080275,True,8,True,5,True,4,True,3,True,8,True,4,False,2,False,0,True,7,True,4,False,1,False,0,True,7,False,1,False,0,False,0,True,6,False,0,False,0,False,0,True,5,False,0,False,0,False,0,True,4,False,0,False,0,False,0,True,3,False,0,False,0,False,0,True,2,False,0,False,0,False,0,True,2,False,0,False,0,False,0,True,2,False,0,False,0,False,0,1.5096318414892742,1.5096318414892742,0.2936115661827166,0.2476353254804345,0.21965858695447021,0.13509333702450363,0.1351422329438021,0.11626197723840775
410.0,0.9998511092361904,0.47092410294214126,True,8,True,4,False,0,False,0,True,6,False,1,False,0,False,0,True,4,False,1,False,0,False,0,True,2,False,0,False,0,False,0,False,0,False,0,False,0,False,0,False,0,False,0,False,0,False,0,False,0,False,0,False,0,False,0,False,0,False,0,False,0,False,0,False,0,False,0,False,0,False,0,False,0,False,0,False,0,False,0,False,0,False,0,False,0,False,0,0.2883606819855731,0.27568849353236446,0.23898953223273847,0.10900037178400801,0.0774447106978217,0.0007150370920105593,0.0011760507989446718,0.0007150370920105593
540.0,0.9935232517742816,0.3301785372929761,True,5,True,1,False,0,False,0,True,3,False,0,False,0,False,0,False,1,False,0,False,0,False,0,False,0,False,0,False,0,False,0,False,0,False,0,False,0,False,0,False,0,False,0,False,0,False,0,False,0,False,0,False,0,False,0,False,0,False,0,False,0,False,0,False,0,False,0,False,0,False,0,False,0,False,0,False,0,False,0,False,0,False,0,False,0,False,0,0.20941755463979606,0.17800218765056627,0.12777211297839994,0.12777211297839994,0.05748041483815026,0.035399777840592575,0.035399777840592575,0.035399777840592575
496.0,0.9969725544692044,0.8047663933288228,True,7,True,4,False,0,False,0,True,6,True,2,False,0,False,0,True,6,False,0,False,0,False,0,True,4,False,0,False,0,False,0,True,3,False,0,False,0,False,0,True,3,False,0,False,0,False,0,True,2,False,0,False,0,False,0,True,2,False,0,False,0,False,0,True,2,False,0,False,0,False,0,True,2,False,0,False,0,False,0,True,1,False,0,False,0,False,0,0.6178627023205826,0.6178627023205826,0.1904928720365011,0.167498372142376,0.09306318725892528,0.0009099056280303282,0.0009099056280303282,0.0009099056280303282
262.0,0.9610402501364832,1.4077280412513846,True,5,True,3,True,2,True,1,True,4,True,2,True,2,True,1,True,3,True,2,True,2,True,1,True,2,True,2,True,2,True,1,True,2,True,2,True,1,False,0,True,2,True,2,True,1,False,0,True,2,True,2,False,0,False,0,True,2,False,1,False,0,False,0,False,1,False,1,False,0,False,0,False,1,False,1,False,0,False,0,False,1,False,0,False,0,False,0,0.9985628812553808,0.4887122281298928,0.5766940467267568,0.4425011688370049,0.3680179559049246,0.3680179559049246,0.25011477648781083,0.25011477648781083
196.0,0.9960295796317435,0.9561763017355547,True,13,True,5,False,0,False,0,True,10,True,4,False,0,False,0,True,5,True,1,False,0,False,0,True,5,False,0,False,0,False,0,True,4,False,0,False,0,False,0,True,4,False,0,False,0,False,0,True,3,False,0,False,0,False,0,False,1,False,0,False,0,False,0,False,1,False,0,False,0,False,0,False,1,False,0,False,0,False,0,False,1,False,0,False,0,False,0,0.7385831358436954,0.42796955562786254,0.20949773108177303,0.20949773108177303,0.02024568985955224,0.004808665300879717,0.004808665300879717,0.004808665300879717
92.0,0.9995533277085712,2.4024780678446267,True,8,True,6,True,3,False,1,True,10,True,7,True,3,False,0,True,8,True,7,True,2,False,0,True,7,True,6,True,1,False,0,True,7,True,6,True,1,False,0,True,7,True,5,True,1,False,0,True,6,True,3,True,1,False,0,True,5,True,3,False,0,False,0,True,5,True,3,False,0,False,0,True,5,True,1,False,0,False,0,True,3,False,0,False,0,False,0,1.2527754410195602,1.2527754410195602,0.5855313352542459,0.5855313352542459,0.4456662568015958,0.4456662568015958,0.14027963482817943,0.03295449892293438
239.0,0.9749367214253809,0.4420536431441096,True,4,True,1,True,1,False,0,True,3,True,1,True,1,False,0,True,2,False,0,False,0,False,0,True,2,False,0,False,0,False,0,True,2,False,0,False,0,False,0,True,1,False,0,False,0,False,0,False,0,False,0,False,0,False,0,False,0,False,0,False,0,False,0,False,0,False,0,False,0,False,0,False,0,False,0,False,0,False,0,False,0,False,0,False,0,False,0,0.3720230589705942,0.3720230589705942,0.18640386636703138,0.18640386636703138,0.1805163514867367,0.1805163514867367,0.06182870624295897,0.06182870624295897
440.0,0.9998511092361904,0.7377760690816392,True,8,True,2,False,0,False,0,True,8,False,1,False,0,False,0,True,5,False,0,False,0,False,0,True,4,False,0,False,0,False,0,True,3,False,0,False,0,False,0,True,3,False,0,False,0,False,0,True,2,False,0,False,0,False,0,False,1,False,0,False,0,False,0,False,0,False,0,False,0,False,0,False,0,False,0,False,0,False,0,False,0,False,0,False,0,False,0,0.4956055072599939,0.40367868771487875,0.16747221738002366,0.11505877005282437,0.010084392963602112,0.010084392963602112,0.0028692845215815502,0.0003883985430986559
72.0,1.0,3.383599231440387,True,8,True,5,True,4,True,3,True,9,True,7,False,3,False,1,True,7,True,5,False,3,False,1,True,7,False,4,False,3,False,1,True,8,False,4,False,3,False,0,True,7,False,3,False,3,False,0,True,7,False,3,False,3,False,0,True,6,False,3,False,3,False,0,True,6,False,3,False,3,False,0,True,6,False,3,False,3,False,0,False,5,False,3,False,2,False,0,3.204337341256482,0.5585337130085036,0.968696722566724,0.207912998272506,0.9506080384953828,0.1400576847027047,0.2625762586266866,0.1400576847027047
45.0,0.9996525882177776,1.9385877938263127,True,11,True,3,True,3,False,1,True,10,True,3,True,2,False,0,True,9,True,3,False,0,False,0,True,9,True,2,False,0,False,0,True,9,True,2,False,0,False,0,True,9,True,1,False,0,False,0,True,8,True,1,False,0,False,0,True,7,False,0,False,0,False,0,True,6,False,0,False,0,False,0,True,5,False,0,False,0,False,0,True,5,False,0,False,0,False,0,1.1961147019741036,1.1961147019741036,0.437343790057044,0.437343790057044,0.19862810804733388,0.1563854813021048,0.12874469212369355,0.015935473873572335
515.0,0.9579631743510845,1.862939554563998,True,12,True,7,True,5,False,1,True,16,True,6,False,1,False,0,True,15,True,6,False,1,False,0,True,15,True,5,False,1,False,0,True,13,True,4,False,1,False,0,True,11,True,3,False,1,False,0,True,9,True,2,False,1,False,0,True,9,True,2,False,0,False,0,True,7,True,2,False,0,False,0,True,6,False,1,False,0,False,0,True,6,False,0,False,0,False,0,1.081491457179215,0.9664854395962211,0.5752268231661343,0.5191314224938879,0.4226307309771863,0.12263891664580935,0.11331033507560928,0.06513362355071191
300.0,0.9292024418085265,0.4704810555157915,True,7,False,2,False,1,False,0,True,5,False,1,False,1,False,0,False,2,False,1,False,0,False,0,False,2,False,0,False,0,False,0,False,0,False,0,False,0,False,0,False,0,False,0,False,0,False,0,False,0,False,0,False,0,False,0,False,0,False,0,False,0,False,0,False,0,False,0,False,0,False,0,False,0,False,0,False,0,False,0,False,0,False,0,False,0,False,0,0.28501663264299903,0.1999717740778236,0.23013484808196868,0.08676786592989402,0.17982522899950856,0.03855809238911333,0.022013325583636296,0.00016954211086958216
396.0,0.985433520273959,1.0249330007754058,True,11,True,1,False,0,False,0,True,7,True,1,False,0,False,0,True,7,True,1,False,0,False,0,True,5,True,1,False,0,False,0,True,3,True,1,False,0,False,0,True,1,True,1,False,0,False,0,True,1,True,1,False,0,False,0,True,1,False,0,False,0,False,0,True,1,False,0,False,0,False,0,True,1,False,0,False,0,False,0,False,0,False,0,False,0,False,0,0.5756564473714961,0.5756564473714961,0.44227696699614644,0.44227696699614644,0.08155071453725622,0.08155071453725622,0.006165419375716586,0.0035399156625130945
363.0,0.9968236637053948,0.7234056184277143,True,8,True,3,True,1,False,0,True,6,True,3,False,0,False,0,True,4,True,2,False,0,False,0,True,3,True,2,False,0,False,0,True,3,True,1,False,0,False,0,True,2,True,1,False,0,False,0,True,2,False,0,False,0,False,0,True,1,False,0,False,0,False,0,True,1,False,0,False,0,False,0,True,1,False,0,False,0,False,0,True,1,False,0,False,0,False,0,0.6392875095821374,0.6392875095821374,0.3945465891061009,0.3945465891061009,0.12721116994153658,0.12721116994153658,0.03996745601533517,0.00014140559877968514
134.0,0.9963273611593627,0.9670243086739377,True,8,True,3,False,1,False,0,True,6,False,2,False,0,False,0,True,5,False,2,False,0,False,0,True,5,False,2,False,0,False,0,False,4,False,1,False,0,False,0,False,3,False,0,False,0,False,0,False,2,False,0,False,0,False,0,False,2,False,0,False,0,False,0,False,2,False,0,False,0,False,0,False,1,False,0,False,0,False,0,False,1,False,0,False,0,False,0,0.7450746207383264,0.2977722898034949,0.339602590946874,0.14467003426432423,0.1188609755403071,0.053875278603678384,0.00138701866657093,0.00138701866657093
510.0,0.70805002729664,2.126083981420577,True,15,True,3,True,2,False,0,True,15,True,3,True,1,False,0,True,14,True,2,True,1,False,0,True,10,True,1,False,0,False,0,True,9,True,1,False,0,False,0,True,7,True,1,False,0,False,0,True,6,True,1,False,0,False,0,True,5,True,1,False,0,False,0,True,5,True,1,False,0,False,0,True,5,True,1,False,0,False,0,True,3,True,1,False,0,False,0,0.9475053110425348,0.9475053110425348,0.6431541314081497,0.6431541314081497,0.21747862520310118,0.21747862520310118,0.08876087059435257,0.08876087059435257
377.0,1.0,0.7889246794288328,True,6,True,4,True,1,False,0,True,6,True,3,False,0,False,0,True,4,True,2,False,0,False,0,True,4,False,0,False,0,False,0,True,4,False,0,False,0,False,0,True,3,False,0,False,0,False,0,True,1,False,0,False,0,False,0,True,1,False,0,False,0,False,0,False,0,False,0,False,0,False,0,False,0,False,0,False,0,False,0,False,0,False,0,False,0,False,0,0.45468701682429596,0.45468701682429596,0.209844814718499,0.209844814718499,0.11740620190188625,0.11740620190188625,0.0866854838495029,0.0866854838495029
15.0,0.9983125713434909,0.7456858833339471,True,9,True,2,False,0,False,0,True,7,True,2,False,0,False,0,True,6,True,1,False,0,False,0,True,5,True,1,False,0,False,0,True,4,False,0,False,0,False,0,True,4,False,0,False,0,False,0,True,2,False,0,False,0,False,0,True,2,False,0,False,0,False,0,True,2,False,0,False,0,False,0,True,1,False,0,False,0,False,0,True,1,False,0,False,0,False,0,0.6881335204344464,0.6881335204344464,0.2935429894731781,0.2935429894731781,0.025548311092681995,0.01435193317598317,0.0158039158448865,0.0013752795528918088
132.0,0.997245520869522,0.9819117477227447,True,11,True,3,False,0,False,0,True,9,True,3,False,0,False,0,True,6,True,2,False,0,False,0,True,5,True,1,False,0,False,0,True,3,True,1,False,0,False,0,True,2,True,1,False,0,False,0,True,2,True,1,False,0,False,0,True,2,True,1,False,0,False,0,True,2,True,1,False,0,False,0,True,2,True,1,False,0,False,0,True,2,True,1,False,0,False,0,0.8414854312855704,0.8414854312855704,0.6071971725846291,0.6071971725846291,0.03768720906225611,0.03768720906225611,0.021826161557566726,0.0014274509990510663
276.0,1.0,0.6338367759234869,True,10,False,1,False,0,False,0,True,6,False,0,False,0,False,0,True,4,False,0,False,0,False,0,True,1,False,0,False,0,False,0,True,1,False,0,False,0,False,0,False,0,False,0,False,0,False,0,False,0,False,0,False,0,False,0,False,0,False,0,False,0,False,0,False,0,False,0,False,0,False,0,False,0,False,0,False,0,False,0,False,0,False,0,False,0,False,0,0.31176190991760117,0.31176190991760117,0.11370498007104846,0.012203253616358945,0.0028949443027557645,0.0001883193074903562,0.0010785652239638749,6.935620733197688e-05
280.0,1.0,0.8272018155265839,True,10,True,3,True,1,True,1,True,9,True,1,True,1,True,1,True,6,True,1,True,1,True,1,True,4,True,1,True,1,True,1,True,4,True,1,True,1,True,1,True,3,True,1,True,1,True,1,True,1,True,1,True,1,True,1,True,2,True,2,False,0,False,0,True,2,True,1,False,0,False,0,True,3,False,0,False,0,False,0,True,2,False,0,False,0,False,0,0.6239972274966646,0.6239972274966646,0.5407139571914782,0.5407139571914782,0.43459194237437276,0.43459194237437276,0.43459194237437276,0.43459194237437276
317.0,0.7555461809519083,2.409175391139619,True,8,True,4,False,1,False,1,True,6,True,2,False,1,False,1,True,6,True,2,False,1,False,1,True,3,False,1,False,1,False,1,True,2,False,1,False,1,False,0,True,2,False,1,False,1,False,0,True,2,False,1,False,1,False,0,False,1,False,1,False,0,False,0,False,1,False,1,False,0,False,0,False,1,False,1,False,0,False,0,False,1,False,1,False,0,False,0,1.759621152335414,0.40454145113282225,0.9402031529901237,0.22762614379389684,0.4286781579427898,0.0016114397314646166,0.2722573831846741,0.0016114397314646166
127.0,0.029827783016526874,3.4285714285714293,True,1,True,1,True,1,True,1,True,4,True,4,True,3,True,2,True,4,True,4,True,3,True,2,True,5,True,5,True,3,True,2,True,5,True,5,True,3,True,2,True,6,True,5,True,3,True,2,True,6,True,5,True,3,True,2,True,6,True,5,True,3,True,2,True,6,True,5,True,3,True,2,True,6,True,5,True,3,True,2,True,6,True,5,True,3,True,2,3.428571428571428,2.0647917406810237,0.981076379320454,0.9480413303772811,0.9580823095984217,0.8217705213562791,0.8964591546771086,0.6002676533815643
227.0,0.0,0.0,False,0,False,0,False,0,False,0,False,0,False,0,False,0,False,0,False,0,False,0,False,0,False,0,False,0,False,0,False,0,False,0,False,0,False,0,False,0,False,0,False,0,False,0,False,0,False,0,False,0,False,0,False,0,False,0,False,0,False,0,False,0,False,0,False,0,False,0,False,0,False,0,False,0,False,0,False,0,False,0,False,0,False,0,False,0,False,0,0.0,0.0,0.0,0.0,0.0,0.0,0.0,0.0
162.0,1.0,0.5526684347987522,True,8,True,2,False,1,False,0,True,4,True,2,False,1,False,0,True,4,True,2,False,1,False,0,True,3,True,2,False,0,False,0,True,2,True,2,False,0,False,0,True,2,False,0,False,0,False,0,True,1,False,0,False,0,False,0,True,1,False,0,False,0,False,0,False,0,False,0,False,0,False,0,False,0,False,0,False,0,False,0,False,0,False,0,False,0,False,0,0.4537111561408129,0.4537111561408129,0.3231014150019965,0.31785963937659173,0.21206976844551637,0.07228597960988119,0.0008722805900454481,0.0008722805900454481
119.0,0.9957069829768227,1.8208866135344812,True,9,True,7,True,2,True,1,True,8,True,5,True,2,True,1,True,8,True,5,True,2,True,1,True,8,True,4,True,2,False,0,True,7,True,4,True,2,False,0,True,6,True,3,True,2,False,0,True,6,True,3,True,2,False,0,True,5,True,3,True,2,False,0,True,4,True,3,True,2,False,0,True,4,True,3,True,1,False,0,True,5,True,2,True,1,False,0,1.0830594554276332,0.8791829703021865,0.7786764914007732,0.7786764914007732,0.7786764914007732,0.7786764914007732,0.23048754164104415,0.23048754164104415
504.0,0.1519678395950171,2.109044928969364,True,12,True,5,False,1,False,1,True,12,True,5,False,1,False,0,True,9,True,4,False,1,False,0,True,8,False,3,False,1,False,0,True,6,False,2,False,1,False,0,True,6,False,1,False,0,False,0,True,6,False,1,False,0,False,0,True,4,False,1,False,0,False,0,True,4,False,0,False,0,False,0,True,3,False,0,False,0,False,0,True,3,False,0,False,0,False,0,1.4012038791297496,1.4012038791297496,0.4974515291365892,0.203228308259176,0.31652186587262676,0.00867803090746984,0.1063660491701036,0.007701144728196985
264.0,1.0,0.6740678845363084,True,6,True,3,False,0,False,0,True,4,True,3,False,0,False,0,True,3,True,2,False,0,False,0,True,3,True,1,False,0,False,0,True,2,True,1,False,0,False,0,True,2,False,0,False,0,False,0,True,2,False,0,False,0,False,0,True,2,False,0,False,0,False,0,True,2,False,0,False,0,False,0,False,0,False,0,False,0,False,0,False,0,False,0,False,0,False,0,0.5140521526478012,0.5140521526478012,0.32855680395844067,0.32855680395844067,0.09982995087270531,0.09982995087270531,0.0003381771597442131,0.00010754103126604526
481.0,0.9999007394907936,3.299248014240866,True,9,True,5,False,2,False,2,True,8,True,4,False,2,False,2,True,8,True,4,False,2,False,2,True,7,False,3,False,2,False,2,True,7,False,3,False,2,False,2,True,7,False,2,False,2,False,2,True,6,False,2,False,2,False,2,True,6,False,2,False,2,False,2,True,6,False,2,False,2,False,2,True,6,False,2,False,2,False,2,True,5,False,2,False,2,False,2,2.7634499653129416,0.8967334585251058,0.8370606180516719,0.2076472354267504,0.8219348970182792,0.029263170426319967,0.6634687968452015,0.006278639886451129
254.0,0.044716859397488706,3.4285714285714293,True,9,True,4,True,2,True,2,True,10,True,4,True,2,True,1,True,10,True,4,True,2,False,0,True,9,True,4,True,2,False,0,True,9,True,4,True,2,False,0,True,7,True,3,False,1,False,0,True,6,True,3,False,0,False,0,True,6,True,3,False,0,False,0,True,6,True,3,False,0,False,0,True,6,True,3,False,0,False,0,True,5,True,3,False,0,False,0,3.4285714285714284,1.0836230222584806,1.9720284470641432,0.6761409190115892,0.3528724459958145,0.34382348163517074,0.18681903432050703,0.18681903432050703
105.0,0.5572981289394014,1.0,False,6,False,2,False,1,False,1,False,5,False,2,False,1,False,1,False,4,False,2,False,1,False,1,False,4,False,2,False,1,False,1,False,2,False,1,False,1,False,1,False,2,False,1,False,1,False,1,False,1,False,1,False,1,False,0,False,1,False,1,False,1,False,0,False,1,False,1,False,1,False,0,False,1,False,1,False,1,False,0,False,1,False,1,False,1,False,0,1.0,0.0,1.0,0.0,1.0,0.0,0.3962476970301256,0.0
182.0,0.9999007394907936,0.5831723059330637,True,8,True,3,True,1,False,0,True,6,False,1,False,0,False,0,True,3,False,0,False,0,False,0,False,2,False,0,False,0,False,0,False,2,False,0,False,0,False,0,False,1,False,0,False,0,False,0,False,1,False,0,False,0,False,0,False,0,False,0,False,0,False,0,False,0,False,0,False,0,False,0,False,0,False,0,False,0,False,0,False,0,False,0,False,0,False,0,0.4327315684660027,0.23606556103911322,0.15927253025246607,0.10648450549264825,0.10648450549264825,0.10648450549264825,0.001233288594026386,0.001233288594026386
543.0,0.7651744503449303,3.4285714285714297,True,11,True,5,False,0,False,0,True,8,True,5,False,0,False,0,True,6,True,4,False,0,False,0,True,5,True,4,False,0,False,0,True,5,True,3,False,0,False,0,True,5,True,3,False,0,False,0,True,3,True,3,False,0,False,0,True,3,True,2,False,0,False,0,True,3,True,2,False,0,False,0,True,3,True,2,False,0,False,0,True,3,True,2,False,0,False,0,3.4285714285714275,1.4466711373786598,0.8152700515936185,0.8152700515936185,0.06694286898079793,0.06694286898079793,0.031198874665953658,0.011990295222109258
113.0,1.0,2.20589437346767,True,13,True,4,True,2,True,1,True,11,True,2,True,1,True,1,True,7,True,2,True,1,True,1,True,4,True,2,True,1,True,1,True,3,True,2,True,1,True,1,True,3,True,2,False,0,False,0,True,3,True,2,False,0,False,0,True,2,True,2,False,0,False,0,True,2,True,2,False,0,False,0,True,2,True,2,False,0,False,0,True,2,True,1,False,0,False,0,1.610562659522966,1.610562659522966,0.6003710113982836,0.6003710113982836,0.3081147834657705,0.3081147834657705,0.3081147834657705,0.3081147834657705
505.0,0.9999255546180952,0.8577410817847062,True,10,True,3,False,0,False,0,True,7,True,3,False,0,False,0,True,4,True,1,False,0,False,0,True,3,True,1,False,0,False,0,True,2,True,1,False,0,False,0,True,2,True,1,False,0,False,0,True,2,False,0,False,0,False,0,True,2,False,0,False,0,False,0,True,2,False,0,False,0,False,0,True,2,False,0,False,0,False,0,True,2,False,0,False,0,False,0,0.7919396836001744,0.7919396836001744,0.37444568947364104,0.37444568947364104,0.01676283965943175,0.01676283965943175,0.002740801232531743,0.002740801232531743
546.0,0.0,0.0,False,0,False,0,False,0,False,0,False,0,False,0,False,0,False,0,False,0,False,0,False,0,False,0,False,0,False,0,False,0,False,0,False,0,False,0,False,0,False,0,False,0,False,0,False,0,False,0,False,0,False,0,False,0,False,0,False,0,False,0,False,0,False,0,False,0,False,0,False,0,False,0,False,0,False,0,False,0,False,0,False,0,False,0,False,0,False,0,0.0,0.0,0.0,0.0,0.0,0.0,0.0,0.0
532.0,0.0,0.0,False,0,False,0,False,0,False,0,False,0,False,0,False,0,False,0,False,0,False,0,False,0,False,0,False,0,False,0,False,0,False,0,False,0,False,0,False,0,False,0,False,0,False,0,False,0,False,0,False,0,False,0,False,0,False,0,False,0,False,0,False,0,False,0,False,0,False,0,False,0,False,0,False,0,False,0,False,0,False,0,False,0,False,0,False,0,False,0,0.0,0.0,0.0,0.0,0.0,0.0,0.0,0.0
487.0,0.9703459228745843,0.8504098411634994,True,10,True,3,False,0,False,0,True,6,True,3,False,0,False,0,True,3,True,2,False,0,False,0,True,3,True,2,False,0,False,0,True,2,True,2,False,0,False,0,True,2,True,1,False,0,False,0,True,2,False,0,False,0,False,0,True,2,False,0,False,0,False,0,True,1,False,0,False,0,False,0,True,1,False,0,False,0,False,0,False,0,False,0,False,0,False,0,0.5957154450474409,0.5957154450474409,0.36308368875223346,0.36308368875223346,0.04756643483820747,0.04756643483820747,0.0030754323367853755,0.002115757850757439
25.0,1.0,1.6692183384938557,True,5,True,4,True,3,False,0,True,5,True,3,True,3,False,0,True,4,True,3,False,2,False,0,True,4,True,3,False,1,False,0,True,3,True,2,False,1,False,0,True,3,True,2,False,0,False,0,True,2,False,1,False,0,False,0,False,1,False,1,False,0,False,0,False,1,False,1,False,0,False,0,False,1,False,1,False,0,False,0,False,1,False,1,False,0,False,0,1.2320432025322792,0.40349367267650604,0.7057682028459483,0.39129353358242414,0.3110205647468751,0.16345810851304501,0.0566721048736006,0.051124110230891855
388.0,0.7416745247903122,0.9127149518075981,True,12,True,3,False,0,False,0,True,10,True,3,False,0,False,0,True,8,True,1,False,0,False,0,True,7,True,1,False,0,False,0,True,5,False,0,False,0,False,0,True,4,False,0,False,0,False,0,True,4,False,0,False,0,False,0,True,3,False,0,False,0,False,0,True,3,False,0,False,0,False,0,True,2,False,0,False,0,False,0,True,2,False,0,False,0,False,0,0.7263454454276803,0.6278143060279983,0.29475275427835607,0.29475275427835607,0.0707146036899981,0.0005066504333258916,0.003553867956227431,0.0005066504333258916
528.0,0.3448806392376793,2.5277548208376652,True,10,True,5,False,3,False,3,True,12,False,4,False,2,False,0,True,12,False,2,False,1,False,0,True,12,False,2,False,1,False,0,True,11,False,2,False,1,False,0,True,10,False,1,False,1,False,0,True,8,False,1,False,1,False,0,True,8,False,1,False,1,False,0,True,5,False,1,False,1,False,0,True,4,False,1,False,1,False,0,True,4,False,1,False,1,False,0,1.9315608102732296,0.7596308624146118,0.7478640135163575,0.10896284159262135,0.6540131141478038,0.0477678190914344,0.133646209601771,0.04083059968061598
448.0,0.9999751848726984,0.6927551862648618,True,10,True,3,False,1,False,0,True,8,True,2,False,0,False,0,True,6,True,1,False,0,False,0,True,5,True,1,False,0,False,0,True,5,False,0,False,0,False,0,True,3,False,0,False,0,False,0,True,1,False,0,False,0,False,0,True,1,False,0,False,0,False,0,False,0,False,0,False,0,False,0,False,0,False,0,False,0,False,0,False,0,False,0,False,0,False,0,0.4612038333938564,0.4612038333938564,0.2599454409593744,0.2599454409593744,0.11883163178674674,0.0865269383629651,0.0945266104821844,0.001950947252813258
351.0,0.023003623008586035,2.6773606376332646,True,11,True,5,True,2,True,2,True,10,True,5,True,2,True,2,True,8,True,4,True,1,True,1,True,10,True,3,True,1,True,1,True,10,True,2,True,1,True,1,True,10,True,2,True,1,True,1,True,9,True,1,True,1,True,1,True,5,True,1,True,1,True,1,True,5,True,1,True,1,False,0,True,4,True,1,True,1,False,0,True,4,True,1,False,0,False,0,2.071765964665049,1.2867911271322037,0.7800197863424335,0.7800197863424335,0.5884862086703965,0.5884862086703965,0.47260316995037793,0.47260316995037793
155.0,0.9983125713434909,1.4132151153819243,True,11,True,1,False,0,False,0,True,9,True,1,False,0,False,0,True,8,True,1,False,0,False,0,True,5,True,1,False,0,False,0,True,2,True,1,False,0,False,0,True,2,True,1,False,0,False,0,True,1,True,1,False,0,False,0,True,1,True,1,False,0,False,0,True,1,True,1,False,0,False,0,True,1,True,1,False,0,False,0,True,1,True,1,False,0,False,0,0.6866345281046533,0.6866345281046533,0.6028122502793236,0.6028122502793236,0.02665600928663365,0.02665600928663365,0.009102134577977173,0.004794028339864638
64.0,0.9534964514367958,3.106593489933665,True,11,True,5,True,3,False,1,True,11,True,5,True,3,False,1,True,12,True,4,True,3,False,1,True,13,True,4,True,2,False,0,True,13,True,4,False,1,False,0,True,11,False,2,False,1,False,0,True,10,False,1,False,1,False,0,True,9,False,1,False,1,False,0,True,7,False,1,False,1,False,0,True,7,False,1,False,1,False,0,True,7,False,1,False,1,False,0,2.4591759409524667,2.1796917477409425,0.792689044828604,0.3459536877026135,0.7187482433169463,0.2697071003114751,0.21302774654639514,0.07720694300659249
253.0,0.9996029579631743,0.9560233760165473,True,12,True,6,False,0,False,0,True,10,True,4,False,0,False,0,True,7,True,2,False,0,False,0,True,7,True,1,False,0,False,0,True,6,True,1,False,0,False,0,True,4,True,1,False,0,False,0,True,2,True,1,False,0,False,0,True,2,True,1,False,0,False,0,True,2,True,1,False,0,False,0,True,2,True,1,False,0,False,0,True,2,False,0,False,0,False,0,0.8239111249673753,0.8239111249673753,0.593495250942174,0.593495250942174,0.018067103446632867,0.0012857159488672534,0.004248163322585018,0.0012857159488672534
419.0,0.9985359074892054,1.6500161027524638,True,11,True,7,True,3,False,0,True,11,True,6,True,2,False,0,True,10,True,3,True,2,False,0,True,9,True,3,False,0,False,0,True,7,True,2,False,0,False,0,True,7,True,2,False,0,False,0,True,8,False,1,False,0,False,0,True,7,False,1,False,0,False,0,True,6,False,1,False,0,False,0,True,6,False,0,False,0,False,0,False,3,False,0,False,0,False,0,0.8448028042741682,0.5624695667607963,0.5276347032443967,0.37472723911455746,0.24879276121297456,0.24879276121297456,0.02327700976865791,0.008412153187882947
292.0,0.0,0.0,False,0,False,0,False,0,False,0,False,0,False,0,False,0,False,0,False,0,False,0,False,0,False,0,False,0,False,0,False,0,False,0,False,0,False,0,False,0,False,0,False,0,False,0,False,0,False,0,False,0,False,0,False,0,False,0,False,0,False,0,False,0,False,0,False,0,False,0,False,0,False,0,False,0,False,0,False,0,False,0,False,0,False,0,False,0,False,0,0.0,0.0,0.0,0.0,0.0,0.0,0.0,0.0
451.0,0.9097473820040697,3.086519858893315,True,11,True,4,True,1,False,0,True,10,True,2,True,1,False,0,True,9,True,2,False,0,False,0,True,7,False,1,False,0,False,0,True,4,False,0,False,0,False,0,True,4,False,0,False,0,False,0,True,4,False,0,False,0,False,0,True,2,False,0,False,0,False,0,True,2,False,0,False,0,False,0,True,2,False,0,False,0,False,0,True,2,False,0,False,0,False,0,2.3345138633497577,2.3345138633497577,0.2959407974804264,0.24399300670323815,0.15761948454390812,0.15761948454390812,0.0023013768982319497,0.0023013768982319497
537.0,0.7702615514417589,1.15238394395508,True,8,False,3,False,1,False,1,True,7,False,1,False,1,False,1,True,6,False,1,False,0,False,0,False,1,False,0,False,0,False,0,False,1,False,0,False,0,False,0,False,1,False,0,False,0,False,0,False,1,False,0,False,0,False,0,False,1,False,0,False,0,False,0,False,1,False,0,False,0,False,0,False,1,False,0,False,0,False,0,False,1,False,0,False,0,False,0,0.8069658068960531,0.24604349718302604,0.20364495588361267,0.05490421785514,0.19196516979349432,0.01475217006785314,0.17044725242788988,0.0020611532675973276
242.0,1.0,0.6213007127251625,True,8,True,3,False,0,False,0,True,5,True,2,False,0,False,0,True,2,True,2,False,0,False,0,True,2,True,2,False,0,False,0,True,2,True,1,False,0,False,0,True,2,False,0,False,0,False,0,True,2,False,0,False,0,False,0,True,2,False,0,False,0,False,0,True,2,False,0,False,0,False,0,False,0,False,0,False,0,False,0,False,0,False,0,False,0,False,0,0.5331486475054678,0.5331486475054678,0.33259522339279246,0.33259522339279246,0.03690613193896443,0.017277686778881085,0.001677739444503287,0.001677739444503287
479.0,0.9995533277085712,0.7834109401103502,True,5,True,3,False,0,False,0,True,5,True,2,False,0,False,0,True,3,True,1,False,0,False,0,True,3,False,0,False,0,False,0,True,2,False,0,False,0,False,0,True,2,False,0,False,0,False,0,True,2,False,0,False,0,False,0,True,1,False,0,False,0,False,0,False,0,False,0,False,0,False,0,False,0,False,0,False,0,False,0,False,0,False,0,False,0,False,0,0.4924565015712931,0.4924565015712931,0.22778000021877506,0.22778000021877506,0.05002384969907157,0.05002384969907157,0.01536134490263853,0.0003562123039579776
198.0,0.9645639982133108,0.7423976514694882,True,8,True,4,True,3,False,1,True,8,True,2,False,1,False,1,True,7,False,1,False,1,False,1,True,5,False,1,False,1,False,0,True,5,False,1,False,0,False,0,True,4,False,0,False,0,False,0,False,1,False,0,False,0,False,0,False,1,False,0,False,0,False,0,False,0,False,0,False,0,False,0,False,0,False,0,False,0,False,0,False,0,False,0,False,0,False,0,0.4803778552360247,0.36001741527049536,0.30823259903668254,0.15262031021190728,0.25162101002097437,0.11648519146545787,0.20369853420598616,0.0385623509196155
42.0,0.0,0.0,False,0,False,0,False,0,False,0,False,0,False,0,False,0,False,0,False,0,False,0,False,0,False,0,False,0,False,0,False,0,False,0,False,0,False,0,False,0,False,0,False,0,False,0,False,0,False,0,False,0,False,0,False,0,False,0,False,0,False,0,False,0,False,0,False,0,False,0,False,0,False,0,False,0,False,0,False,0,False,0,False,0,False,0,False,0,False,0,0.0,0.0,0.0,0.0,0.0,0.0,0.0,0.0
129.0,0.7126904561020398,0.9770025196250045,True,10,True,6,False,1,False,0,True,10,True,4,False,1,False,0,True,6,True,3,False,0,False,0,True,6,True,3,False,0,False,0,True,4,True,2,False,0,False,0,True,4,True,2,False,0,False,0,True,4,True,2,False,0,False,0,True,3,False,0,False,0,False,0,True,3,False,0,False,0,False,0,True,3,False,0,False,0,False,0,True,3,False,0,False,0,False,0,0.8537318475159407,0.8537318475159407,0.43462240773380156,0.416735065302243,0.1714627997203878,0.005033883706776215,0.009456348474734384,0.005033883706776215
138.0,0.9753337634622066,2.034867889277638,True,12,True,6,True,4,False,0,True,11,True,6,True,2,False,0,True,11,True,6,True,1,False,0,True,12,True,5,False,0,False,0,True,11,True,3,False,0,False,0,True,11,True,2,False,0,False,0,True,8,True,2,False,0,False,0,True,6,True,1,False,0,False,0,True,6,True,1,False,0,False,0,True,3,True,1,False,0,False,0,True,3,True,1,False,0,False,0,1.1462368386476143,1.1462368386476143,0.6560891530869687,0.6560891530869687,0.20345093169062395,0.20345093169062395,0.0651855743847423,0.0651855743847423
289.0,0.9995781428358728,2.1222983163502898,True,9,True,4,True,3,True,1,True,7,True,3,False,1,False,0,True,5,True,3,False,1,False,0,True,5,False,2,False,1,False,0,True,5,False,2,False,1,False,0,False,4,False,1,False,1,False,0,False,4,False,1,False,1,False,0,False,4,False,1,False,0,False,0,False,3,False,1,False,0,False,0,False,3,False,0,False,0,False,0,False,2,False,0,False,0,False,0,1.1949161097709589,0.3386019603854287,0.5335365836582634,0.23666088171996943,0.41380044139142874,0.10541518449625933,0.10541518449625933,0.10541518449625933
534.0,0.8755273214551591,0.8107566555836877,True,12,True,4,False,0,False,0,True,11,True,4,False,0,False,0,True,7,True,3,False,0,False,0,True,4,True,2,False,0,False,0,True,4,True,1,False,0,False,0,True,2,False,0,False,0,False,0,True,2,False,0,False,0,False,0,True,1,False,0,False,0,False,0,True,1,False,0,False,0,False,0,True,1,False,0,False,0,False,0,True,1,False,0,False,0,False,0,0.6142365837454821,0.6142365837454821,0.3226804795012665,0.3226804795012665,0.020072130905929145,0.020072130905929145,0.002340937962983589,0.0008466473074347646
83.0,0.8917067844558043,0.5606611256492297,True,9,True,2,True,1,False,0,True,7,True,2,True,1,False,0,True,5,True,1,False,0,False,0,True,2,False,0,False,0,False,0,False,1,False,0,False,0,False,0,False,1,False,0,False,0,False,0,False,1,False,0,False,0,False,0,False,0,False,0,False,0,False,0,False,0,False,0,False,0,False,0,False,0,False,0,False,0,False,0,False,0,False,0,False,0,False,0,0.4097212606483117,0.25236833520194724,0.22364768084617548,0.22364768084617548,0.1602069809641371,0.1602069809641371,0.06891085102937052,0.030145420387697675
370.0,0.9999751848726984,0.977848639207234,True,6,True,4,True,1,False,0,True,5,True,3,True,1,False,0,True,3,True,2,True,1,False,0,True,3,True,2,True,1,False,0,True,3,True,2,True,1,False,0,True,3,True,2,True,1,False,0,True,2,True,2,True,1,False,0,True,2,True,1,True,1,False,0,True,2,True,1,True,1,False,0,True,2,True,1,True,1,False,0,True,1,True,1,False,0,False,0,0.9689750452010185,0.9689750452010185,0.8251238064815478,0.8251238064815478,0.5586685918236819,0.5586685918236819,0.028503457920988542,0.004877524436055441
95.0,0.9983870167253958,3.3123836785832523,True,4,True,4,True,4,True,4,True,5,True,5,True,5,True,5,True,5,True,5,True,5,True,5,True,5,True,5,True,5,True,5,True,6,True,5,True,5,True,5,True,7,True,5,True,4,True,4,True,8,True,5,True,5,True,5,True,8,True,5,True,5,True,5,True,8,True,5,True,5,True,5,True,10,True,6,True,5,True,3,True,10,True,5,True,4,True,3,3.2747490993035218,3.2747490993035218,0.9038669939256445,0.9038669939256445,0.8911699531106038,0.8911699531106038,0.8911699531106038,0.8911699531106038
55.0,0.9127500124075637,2.3226711743427773,True,10,True,4,True,2,True,1,True,8,True,3,True,2,False,0,True,8,True,2,True,1,False,0,True,8,True,2,True,1,False,0,True,7,True,1,True,1,False,0,True,6,True,1,True,1,False,0,True,4,True,1,True,1,False,0,True,3,True,1,True,1,False,0,True,2,True,1,True,1,False,0,True,2,True,1,True,1,False,0,True,2,True,1,True,1,False,0,1.223980022393904,1.223980022393904,0.7457509367187032,0.7457509367187032,0.6059263010636804,0.6059263010636804,0.1075200292258537,0.1075200292258537
383.0,0.9925802769368207,1.225754014487214,True,10,True,7,False,2,False,1,True,10,True,6,False,2,False,1,True,9,True,5,False,1,False,1,True,9,True,4,False,1,False,1,True,8,True,4,False,1,False,1,True,6,True,2,False,1,False,1,True,4,False,1,False,1,False,0,True,4,False,1,False,1,False,0,True,4,False,1,False,1,False,0,True,4,False,1,False,1,False,0,True,3,False,1,False,1,False,0,0.8505330947612162,0.8505330947612162,0.7201553125205368,0.3744662594851466,0.7193118925394956,0.04339816205600265,0.3609538864925998,0.0022315160049231624
243.0,0.9999503697453967,0.8256571759742015,True,11,True,3,False,0,False,0,True,8,False,1,False,0,False,0,True,8,False,0,False,0,False,0,True,6,False,0,False,0,False,0,True,5,False,0,False,0,False,0,True,3,False,0,False,0,False,0,True,3,False,0,False,0,False,0,True,2,False,0,False,0,False,0,True,2,False,0,False,0,False,0,True,2,False,0,False,0,False,0,True,1,False,0,False,0,False,0,0.6035396465852254,0.6035396465852254,0.19470698396573927,0.12134848035727021,0.09593376516273477,0.0019173867345997865,0.004280557383097361,0.0001860456509797604
112.0,0.0,0.0,False,0,False,0,False,0,False,0,False,0,False,0,False,0,False,0,False,0,False,0,False,0,False,0,False,0,False,0,False,0,False,0,False,0,False,0,False,0,False,0,False,0,False,0,False,0,False,0,False,0,False,0,False,0,False,0,False,0,False,0,False,0,False,0,False,0,False,0,False,0,False,0,False,0,False,0,False,0,False,0,False,0,False,0,False,0,False,0,0.0,0.0,0.0,0.0,0.0,0.0,0.0,0.0
222.0,0.925976475259318,1.0257853537863766,True,7,True,4,False,2,False,1,True,6,False,2,False,1,False,1,True,4,False,2,False,1,False,1,True,4,False,2,False,1,False,1,True,4,False,2,False,1,False,1,True,4,False,2,False,1,False,0,False,3,False,1,False,1,False,0,False,3,False,1,False,1,False,0,False,3,False,1,False,1,False,0,False,3,False,1,False,1,False,0,False,2,False,1,False,1,False,0,0.9803513271977065,0.3691044691182251,0.9581635870507516,0.13234559088045533,0.9314291292803365,0.05015083333820649,0.33889867333833423,0.011774385298487651
199.0,0.0,0.0,False,0,False,0,False,0,False,0,False,0,False,0,False,0,False,0,False,0,False,0,False,0,False,0,False,0,False,0,False,0,False,0,False,0,False,0,False,0,False,0,False,0,False,0,False,0,False,0,False,0,False,0,False,0,False,0,False,0,False,0,False,0,False,0,False,0,False,0,False,0,False,0,False,0,False,0,False,0,False,0,False,0,False,0,False,0,False,0,0.0,0.0,0.0,0.0,0.0,0.0,0.0,0.0
251.0,0.9998511092361904,0.9251499024613347,True,10,True,6,False,1,False,0,True,10,True,6,False,0,False,0,True,7,True,3,False,0,False,0,True,6,True,2,False,0,False,0,True,6,True,1,False,0,False,0,True,6,True,1,False,0,False,0,True,5,True,1,False,0,False,0,True,4,True,1,False,0,False,0,True,3,True,1,False,0,False,0,True,2,True,1,False,0,False,0,True,2,True,1,False,0,False,0,0.798227315702597,0.798227315702597,0.7385864220766449,0.7385864220766449,0.142695476283253,0.0004765666882529141,0.004530347671855361,0.00031501716275168426
309.0,0.9997766638542855,2.8431149903040303,True,10,True,5,True,3,False,1,True,11,True,2,True,2,False,0,True,10,True,2,True,2,False,0,True,8,True,2,True,1,False,0,True,6,True,2,True,1,False,0,True,6,True,2,True,1,False,0,True,5,True,2,True,1,False,0,True,5,True,1,True,1,False,0,True,5,True,1,True,1,False,0,True,3,True,1,True,1,False,0,True,2,True,1,True,1,False,0,1.8060395235570272,1.8060395235570272,0.811377740328552,0.811377740328552,0.7359702180188087,0.7359702180188087,0.11075150325460549,0.0545414933523831
312.0,0.1249937962181746,1.7819735263839382,True,10,True,3,True,2,True,1,True,9,True,3,True,2,True,1,True,8,True,3,True,2,True,1,True,7,True,3,True,1,True,1,True,7,True,3,True,1,True,1,True,7,True,2,True,1,True,1,True,6,True,1,True,1,True,1,True,3,False,1,False,1,False,0,True,3,False,0,False,0,False,0,True,3,False,0,False,0,False,0,False,2,False,0,False,0,False,0,1.6552197773937118,0.5741632510322925,0.4674356751634666,0.44089913563418,0.462736685191772,0.44089913563418,0.44089913563418,0.44089913563418
76.0,0.03069631247208298,1.5697939738646687,True,14,True,3,True,1,False,0,True,12,True,3,True,1,False,0,True,12,True,3,True,1,False,0,True,10,True,2,True,1,False,0,True,8,True,1,True,1,False,0,True,5,True,1,False,0,False,0,True,4,False,0,False,0,False,0,True,3,False,0,False,0,False,0,True,3,False,0,False,0,False,0,True,3,False,0,False,0,False,0,True,2,False,0,False,0,False,0,0.9674527121592061,0.9674527121592061,0.3813992204187762,0.3813992204187762,0.3343091442699246,0.3343091442699246,0.04064537483597802,0.007848725880198458
430.0,0.5568514566479726,0.6639422727043716,True,15,True,3,False,1,False,0,True,7,False,1,False,1,False,0,True,6,False,1,False,0,False,0,True,5,False,1,False,0,False,0,True,4,False,0,False,0,False,0,False,1,False,0,False,0,False,0,False,0,False,0,False,0,False,0,False,0,False,0,False,0,False,0,False,0,False,0,False,0,False,0,False,0,False,0,False,0,False,0,False,0,False,0,False,0,False,0,0.36689436154988025,0.3344591548081258,0.2605168045018535,0.11919789869844753,0.18988677954881883,0.019394679725501816,0.07736816611911376,0.019394679725501816
240.0,0.5995831058613331,0.7694389458339055,True,13,False,1,False,0,False,0,True,9,False,0,False,0,False,0,True,8,False,0,False,0,False,0,True,4,False,0,False,0,False,0,True,3,False,0,False,0,False,0,True,1,False,0,False,0,False,0,True,1,False,0,False,0,False,0,False,0,False,0,False,0,False,0,False,0,False,0,False,0,False,0,False,0,False,0,False,0,False,0,False,0,False,0,False,0,False,0,0.4124299235535345,0.4124299235535345,0.11391885226290925,0.041436355712104016,0.06732140014385479,0.003927894629684739,0.01441671207625673,0.0014479485971130583
31.0,0.24256786937316988,3.428571428571428,False,2,False,1,False,1,False,1,False,1,False,1,False,1,False,1,False,1,False,1,False,1,False,1,False,1,False,1,False,1,False,1,False,1,False,1,False,1,False,1,False,1,False,1,False,1,False,1,False,1,False,1,False,1,False,1,False,1,False,1,False,1,False,1,False,1,False,1,False,1,False,1,False,1,False,1,False,1,False,1,False,1,False,1,False,1,False,1,3.428571428571428,0.0,1.0,0.0,1.0,0.0,1.0,0.0
84.0,0.28058464439922576,3.3983271653201435,True,12,True,6,True,5,False,1,True,12,True,6,True,5,False,0,True,12,True,6,True,4,False,0,True,12,True,6,True,4,False,0,True,12,True,6,True,3,False,0,True,12,True,6,True,3,False,0,True,12,True,6,True,3,False,0,True,12,True,6,True,3,False,0,True,12,True,6,True,3,False,0,True,12,True,6,True,3,False,0,True,12,True,6,True,3,False,0,3.114611245355711,2.891004793799529,0.9981805568651291,0.9981805568651291,0.9809407598468143,0.9161195939241684,0.11565443822693659,0.014495093982306435
190.0,0.9982629410888878,0.9957651457411325,True,8,True,3,False,0,False,0,True,6,True,2,False,0,False,0,True,4,True,2,False,0,False,0,True,3,True,1,False,0,False,0,True,3,True,1,False,0,False,0,True,2,True,1,False,0,False,0,True,2,False,0,False,0,False,0,True,2,False,0,False,0,False,0,True,2,False,0,False,0,False,0,True,2,False,0,False,0,False,0,True,2,False,0,False,0,False,0,0.9170600748722475,0.9170600748722475,0.36702742198942356,0.36702742198942356,0.048707710358999685,0.0007222000389243897,0.002898208246685443,0.0007222000389243897
265.0,0.9851109236190382,0.8784763117263653,True,9,True,6,False,1,False,0,True,9,True,6,False,0,False,0,True,8,True,3,False,0,False,0,True,7,True,2,False,0,False,0,True,5,True,1,False,0,False,0,True,4,True,1,False,0,False,0,True,4,False,0,False,0,False,0,True,3,False,0,False,0,False,0,True,3,False,0,False,0,False,0,True,3,False,0,False,0,False,0,True,2,False,0,False,0,False,0,0.7804900651043558,0.7804900651043558,0.3742288213799508,0.3742288213799508,0.14842739301211125,0.002446429187043848,0.002446429187043848,0.002446429187043848
502.0,0.9960047645044419,0.9857795204492926,True,13,True,4,False,0,False,0,True,12,True,1,False,0,False,0,True,9,False,0,False,0,False,0,True,7,False,0,False,0,False,0,True,6,False,0,False,0,False,0,True,4,False,0,False,0,False,0,True,4,False,0,False,0,False,0,True,4,False,0,False,0,False,0,True,4,False,0,False,0,False,0,False,3,False,0,False,0,False,0,False,1,False,0,False,0,False,0,0.6849775277823625,0.505486536194754,0.17357730435699503,0.17357730435699503,0.06637116404743881,0.04990434630035322,0.038639331717776934,0.01810913275427107
527.0,0.0,0.0,False,0,False,0,False,0,False,0,False,0,False,0,False,0,False,0,False,0,False,0,False,0,False,0,False,0,False,0,False,0,False,0,False,0,False,0,False,0,False,0,False,0,False,0,False,0,False,0,False,0,False,0,False,0,False,0,False,0,False,0,False,0,False,0,False,0,False,0,False,0,False,0,False,0,False,0,False,0,False,0,False,0,False,0,False,0,False,0,0.0,0.0,0.0,0.0,0.0,0.0,0.0,0.0
469.0,0.9999007394907936,0.9561446567637762,True,8,True,4,True,2,False,1,True,6,True,3,True,2,False,0,True,5,True,2,True,1,False,0,True,3,True,2,True,1,False,0,True,3,True,2,True,1,False,0,True,3,True,1,False,0,False,0,True,2,True,1,False,0,False,0,True,2,True,1,False,0,False,0,True,2,True,1,False,0,False,0,True,2,True,1,False,0,False,0,True,2,False,0,False,0,False,0,0.678384230628815,0.678384230628815,0.5795266868395141,0.5795266868395141,0.31346299622067514,0.31346299622067514,0.133008880431211,0.011691195771280718
509.0,0.683607126904561,0.7041013822548412,True,7,True,3,False,0,False,0,True,6,True,3,False,0,False,0,True,6,True,2,False,0,False,0,True,4,False,1,False,0,False,0,True,4,False,0,False,0,False,0,True,3,False,0,False,0,False,0,True,3,False,0,False,0,False,0,True,2,False,0,False,0,False,0,True,1,False,0,False,0,False,0,True,1,False,0,False,0,False,0,True,1,False,0,False,0,False,0,0.6002852170440416,0.6002852170440416,0.25298954660039635,0.23905477807475997,0.08592164939147905,0.052739132218670076,0.07511264971367115,0.0036579786738529917
438.0,0.9999751848726984,0.7065315322218879,True,8,False,2,False,1,False,0,False,4,False,1,False,1,False,0,False,1,False,1,False,0,False,0,False,1,False,1,False,0,False,0,False,1,False,1,False,0,False,0,False,1,False,0,False,0,False,0,False,1,False,0,False,0,False,0,False,1,False,0,False,0,False,0,False,1,False,0,False,0,False,0,False,1,False,0,False,0,False,0,False,0,False,0,False,0,False,0,0.5698470777031177,0.12626997415309613,0.3042999865129162,0.03553662859399375,0.15624245156985495,0.005176680327856559,0.005176680327856559,0.005176680327856559
117.0,1.0,2.4408018683062753,True,13,True,4,False,1,False,0,True,11,True,4,False,1,False,0,True,11,True,4,False,1,False,0,True,10,True,2,False,1,False,0,True,8,True,2,False,1,False,0,True,8,False,1,False,1,False,0,True,6,False,1,False,0,False,0,True,5,False,1,False,0,False,0,True,4,False,1,False,0,False,0,True,4,False,1,False,0,False,0,True,4,False,0,False,0,False,0,1.5585643884932436,1.5585643884932436,0.5502147360540292,0.331095661752234,0.3856850683858208,0.0159311080682088,0.018356370059795558,0.0159311080682088
274.0,0.9998759243634919,0.9440896426113443,True,10,True,4,False,0,False,0,True,9,False,2,False,0,False,0,True,6,False,1,False,0,False,0,True,4,False,0,False,0,False,0,True,4,False,0,False,0,False,0,True,3,False,0,False,0,False,0,True,3,False,0,False,0,False,0,True,2,False,0,False,0,False,0,True,2,False,0,False,0,False,0,False,1,False,0,False,0,False,0,False,1,False,0,False,0,False,0,0.7541098380747392,0.5454797078195048,0.20538458536380663,0.10365423427042149,0.05915996216566183,0.0073043336518922525,0.014287061369344262,0.0005298621784320887
432.0,1.0,1.17226676761256,True,10,True,3,False,0,False,0,True,9,True,3,False,0,False,0,True,6,True,3,False,0,False,0,True,5,True,3,False,0,False,0,True,4,False,1,False,0,False,0,True,4,False,1,False,0,False,0,True,4,False,1,False,0,False,0,True,4,False,0,False,0,False,0,True,1,False,0,False,0,False,0,True,1,False,0,False,0,False,0,True,1,False,0,False,0,False,0,0.6098947315113431,0.6098947315113431,0.4109604397044296,0.29082256718025473,0.06610163344350928,0.06610163344350928,0.019336019607027365,0.005228410829967291
259.0,0.5461809519082833,2.177544337801857,True,12,True,4,False,2,False,0,True,10,True,4,False,2,False,0,True,9,True,3,False,2,False,0,True,9,True,3,False,2,False,0,True,9,True,3,False,2,False,0,True,10,True,3,False,1,False,0,True,10,True,3,False,1,False,0,True,8,True,3,False,1,False,0,True,8,True,3,False,1,False,0,True,8,True,3,False,1,False,0,True,8,True,3,False,1,False,0,1.669199714782447,0.9997661846848273,0.8379870141583567,0.6013096739811213,0.6844682281575244,0.0033432817204679085,0.044634675216160956,0.0023137872815354676
100.0,0.9999503697453967,1.2468650074353191,True,5,True,3,False,1,False,0,True,5,True,2,False,1,False,0,True,4,True,2,False,1,False,0,True,4,False,1,False,1,False,0,True,4,False,1,False,1,False,0,True,3,False,1,False,1,False,0,True,3,False,1,False,0,False,0,False,2,False,1,False,0,False,0,False,2,False,1,False,0,False,0,False,2,False,0,False,0,False,0,False,1,False,0,False,0,False,0,0.6477732501323599,0.4373896819669683,0.541179333472092,0.24668526738457366,0.3821544905502657,0.023144076861777465,0.023142538064393932,0.0001047935871603375
68.0,0.9998014789815872,1.563977961874497,True,12,True,2,True,2,False,1,True,12,True,2,True,2,False,1,True,12,True,2,True,2,False,1,True,11,True,2,False,1,False,1,True,11,True,2,False,1,False,1,True,9,True,2,False,1,False,1,True,9,True,2,False,1,False,1,True,6,True,2,False,1,False,1,True,6,True,2,False,1,False,0,True,6,True,2,False,1,False,0,True,6,False,1,False,1,False,0,0.8280418121415855,0.7586594223948102,0.7814697868736683,0.5670342730214061,0.6148817313902963,0.22739044203572278,0.46887589389910783,0.061897454503276855
17.0,1.0,0.8561534444635203,True,9,True,4,False,1,False,0,True,8,True,2,False,1,False,0,True,6,True,2,False,1,False,0,True,6,False,0,False,0,False,0,True,2,False,0,False,0,False,0,False,0,False,0,False,0,False,0,False,0,False,0,False,0,False,0,False,0,False,0,False,0,False,0,False,0,False,0,False,0,False,0,False,0,False,0,False,0,False,0,False,0,False,0,False,0,False,0,0.3407844148488598,0.3407844148488598,0.22468339271757046,0.21801064740679665,0.2166937523235723,0.0787868917789797,0.061721237925549635,0.04217663675950868
54.0,0.9433966946250434,3.2679048361296665,True,11,True,3,True,3,False,1,True,10,True,4,False,2,False,0,True,7,True,4,False,2,False,0,True,7,False,2,False,2,False,0,True,6,False,2,False,2,False,0,True,5,False,2,False,2,False,0,False,4,False,2,False,1,False,0,False,4,False,2,False,1,False,0,False,4,False,2,False,1,False,0,False,4,False,2,False,1,False,0,False,4,False,1,False,1,False,0,2.67379494416139,0.3613237617731597,0.974803724143572,0.22574828736603522,0.9628445912373282,0.10355728296975612,0.1035857633631204,0.0011805861474235722
156.0,0.9797260409945903,0.8373893275826588,True,8,True,4,True,2,False,0,True,7,True,2,True,2,False,0,True,5,True,2,True,1,False,0,True,4,True,1,True,1,False,0,True,5,True,1,False,0,False,0,True,4,True,1,False,0,False,0,True,2,True,1,False,0,False,0,True,1,False,0,False,0,False,0,True,1,False,0,False,0,False,0,True,1,False,0,False,0,False,0,True,1,False,0,False,0,False,0,0.6736882377170992,0.6736882377170992,0.4055218293216628,0.4055218293216628,0.29818763732999676,0.29818763732999676,0.0055693079640199645,0.002842386400323961
70.0,1.0,2.7328657210235194,True,12,True,4,True,4,True,2,True,12,True,4,True,4,True,2,True,13,True,4,True,3,True,1,True,13,True,3,True,3,False,0,True,12,True,3,True,3,False,0,True,11,True,3,True,2,False,0,True,11,True,3,True,2,False,0,True,10,True,3,True,2,False,0,True,10,True,3,True,2,False,0,True,10,True,2,True,2,False,0,True,11,True,1,True,1,False,0,1.4162559400839185,0.8784202475041873,0.858460527657985,0.858460527657985,0.6105487167373651,0.6105487167373651,0.2313784954638671,0.2313784954638671
491.0,0.7362400119112611,1.0792322994649006,True,14,True,4,False,2,False,1,True,14,True,4,False,1,False,1,True,13,False,3,False,1,False,0,True,10,False,1,False,0,False,0,True,5,False,0,False,0,False,0,True,4,False,0,False,0,False,0,True,2,False,0,False,0,False,0,True,2,False,0,False,0,False,0,False,1,False,0,False,0,False,0,False,1,False,0,False,0,False,0,False,0,False,0,False,0,False,0,0.5939895428058691,0.4816607575199517,0.25119078418924334,0.18011509104032752,0.21385069367119677,0.07650374247426547,0.1631973864590451,0.006937694463272167
330.0,0.9999007394907936,0.510819356660869,True,5,True,2,False,0,False,0,True,3,True,2,False,0,False,0,True,2,True,1,False,0,False,0,True,2,False,0,False,0,False,0,True,1,False,0,False,0,False,0,True,1,False,0,False,0,False,0,True,1,False,0,False,0,False,0,False,0,False,0,False,0,False,0,False,0,False,0,False,0,False,0,False,0,False,0,False,0,False,0,False,0,False,0,False,0,False,0,0.4155401113176651,0.4155401113176651,0.21267586719897655,0.21267586719897655,0.05235497231162076,0.032817479053215255,0.0011004370381406817,0.00028688453108076216
445.0,0.9998511092361904,0.6185606308644349,True,8,True,4,False,0,False,0,True,7,True,2,False,0,False,0,True,6,False,0,False,0,False,0,True,4,False,0,False,0,False,0,True,2,False,0,False,0,False,0,False,1,False,0,False,0,False,0,False,1,False,0,False,0,False,0,False,0,False,0,False,0,False,0,False,0,False,0,False,0,False,0,False,0,False,0,False,0,False,0,False,0,False,0,False,0,False,0,0.41056102274232686,0.32876603859965325,0.18636976797620142,0.18636976797620142,0.04200974437557424,0.04200974437557424,0.002790115213128612,0.0007705355638449132
475.0,1.0,0.8389151582810938,True,8,True,2,False,0,False,0,True,6,True,2,False,0,False,0,True,5,True,2,False,0,False,0,True,4,True,1,False,0,False,0,True,3,True,1,False,0,False,0,True,2,False,0,False,0,False,0,True,2,False,0,False,0,False,0,False,1,False,0,False,0,False,0,False,1,False,0,False,0,False,0,False,1,False,0,False,0,False,0,False,1,False,0,False,0,False,0,0.6562562788435762,0.42482536926980236,0.3267077491735681,0.3267077491735681,0.08201726077985885,0.08201726077985885,0.004358262931549156,0.0034472085664759896
313.0,0.9995533277085712,0.6771512963688454,True,5,True,3,False,1,False,0,True,4,True,2,False,0,False,0,True,3,True,2,False,0,False,0,True,3,False,1,False,0,False,0,True,2,False,0,False,0,False,0,True,2,False,0,False,0,False,0,True,2,False,0,False,0,False,0,True,2,False,0,False,0,False,0,False,1,False,0,False,0,False,0,False,1,False,0,False,0,False,0,False,0,False,0,False,0,False,0,0.5805699806653609,0.4632384692107562,0.2603537227559672,0.23232830993207673,0.12243294903811158,0.0007841254108378843,0.0012700159098156312,0.0007841254108378843
545.0,0.12717752742071567,1.0,False,1,False,1,False,1,False,1,False,1,False,1,False,1,False,1,False,1,False,1,False,1,False,1,False,1,False,1,False,1,False,1,False,1,False,1,False,1,False,1,False,1,False,1,False,1,False,1,False,1,False,1,False,1,False,1,False,1,False,1,False,1,False,1,False,1,False,1,False,1,False,0,False,1,False,1,False,1,False,0,False,1,False,1,False,1,False,0,1.0,0.0,1.0,0.0,1.0,0.0,0.49026969245676755,0.0
231.0,0.8048042086455903,0.43576693507331876,True,6,False,1,False,0,False,0,False,3,False,0,False,0,False,0,False,2,False,0,False,0,False,0,False,2,False,0,False,0,False,0,False,0,False,0,False,0,False,0,False,0,False,0,False,0,False,0,False,0,False,0,False,0,False,0,False,0,False,0,False,0,False,0,False,0,False,0,False,0,False,0,False,0,False,0,False,0,False,0,False,0,False,0,False,0,False,0,0.262920282155844,0.14319711223884962,0.1163304315544707,0.04548056683713683,0.06593796651224462,0.0004849927817342532,0.06593796651224462,0.00019991793391137486
382.0,0.08442106308005361,1.1777888375843926,True,12,True,5,False,2,False,1,True,12,True,5,False,1,False,0,True,10,True,4,False,1,False,0,True,10,True,3,False,0,False,0,True,10,True,3,False,0,False,0,True,9,True,3,False,0,False,0,True,8,True,3,False,0,False,0,True,8,True,2,False,0,False,0,True,6,True,1,False,0,False,0,True,4,True,1,False,0,False,0,True,3,True,1,False,0,False,0,0.862087124364355,0.852098805957907,0.7254427919714649,0.7254427919714649,0.2179227382813541,0.03638846778032159,0.12009141564671173,0.03638846778032159
266.0,0.8789518090227803,0.8774560753737559,True,11,True,3,True,1,False,0,True,10,False,0,False,0,False,0,True,8,False,0,False,0,False,0,True,6,False,0,False,0,False,0,True,5,False,0,False,0,False,0,True,5,False,0,False,0,False,0,True,3,False,0,False,0,False,0,True,2,False,0,False,0,False,0,True,2,False,0,False,0,False,0,True,2,False,0,False,0,False,0,True,2,False,0,False,0,False,0,0.6562792305534829,0.6562792305534829,0.1477726966120479,0.1477726966120479,0.13154201457053913,0.13154201457053913,0.0006152597042485101,0.0006152597042485101
425.0,0.9977666385428557,0.9215967227238493,True,8,True,5,False,1,False,1,True,6,True,4,False,1,False,0,True,5,True,3,False,1,False,0,True,4,True,3,False,1,False,0,True,4,True,3,False,1,False,0,True,4,True,2,False,0,False,0,True,4,True,2,False,0,False,0,True,4,False,1,False,0,False,0,False,1,False,0,False,0,False,0,False,1,False,0,False,0,False,0,False,1,False,0,False,0,False,0,0.7799035448214651,0.4785342230130738,0.49956106374889114,0.413875507805628,0.32600619364185307,0.003208069657815476,0.14457846236840058,0.003208069657815476
211.0,1.0,0.6132776221200615,True,5,True,3,False,0,False,0,True,4,True,2,False,0,False,0,True,3,True,2,False,0,False,0,True,2,False,0,False,0,False,0,True,2,False,0,False,0,False,0,False,1,False,0,False,0,False,0,False,1,False,0,False,0,False,0,False,1,False,0,False,0,False,0,False,0,False,0,False,0,False,0,False,0,False,0,False,0,False,0,False,0,False,0,False,0,False,0,0.47411481530197275,0.3117318998759369,0.2492663678613383,0.21837705636222407,0.06545593844919925,0.001164621228442335,0.018774596747421674,0.00012958734077096528
470.0,0.9998014789815872,0.9698948098642975,True,10,True,5,False,0,False,0,True,9,True,4,False,0,False,0,True,8,True,3,False,0,False,0,True,7,False,1,False,0,False,0,True,6,False,0,False,0,False,0,True,3,False,0,False,0,False,0,True,3,False,0,False,0,False,0,True,2,False,0,False,0,False,0,True,2,False,0,False,0,False,0,True,2,False,0,False,0,False,0,True,2,False,0,False,0,False,0,0.7760625839362064,0.7760625839362064,0.2786821888478361,0.2252376902840645,0.07710651475408065,0.0033861261071399017,0.0033861261071399017,0.0033861261071399017
19.0,0.889721574271676,1.447613425317235,True,10,True,3,False,0,False,0,True,8,True,2,False,0,False,0,True,6,True,2,False,0,False,0,True,5,True,2,False,0,False,0,True,5,True,2,False,0,False,0,True,3,True,2,False,0,False,0,True,3,True,2,False,0,False,0,True,2,True,2,False,0,False,0,True,2,True,1,False,0,False,0,True,2,True,1,False,0,False,0,True,2,True,1,False,0,False,0,0.9788408065923646,0.9788408065923646,0.6380704196905385,0.6380704196905385,0.05843090286469744,0.014412772258255248,0.01351743958423606,0.01351743958423606
471.0,0.8275348652538588,2.606296027879119,True,13,True,5,False,1,False,0,True,11,True,5,False,1,False,0,True,10,False,3,False,1,False,0,True,9,False,1,False,1,False,0,True,6,False,1,False,1,False,0,True,4,False,1,False,1,False,0,True,4,False,1,False,0,False,0,True,4,False,1,False,0,False,0,True,4,False,1,False,0,False,0,True,4,False,1,False,0,False,0,True,4,False,1,False,0,False,0,1.7956653779019334,0.7912712516843511,1.1498622830175242,0.19359995414289455,0.37539727903737974,0.04499747486668933,0.04499747486668933,0.04499747486668933
202.0,1.0,0.6970564754923403,True,7,True,3,False,1,False,0,True,6,True,2,False,1,False,0,True,5,True,2,False,0,False,0,True,5,True,1,False,0,False,0,True,2,False,0,False,0,False,0,True,1,False,0,False,0,False,0,True,1,False,0,False,0,False,0,True,1,False,0,False,0,False,0,True,1,False,0,False,0,False,0,False,0,False,0,False,0,False,0,False,0,False,0,False,0,False,0,0.5211792380591274,0.5211792380591274,0.27767772399075563,0.27767772399075563,0.15740457313919287,0.019829524738474623,0.04018798069422971,0.0005340589998599949
296.0,0.7162142041788674,1.1647176571188094,True,10,True,3,False,1,False,1,True,10,False,1,False,0,False,0,True,9,False,0,False,0,False,0,True,8,False,0,False,0,False,0,True,8,False,0,False,0,False,0,True,6,False,0,False,0,False,0,True,5,False,0,False,0,False,0,True,4,False,0,False,0,False,0,False,2,False,0,False,0,False,0,False,2,False,0,False,0,False,0,False,1,False,0,False,0,False,0,0.6491824621622272,0.47453994737094635,0.16557081409363608,0.11869050569281667,0.11012332684440945,0.020908665269242996,0.11012332684440945,0.020908665269242996
176.0,0.6140999553327708,1.0,True,8,True,2,False,1,False,0,True,9,True,1,False,0,False,0,True,7,True,1,False,0,False,0,True,4,False,0,False,0,False,0,True,3,False,0,False,0,False,0,True,2,False,0,False,0,False,0,True,2,False,0,False,0,False,0,True,1,False,0,False,0,False,0,True,1,False,0,False,0,False,0,True,1,False,0,False,0,False,0,False,0,False,0,False,0,False,0,0.5588212121461844,0.5588212121461844,0.2019598381961726,0.2019598381961726,0.12229697489780023,0.001166217676470429,0.08993816681307307,0.0009400208114854197
415.0,0.9999503697453967,0.8266867777475507,True,12,True,3,False,1,False,0,True,10,True,2,False,1,False,0,True,9,False,0,False,0,False,0,True,4,False,0,False,0,False,0,True,2,False,0,False,0,False,0,True,1,False,0,False,0,False,0,False,0,False,0,False,0,False,0,False,0,False,0,False,0,False,0,False,0,False,0,False,0,False,0,False,0,False,0,False,0,False,0,False,0,False,0,False,0,False,0,0.3555362710695697,0.3555362710695697,0.19068017731481984,0.19068017731481984,0.18124736967350358,0.0012469238540373385,0.0679018471553414,0.0012469238540373385
400.0,0.9999751848726984,1.5935091595034099,True,9,True,4,False,1,False,0,True,7,True,3,False,1,False,0,True,5,True,3,False,1,False,0,True,3,True,3,False,1,False,0,True,3,False,2,False,1,False,0,True,3,False,2,False,1,False,0,True,3,False,2,False,1,False,0,True,3,False,2,False,1,False,0,False,2,False,2,False,1,False,0,False,2,False,2,False,0,False,0,False,2,False,2,False,0,False,0,1.1123430505910672,0.4727869829676586,0.8886035496256198,0.2611470736015663,0.5162946558545973,0.06776831146238786,0.06776831146238786,0.06776831146238786
163.0,1.0,0.8234892331726935,True,7,True,3,False,2,False,1,True,6,True,3,False,1,False,1,True,6,True,3,False,1,False,1,True,5,False,2,False,1,False,1,True,4,False,2,False,1,False,0,False,2,False,1,False,1,False,0,False,2,False,1,False,1,False,0,False,2,False,1,False,1,False,0,False,2,False,1,False,1,False,0,False,2,False,1,False,1,False,0,False,1,False,1,False,0,False,0,0.7442822788244735,0.3336152207899061,0.7363554408775469,0.24428605462260577,0.5794421202474754,0.019139314247758898,0.2645990111210425,0.019139314247758898
173.0,0.9986351679984118,0.6006010818841871,True,6,True,3,True,1,False,0,True,5,True,2,False,0,False,0,True,3,True,1,False,0,False,0,True,3,False,0,False,0,False,0,True,3,False,0,False,0,False,0,True,1,False,0,False,0,False,0,False,0,False,0,False,0,False,0,False,0,False,0,False,0,False,0,False,0,False,0,False,0,False,0,False,0,False,0,False,0,False,0,False,0,False,0,False,0,False,0,0.3734760314485596,0.3734760314485596,0.24249209792947754,0.24249209792947754,0.10425157647715246,0.10425157647715246,0.08163959579309675,0.0013147628000912382
355.0,0.9999255546180952,0.5726229052366327,True,7,True,2,False,0,False,0,True,3,True,2,False,0,False,0,True,3,True,1,False,0,False,0,True,1,False,0,False,0,False,0,True,1,False,0,False,0,False,0,True,1,False,0,False,0,False,0,True,1,False,0,False,0,False,0,False,0,False,0,False,0,False,0,False,0,False,0,False,0,False,0,False,0,False,0,False,0,False,0,False,0,False,0,False,0,False,0,0.42638126442365926,0.42638126442365926,0.24531743598375147,0.24531743598375147,0.007925661108088797,0.007925661108088797,0.0048638148246828656,0.00013993986261808214
416.0,0.9969229242146013,0.4676550264141278,True,7,False,1,False,0,False,0,True,3,False,0,False,0,False,0,True,2,False,0,False,0,False,0,True,1,False,0,False,0,False,0,True,1,False,0,False,0,False,0,False,0,False,0,False,0,False,0,False,0,False,0,False,0,False,0,False,0,False,0,False,0,False,0,False,0,False,0,False,0,False,0,False,0,False,0,False,0,False,0,False,0,False,0,False,0,False,0,0.3404975043868231,0.3404975043868231,0.1403558163401617,0.09680659534647643,0.0809674559277052,0.014649187504018012,0.05718113000461075,0.008237402337937738
273.0,1.0,0.6524127624624823,True,7,True,2,False,0,False,0,True,5,True,2,False,0,False,0,True,2,True,1,False,0,False,0,True,1,True,1,False,0,False,0,True,1,True,1,False,0,False,0,True,1,True,1,False,0,False,0,True,1,False,0,False,0,False,0,True,1,False,0,False,0,False,0,True,1,False,0,False,0,False,0,True,1,False,0,False,0,False,0,False,0,False,0,False,0,False,0,0.5638986352861138,0.5638986352861138,0.3821292912274733,0.3821292912274733,0.09422198807998793,0.02256851121812,0.0015255749412274023,0.0015255749412274023
175.0,0.9547123926745744,3.4006019688871203,True,6,True,5,True,2,False,0,True,6,True,2,False,1,False,0,True,3,False,1,False,1,False,0,True,3,False,1,False,1,False,0,True,2,False,1,False,1,False,0,True,2,False,1,False,0,False,0,True,2,False,1,False,0,False,0,True,2,False,1,False,0,False,0,False,1,False,1,False,0,False,0,False,1,False,1,False,0,False,0,False,1,False,1,False,0,False,0,3.126120068874575,0.493973249372835,0.9210903123256496,0.15609960302870632,0.3238541803326556,0.11941687955287308,0.08677101829303156,0.0016592305006305666
364.0,0.8567422700878455,0.4967136324093559,True,7,True,3,True,2,False,1,True,5,True,2,False,0,False,0,True,3,False,1,False,0,False,0,True,3,False,1,False,0,False,0,True,2,False,1,False,0,False,0,True,2,False,0,False,0,False,0,True,1,False,0,False,0,False,0,False,0,False,0,False,0,False,0,False,0,False,0,False,0,False,0,False,0,False,0,False,0,False,0,False,0,False,0,False,0,False,0,0.4291371857801394,0.4291371857801394,0.33460313798512753,0.18378556301786214,0.13650562038239564,0.10322837115914349,0.12249435439551798,0.0002093148353734835
394.0,0.9975184872698397,0.7962120034080041,True,8,True,4,False,1,False,1,True,5,True,3,False,1,False,0,True,4,True,2,False,0,False,0,True,4,True,1,False,0,False,0,True,4,False,0,False,0,False,0,True,3,False,0,False,0,False,0,True,2,False,0,False,0,False,0,True,2,False,0,False,0,False,0,True,2,False,0,False,0,False,0,True,1,False,0,False,0,False,0,False,0,False,0,False,0,False,0,0.5915962902241094,0.5915962902241094,0.2674894058159234,0.2674894058159234,0.17398845247217215,0.022643900034715437,0.1354874791807214,0.0022824050578909294
56.0,0.0,0.0,False,0,False,0,False,0,False,0,False,0,False,0,False,0,False,0,False,0,False,0,False,0,False,0,False,0,False,0,False,0,False,0,False,0,False,0,False,0,False,0,False,0,False,0,False,0,False,0,False,0,False,0,False,0,False,0,False,0,False,0,False,0,False,0,False,0,False,0,False,0,False,0,False,0,False,0,False,0,False,0,False,0,False,0,False,0,False,0,0.0,0.0,0.0,0.0,0.0,0.0,0.0,0.0
187.0,0.5252369844657303,0.7069063098802474,True,11,True,5,False,2,False,1,True,11,True,2,False,1,False,0,True,6,False,0,False,0,False,0,True,4,False,0,False,0,False,0,True,3,False,0,False,0,False,0,True,2,False,0,False,0,False,0,False,1,False,0,False,0,False,0,False,0,False,0,False,0,False,0,False,0,False,0,False,0,False,0,False,0,False,0,False,0,False,0,False,0,False,0,False,0,False,0,0.4123018564816923,0.37478955540759196,0.18702721222737897,0.18702721222737897,0.15418143042198323,0.06371734278333968,0.12305836066666948,0.030234495946628557
205.0,0.9999751848726984,0.5711369988359088,True,7,False,1,False,0,False,0,True,6,False,0,False,0,False,0,True,5,False,0,False,0,False,0,True,3,False,0,False,0,False,0,True,3,False,0,False,0,False,0,True,2,False,0,False,0,False,0,False,0,False,0,False,0,False,0,False,0,False,0,False,0,False,0,False,0,False,0,False,0,False,0,False,0,False,0,False,0,False,0,False,0,False,0,False,0,False,0,0.371252565314375,0.36796056167795255,0.1414992648524202,0.02401859932129251,0.0060108835054053745,0.0002496368844813156,0.0060108835054053745,0.0002327491870151785
115.0,0.9890317137326915,2.4435476016061224,True,9,True,4,True,3,True,3,True,7,True,4,True,3,True,3,True,6,True,3,True,3,True,3,True,6,True,3,True,3,True,3,True,7,True,4,True,4,True,3,True,6,True,4,True,3,True,2,True,6,True,4,True,3,True,2,True,7,True,3,True,2,True,2,True,7,True,2,True,2,False,1,True,7,True,2,True,2,False,1,True,7,True,2,False,1,False,1,2.1118239167016535,1.2529868406574787,0.8952993884814702,0.8952993884814702,0.6088878439298919,0.5571498396565103,0.6076168795364957,0.4915872842641657
281.0,1.0,1.059704308095766,True,10,False,3,False,0,False,0,True,10,False,1,False,0,False,0,True,7,False,0,False,0,False,0,True,5,False,0,False,0,False,0,False,3,False,0,False,0,False,0,False,3,False,0,False,0,False,0,False,2,False,0,False,0,False,0,False,1,False,0,False,0,False,0,False,0,False,0,False,0,False,0,False,0,False,0,False,0,False,0,False,0,False,0,False,0,False,0,0.4856885825576343,0.2606862260678475,0.184301398853542,0.026983460751467035,0.035655336645392055,0.018457506417609855,0.018457506417609855,0.018457506417609855
122.0,0.9672440319618839,2.0865684127567334,True,5,True,4,True,2,False,1,True,5,False,1,False,1,False,1,True,2,False,1,False,1,False,1,True,2,False,1,False,1,False,1,True,2,False,1,False,1,False,1,False,1,False,1,False,1,False,1,False,1,False,1,False,1,False,1,False,1,False,1,False,1,False,1,False,1,False,1,False,1,False,1,False,1,False,1,False,1,False,1,False,2,False,1,False,0,False,0,2.0475093254129515,0.30630455972928106,0.627481595576697,0.12248677780480571,0.5670551753726932,0.12248677780480571,0.5516533507102912,0.000125304232194474
195.0,0.9992307310536503,0.9740292050116329,True,8,True,3,False,1,False,0,True,6,True,3,False,1,False,0,True,5,True,3,False,1,False,0,True,6,True,2,False,0,False,0,True,5,True,1,False,0,False,0,True,4,True,1,False,0,False,0,True,4,False,0,False,0,False,0,True,3,False,0,False,0,False,0,True,3,False,0,False,0,False,0,True,2,False,0,False,0,False,0,True,2,False,0,False,0,False,0,0.8673292307933054,0.7548148984376508,0.36717657237841406,0.36717657237841406,0.2144252974038886,0.0052581400328196555,0.018353976125411776,0.0052581400328196555
530.0,0.2532383741128592,0.948562601927769,True,10,True,2,False,0,False,0,True,7,True,1,False,0,False,0,True,4,True,1,False,0,False,0,True,3,True,1,False,0,False,0,True,3,True,1,False,0,False,0,True,2,True,1,False,0,False,0,True,2,True,1,False,0,False,0,True,2,True,1,False,0,False,0,True,2,False,0,False,0,False,0,True,2,False,0,False,0,False,0,True,2,False,0,False,0,False,0,0.7321565587175807,0.7321565587175807,0.4627521393024173,0.4627521393024173,0.07297038617946602,0.07297038617946602,0.00457605666709009,0.00457605666709009
497.0,0.9963025460320611,0.9887546797692597,True,12,True,5,True,2,False,0,True,8,True,4,False,1,False,0,True,6,True,4,False,0,False,0,True,5,False,2,False,0,False,0,True,5,False,1,False,0,False,0,True,3,False,1,False,0,False,0,True,3,False,1,False,0,False,0,True,3,False,1,False,0,False,0,True,3,False,0,False,0,False,0,True,3,False,0,False,0,False,0,True,3,False,0,False,0,False,0,0.8308442911940178,0.8308442911940178,0.46005188628313626,0.24066842067205677,0.15525645252446663,0.1457660556935754,0.002537249849294018,0.0014555142046492626
494.0,0.9990073949079359,0.9958074011265297,True,11,True,2,True,1,False,0,True,9,True,2,True,1,False,0,True,7,True,2,False,0,False,0,True,7,True,1,False,0,False,0,True,5,False,0,False,0,False,0,True,5,False,0,False,0,False,0,True,4,False,0,False,0,False,0,True,3,False,0,False,0,False,0,True,1,False,0,False,0,False,0,True,1,False,0,False,0,False,0,True,1,False,0,False,0,False,0,0.6658437903478969,0.6658437903478969,0.26025139598909985,0.26025139598909985,0.1699550130509861,0.1699550130509861,0.011088404630146962,0.011088404630146962
488.0,0.9996277730904759,1.5599205424446496,True,10,True,7,False,2,False,1,True,10,True,7,False,2,False,1,True,10,True,6,False,2,False,1,True,10,True,5,False,2,False,1,True,8,True,5,False,2,False,1,True,8,True,5,False,1,False,1,True,6,True,5,False,1,False,1,True,6,True,4,False,1,False,1,True,6,True,3,False,1,False,1,True,7,True,2,False,0,False,0,True,6,True,2,False,0,False,0,1.005252203241397,0.9017080042635041,0.7819682563083642,0.7819682563083642,0.5487484787334982,0.06971472381899306,0.5487484787334982,0.006411931945480658
143.0,0.9931510248647576,1.321018562561939,True,8,True,5,True,2,False,0,True,7,True,4,True,1,False,0,True,5,True,3,False,0,False,0,True,5,True,2,False,0,False,0,True,3,True,2,False,0,False,0,True,3,True,2,False,0,False,0,True,2,True,1,False,0,False,0,True,2,True,1,False,0,False,0,True,2,True,1,False,0,False,0,True,2,True,1,False,0,False,0,True,2,True,1,False,0,False,0,0.8823109653800675,0.8823109653800675,0.6613364168600543,0.6613364168600543,0.18200073983430462,0.18200073983430462,0.02991978001072683,0.02991978001072683
453.0,1.0,0.6132224456118771,True,7,True,3,False,0,False,0,True,7,True,3,False,0,False,0,True,3,True,2,False,0,False,0,True,2,False,0,False,0,False,0,True,2,False,0,False,0,False,0,True,2,False,0,False,0,False,0,True,1,False,0,False,0,False,0,False,0,False,0,False,0,False,0,False,0,False,0,False,0,False,0,False,0,False,0,False,0,False,0,False,0,False,0,False,0,False,0,0.41697983806351463,0.41697983806351463,0.21588873496616848,0.20680517330989315,0.07245163542718003,0.07245163542718003,0.0015884780396673752,0.0003798831959105443
153.0,1.0,0.7046694064422451,True,10,True,5,True,3,False,0,True,7,True,4,False,1,False,0,True,5,True,4,False,1,False,0,True,4,True,3,False,1,False,0,True,4,False,1,False,0,False,0,True,4,False,0,False,0,False,0,True,3,False,0,False,0,False,0,True,1,False,0,False,0,False,0,True,1,False,0,False,0,False,0,True,1,False,0,False,0,False,0,True,1,False,0,False,0,False,0,0.6106128320023557,0.6106128320023557,0.33128102926383984,0.28754396631466245,0.26847703673330403,0.10344655167730533,0.04928471175222641,0.011701502577730694
179.0,1.0,0.6465183228747516,True,4,True,3,False,0,False,0,True,4,True,2,False,0,False,0,True,2,True,2,False,0,False,0,True,2,False,0,False,0,False,0,True,2,False,0,False,0,False,0,True,1,False,0,False,0,False,0,True,1,False,0,False,0,False,0,True,1,False,0,False,0,False,0,True,1,False,0,False,0,False,0,False,0,False,0,False,0,False,0,False,0,False,0,False,0,False,0,0.5264146682205305,0.5264146682205305,0.22805652133233564,0.20482069231922295,0.042754411808650854,0.042754411808650854,0.02001629023232651,0.0009935417109436788
144.0,0.9302198620278922,1.2498373932089863,True,11,False,2,False,2,False,0,True,8,False,2,False,2,False,0,True,7,False,2,False,1,False,0,True,6,False,1,False,0,False,0,True,4,False,1,False,0,False,0,True,2,False,0,False,0,False,0,True,2,False,0,False,0,False,0,True,1,False,0,False,0,False,0,True,1,False,0,False,0,False,0,True,1,False,0,False,0,False,0,True,1,False,0,False,0,False,0,0.6916414128454953,0.6916414128454953,0.32848146775710835,0.07804210740104382,0.22092938658517866,0.0008613631180669497,0.013390281941996842,0.0008613631180669497
233.0,0.8519529505186362,0.5185618585718871,True,5,True,1,False,0,False,0,True,3,True,1,False,0,False,0,True,3,False,0,False,0,False,0,False,2,False,0,False,0,False,0,False,0,False,0,False,0,False,0,False,0,False,0,False,0,False,0,False,0,False,0,False,0,False,0,False,0,False,0,False,0,False,0,False,0,False,0,False,0,False,0,False,0,False,0,False,0,False,0,False,0,False,0,False,0,False,0,0.2774239186698543,0.20757687909324807,0.16111505047566216,0.16111505047566216,0.0680451105897243,0.052197035106596436,0.0680451105897243,0.052197035106596436
333.0,0.9994788823266664,0.5442425908415287,True,6,True,1,False,0,False,0,True,3,False,0,False,0,False,0,True,3,False,0,False,0,False,0,False,2,False,0,False,0,False,0,False,1,False,0,False,0,False,0,False,1,False,0,False,0,False,0,False,0,False,0,False,0,False,0,False,0,False,0,False,0,False,0,False,0,False,0,False,0,False,0,False,0,False,0,False,0,False,0,False,0,False,0,False,0,False,0,0.3625944885400808,0.22903341416349296,0.10180457426418447,0.10180457426418447,0.06489787339599976,0.021626789824538032,0.008445136603493426,0.008445136603493426
271.0,0.9973695965060301,0.6748885681542193,True,7,True,3,False,1,False,0,True,5,True,3,False,1,False,0,True,4,True,3,False,0,False,0,True,4,False,1,False,0,False,0,True,2,False,1,False,0,False,0,False,1,False,1,False,0,False,0,False,1,False,0,False,0,False,0,False,1,False,0,False,0,False,0,False,1,False,0,False,0,False,0,False,1,False,0,False,0,False,0,False,0,False,0,False,0,False,0,0.593617380492073,0.34691416903154954,0.38591784859654954,0.24224664811321847,0.17279476660702695,0.028729710355732893,0.01924641875859012,0.0031008655709750923
357.0,0.9917117474812646,0.8532482821125283,True,10,True,3,True,2,False,0,True,8,True,3,True,1,False,0,True,7,True,2,True,1,False,0,True,6,True,2,True,1,False,0,True,4,True,1,True,1,False,0,True,3,True,1,False,0,False,0,True,3,True,1,False,0,False,0,True,3,True,1,False,0,False,0,True,2,False,0,False,0,False,0,True,2,False,0,False,0,False,0,True,1,False,0,False,0,False,0,0.7393068887426844,0.7393068887426844,0.4889598045852335,0.4889598045852335,0.30008727910223243,0.30008727910223243,0.0024571262889027815,0.00039466649637645107
288.0,0.6671546975035982,3.4285714285714297,True,9,True,3,True,3,True,3,True,7,True,3,True,3,True,3,True,5,True,3,True,3,True,2,True,6,True,4,False,2,False,1,True,5,True,4,False,1,False,1,True,5,True,4,False,1,False,1,True,5,True,2,False,1,False,1,True,3,False,1,False,1,False,1,True,3,False,1,False,1,False,1,True,3,False,1,False,1,False,1,True,3,False,1,False,1,False,1,3.4285714285714275,2.06626449480246,2.354936367037563,0.4382404228127995,1.6705221976476703,0.22667648567357152,0.9379399819200113,0.22667648567357152
51.0,0.9978907141793637,3.4242312221460094,True,10,True,6,True,4,True,3,True,9,True,5,True,4,True,3,True,9,True,4,True,3,True,2,True,8,True,3,True,3,True,2,True,7,True,3,True,3,True,1,True,6,True,3,True,3,True,1,True,6,True,3,True,3,True,1,True,7,True,3,True,1,False,0,True,7,True,2,False,0,False,0,True,7,True,1,False,0,False,0,True,6,True,1,False,0,False,0,3.2788007386181435,3.2788007386181435,1.100795605794199,1.100795605794199,0.4688692522912993,0.4688692522912993,0.4172157670200149,0.4172157670200149
460.0,0.9999751848726984,0.7266369157959501,True,7,True,2,True,1,False,0,True,4,True,2,True,1,False,0,True,4,True,2,True,1,False,0,True,2,True,1,True,1,False,0,True,3,True,1,False,0,False,0,True,3,True,1,False,0,False,0,True,2,False,0,False,0,False,0,True,1,False,0,False,0,False,0,True,1,False,0,False,0,False,0,False,0,False,0,False,0,False,0,False,0,False,0,False,0,False,0,0.5338741509249362,0.5338741509249362,0.36408313374513596,0.36408313374513596,0.2780794127949817,0.2780794127949817,0.021110310108101143,0.021110310108101143
381.0,0.9995036974539679,0.9053688140309643,True,9,True,2,True,1,False,0,True,7,True,2,True,1,False,0,True,7,True,2,False,0,False,0,True,4,True,2,False,0,False,0,True,3,True,1,False,0,False,0,True,3,True,1,False,0,False,0,True,3,True,1,False,0,False,0,True,3,True,1,False,0,False,0,True,2,False,0,False,0,False,0,False,0,False,0,False,0,False,0,False,0,False,0,False,0,False,0,0.5340049483406483,0.5340049483406483,0.46719870344605113,0.46719870344605113,0.16044481363541205,0.16044481363541205,0.006330675179663968,0.006330675179663968
218.0,0.8469154796764108,0.40198365840465317,True,5,True,2,False,0,False,0,False,2,False,0,False,0,False,0,False,1,False,0,False,0,False,0,False,1,False,0,False,0,False,0,False,0,False,0,False,0,False,0,False,0,False,0,False,0,False,0,False,0,False,0,False,0,False,0,False,0,False,0,False,0,False,0,False,0,False,0,False,0,False,0,False,0,False,0,False,0,False,0,False,0,False,0,False,0,False,0,0.29469545480438514,0.1341340849980358,0.13838137945761256,0.11510394067511087,0.0786312870566915,0.0786312870566915,0.057691341250655656,0.057691341250655656
158.0,1.0,0.5916983040376946,True,7,True,3,False,0,False,0,True,5,True,2,False,0,False,0,True,3,True,2,False,0,False,0,True,2,True,2,False,0,False,0,True,2,False,1,False,0,False,0,True,2,False,0,False,0,False,0,True,2,False,0,False,0,False,0,True,2,False,0,False,0,False,0,True,1,False,0,False,0,False,0,False,0,False,0,False,0,False,0,False,0,False,0,False,0,False,0,0.5037726609965918,0.5037726609965918,0.30756137076776086,0.29485399025180653,0.0895020788289822,0.0018455791725041362,0.0018455791725041362,0.0018455791725041362
436.0,0.9998262941088888,0.771358871650226,True,7,True,5,True,2,True,1,True,5,True,3,True,2,True,1,True,4,True,2,True,2,True,1,True,4,True,2,True,2,False,0,True,5,True,1,False,0,False,0,True,3,False,0,False,0,False,0,True,1,False,0,False,0,False,0,True,1,False,0,False,0,False,0,True,1,False,0,False,0,False,0,True,1,False,0,False,0,False,0,True,1,False,0,False,0,False,0,0.7171893908684781,0.7171893908684781,0.32918639925070337,0.32918639925070337,0.2780933974835471,0.2780933974835471,0.23133557613928735,0.23133557613928735
192.0,0.7637351729614373,0.9926668854807839,True,10,True,4,False,2,False,0,True,10,True,3,False,1,False,0,True,7,True,3,False,1,False,0,True,6,False,1,False,1,False,0,True,6,False,1,False,0,False,0,True,3,False,1,False,0,False,0,True,3,False,1,False,0,False,0,True,3,False,1,False,0,False,0,True,3,False,0,False,0,False,0,True,2,False,0,False,0,False,0,True,2,False,0,False,0,False,0,0.9152786380031969,0.9152786380031969,0.4881956942572292,0.2439146361589845,0.2642862052106729,0.044269301985854374,0.02503186728831572,0.007958223991146865
428.0,0.7079259516601321,2.228777546521029,True,7,True,3,False,1,False,0,True,6,True,2,False,1,False,0,True,6,True,2,False,1,False,0,True,5,True,2,False,1,False,0,True,3,True,2,False,1,False,0,True,3,False,1,False,1,False,0,True,3,False,1,False,0,False,0,True,3,False,1,False,0,False,0,True,2,False,1,False,0,False,0,False,1,False,1,False,0,False,0,False,1,False,1,False,0,False,0,1.5979704562933528,0.5330677275456175,0.8308013140846039,0.33620084273644335,0.3953152968725876,0.01757512574025708,0.09205325128503736,0.00032494867157198626
492.0,0.0,0.0,False,0,False,0,False,0,False,0,False,0,False,0,False,0,False,0,False,0,False,0,False,0,False,0,False,0,False,0,False,0,False,0,False,0,False,0,False,0,False,0,False,0,False,0,False,0,False,0,False,0,False,0,False,0,False,0,False,0,False,0,False,0,False,0,False,0,False,0,False,0,False,0,False,0,False,0,False,0,False,0,False,0,False,0,False,0,False,0,0.0,0.0,0.0,0.0,0.0,0.0,0.0,0.0
75.0,0.9777904610650653,3.4209659830932972,True,10,True,9,True,6,True,4,True,10,True,7,True,6,True,3,True,11,True,7,True,5,True,2,True,11,True,6,True,5,True,2,True,10,True,6,True,4,True,2,True,10,True,6,True,4,True,1,True,10,True,5,True,4,False,0,True,10,True,5,True,3,False,0,True,10,True,5,True,3,False,0,True,10,True,4,True,3,False,0,True,10,True,4,True,3,False,0,3.2582696007720995,1.95449289707517,0.9799422599818025,0.9402960308843347,0.9712191294389794,0.7824518329519586,0.38123268648287617,0.38123268648287617
258.0,0.9998511092361904,0.5798524762686268,True,4,True,3,False,0,False,0,True,4,True,3,False,0,False,0,True,4,True,1,False,0,False,0,True,2,False,0,False,0,False,0,True,2,False,0,False,0,False,0,True,2,False,0,False,0,False,0,True,2,False,0,False,0,False,0,True,1,False,0,False,0,False,0,True,1,False,0,False,0,False,0,False,0,False,0,False,0,False,0,False,0,False,0,False,0,False,0,0.5158498678507559,0.5158498678507559,0.2218646393183608,0.2218646393183608,0.04590103286041314,0.04590103286041314,0.012158195593140672,0.006668711619921506
61.0,0.994366966102536,0.6711437106880737,True,6,True,2,False,0,False,0,True,2,True,1,False,0,False,0,True,1,False,0,False,0,False,0,True,1,False,0,False,0,False,0,True,1,False,0,False,0,False,0,True,1,False,0,False,0,False,0,True,1,False,0,False,0,False,0,True,1,False,0,False,0,False,0,True,1,False,0,False,0,False,0,True,1,False,0,False,0,False,0,False,0,False,0,False,0,False,0,0.5723619756711443,0.5723619756711443,0.16815874670713793,0.16815874670713793,0.040298622158080076,0.00017588070227728621,0.004682897676363547,0.00017588070227728621
311.0,0.998684798253015,0.8016746889173653,True,9,True,2,True,1,False,0,True,8,True,2,False,0,False,0,True,6,True,2,False,0,False,0,True,4,True,1,False,0,False,0,True,3,True,1,False,0,False,0,True,2,False,0,False,0,False,0,True,1,False,0,False,0,False,0,False,0,False,0,False,0,False,0,False,0,False,0,False,0,False,0,False,0,False,0,False,0,False,0,False,0,False,0,False,0,False,0,0.4165761484503285,0.4165761484503285,0.32049222434130475,0.32049222434130475,0.1264342844442111,0.1264342844442111,0.023094475185068918,0.0011068009300916754
348.0,0.5021837312025411,3.4285714285714297,True,4,False,1,False,1,False,1,True,3,False,1,False,1,False,1,True,3,False,1,False,1,False,1,True,2,False,1,False,1,False,1,True,2,False,1,False,1,False,1,True,2,False,1,False,1,False,1,True,2,False,1,False,1,False,1,False,1,False,1,False,1,False,1,False,3,False,1,False,1,False,0,False,3,False,1,False,1,False,0,False,3,False,1,False,1,False,0,3.4285714285714275,0.40969865061196625,0.9630083796038206,0.031291222253247146,0.9322737114858032,0.000442804519531742,0.48394510864089724,0.000442804519531742
452.0,0.5538488262444786,0.6510090084019843,True,6,True,3,True,2,True,1,True,5,True,2,False,0,False,0,True,3,True,1,False,0,False,0,True,2,True,1,False,0,False,0,True,1,True,1,False,0,False,0,True,1,False,0,False,0,False,0,True,1,False,0,False,0,False,0,True,1,False,0,False,0,False,0,True,1,False,0,False,0,False,0,True,1,False,0,False,0,False,0,False,0,False,0,False,0,False,0,0.589597991915991,0.589597991915991,0.3445950341522802,0.3445950341522802,0.10558874183668969,0.10072420801863362,0.10072420801863362,0.10072420801863362
18.0,0.34292024418085265,3.428571428571429,True,9,True,4,False,2,False,2,True,8,True,3,False,2,False,2,True,7,False,2,False,2,False,2,True,7,False,2,False,2,False,2,True,7,False,2,False,2,False,2,True,6,False,2,False,2,False,2,False,4,False,2,False,2,False,2,False,4,False,2,False,2,False,1,False,5,False,2,False,1,False,1,False,5,False,2,False,1,False,1,False,4,False,2,False,1,False,1,3.4285714285714284,0.3503220255357809,1.6188173716157737,0.15721521630061638,0.9548022598870056,0.04847399995587383,0.9548022598870056,0.004543750754033637
422.0,0.9871705791850712,0.947925045977662,True,10,True,3,False,0,False,0,True,8,True,3,False,0,False,0,True,5,False,1,False,0,False,0,True,5,False,1,False,0,False,0,True,4,False,1,False,0,False,0,True,4,False,0,False,0,False,0,True,3,False,0,False,0,False,0,True,3,False,0,False,0,False,0,True,2,False,0,False,0,False,0,True,2,False,0,False,0,False,0,False,1,False,0,False,0,False,0,0.7098292845999241,0.5533242139165749,0.34978955366598224,0.19994127081379082,0.023128271708154968,0.00099033245539764,0.0019479621024238204,0.00040206281467037333
24.0,1.0,0.5375931712201863,True,5,True,1,True,1,True,1,True,4,True,2,True,1,True,1,True,2,False,0,False,0,False,0,True,2,False,0,False,0,False,0,True,2,False,0,False,0,False,0,False,0,False,0,False,0,False,0,False,0,False,0,False,0,False,0,False,0,False,0,False,0,False,0,False,0,False,0,False,0,False,0,False,0,False,0,False,0,False,0,False,0,False,0,False,0,False,0,0.3434755489103807,0.325292410262784,0.19286816662252865,0.16524785382479087,0.1663029545810463,0.16503225448065867,0.1595882790442919,0.1595882790442919
94.0,0.9995781428358728,1.871942306221649,True,14,True,5,False,1,False,0,True,13,False,3,False,1,False,0,True,12,False,2,False,0,False,0,True,10,False,2,False,0,False,0,True,9,False,0,False,0,False,0,True,7,False,0,False,0,False,0,False,5,False,0,False,0,False,0,False,4,False,0,False,0,False,0,False,4,False,0,False,0,False,0,False,3,False,0,False,0,False,0,False,3,False,0,False,0,False,0,1.0104405499858051,0.3868062532537278,0.28812593999993563,0.12066325040199469,0.16396282289417516,0.004435850663866214,0.0022398102320224495,0.0022398102320224495
535.0,0.8281304283090972,0.5639604913115761,True,9,True,5,False,1,False,0,True,8,True,1,False,0,False,0,True,7,False,0,False,0,False,0,True,4,False,0,False,0,False,0,True,3,False,0,False,0,False,0,True,1,False,0,False,0,False,0,False,0,False,0,False,0,False,0,False,0,False,0,False,0,False,0,False,0,False,0,False,0,False,0,False,0,False,0,False,0,False,0,False,0,False,0,False,0,False,0,0.35671882232665564,0.35671882232665564,0.16237271792220825,0.16237271792220825,0.10397156078392002,0.06809824543331082,0.05986259147935137,0.0011148197135211369
209.0,0.9835723857263388,1.7381932013673735,True,16,True,6,True,2,False,0,True,16,True,4,False,1,False,0,True,15,True,4,False,1,False,0,True,14,True,3,False,1,False,0,True,11,False,2,False,1,False,0,True,9,False,2,False,1,False,0,True,8,False,2,False,0,False,0,True,8,False,2,False,0,False,0,True,7,False,2,False,0,False,0,True,6,False,1,False,0,False,0,False,4,False,1,False,0,False,0,0.8829128056256607,0.5886513958976166,0.7167475829052904,0.2800854984233293,0.37806273800147033,0.12794069905439165,0.05899880989532625,0.0009832447460806871
2.0,0.6839545386867835,1.1205580118826048,True,9,True,2,False,1,False,0,True,7,True,2,False,1,False,0,True,6,True,1,False,0,False,0,True,3,False,0,False,0,False,0,True,2,False,0,False,0,False,0,True,2,False,0,False,0,False,0,True,2,False,0,False,0,False,0,False,1,False,0,False,0,False,0,False,1,False,0,False,0,False,0,False,1,False,0,False,0,False,0,False,1,False,0,False,0,False,0,0.8464052742644605,0.40026738780375765,0.21150643277813932,0.21150643277813932,0.19003548237000162,0.04965706732360048,0.04965706732360048,0.04965706732360048
46.0,0.272941585190332,3.4285714285714293,True,4,True,3,True,3,True,2,True,4,True,3,True,3,True,2,True,5,True,3,True,2,True,2,True,5,True,2,True,2,True,2,True,4,True,2,True,2,False,1,True,4,True,2,True,2,False,1,True,3,True,2,True,2,False,1,True,3,True,2,True,2,False,1,True,4,True,3,True,3,False,2,True,4,True,3,True,3,False,1,True,4,True,3,True,3,False,1,3.4285714285714284,3.3137860964181844,1.0,0.974915950661835,1.0,0.8857114956296339,1.0,0.25935195984254217
221.0,0.0,0.0,False,0,False,0,False,0,False,0,False,0,False,0,False,0,False,0,False,0,False,0,False,0,False,0,False,0,False,0,False,0,False,0,False,0,False,0,False,0,False,0,False,0,False,0,False,0,False,0,False,0,False,0,False,0,False,0,False,0,False,0,False,0,False,0,False,0,False,0,False,0,False,0,False,0,False,0,False,0,False,0,False,0,False,0,False,0,False,0,0.0,0.0,0.0,0.0,0.0,0.0,0.0,0.0
131.0,0.9998511092361904,1.0120830388477249,True,11,False,2,False,1,False,0,True,8,False,2,False,1,False,0,False,5,False,1,False,0,False,0,False,5,False,1,False,0,False,0,False,4,False,0,False,0,False,0,False,3,False,0,False,0,False,0,False,1,False,0,False,0,False,0,False,1,False,0,False,0,False,0,False,1,False,0,False,0,False,0,False,0,False,0,False,0,False,0,False,0,False,0,False,0,False,0,0.5026411186229653,0.17015009766971562,0.2714584200950502,0.029115623377042356,0.1808841904282495,0.0012458040766337236,0.0028896653532299887,0.001159592193521862
140.0,0.0063278574619087796,3.4285714285714293,True,6,True,5,True,5,True,2,True,6,True,5,True,5,True,2,True,6,True,5,True,5,False,1,True,6,True,5,True,3,False,1,True,6,True,4,True,3,False,1,True,5,True,4,True,3,False,1,True,5,True,4,True,3,False,1,True,5,True,4,False,2,False,1,True,5,True,4,False,2,False,1,True,5,True,4,False,2,False,1,True,5,False,3,False,2,False,0,3.428571428571429,1.1182044887780547,0.9471030120557736,0.5969749089437475,0.9069356569778,0.42454570869443664,0.5861837364359526,0.15967335872442048
172.0,1.0,0.6034884217953594,True,6,True,5,True,1,False,0,True,5,True,4,False,0,False,0,True,4,True,2,False,0,False,0,True,3,True,1,False,0,False,0,True,2,False,0,False,0,False,0,True,1,False,0,False,0,False,0,True,1,False,0,False,0,False,0,True,1,False,0,False,0,False,0,True,1,False,0,False,0,False,0,False,0,False,0,False,0,False,0,False,0,False,0,False,0,False,0,0.5136093171461894,0.5136093171461894,0.2510347655115343,0.2510347655115343,0.1116915534573536,0.1116915534573536,0.0005375722407556368,0.0005375722407556368
303.0,1.0,0.7046637178353827,True,10,False,2,False,0,False,0,True,8,False,1,False,0,False,0,True,6,False,1,False,0,False,0,True,4,False,0,False,0,False,0,True,4,False,0,False,0,False,0,False,1,False,0,False,0,False,0,False,1,False,0,False,0,False,0,False,1,False,0,False,0,False,0,False,0,False,0,False,0,False,0,False,0,False,0,False,0,False,0,False,0,False,0,False,0,False,0,0.46329223816366394,0.3259128902021502,0.22507205282169565,0.08634683858852396,0.021523710246643832,0.021523710246643832,0.016800729118836177,0.00024943296642202764
91.0,0.9984118318526974,0.4332940942347339,True,6,True,2,False,1,False,0,True,3,True,2,False,0,False,0,True,2,False,1,False,0,False,0,True,2,False,0,False,0,False,0,True,1,False,0,False,0,False,0,False,0,False,0,False,0,False,0,False,0,False,0,False,0,False,0,False,0,False,0,False,0,False,0,False,0,False,0,False,0,False,0,False,0,False,0,False,0,False,0,False,0,False,0,False,0,False,0,0.34451512417457225,0.34451512417457225,0.24523875756000377,0.18198696177022358,0.12472055301625345,0.038684165726703815,0.08065002339675566,0.00035887091785724595
150.0,0.9991811007990471,0.7973152598525561,True,7,True,1,False,0,False,0,True,7,True,1,False,0,False,0,True,5,False,0,False,0,False,0,True,3,False,0,False,0,False,0,True,2,False,0,False,0,False,0,True,2,False,0,False,0,False,0,True,2,False,0,False,0,False,0,True,1,False,0,False,0,False,0,True,1,False,0,False,0,False,0,True,1,False,0,False,0,False,0,False,0,False,0,False,0,False,0,0.564247737935018,0.564247737935018,0.16989799981386974,0.16989799981386974,0.011973170424177707,0.011431838405808923,0.003496927285617593,0.0013332704541972865
267.0,0.2054940691845749,1.09872503509502,True,12,True,2,True,1,False,0,True,9,True,2,False,0,False,0,True,8,True,2,False,0,False,0,True,8,True,2,False,0,False,0,True,7,True,2,False,0,False,0,True,6,True,2,False,0,False,0,True,5,True,2,False,0,False,0,True,2,True,2,False,0,False,0,True,2,True,1,False,0,False,0,False,1,False,0,False,0,False,0,False,1,False,0,False,0,False,0,0.9111766175030743,0.5364242385825386,0.5272794732598154,0.5272794732598154,0.1262670008943245,0.1262670008943245,0.03133949966595867,0.002696742422318196
358.0,0.9996774033450792,0.7110315258159875,True,12,True,2,False,0,False,0,True,8,False,1,False,0,False,0,True,6,False,0,False,0,False,0,True,5,False,0,False,0,False,0,False,1,False,0,False,0,False,0,False,1,False,0,False,0,False,0,False,1,False,0,False,0,False,0,False,0,False,0,False,0,False,0,False,0,False,0,False,0,False,0,False,0,False,0,False,0,False,0,False,0,False,0,False,0,False,0,0.4147575078584821,0.2796932396900614,0.1639855647607532,0.10492241942514208,0.05616719232781623,0.0015865815241722918,0.03221075733425432,0.0015865815241722918
14.0,1.0,0.6859421935071608,True,7,True,3,False,0,False,0,True,7,True,3,False,0,False,0,True,6,True,1,False,0,False,0,True,3,True,1,False,0,False,0,True,3,True,1,False,0,False,0,True,2,False,0,False,0,False,0,True,2,False,0,False,0,False,0,True,2,False,0,False,0,False,0,True,2,False,0,False,0,False,0,False,0,False,0,False,0,False,0,False,0,False,0,False,0,False,0,0.5295069459654832,0.5295069459654832,0.3037521616689579,0.3037521616689579,0.062214707371451995,0.004508928358682733,0.02618920729619554,0.00036148303867438635
399.0,0.9988833192714278,0.6610272009262259,True,10,True,3,False,0,False,0,True,5,True,2,False,0,False,0,True,4,True,2,False,0,False,0,True,4,True,2,False,0,False,0,True,3,False,1,False,0,False,0,True,3,False,0,False,0,False,0,True,3,False,0,False,0,False,0,True,2,False,0,False,0,False,0,False,1,False,0,False,0,False,0,False,1,False,0,False,0,False,0,False,0,False,0,False,0,False,0,0.5583465426832458,0.48655009153516016,0.32571576856857815,0.2706266721184081,0.04838230132031915,0.04838230132031915,0.0013909934625156212,0.0013909934625156212
465.0,0.9974936721425381,0.9592218667382286,True,9,True,6,True,3,False,0,True,9,True,6,True,2,False,0,True,9,True,5,True,1,False,0,True,8,True,3,True,1,False,0,True,8,True,3,True,1,False,0,True,7,True,3,False,0,False,0,True,6,True,3,False,0,False,0,True,5,True,2,False,0,False,0,True,5,True,1,False,0,False,0,True,3,True,1,False,0,False,0,True,3,True,1,False,0,False,0,0.7265459695444763,0.7265459695444763,0.635602696465088,0.635602696465088,0.3324453199075878,0.3324453199075878,0.03615220679666693,0.008030969131699987
547.0,0.9668469899250584,0.8258276086017667,True,7,True,4,False,1,False,0,True,3,True,3,False,1,False,0,True,3,True,1,False,0,False,0,True,3,False,0,False,0,False,0,True,2,False,0,False,0,False,0,True,2,False,0,False,0,False,0,True,2,False,0,False,0,False,0,True,1,False,0,False,0,False,0,True,1,False,0,False,0,False,0,True,1,False,0,False,0,False,0,True,1,False,0,False,0,False,0,0.7973479022086369,0.7973479022086369,0.2234792717018811,0.2234792717018811,0.18485267210488737,0.057240028609211874,0.053653763997802806,0.053653763997802806
307.0,0.9999503697453967,0.6579226265880896,True,8,True,2,False,1,False,0,True,7,True,2,False,0,False,0,True,2,True,2,False,0,False,0,True,2,False,1,False,0,False,0,True,2,False,1,False,0,False,0,True,2,False,0,False,0,False,0,True,1,False,0,False,0,False,0,True,1,False,0,False,0,False,0,True,1,False,0,False,0,False,0,False,0,False,0,False,0,False,0,False,0,False,0,False,0,False,0,0.5203404505959273,0.5203404505959273,0.3416772674545618,0.23195774230046218,0.1106715489993945,0.006346152888022544,0.006346152888022544,0.006346152888022544
43.0,1.0,3.3807784426946057,True,10,True,5,True,3,False,2,True,10,True,5,True,3,False,2,True,10,True,4,True,3,False,2,True,10,True,3,False,2,False,1,True,10,True,3,False,2,False,1,True,9,True,3,False,2,False,1,True,9,True,2,False,1,False,1,True,7,True,2,False,1,False,1,True,7,True,2,False,1,False,1,True,6,True,2,False,1,False,1,True,6,True,2,False,1,False,1,3.0781172970645607,3.0781172970645607,0.9834929334000271,0.9834929334000271,0.899279506524212,0.20387651405554202,0.8465846393047491,0.08398581416179723
184.0,0.9999503697453967,0.550399306206696,True,4,True,3,True,1,False,0,True,5,True,1,False,0,False,0,True,4,False,0,False,0,False,0,True,3,False,0,False,0,False,0,True,2,False,0,False,0,False,0,True,1,False,0,False,0,False,0,True,1,False,0,False,0,False,0,False,0,False,0,False,0,False,0,False,0,False,0,False,0,False,0,False,0,False,0,False,0,False,0,False,0,False,0,False,0,False,0,0.449534424250161,0.449534424250161,0.18524452695179439,0.18524452695179439,0.10996568471089878,0.10996568471089878,0.014768516355807122,0.014768516355807122
542.0,0.3648071864608665,3.4285714285714293,True,8,True,4,True,2,False,1,True,9,True,2,True,2,False,1,True,7,True,2,False,1,False,1,True,6,True,2,False,1,False,0,True,7,True,1,False,0,False,0,True,6,True,1,False,0,False,0,True,6,True,1,False,0,False,0,True,6,True,1,False,0,False,0,True,6,True,1,False,0,False,0,True,5,True,1,False,0,False,0,True,5,True,1,False,0,False,0,3.428571428571428,1.8386741169911298,0.7814479549816152,0.7814479549816152,0.25794144903336963,0.1845361387035316,0.24703517719710727,0.04145387766585167
421.0,0.1258375105464291,1.6006692896748103,True,9,True,5,True,2,False,1,True,9,True,4,True,2,False,1,True,9,True,3,True,2,False,0,True,9,True,3,False,1,False,0,True,8,False,1,False,1,False,0,True,7,False,1,False,0,False,0,True,6,False,1,False,0,False,0,True,6,False,1,False,0,False,0,True,5,False,0,False,0,False,0,True,4,False,0,False,0,False,0,True,4,False,0,False,0,False,0,0.9372242702454137,0.9372242702454137,0.4840794676268188,0.285596293213841,0.3186222291039573,0.2207213096165438,0.15593221499409957,0.07183239361499154
250.0,1.0,0.6546940344853116,True,6,True,4,False,1,False,0,True,5,True,2,False,1,False,0,True,3,True,2,False,0,False,0,True,3,True,2,False,0,False,0,True,2,True,1,False,0,False,0,True,2,False,0,False,0,False,0,True,2,False,0,False,0,False,0,True,2,False,0,False,0,False,0,True,1,False,0,False,0,False,0,True,1,False,0,False,0,False,0,True,1,False,0,False,0,False,0,0.6006407134990404,0.6006407134990404,0.3288837844652818,0.3288837844652818,0.1551704682977953,0.0016082712120768828,0.0016082712120768828,0.0016082712120768828
53.0,0.9595017122437838,0.5636966178884727,True,8,True,1,False,0,False,0,True,4,True,1,False,0,False,0,True,2,False,0,False,0,False,0,True,2,False,0,False,0,False,0,True,1,False,0,False,0,False,0,True,1,False,0,False,0,False,0,True,1,False,0,False,0,False,0,False,0,False,0,False,0,False,0,False,0,False,0,False,0,False,0,False,0,False,0,False,0,False,0,False,0,False,0,False,0,False,0,0.41293440735668185,0.41293440735668185,0.19739493631714772,0.19739493631714772,0.006361534938452267,0.006361534938452267,0.006361534938452267,0.006361534938452267
223.0,0.0,0.0,False,0,False,0,False,0,False,0,False,0,False,0,False,0,False,0,False,0,False,0,False,0,False,0,False,0,False,0,False,0,False,0,False,0,False,0,False,0,False,0,False,0,False,0,False,0,False,0,False,0,False,0,False,0,False,0,False,0,False,0,False,0,False,0,False,0,False,0,False,0,False,0,False,0,False,0,False,0,False,0,False,0,False,0,False,0,False,0,0.0,0.0,0.0,0.0,0.0,0.0,0.0,0.0
30.0,0.9999503697453967,1.213147886527797,True,7,True,3,False,1,False,0,True,4,True,2,False,1,False,0,True,4,False,1,False,1,False,0,True,3,False,1,False,1,False,0,True,3,False,1,False,0,False,0,True,2,False,1,False,0,False,0,False,1,False,1,False,0,False,0,False,1,False,1,False,0,False,0,False,1,False,0,False,0,False,0,False,1,False,0,False,0,False,0,False,1,False,0,False,0,False,0,0.8818906360154711,0.3504919357351824,0.498131937146764,0.1962024223601247,0.25211664917477444,0.00026903509868164244,0.023835911754513064,0.00013081058424740212
93.0,0.9742915281155392,1.4734879604083577,True,7,True,2,True,2,True,1,True,6,True,2,True,1,True,1,True,4,True,1,True,1,True,1,True,3,True,1,True,1,True,1,True,3,True,1,True,1,True,1,True,2,True,1,True,1,False,0,True,2,True,1,True,1,False,0,True,2,True,1,True,1,False,0,True,2,True,1,False,0,False,0,True,2,True,1,False,0,False,0,True,2,True,1,False,0,False,0,0.8499873963720093,0.8499873963720093,0.635713680014659,0.635713680014659,0.499247502603502,0.499247502603502,0.33824194307509753,0.33824194307509753
283.0,0.9946151173755521,0.9953412576194551,True,10,True,4,True,1,False,0,True,6,True,3,True,1,False,0,True,5,True,2,True,1,False,0,True,4,True,2,True,1,False,0,True,4,False,1,False,0,False,0,True,3,False,1,False,0,False,0,False,2,False,1,False,0,False,0,False,2,False,0,False,0,False,0,False,1,False,0,False,0,False,0,False,1,False,0,False,0,False,0,False,1,False,0,False,0,False,0,0.6128457770875322,0.38354910858464636,0.42680910277228007,0.28218312899378345,0.27319115895771684,0.27319115895771684,0.006081071351034844,0.003103862897029967
501.0,0.930542458682813,0.9807643342671764,True,9,True,6,False,1,False,0,True,9,True,5,False,1,False,0,True,10,True,4,False,0,False,0,True,8,True,2,False,0,False,0,True,6,True,1,False,0,False,0,True,4,True,1,False,0,False,0,True,3,True,1,False,0,False,0,True,3,True,1,False,0,False,0,True,3,True,1,False,0,False,0,True,2,False,0,False,0,False,0,True,2,False,0,False,0,False,0,0.7919453282026596,0.7531730428541534,0.5186527295173741,0.5186527295173741,0.17521453327213685,0.0015085443526314218,0.0023668397729092122,0.0015085443526314218
523.0,0.0,0.0,False,0,False,0,False,0,False,0,False,0,False,0,False,0,False,0,False,0,False,0,False,0,False,0,False,0,False,0,False,0,False,0,False,0,False,0,False,0,False,0,False,0,False,0,False,0,False,0,False,0,False,0,False,0,False,0,False,0,False,0,False,0,False,0,False,0,False,0,False,0,False,0,False,0,False,0,False,0,False,0,False,0,False,0,False,0,False,0,0.0,0.0,0.0,0.0,0.0,0.0,0.0,0.0
349.0,0.9946151173755521,0.5533228172888595,True,6,True,3,False,0,False,0,True,4,True,2,False,0,False,0,True,3,False,0,False,0,False,0,True,2,False,0,False,0,False,0,True,1,False,0,False,0,False,0,True,1,False,0,False,0,False,0,True,1,False,0,False,0,False,0,False,0,False,0,False,0,False,0,False,0,False,0,False,0,False,0,False,0,False,0,False,0,False,0,False,0,False,0,False,0,False,0,0.4159238805030293,0.4159238805030293,0.1865286697109784,0.1865286697109784,0.06131743898718012,0.0462519659504017,0.008208401299103461,0.000560073581685853
33.0,0.9998262941088888,1.8601199375787711,True,11,True,5,True,3,False,0,True,11,True,4,True,3,False,0,True,10,True,4,True,3,False,0,True,8,True,4,True,3,False,0,True,7,True,4,True,3,False,0,True,6,True,4,True,3,False,0,True,5,True,4,True,3,False,0,True,4,True,3,True,2,False,0,True,3,True,3,False,1,False,0,True,3,True,3,False,1,False,0,True,3,True,2,False,0,False,0,1.2150448665331468,0.832250194466669,0.674547027954421,0.6729400885906797,0.5825877532494357,0.4620475796329617,0.011070321760721036,0.005173274131244584
208.0,0.9998759243634919,1.632817859102511,True,11,False,3,False,3,False,0,True,10,False,3,False,2,False,0,True,8,False,2,False,2,False,0,True,9,False,2,False,1,False,0,True,6,False,1,False,1,False,0,False,5,False,1,False,1,False,0,False,4,False,1,False,1,False,0,False,4,False,1,False,0,False,0,False,4,False,1,False,0,False,0,False,4,False,1,False,0,False,0,False,3,False,1,False,0,False,0,0.877698601576713,0.31036844684809456,0.7335238355201235,0.06803719124186748,0.4365836236196116,0.06803719124186748,0.04894514352911269,0.014959993234547027
511.0,0.860092312273562,0.724882602080187,True,10,True,2,True,2,False,0,True,4,True,2,True,2,False,0,True,2,True,1,True,1,False,0,True,2,True,1,True,1,False,0,True,1,True,1,True,1,False,0,True,1,True,1,True,1,False,0,True,1,True,1,False,0,False,0,True,1,False,0,False,0,False,0,True,1,False,0,False,0,False,0,True,1,False,0,False,0,False,0,True,1,False,0,False,0,False,0,0.6397885747229842,0.6397885747229842,0.40456217100884073,0.40456217100884073,0.352141377873862,0.352141377873862,0.030427316049046693,0.0009228915391569859
98.0,0.0,0.0,False,0,False,0,False,0,False,0,False,0,False,0,False,0,False,0,False,0,False,0,False,0,False,0,False,0,False,0,False,0,False,0,False,0,False,0,False,0,False,0,False,0,False,0,False,0,False,0,False,0,False,0,False,0,False,0,False,0,False,0,False,0,False,0,False,0,False,0,False,0,False,0,False,0,False,0,False,0,False,0,False,0,False,0,False,0,False,0,0.0,0.0,0.0,0.0,0.0,0.0,0.0,0.0
369.0,0.5412923718298674,1.465911037799144,False,5,False,4,False,2,False,2,False,5,False,4,False,2,False,2,False,5,False,4,False,2,False,2,False,5,False,2,False,2,False,2,False,4,False,2,False,2,False,2,False,4,False,2,False,2,False,2,False,3,False,2,False,2,False,2,False,3,False,2,False,2,False,2,False,3,False,2,False,2,False,2,False,3,False,2,False,2,False,2,False,3,False,2,False,2,False,2,1.0,0.0,1.0,0.0,1.0,0.0,0.9965890713727287,0.0
207.0,0.9999751848726984,1.2598788770017577,True,8,True,3,False,0,False,0,True,8,True,1,False,0,False,0,True,7,True,1,False,0,False,0,True,5,True,1,False,0,False,0,True,5,True,1,False,0,False,0,True,4,True,1,False,0,False,0,True,3,True,1,False,0,False,0,True,3,True,1,False,0,False,0,True,3,True,1,False,0,False,0,True,3,False,0,False,0,False,0,True,3,False,0,False,0,False,0,0.6801019117349649,0.6801019117349649,0.5103884436210829,0.5103884436210829,0.05723053501843645,0.05723053501843645,0.05723053501843645,0.05723053501843645
525.0,0.7603106853938161,0.3360653361229302,False,4,False,0,False,0,False,0,False,1,False,0,False,0,False,0,False,0,False,0,False,0,False,0,False,0,False,0,False,0,False,0,False,0,False,0,False,0,False,0,False,0,False,0,False,0,False,0,False,0,False,0,False,0,False,0,False,0,False,0,False,0,False,0,False,0,False,0,False,0,False,0,False,0,False,0,False,0,False,0,False,0,False,0,False,0,False,0,0.1939079726632286,0.09999225396742759,0.09858596345742467,0.05971445592493732,0.025268746852226347,0.0007170640582810348,0.007136220869501725,0.0003383109462170733
498.0,0.9881135540225321,1.1745860146095464,True,10,True,2,True,1,True,1,True,6,True,2,True,1,True,1,True,5,True,2,True,1,False,0,True,4,True,2,True,1,False,0,True,3,True,2,True,1,False,0,True,3,True,2,True,1,False,0,True,3,True,2,False,0,False,0,True,2,True,2,False,0,False,0,True,2,True,2,False,0,False,0,True,2,True,1,False,0,False,0,True,2,False,0,False,0,False,0,0.9656304222434257,0.9656304222434257,0.5675700939848933,0.5675700939848933,0.3782644188980874,0.3782644188980874,0.17554917093398736,0.17554917093398736
376.0,0.9891557893691995,1.1346922042079617,True,4,True,2,True,2,True,1,True,4,True,2,True,2,False,0,True,2,True,2,True,2,False,0,True,2,True,2,True,2,False,0,True,2,True,2,True,2,False,0,True,2,True,2,True,1,False,0,True,2,True,2,False,0,False,0,True,2,True,2,False,0,False,0,True,2,False,1,False,0,False,0,True,2,False,1,False,0,False,0,False,1,False,0,False,0,False,0,0.8397219977195776,0.58280205148027,0.5698998526759834,0.49317412596539867,0.3760484759091223,0.3760484759091223,0.13753825126544314,0.13753825126544314
454.0,0.9993299915628567,0.5719558830847186,True,7,False,2,False,0,False,0,True,6,False,1,False,0,False,0,True,3,False,0,False,0,False,0,False,2,False,0,False,0,False,0,False,1,False,0,False,0,False,0,False,1,False,0,False,0,False,0,False,0,False,0,False,0,False,0,False,0,False,0,False,0,False,0,False,0,False,0,False,0,False,0,False,0,False,0,False,0,False,0,False,0,False,0,False,0,False,0,0.388109020247478,0.2411695376894978,0.18322814014801395,0.05186304861903788,0.010267440269169025,0.010267440269169025,0.0028917572790510913,0.002683837588399752
336.0,0.998436646979999,0.9189586392934224,True,11,True,4,False,0,False,0,True,8,False,2,False,0,False,0,True,7,False,1,False,0,False,0,True,5,False,0,False,0,False,0,True,4,False,0,False,0,False,0,True,3,False,0,False,0,False,0,True,3,False,0,False,0,False,0,True,3,False,0,False,0,False,0,True,3,False,0,False,0,False,0,True,2,False,0,False,0,False,0,True,2,False,0,False,0,False,0,0.7409490501977621,0.7397940265186819,0.21370916186777242,0.13422727784573096,0.07165014407099347,0.07165014407099347,0.02821930227695425,0.000926008545669596
378.0,1.0,0.906413160480629,True,11,True,3,False,0,False,0,True,8,True,2,False,0,False,0,True,7,True,2,False,0,False,0,True,3,True,1,False,0,False,0,True,3,False,0,False,0,False,0,True,3,False,0,False,0,False,0,True,3,False,0,False,0,False,0,True,2,False,0,False,0,False,0,True,2,False,0,False,0,False,0,True,2,False,0,False,0,False,0,True,1,False,0,False,0,False,0,0.6027597582824654,0.6027597582824654,0.2858091338365499,0.2858091338365499,0.02006412928152746,0.002274359635332342,0.002274359635332342,0.002274359635332342
412.0,0.9998759243634919,1.664297155818538,True,8,True,4,False,2,False,1,True,7,True,3,False,2,False,1,True,6,True,3,False,1,False,1,True,6,True,3,False,1,False,1,True,3,True,3,False,1,False,0,True,3,False,2,False,1,False,0,True,3,False,2,False,1,False,0,True,3,False,2,False,0,False,0,True,3,False,1,False,0,False,0,True,3,False,1,False,0,False,0,True,3,False,1,False,0,False,0,1.2005857283318633,0.6728594535848069,0.6583655363158059,0.3204312618864623,0.4212167789124455,0.024203489001147653,0.2806142534099894,0.0009097661755663825
157.0,0.5150131520174699,2.5911598556482582,True,13,True,4,True,2,False,0,True,13,True,4,True,1,False,0,True,11,True,3,True,1,False,0,True,9,True,3,True,1,False,0,True,9,True,3,True,1,False,0,True,8,True,1,True,1,False,0,True,8,True,1,True,1,False,0,True,8,True,1,True,1,False,0,True,6,True,1,True,1,False,0,True,6,True,1,True,1,False,0,True,6,True,1,True,1,False,0,1.7565529838176372,1.7565529838176372,0.8685417845070733,0.8074109515501346,0.7772187132881384,0.7772187132881384,0.04117592782261009,0.04117592782261009
177.0,0.9686088639634721,1.0,True,12,True,5,False,0,False,0,True,10,True,3,False,0,False,0,True,8,True,2,False,0,False,0,True,6,True,1,False,0,False,0,True,6,True,1,False,0,False,0,True,5,False,0,False,0,False,0,True,4,False,0,False,0,False,0,True,3,False,0,False,0,False,0,True,3,False,0,False,0,False,0,True,2,False,0,False,0,False,0,True,2,False,0,False,0,False,0,0.7480187286698303,0.7480187286698303,0.34438190497081994,0.34438190497081994,0.029499000522340026,0.029499000522340026,0.010665418687704027,0.010665418687704027
389.0,0.9961040250136484,0.9126441584523647,True,12,True,4,False,2,False,0,True,8,True,4,False,1,False,0,True,8,True,2,False,0,False,0,True,8,True,1,False,0,False,0,True,8,True,1,False,0,False,0,True,4,True,1,False,0,False,0,True,3,True,1,False,0,False,0,True,2,True,1,False,0,False,0,True,2,True,1,False,0,False,0,True,2,False,0,False,0,False,0,True,2,False,0,False,0,False,0,0.7513878288621112,0.7513878288621112,0.5191534682804257,0.5191534682804257,0.16362764140931765,0.0011723807626441633,0.005394437143798304,0.0006457318090243434
325.0,0.9485582411037768,0.6223835199626079,True,6,True,2,True,2,False,0,True,5,False,0,False,0,False,0,True,4,False,0,False,0,False,0,True,3,False,0,False,0,False,0,True,2,False,0,False,0,False,0,False,0,False,0,False,0,False,0,False,0,False,0,False,0,False,0,False,0,False,0,False,0,False,0,False,0,False,0,False,0,False,0,False,0,False,0,False,0,False,0,False,0,False,0,False,0,False,0,0.3016016491310298,0.3016016491310298,0.14800325754705151,0.13799401254594554,0.14675831083599347,0.13799401254594554,0.09485709879371222,0.04575350294867491
459.0,0.7959948384535213,0.6801842210063301,True,7,False,1,False,0,False,0,True,4,False,0,False,0,False,0,True,4,False,0,False,0,False,0,True,3,False,0,False,0,False,0,True,2,False,0,False,0,False,0,False,1,False,0,False,0,False,0,False,0,False,0,False,0,False,0,False,0,False,0,False,0,False,0,False,0,False,0,False,0,False,0,False,0,False,0,False,0,False,0,False,0,False,0,False,0,False,0,0.3662608076557647,0.31701181442388493,0.11816976196223707,0.09905195730288763,0.05263232757854317,0.031758713982123384,0.05263232757854317,0.00047838112273543325
124.0,0.09109633232418482,1.0893373746146102,True,11,True,4,False,1,False,0,True,9,True,4,False,1,False,0,True,9,True,2,False,0,False,0,True,8,True,2,False,0,False,0,True,4,True,2,False,0,False,0,True,4,True,1,False,0,False,0,True,4,True,1,False,0,False,0,True,4,True,1,False,0,False,0,True,3,False,0,False,0,False,0,True,2,False,0,False,0,False,0,False,1,False,0,False,0,False,0,0.7394860784004428,0.5877175657201349,0.4518466394041499,0.4518466394041499,0.19630271040777875,0.045776657870502356,0.014386930506896475,0.005989538180498448
344.0,0.9996774033450792,0.6634182738993094,True,7,True,3,True,2,False,0,True,4,True,3,True,2,False,0,True,4,False,1,False,0,False,0,True,2,False,1,False,0,False,0,True,2,False,0,False,0,False,0,True,2,False,0,False,0,False,0,True,2,False,0,False,0,False,0,True,1,False,0,False,0,False,0,True,1,False,0,False,0,False,0,False,0,False,0,False,0,False,0,False,0,False,0,False,0,False,0,0.5424797149219647,0.5424797149219647,0.28851524924584204,0.1981098436066774,0.1831280572378053,0.157791125156446,0.0031239052547609083,0.0006108888931939396
234.0,0.9999503697453967,0.6505639764090135,True,8,True,4,False,1,False,1,True,5,False,2,False,1,False,1,True,3,False,2,False,0,False,0,True,3,False,1,False,0,False,0,True,3,False,1,False,0,False,0,False,2,False,1,False,0,False,0,False,2,False,0,False,0,False,0,False,1,False,0,False,0,False,0,False,1,False,0,False,0,False,0,False,0,False,0,False,0,False,0,False,0,False,0,False,0,False,0,0.5229833243000289,0.3053296694490163,0.3783079951999798,0.14284355996773623,0.18907344224830744,0.003257660891980496,0.16930236656367742,0.0005112527438148384
235.0,0.9994788823266664,0.8596665379324671,True,7,True,4,False,0,False,0,True,5,True,3,False,0,False,0,True,4,True,3,False,0,False,0,True,3,False,1,False,0,False,0,True,2,False,0,False,0,False,0,True,2,False,0,False,0,False,0,True,2,False,0,False,0,False,0,False,1,False,0,False,0,False,0,False,1,False,0,False,0,False,0,False,1,False,0,False,0,False,0,False,1,False,0,False,0,False,0,0.6280469043164062,0.4387465747541678,0.2503106868711297,0.24011532001618116,0.08524846685371906,0.024048438073719768,0.0004580862019337159,0.0004580862019337159
456.0,0.9989081343987295,0.9729263143677087,True,9,True,4,False,0,False,0,True,8,True,4,False,0,False,0,True,7,True,3,False,0,False,0,True,6,True,1,False,0,False,0,True,5,False,0,False,0,False,0,True,4,False,0,False,0,False,0,True,3,False,0,False,0,False,0,True,2,False,0,False,0,False,0,True,2,False,0,False,0,False,0,True,2,False,0,False,0,False,0,True,2,False,0,False,0,False,0,0.7810168544132294,0.7810168544132294,0.2584440893960701,0.2584440893960701,0.0993765714132877,0.0010696482973365502,0.0012583436080136096,0.00031194470359934034
261.0,1.0,0.5928292389061366,True,6,True,2,False,1,False,0,True,5,True,2,False,0,False,0,True,3,True,1,False,0,False,0,True,3,True,1,False,0,False,0,True,3,False,0,False,0,False,0,True,2,False,0,False,0,False,0,True,2,False,0,False,0,False,0,True,2,False,0,False,0,False,0,False,0,False,0,False,0,False,0,False,0,False,0,False,0,False,0,False,0,False,0,False,0,False,0,0.4708213798695108,0.4599317527099263,0.2529160801128032,0.2529160801128032,0.11761744789619703,0.04454914000552482,0.048040538975896614,0.0014556664858428174
180.0,0.9994788823266664,1.0356903903127908,True,7,True,4,True,1,False,0,True,4,True,2,True,1,False,0,True,2,True,2,True,1,False,0,True,3,True,1,False,0,False,0,True,3,True,1,False,0,False,0,True,2,True,1,False,0,False,0,True,2,True,1,False,0,False,0,True,2,True,1,False,0,False,0,True,2,False,0,False,0,False,0,True,2,False,0,False,0,False,0,True,2,False,0,False,0,False,0,0.9059148119036531,0.9059148119036531,0.4565518272668671,0.4565518272668671,0.22394457509415336,0.22394457509415336,0.006376804722239959,0.006376804722239959
478.0,0.7157179016328353,0.9592879362924064,True,12,True,5,False,0,False,0,True,9,True,3,False,0,False,0,True,7,False,1,False,0,False,0,True,7,False,0,False,0,False,0,True,6,False,0,False,0,False,0,True,3,False,0,False,0,False,0,True,3,False,0,False,0,False,0,True,2,False,0,False,0,False,0,True,2,False,0,False,0,False,0,False,1,False,0,False,0,False,0,False,1,False,0,False,0,False,0,0.6628760779696712,0.5177402608996947,0.21415094236839735,0.16167255426043364,0.004325002302543603,0.0016884749547372993,0.004325002302543603,0.0016884749547372993
29.0,1.0,0.9530952848488914,True,6,True,4,True,3,False,0,True,5,True,4,True,1,False,0,True,4,True,1,True,1,False,0,True,3,True,1,True,1,False,0,True,2,True,1,False,0,False,0,True,1,True,1,False,0,False,0,True,1,True,1,False,0,False,0,True,1,True,1,False,0,False,0,True,1,True,1,False,0,False,0,True,1,True,1,False,0,False,0,True,1,True,1,False,0,False,0,0.7767202614974515,0.7767202614974515,0.6083998365653862,0.6083998365653862,0.2656300504586438,0.2656300504586438,0.022483522935011997,0.010582580366133153
5.0,0.9900987642066604,1.338491108002078,True,11,True,6,True,4,True,1,True,10,True,6,True,3,True,1,True,9,True,5,True,3,True,1,True,9,True,4,True,2,True,1,True,9,True,2,True,2,True,1,True,8,True,1,True,1,True,1,True,7,True,1,True,1,True,1,True,7,True,1,True,1,True,1,True,6,True,1,True,1,True,1,True,4,True,1,True,1,True,1,True,4,True,1,True,1,True,1,0.952912266657492,0.9042616945313563,0.9389226150046579,0.9042616945313563,0.8292041947194372,0.8292041947194372,0.6860399305453545,0.6860399305453545
397.0,0.9976177477790461,0.8779858188128831,True,11,True,3,False,1,False,1,True,9,True,3,False,1,False,0,True,8,True,2,False,0,False,0,True,4,False,0,False,0,False,0,True,4,False,0,False,0,False,0,True,3,False,0,False,0,False,0,True,3,False,0,False,0,False,0,True,1,False,0,False,0,False,0,False,0,False,0,False,0,False,0,False,0,False,0,False,0,False,0,False,0,False,0,False,0,False,0,0.49217392982770414,0.49217392982770414,0.24138896402463117,0.22906036440877758,0.16318522193984827,0.005141845404112917,0.11611773874430482,0.002102789234820902
294.0,0.5412427415752643,2.2255195868238946,True,9,True,3,True,2,True,2,True,6,True,3,True,2,True,2,True,6,True,3,True,2,True,2,True,6,True,2,True,2,True,2,True,6,True,2,True,2,True,2,True,6,True,2,True,1,False,0,True,5,True,2,True,1,False,0,True,5,False,0,False,0,False,0,True,4,False,0,False,0,False,0,True,4,False,0,False,0,False,0,True,4,False,0,False,0,False,0,1.2304969942463495,0.8755237686886722,0.4474147844378389,0.4474147844378389,0.4276190034000776,0.4276190034000776,0.3351208134941151,0.3042636408566743
485.0,0.9998759243634919,0.5244562992566421,True,6,True,3,True,1,False,0,True,4,True,1,False,0,False,0,True,3,False,0,False,0,False,0,True,1,False,0,False,0,False,0,True,1,False,0,False,0,False,0,True,1,False,0,False,0,False,0,True,1,False,0,False,0,False,0,False,0,False,0,False,0,False,0,False,0,False,0,False,0,False,0,False,0,False,0,False,0,False,0,False,0,False,0,False,0,False,0,0.4368028365189786,0.4368028365189786,0.18078647702711034,0.18078647702711034,0.10253995788596218,0.10253995788596218,0.006055369388047078,0.006055369388047078
414.0,0.9910665541714229,0.5598161307516706,True,8,True,3,False,0,False,0,True,5,True,2,False,0,False,0,True,3,True,1,False,0,False,0,True,2,False,0,False,0,False,0,True,2,False,0,False,0,False,0,True,1,False,0,False,0,False,0,True,1,False,0,False,0,False,0,False,0,False,0,False,0,False,0,False,0,False,0,False,0,False,0,False,0,False,0,False,0,False,0,False,0,False,0,False,0,False,0,0.4004843094141981,0.4004843094141981,0.20983793840586856,0.20983793840586856,0.05726916444029905,0.05726916444029905,0.045704671679965406,0.045704671679965406
335.0,0.9998759243634919,0.49913976885017153,True,7,True,3,False,0,False,0,True,5,True,2,False,0,False,0,True,2,False,0,False,0,False,0,True,2,False,0,False,0,False,0,True,1,False,0,False,0,False,0,True,1,False,0,False,0,False,0,False,0,False,0,False,0,False,0,False,0,False,0,False,0,False,0,False,0,False,0,False,0,False,0,False,0,False,0,False,0,False,0,False,0,False,0,False,0,False,0,0.3938963999668707,0.3938963999668707,0.19424135533193884,0.19424135533193884,0.07938271187547084,0.07938271187547084,0.00031386201057415097,0.0002684747188910278
20.0,0.9833490495806243,0.48161257551012315,True,4,True,2,False,0,False,0,True,3,True,1,False,0,False,0,True,2,False,0,False,0,False,0,True,1,False,0,False,0,False,0,True,1,False,0,False,0,False,0,True,1,False,0,False,0,False,0,False,0,False,0,False,0,False,0,False,0,False,0,False,0,False,0,False,0,False,0,False,0,False,0,False,0,False,0,False,0,False,0,False,0,False,0,False,0,False,0,0.35400083544721456,0.35400083544721456,0.17753044369730936,0.17753044369730936,0.0937251623820574,0.0937251623820574,0.06491103523731812,0.034253624535699516
244.0,1.0,0.6817481157747638,True,5,True,3,False,0,False,0,True,4,True,3,False,0,False,0,True,4,True,3,False,0,False,0,True,4,False,1,False,0,False,0,True,2,False,0,False,0,False,0,True,2,False,0,False,0,False,0,True,2,False,0,False,0,False,0,True,2,False,0,False,0,False,0,False,0,False,0,False,0,False,0,False,0,False,0,False,0,False,0,False,0,False,0,False,0,False,0,0.49700454334119637,0.48151531195720276,0.28575694916128674,0.23927726805866276,0.09048130441940855,0.00016772259783814797,0.04260732078608336,8.790278202789636e-05
102.0,0.9899746885701524,0.7846670808364923,True,3,True,3,True,2,False,0,True,3,True,2,True,1,False,0,True,2,True,2,False,0,False,0,True,2,True,2,False,0,False,0,True,2,True,1,False,0,False,0,True,2,True,1,False,0,False,0,True,2,False,0,False,0,False,0,True,1,False,0,False,0,False,0,True,1,False,0,False,0,False,0,True,1,False,0,False,0,False,0,True,1,False,0,False,0,False,0,0.7499213490053821,0.7499213490053821,0.3939563151546895,0.3939563151546895,0.18429835021390298,0.18429835021390298,0.051181208604644285,0.041246597682706485
384.0,0.9982381259615862,0.7134534134991252,True,9,True,4,False,0,False,0,True,6,True,2,False,0,False,0,True,5,True,2,False,0,False,0,True,2,True,1,False,0,False,0,True,2,False,0,False,0,False,0,True,2,False,0,False,0,False,0,True,2,False,0,False,0,False,0,True,2,False,0,False,0,False,0,True,2,False,0,False,0,False,0,False,1,False,0,False,0,False,0,False,0,False,0,False,0,False,0,0.5566919301054842,0.5340023346868569,0.2914351953884981,0.2914351953884981,0.08444525278204616,0.06061084850275484,0.012634065242259879,0.0018546424423544982
272.0,0.9992803613082535,0.6770531670842195,True,10,True,2,False,0,False,0,True,6,True,2,False,0,False,0,True,5,True,2,False,0,False,0,True,3,True,1,False,0,False,0,True,1,True,1,False,0,False,0,True,1,False,0,False,0,False,0,True,1,False,0,False,0,False,0,True,1,False,0,False,0,False,0,True,1,False,0,False,0,False,0,True,1,False,0,False,0,False,0,True,1,False,0,False,0,False,0,0.6391186168245857,0.6391186168245857,0.3449703681954111,0.3449703681954111,0.061995672201569284,0.061995672201569284,0.0024366834220107755,0.0007416642256818695
367.0,0.9954836468311082,0.7977251701634125,True,6,True,3,False,2,False,0,True,4,True,3,False,1,False,0,True,4,False,2,False,0,False,0,True,3,False,2,False,0,False,0,False,2,False,1,False,0,False,0,False,1,False,0,False,0,False,0,False,1,False,0,False,0,False,0,False,1,False,0,False,0,False,0,False,1,False,0,False,0,False,0,False,1,False,0,False,0,False,0,False,1,False,0,False,0,False,0,0.6258986117842358,0.29260535119972264,0.31201695573855726,0.15201963814438313,0.177400137741493,0.03628175014338644,0.0008103396966059399,0.00018314963728031507
82.0,0.9996277730904759,0.4302299747788423,True,4,True,1,False,0,False,0,True,2,True,1,False,0,False,0,True,1,True,1,False,0,False,0,True,1,False,0,False,0,False,0,True,1,False,0,False,0,False,0,False,0,False,0,False,0,False,0,False,0,False,0,False,0,False,0,False,0,False,0,False,0,False,0,False,0,False,0,False,0,False,0,False,0,False,0,False,0,False,0,False,0,False,0,False,0,False,0,0.3340482827934817,0.3340482827934817,0.20222840702477568,0.20222840702477568,0.07256725727421474,0.07256725727421474,0.020730303438268635,0.020730303438268635
186.0,0.6687180505235992,0.6449073989068692,True,9,True,1,False,0,False,0,True,7,False,0,False,0,False,0,True,3,False,0,False,0,False,0,True,1,False,0,False,0,False,0,False,0,False,0,False,0,False,0,False,0,False,0,False,0,False,0,False,0,False,0,False,0,False,0,False,0,False,0,False,0,False,0,False,0,False,0,False,0,False,0,False,0,False,0,False,0,False,0,False,0,False,0,False,0,False,0,0.2715659753373219,0.2715659753373219,0.14803468831637845,0.14803468831637845,0.05417523617194644,0.017155133364950233,0.000693434660081402,0.000693434660081402
458.0,0.9847635118368158,0.7958982579299787,True,4,True,3,True,1,False,0,True,4,True,2,True,1,False,0,True,4,True,2,False,0,False,0,True,2,True,1,False,0,False,0,True,2,True,1,False,0,False,0,True,2,True,1,False,0,False,0,True,2,False,0,False,0,False,0,True,2,False,0,False,0,False,0,True,2,False,0,False,0,False,0,True,2,False,0,False,0,False,0,True,1,False,0,False,0,False,0,0.7169458699515565,0.7169458699515565,0.3864447813637086,0.3864447813637086,0.16060456019281322,0.16060456019281322,0.0010882600720158756,0.0010882600720158756
255.0,0.0,0.0,False,0,False,0,False,0,False,0,False,0,False,0,False,0,False,0,False,0,False,0,False,0,False,0,False,0,False,0,False,0,False,0,False,0,False,0,False,0,False,0,False,0,False,0,False,0,False,0,False,0,False,0,False,0,False,0,False,0,False,0,False,0,False,0,False,0,False,0,False,0,False,0,False,0,False,0,False,0,False,0,False,0,False,0,False,0,False,0,0.0,0.0,0.0,0.0,0.0,0.0,0.0,0.0
393.0,0.9999255546180952,1.9975117528222266,True,11,True,5,False,1,False,1,True,10,True,3,False,1,False,1,True,6,True,2,False,1,False,0,True,5,True,2,False,1,False,0,True,5,True,2,False,1,False,0,True,4,True,2,False,1,False,0,True,3,True,2,False,0,False,0,True,3,True,1,False,0,False,0,True,3,True,1,False,0,False,0,True,3,True,1,False,0,False,0,True,1,False,0,False,0,False,0,1.5695725041507484,1.5695725041507484,0.5751287129835445,0.5751287129835445,0.3749224927484573,0.009508887623097827,0.16199370715157319,0.009508887623097827
368.0,0.7143530696312472,0.9833097655822864,True,11,True,5,False,0,False,0,True,8,True,4,False,0,False,0,True,8,True,2,False,0,False,0,True,5,False,1,False,0,False,0,True,5,False,1,False,0,False,0,True,4,False,1,False,0,False,0,True,4,False,0,False,0,False,0,True,4,False,0,False,0,False,0,True,4,False,0,False,0,False,0,True,4,False,0,False,0,False,0,True,4,False,0,False,0,False,0,0.8719872708625437,0.8719872708625437,0.35378357689069456,0.22321436236852663,0.0268588310628952,0.0017842482119297535,0.013219193739372267,0.001482566167633908
32.0,0.9998759243634919,1.3147796302113355,True,10,True,5,True,2,False,1,True,8,True,5,False,1,False,1,True,7,True,4,False,1,False,1,True,6,True,3,False,1,False,0,True,6,True,3,False,1,False,0,True,5,True,3,False,1,False,0,True,5,True,2,False,0,False,0,True,4,True,2,False,0,False,0,True,4,False,1,False,0,False,0,True,4,False,1,False,0,False,0,True,4,False,0,False,0,False,0,0.9573286773797843,0.9573286773797843,0.5518869959789817,0.4957727624326484,0.38898851690936354,0.1323455540513659,0.23364598753976148,0.05021649312062563
170.0,0.9999751848726984,0.40318310912199495,True,7,True,4,True,2,False,0,True,5,True,2,False,0,False,0,True,5,False,0,False,0,False,0,True,1,False,0,False,0,False,0,True,1,False,0,False,0,False,0,False,0,False,0,False,0,False,0,False,0,False,0,False,0,False,0,False,0,False,0,False,0,False,0,False,0,False,0,False,0,False,0,False,0,False,0,False,0,False,0,False,0,False,0,False,0,False,0,0.3076219930738984,0.3076219930738984,0.17218486065828095,0.1544056538796525,0.11767066222362642,0.11767066222362642,0.017447396875309492,0.006399407938937508
159.0,0.9913643356990421,1.3305790201320982,True,9,True,1,True,1,False,0,True,7,True,1,False,0,False,0,True,5,True,1,False,0,False,0,True,4,True,1,False,0,False,0,True,4,True,1,False,0,False,0,True,2,True,1,False,0,False,0,True,2,True,1,False,0,False,0,True,2,True,1,False,0,False,0,True,2,True,1,False,0,False,0,True,2,True,1,False,0,False,0,True,2,False,0,False,0,False,0,0.8615073193499961,0.8615073193499961,0.5922473814454251,0.5922473814454251,0.14869608363332862,0.14869608363332862,0.08629082772121394,0.08629082772121394
6.0,0.9999503697453967,0.5918926122010788,True,7,True,3,False,0,False,0,True,5,True,2,False,0,False,0,True,3,True,1,False,0,False,0,True,3,True,1,False,0,False,0,True,3,False,0,False,0,False,0,True,2,False,0,False,0,False,0,True,1,False,0,False,0,False,0,False,0,False,0,False,0,False,0,False,0,False,0,False,0,False,0,False,0,False,0,False,0,False,0,False,0,False,0,False,0,False,0,0.44671772039246577,0.44671772039246577,0.26199125351052305,0.26199125351052305,0.09380912894823051,0.06321224388927711,0.004934353649614635,0.0001394077582854756
386.0,0.9999255546180952,0.5793350437750532,True,4,True,3,False,0,False,0,True,3,True,1,False,0,False,0,True,2,False,0,False,0,False,0,True,2,False,0,False,0,False,0,True,1,False,0,False,0,False,0,True,1,False,0,False,0,False,0,False,0,False,0,False,0,False,0,False,0,False,0,False,0,False,0,False,0,False,0,False,0,False,0,False,0,False,0,False,0,False,0,False,0,False,0,False,0,False,0,0.38956584958538437,0.38956584958538437,0.16644429684890794,0.16644429684890794,0.0999377909412989,0.0999377909412989,0.0048193962524253516,0.0048193962524253516
146.0,1.0,0.9035941647550378,True,9,True,4,False,0,False,0,True,6,True,3,False,0,False,0,True,5,False,0,False,0,False,0,True,3,False,0,False,0,False,0,True,3,False,0,False,0,False,0,True,3,False,0,False,0,False,0,True,2,False,0,False,0,False,0,True,2,False,0,False,0,False,0,True,2,False,0,False,0,False,0,True,2,False,0,False,0,False,0,False,1,False,0,False,0,False,0,0.6636731020589963,0.5728568119318102,0.19564733456334735,0.19564733456334735,0.05119487211149607,0.018392070052775555,0.0006787774129162951,0.00014307301727549155
539.0,0.9776663854285572,1.278836872551442,True,8,True,2,True,2,False,1,True,7,True,2,False,1,False,0,True,6,False,1,False,1,False,0,True,4,False,1,False,0,False,0,True,4,False,1,False,0,False,0,True,4,False,1,False,0,False,0,True,4,False,1,False,0,False,0,True,4,False,1,False,0,False,0,False,3,False,1,False,0,False,0,False,2,False,1,False,0,False,0,False,1,False,0,False,0,False,0,0.663954901050165,0.47218260391684336,0.5832971313024427,0.1930659246524447,0.22370207091742048,0.1066584662985388,0.10701889634518294,0.027845497964050097
374.0,0.976177477790461,1.5759185382781795,True,6,True,2,True,1,False,0,True,6,True,2,True,1,False,0,True,6,True,2,True,1,False,0,True,3,True,2,True,1,False,0,True,2,True,2,True,1,False,0,True,2,True,2,True,1,False,0,True,2,True,2,True,1,False,0,True,2,True,2,True,1,False,0,True,2,True,2,True,1,False,0,True,2,True,1,True,1,False,0,True,2,True,1,False,0,False,0,1.1886615835087981,1.1886615835087981,1.1071917572801324,1.1071917572801324,0.5632128598503502,0.5632128598503502,0.04993600154985081,0.0026280180875547995
508.0,0.9716114943669661,1.150692056522826,True,9,True,3,False,0,False,0,True,7,True,3,False,0,False,0,True,7,True,2,False,0,False,0,True,4,True,2,False,0,False,0,True,4,True,2,False,0,False,0,True,4,True,1,False,0,False,0,True,4,False,0,False,0,False,0,True,4,False,0,False,0,False,0,True,4,False,0,False,0,False,0,True,4,False,0,False,0,False,0,True,4,False,0,False,0,False,0,0.7261973305221441,0.7261973305221441,0.3756344702897673,0.3756344702897673,0.0021539821929338673,0.0021404242230807263,0.0021404242230807263,0.0021404242230807263
228.0,0.2829420814928781,0.5874373222708154,True,10,True,1,False,0,False,0,True,5,True,1,False,0,False,0,True,5,True,1,False,0,False,0,True,2,True,1,False,0,False,0,True,1,False,0,False,0,False,0,False,0,False,0,False,0,False,0,False,0,False,0,False,0,False,0,False,0,False,0,False,0,False,0,False,0,False,0,False,0,False,0,False,0,False,0,False,0,False,0,False,0,False,0,False,0,False,0,0.34544694711118124,0.34544694711118124,0.2661449322684016,0.2661449322684016,0.023905480518963827,0.002138514585924447,0.023905480518963827,0.0018280285418158589
11.0,0.0,0.0,False,0,False,0,False,0,False,0,False,0,False,0,False,0,False,0,False,0,False,0,False,0,False,0,False,0,False,0,False,0,False,0,False,0,False,0,False,0,False,0,False,0,False,0,False,0,False,0,False,0,False,0,False,0,False,0,False,0,False,0,False,0,False,0,False,0,False,0,False,0,False,0,False,0,False,0,False,0,False,0,False,0,False,0,False,0,False,0,0.0,0.0,0.0,0.0,0.0,0.0,0.0,0.0
413.0,0.9999503697453967,0.43001578180041394,True,3,True,3,False,1,False,0,True,4,True,2,False,0,False,0,True,2,True,2,False,0,False,0,True,1,False,0,False,0,False,0,True,1,False,0,False,0,False,0,False,0,False,0,False,0,False,0,False,0,False,0,False,0,False,0,False,0,False,0,False,0,False,0,False,0,False,0,False,0,False,0,False,0,False,0,False,0,False,0,False,0,False,0,False,0,False,0,0.33275001667672827,0.33275001667672827,0.23345967952864946,0.20747576451225336,0.10427508002876311,0.06276103326697761,0.06276103326697761,0.06276103326697761
521.0,0.9998262941088888,0.8925145969875778,True,6,True,3,True,1,False,0,True,3,True,2,False,0,False,0,True,3,True,2,False,0,False,0,True,3,True,2,False,0,False,0,True,4,True,1,False,0,False,0,True,3,True,1,False,0,False,0,True,3,True,1,False,0,False,0,True,2,False,0,False,0,False,0,False,1,False,0,False,0,False,0,False,0,False,0,False,0,False,0,False,0,False,0,False,0,False,0,0.5005879816072213,0.45095253462192714,0.40066936333599523,0.40066936333599523,0.13810526508178972,0.13810526508178972,0.004562051890250919,0.004562051890250919
126.0,1.0,0.5599246039283277,True,6,True,3,False,2,False,0,True,5,True,2,False,1,False,0,True,3,True,2,False,0,False,0,True,3,True,2,False,0,False,0,True,3,False,1,False,0,False,0,True,2,False,0,False,0,False,0,True,2,False,0,False,0,False,0,True,2,False,0,False,0,False,0,False,0,False,0,False,0,False,0,False,0,False,0,False,0,False,0,False,0,False,0,False,0,False,0,0.47920971672572993,0.4577828117411595,0.32338669894053795,0.28209689237438884,0.16088054633915114,0.041028095862289234,0.04200400148494205,0.002725031625948632
99.0,0.0,0.0,False,0,False,0,False,0,False,0,False,0,False,0,False,0,False,0,False,0,False,0,False,0,False,0,False,0,False,0,False,0,False,0,False,0,False,0,False,0,False,0,False,0,False,0,False,0,False,0,False,0,False,0,False,0,False,0,False,0,False,0,False,0,False,0,False,0,False,0,False,0,False,0,False,0,False,0,False,0,False,0,False,0,False,0,False,0,False,0,0.0,0.0,0.0,0.0,0.0,0.0,0.0,0.0
151.0,0.9992307310536503,1.4709579078579558,True,10,True,5,False,0,False,0,True,7,True,4,False,0,False,0,True,6,True,1,False,0,False,0,True,6,True,1,False,0,False,0,True,6,True,1,False,0,False,0,True,5,False,0,False,0,False,0,True,5,False,0,False,0,False,0,True,4,False,0,False,0,False,0,True,4,False,0,False,0,False,0,True,3,False,0,False,0,False,0,False,1,False,0,False,0,False,0,0.7681924405348174,0.5755568810285023,0.3147793256274699,0.3147793256274699,0.06987123583342815,0.06987123583342815,0.005079763043468278,0.005079763043468278
284.0,1.0,0.47705037348829094,True,7,True,4,True,1,False,0,True,5,True,3,False,0,False,0,True,3,True,1,False,0,False,0,True,2,False,0,False,0,False,0,True,2,False,0,False,0,False,0,True,1,False,0,False,0,False,0,True,1,False,0,False,0,False,0,False,0,False,0,False,0,False,0,False,0,False,0,False,0,False,0,False,0,False,0,False,0,False,0,False,0,False,0,False,0,False,0,0.4004117332102195,0.4004117332102195,0.2143359531331321,0.2143359531331321,0.11449090373792362,0.11449090373792362,0.004985771061845487,0.0017047658547698244
214.0,0.9929276887190431,0.41199458192607014,True,7,True,1,False,0,False,0,True,1,False,0,False,0,False,0,True,1,False,0,False,0,False,0,True,1,False,0,False,0,False,0,True,1,False,0,False,0,False,0,False,0,False,0,False,0,False,0,False,0,False,0,False,0,False,0,False,0,False,0,False,0,False,0,False,0,False,0,False,0,False,0,False,0,False,0,False,0,False,0,False,0,False,0,False,0,False,0,0.3224255654166079,0.3224255654166079,0.13181898125956182,0.13181898125956182,0.03483962725871952,0.03397075670302071,0.006021621813970025,0.0006122241224972023
329.0,0.9990818402898407,1.121984624570585,True,11,True,4,False,0,False,0,True,9,True,1,False,0,False,0,True,8,True,1,False,0,False,0,True,4,True,1,False,0,False,0,True,4,True,1,False,0,False,0,True,2,True,1,False,0,False,0,True,2,True,1,False,0,False,0,True,2,True,1,False,0,False,0,True,1,True,1,False,0,False,0,True,1,True,1,False,0,False,0,True,1,False,0,False,0,False,0,0.7675042277678882,0.7675042277678882,0.5680713609473017,0.5680713609473017,0.02502911587434384,0.018103534449289558,0.018103534449289558,0.018103534449289558
483.0,0.9997270335996824,0.5847350966168255,True,7,False,1,False,0,False,0,True,5,False,1,False,0,False,0,True,4,False,0,False,0,False,0,True,3,False,0,False,0,False,0,False,2,False,0,False,0,False,0,False,1,False,0,False,0,False,0,False,0,False,0,False,0,False,0,False,0,False,0,False,0,False,0,False,0,False,0,False,0,False,0,False,0,False,0,False,0,False,0,False,0,False,0,False,0,False,0,0.37906274545595353,0.2729678034470838,0.17231926538999645,0.07158811629272697,0.007518358765282784,0.007518358765282784,0.0051269984080415465,0.0051269984080415465
220.0,0.20675964067695668,3.4285714285714297,True,4,False,1,False,1,False,0,True,4,False,1,False,0,False,0,True,4,False,1,False,0,False,0,True,2,False,1,False,0,False,0,True,2,False,1,False,0,False,0,False,1,False,1,False,0,False,0,False,1,False,1,False,0,False,0,False,1,False,1,False,0,False,0,False,1,False,1,False,0,False,0,False,1,False,1,False,0,False,0,False,1,False,1,False,0,False,0,3.4285714285714275,0.328435987162074,1.251551808499979,0.06489664229521033,0.14152816629915557,0.06489664229521033,0.04744824494770441,0.04744824494770441
350.0,0.9994292520720631,1.3214282860179494,True,10,True,6,False,0,False,0,True,8,True,5,False,0,False,0,True,7,True,4,False,0,False,0,True,7,True,2,False,0,False,0,True,7,True,1,False,0,False,0,True,6,True,1,False,0,False,0,True,5,True,1,False,0,False,0,True,4,True,1,False,0,False,0,True,3,True,1,False,0,False,0,True,3,False,0,False,0,False,0,True,3,False,0,False,0,False,0,0.8204597740298148,0.8204597740298148,0.5275465576687955,0.5275465576687955,0.07592160958938517,0.0034148002828618324,0.06240743682559732,0.0034148002828618324
408.0,0.9996277730904759,2.144957224598866,True,10,True,5,False,2,False,0,True,10,True,3,False,2,False,0,True,8,True,3,False,2,False,0,True,8,True,3,False,0,False,0,True,8,True,3,False,0,False,0,True,4,True,3,False,0,False,0,True,4,True,3,False,0,False,0,True,4,False,2,False,0,False,0,True,4,False,2,False,0,False,0,True,3,False,2,False,0,False,0,True,3,False,1,False,0,False,0,1.0724812441412657,0.6811794370533523,0.8922569475146637,0.437624193002935,0.23278535888008686,0.07063162845278788,0.0066142604355858255,0.0009189620978549806
49.0,0.7874336195344682,2.9246474449160975,True,13,True,4,True,3,True,2,True,12,True,5,True,4,False,1,True,10,True,5,True,3,False,1,True,11,True,5,True,2,False,0,True,10,True,5,True,2,False,0,True,9,True,5,True,2,False,0,True,9,True,4,True,2,False,0,True,8,True,4,True,2,False,0,True,7,True,3,True,1,False,0,True,7,True,3,True,1,False,0,True,7,True,3,True,1,False,0,1.7838691564283762,1.7838691564283762,0.7183407337870751,0.7183407337870751,0.6770794648570677,0.6770794648570677,0.24898029736524036,0.1372737307847189
85.0,1.0,1.5135939152145557,True,6,True,3,True,2,True,1,True,6,True,3,True,2,True,1,True,5,True,3,True,2,False,0,True,3,True,2,True,2,False,0,True,2,True,2,False,1,False,0,True,2,False,1,False,0,False,0,False,1,False,1,False,0,False,0,False,1,False,1,False,0,False,0,False,1,False,1,False,0,False,0,False,1,False,1,False,0,False,0,False,1,False,1,False,0,False,0,1.1375387519945643,0.3632408445688345,0.6931982061319235,0.307206547561304,0.348381967281186,0.27287843318040533,0.17447268903182991,0.17447268903182991
472.0,0.0,0.0,False,0,False,0,False,0,False,0,False,0,False,0,False,0,False,0,False,0,False,0,False,0,False,0,False,0,False,0,False,0,False,0,False,0,False,0,False,0,False,0,False,0,False,0,False,0,False,0,False,0,False,0,False,0,False,0,False,0,False,0,False,0,False,0,False,0,False,0,False,0,False,0,False,0,False,0,False,0,False,0,False,0,False,0,False,0,False,0,0.0,0.0,0.0,0.0,0.0,0.0,0.0,0.0
506.0,0.9790064023028439,0.934058138885062,True,11,True,5,True,2,True,1,True,9,True,3,True,2,False,0,True,7,True,3,True,1,False,0,True,7,True,3,False,0,False,0,True,6,False,1,False,0,False,0,True,4,False,1,False,0,False,0,True,4,False,0,False,0,False,0,True,3,False,0,False,0,False,0,True,2,False,0,False,0,False,0,True,2,False,0,False,0,False,0,True,2,False,0,False,0,False,0,0.8202452231018941,0.8202452231018941,0.3810651972214721,0.2796296868146764,0.22045903661085947,0.22045903661085947,0.10324071897171493,0.10324071897171493
215.0,0.11983224973944116,1.0,False,1,False,1,False,1,False,1,False,1,False,1,False,1,False,1,False,1,False,1,False,1,False,1,False,1,False,1,False,1,False,1,False,1,False,1,False,1,False,1,False,1,False,1,False,1,False,1,False,1,False,1,False,1,False,0,False,1,False,1,False,1,False,0,False,1,False,1,False,1,False,0,False,1,False,1,False,1,False,0,False,1,False,1,False,1,False,0,1.0,0.0,1.0,0.0,1.0,0.0,0.39934718954031445,0.0
424.0,0.9916373020993597,0.6205814388380041,True,7,True,3,False,0,False,0,True,6,True,2,False,0,False,0,True,4,True,2,False,0,False,0,True,2,True,1,False,0,False,0,True,1,False,0,False,0,False,0,True,1,False,0,False,0,False,0,True,1,False,0,False,0,False,0,True,1,False,0,False,0,False,0,True,1,False,0,False,0,False,0,False,0,False,0,False,0,False,0,False,0,False,0,False,0,False,0,0.513594924237161,0.513594924237161,0.2679801404425282,0.2679801404425282,0.09752919014707367,0.09752919014707367,0.007317863837751458,0.005824026674226003
145.0,1.0,0.768878529550321,True,10,True,3,False,0,False,0,True,8,False,0,False,0,False,0,True,6,False,0,False,0,False,0,True,4,False,0,False,0,False,0,True,3,False,0,False,0,False,0,True,3,False,0,False,0,False,0,True,3,False,0,False,0,False,0,True,2,False,0,False,0,False,0,True,2,False,0,False,0,False,0,False,1,False,0,False,0,False,0,False,0,False,0,False,0,False,0,0.5806697411357354,0.5169883562932611,0.14202970593851794,0.14202970593851794,0.05288827943610577,0.000546316339852838,0.0015335549176291046,0.0003472274901544269
342.0,1.0,0.39019001112244095,True,4,True,2,False,0,False,0,True,4,False,0,False,0,False,0,True,1,False,0,False,0,False,0,True,1,False,0,False,0,False,0,False,0,False,0,False,0,False,0,False,0,False,0,False,0,False,0,False,0,False,0,False,0,False,0,False,0,False,0,False,0,False,0,False,0,False,0,False,0,False,0,False,0,False,0,False,0,False,0,False,0,False,0,False,0,False,0,0.29962284390427696,0.29962284390427696,0.14813261206248998,0.14456346056537167,0.05878352515899669,0.05878352515899669,0.05817181076830501,0.05817181076830501
373.0,0.9999007394907936,0.9540560431127724,True,7,True,4,True,2,False,1,True,7,True,3,False,1,False,0,True,6,True,3,False,1,False,0,True,5,True,3,False,1,False,0,True,4,True,3,False,1,False,0,True,3,False,2,False,0,False,0,True,3,False,2,False,0,False,0,True,3,False,2,False,0,False,0,True,3,False,2,False,0,False,0,True,3,False,2,False,0,False,0,False,2,False,0,False,0,False,0,0.9066589773422591,0.5951380185655021,0.5976071069622372,0.3371233325799974,0.3176930888324879,0.12451845087764515,0.1067387445218187,0.0016755541444946087
52.0,0.9917613777358678,0.6380943161259824,True,5,True,2,False,1,False,0,True,5,False,0,False,0,False,0,True,4,False,0,False,0,False,0,True,2,False,0,False,0,False,0,True,2,False,0,False,0,False,0,False,1,False,0,False,0,False,0,False,0,False,0,False,0,False,0,False,0,False,0,False,0,False,0,False,0,False,0,False,0,False,0,False,0,False,0,False,0,False,0,False,0,False,0,False,0,False,0,0.35000123676199824,0.33920583749566074,0.12679805607114442,0.1173007961842618,0.12679805607114442,0.02533103744673222,0.02533103744673222,0.02533103744673222
135.0,0.9994292520720631,2.2947452010875966,True,9,True,5,True,4,True,2,True,11,True,5,True,3,True,1,True,10,True,5,True,3,True,1,True,10,True,5,True,2,True,1,True,10,True,6,True,3,True,1,True,11,True,7,True,3,False,0,True,12,True,5,True,2,False,0,True,12,True,5,True,2,False,0,True,12,True,4,True,1,False,0,True,11,True,2,False,0,False,0,True,10,True,2,False,0,False,0,1.3678869012781805,1.3678869012781805,1.04015652984676,1.04015652984676,0.534779441115456,0.534779441115456,0.34482691938170784,0.34482691938170784
318.0,0.9996029579631743,0.8957175244472059,True,11,True,3,False,1,False,0,True,8,True,2,False,0,False,0,True,5,False,1,False,0,False,0,True,5,False,0,False,0,False,0,True,3,False,0,False,0,False,0,True,2,False,0,False,0,False,0,True,2,False,0,False,0,False,0,True,2,False,0,False,0,False,0,True,2,False,0,False,0,False,0,True,2,False,0,False,0,False,0,True,2,False,0,False,0,False,0,0.7707569265921903,0.7707569265921903,0.20370603220940875,0.16674284569066314,0.12845160260482397,0.004225734769468791,0.011608547683718015,0.004225734769468791
503.0,0.8319023276589409,3.101752720000286,True,10,True,4,False,2,False,0,True,7,True,3,False,1,False,0,True,6,True,2,False,1,False,0,True,5,False,1,False,1,False,0,True,4,False,1,False,1,False,0,True,4,False,1,False,1,False,0,True,4,False,1,False,1,False,0,True,4,False,1,False,1,False,0,True,3,False,1,False,0,False,0,True,3,False,1,False,0,False,0,True,3,False,1,False,0,False,0,2.399801894718392,0.6094158395332907,0.8749327520748584,0.20633589658600676,0.48613733693689826,0.042149509409125104,0.06844787066231194,0.0007862646386620397
204.0,0.9998759243634919,1.6294989585234416,True,10,True,6,True,1,False,0,True,7,True,5,True,1,False,0,True,6,True,4,False,0,False,0,True,5,True,2,False,0,False,0,True,4,False,1,False,0,False,0,False,2,False,0,False,0,False,0,False,2,False,0,False,0,False,0,False,2,False,0,False,0,False,0,False,2,False,0,False,0,False,0,False,2,False,0,False,0,False,0,False,2,False,0,False,0,False,0,0.9780456531849292,0.32641872546950595,0.3039157107170268,0.2826874858098248,0.18930440038133572,0.18930440038133572,0.08554541782887878,0.08554541782887878
23.0,0.0,0.0,False,0,False,0,False,0,False,0,False,0,False,0,False,0,False,0,False,0,False,0,False,0,False,0,False,0,False,0,False,0,False,0,False,0,False,0,False,0,False,0,False,0,False,0,False,0,False,0,False,0,False,0,False,0,False,0,False,0,False,0,False,0,False,0,False,0,False,0,False,0,False,0,False,0,False,0,False,0,False,0,False,0,False,0,False,0,False,0,0.0,0.0,0.0,0.0,0.0,0.0,0.0,0.0
334.0,0.9991314705444438,0.9000544934290274,True,12,True,3,False,0,False,0,True,11,True,1,False,0,False,0,True,7,True,1,False,0,False,0,True,6,True,1,False,0,False,0,True,5,True,1,False,0,False,0,True,3,True,1,False,0,False,0,True,3,True,1,False,0,False,0,True,2,True,1,False,0,False,0,True,2,False,0,False,0,False,0,True,2,False,0,False,0,False,0,True,1,False,0,False,0,False,0,0.8662954386611393,0.8662954386611393,0.4719756995795579,0.4719756995795579,0.042813769209784025,0.0013708495294493346,0.0013708495294493346,0.0013708495294493346
167.0,0.9996525882177776,0.9523874124103369,True,9,True,6,True,3,True,1,True,8,True,5,True,3,True,1,True,7,True,3,True,3,False,0,True,7,True,3,True,1,False,0,True,6,True,3,False,0,False,0,True,6,False,1,False,0,False,0,True,6,False,1,False,0,False,0,False,2,False,0,False,0,False,0,False,1,False,0,False,0,False,0,False,1,False,0,False,0,False,0,False,1,False,0,False,0,False,0,0.7028794267345518,0.44885329144265196,0.4119612200307483,0.30624543760672784,0.2978469868712323,0.2978469868712323,0.15393688336126646,0.15393688336126646
225.0,0.39240160802024915,3.4285714285714297,True,3,False,1,False,1,False,0,True,3,False,1,False,1,False,0,True,3,False,1,False,1,False,0,False,1,False,1,False,1,False,0,False,1,False,1,False,1,False,0,False,1,False,1,False,0,False,0,False,1,False,1,False,0,False,0,False,1,False,1,False,0,False,0,False,1,False,1,False,0,False,0,False,1,False,1,False,0,False,0,False,1,False,1,False,0,False,0,3.4285714285714275,0.20940986130098194,1.1272059373277965,0.03638852317047208,0.3298268559212885,0.00043975421705332344,0.032672256995242906,0.00043975421705332344
7.0,1.0,0.651364729948362,True,9,True,3,False,0,False,0,True,6,True,1,False,0,False,0,True,4,True,1,False,0,False,0,True,3,True,1,False,0,False,0,True,3,True,1,False,0,False,0,True,2,False,0,False,0,False,0,True,2,False,0,False,0,False,0,False,1,False,0,False,0,False,0,False,0,False,0,False,0,False,0,False,0,False,0,False,0,False,0,False,0,False,0,False,0,False,0,0.46412325578563013,0.44596132796335314,0.3414868510698968,0.3414868510698968,0.0823191137020154,0.05588239138739497,0.000448041554340864,0.000448041554340864
34.0,0.7657451982728671,3.0771771845012346,True,6,True,2,False,1,False,0,True,5,True,2,False,1,False,0,True,4,True,2,False,1,False,0,True,3,True,2,False,1,False,0,True,2,True,2,False,1,False,0,True,2,False,1,False,0,False,0,False,1,False,1,False,0,False,0,False,1,False,1,False,0,False,0,False,1,False,1,False,0,False,0,False,1,False,1,False,0,False,0,False,1,False,1,False,0,False,0,2.349473229673455,0.3616284846179222,1.1179815806109623,0.3338027630165738,0.3049469927541647,0.051598684443580844,0.005280520975184386,0.0006282530616018405
500.0,0.5853888530448161,1.0,False,2,False,1,False,1,False,1,False,2,False,1,False,1,False,1,False,2,False,1,False,1,False,1,False,2,False,1,False,1,False,1,False,2,False,1,False,1,False,1,False,1,False,1,False,1,False,1,False,1,False,1,False,1,False,1,False,1,False,1,False,1,False,1,False,1,False,1,False,1,False,1,False,1,False,1,False,1,False,1,False,1,False,1,False,1,False,1,1.0,0.0,1.0,0.0,1.0,0.0,0.9983230171980554,0.0
347.0,0.9997270335996824,0.5094388663286953,True,6,True,2,False,0,False,0,True,4,True,1,False,0,False,0,True,2,True,1,False,0,False,0,True,1,False,0,False,0,False,0,True,1,False,0,False,0,False,0,True,1,False,0,False,0,False,0,True,1,False,0,False,0,False,0,False,0,False,0,False,0,False,0,False,0,False,0,False,0,False,0,False,0,False,0,False,0,False,0,False,0,False,0,False,0,False,0,0.4120072347592467,0.4120072347592467,0.21732549406488905,0.21732549406488905,0.009973276929498578,0.007634318826907604,0.003053228679398491,0.003053228679398491
490.0,0.9999503697453967,0.7606027115483478,True,8,True,2,False,0,False,0,True,7,True,1,False,0,False,0,True,5,False,0,False,0,False,0,True,5,False,0,False,0,False,0,True,4,False,0,False,0,False,0,True,3,False,0,False,0,False,0,True,2,False,0,False,0,False,0,True,2,False,0,False,0,False,0,True,2,False,0,False,0,False,0,False,1,False,0,False,0,False,0,False,0,False,0,False,0,False,0,0.5717138313702138,0.5189510840860304,0.19428102011158502,0.19428102011158502,0.04812154650051666,0.04220362748744113,0.005054729158238129,0.005054729158238129
372.0,1.0,0.7334058060498878,True,10,True,4,False,0,False,0,True,8,True,2,False,0,False,0,True,6,True,2,False,0,False,0,True,5,True,1,False,0,False,0,True,3,True,1,False,0,False,0,True,2,False,0,False,0,False,0,True,2,False,0,False,0,False,0,True,2,False,0,False,0,False,0,True,2,False,0,False,0,False,0,True,2,False,0,False,0,False,0,True,1,False,0,False,0,False,0,0.6350787057797729,0.6350787057797729,0.31429989192579255,0.31429989192579255,0.0403730733147137,0.001611006477834649,0.001611006477834649,0.001611006477834649
467.0,0.9990570251625391,0.7812564291278455,True,9,True,4,False,1,False,0,True,7,False,2,False,0,False,0,True,4,False,1,False,0,False,0,True,4,False,1,False,0,False,0,True,4,False,1,False,0,False,0,False,1,False,1,False,0,False,0,False,1,False,0,False,0,False,0,False,1,False,0,False,0,False,0,False,1,False,0,False,0,False,0,False,1,False,0,False,0,False,0,False,0,False,0,False,0,False,0,0.5900293150963603,0.33447462299654934,0.3745596593607069,0.13104853595621432,0.10369101590726,0.06613667707505946,0.019833650630415454,0.019833650630415454
304.0,1.0,0.7885716007033752,True,10,False,4,False,0,False,0,True,10,False,1,False,0,False,0,True,8,False,1,False,0,False,0,True,6,False,1,False,0,False,0,True,4,False,0,False,0,False,0,True,3,False,0,False,0,False,0,True,3,False,0,False,0,False,0,False,2,False,0,False,0,False,0,False,2,False,0,False,0,False,0,False,2,False,0,False,0,False,0,False,0,False,0,False,0,False,0,0.5966513073030374,0.4204366354654887,0.2637219436016056,0.08464810149394275,0.07379198467193264,0.008330694313677773,0.021116675651386706,0.0009399477980114868
409.0,0.9964018065412675,0.6150376645304833,True,7,True,4,False,0,False,0,True,6,True,3,False,0,False,0,True,5,True,1,False,0,False,0,True,4,False,0,False,0,False,0,True,3,False,0,False,0,False,0,True,2,False,0,False,0,False,0,True,2,False,0,False,0,False,0,False,0,False,0,False,0,False,0,False,0,False,0,False,0,False,0,False,0,False,0,False,0,False,0,False,0,False,0,False,0,False,0,0.4422584691874569,0.42212595818483867,0.2214205683464459,0.2214205683464459,0.012477698974958285,0.010658169070701122,0.001005904447247937,0.00038649161530786427
366.0,0.1550697305077175,3.4285714285714284,False,1,False,1,False,1,False,1,False,1,False,1,False,1,False,1,False,1,False,1,False,1,False,1,False,1,False,1,False,1,False,1,False,1,False,1,False,1,False,1,False,1,False,1,False,1,False,1,False,1,False,1,False,1,False,1,False,1,False,1,False,1,False,1,False,1,False,1,False,1,False,1,False,1,False,1,False,1,False,1,False,1,False,1,False,1,False,1,3.4285714285714284,0.0,1.0,0.0,1.0,0.0,1.0,0.0
375.0,0.9069929028735917,0.9771591785935697,True,7,True,4,True,2,False,1,True,5,True,3,True,2,False,1,True,4,True,3,True,2,False,1,True,3,True,3,False,1,False,1,True,3,True,3,False,1,False,1,True,3,True,3,False,1,False,1,True,3,True,3,False,1,False,0,True,3,True,3,False,1,False,0,True,3,True,3,False,1,False,0,True,3,True,3,False,1,False,0,True,4,False,1,False,0,False,0,0.9341262401142287,0.9341262401142287,0.7307168188567523,0.5868238470313364,0.5722024822354418,0.24403864315844806,0.3596489481140232,0.0030249059117668465
252.0,0.9647873343590253,1.222498182456532,True,10,True,3,True,2,True,2,True,10,True,3,True,2,True,1,True,9,True,3,True,1,True,1,True,9,True,3,True,1,False,0,True,9,True,3,True,1,False,0,True,7,True,2,False,0,False,0,True,5,True,2,False,0,False,0,True,5,True,2,False,0,False,0,True,5,True,1,False,0,False,0,True,4,False,0,False,0,False,0,True,4,False,0,False,0,False,0,1.0026001725752816,1.0026001725752816,0.5450749696412792,0.5450749696412792,0.30961221037333403,0.30961221037333403,0.23470429734684836,0.23470429734684836
359.0,0.9186808278326468,0.6631557928360234,True,10,True,5,True,3,True,2,True,10,True,4,True,2,True,2,True,7,True,4,False,1,False,1,True,7,False,2,False,0,False,0,True,3,False,1,False,0,False,0,True,3,False,0,False,0,False,0,True,1,False,0,False,0,False,0,True,1,False,0,False,0,False,0,False,0,False,0,False,0,False,0,False,0,False,0,False,0,False,0,False,0,False,0,False,0,False,0,0.4536628441723228,0.4536628441723228,0.32363630249323494,0.23838656362727523,0.2223528908405163,0.1941345654956914,0.20420699785078922,0.1527440065268141
